poll_time,event_pk,pair,fight_slug,event_date,event_name,promotion,side1_key,side2_key,book,book_role,dec1,dec2,amer1,amer2,source_offer_ts,source_change_age_h,cycle_status
2026-08-13T13:20:49.217295+00:00,9086,ian garry|islam makhachev,islam-makhachev-vs-ian-garry-79253,2026-08-15,UFC 330: Makhachev vs. Machado Garry,ufc,ian garry,islam makhachev,BetUS,sportsbook,3.7300,1.2941,+273,-340,2026-08-12T22:40:33.236252+00:00,14.67,complete
2026-08-13T13:20:49.217295+00:00,9086,ian garry|islam makhachev,islam-makhachev-vs-ian-garry-79253,2026-08-15,UFC 330: Makhachev vs. Machado Garry,ufc,ian garry,islam makhachev,BetAnything,sportsbook,3.6000,1.2941,+260,-340,2026-08-13T11:44:16.777081+00:00,1.61,complete
2026-08-13T13:20:49.217295+00:00,9086,ian garry|islam makhachev,islam-makhachev-vs-ian-garry-79253,2026-08-15,UFC 330: Makhachev vs. Machado Garry,ufc,ian garry,islam makhachev,SXBet,exchange,3.7200,1.3067,+272,-326,2026-08-13T13:15:31.539806+00:00,0.09,complete
2026-08-13T13:20:49.217295+00:00,9086,ian garry|islam makhachev,islam-makhachev-vs-ian-garry-79253,2026-08-15,UFC 330: Makhachev vs. Machado Garry,ufc,ian garry,islam makhachev,BetOnline,sportsbook,3.7400,1.2941,+274,-340,2026-08-13T11:40:35.532867+00:00,1.67,complete
2026-08-13T13:20:49.217295+00:00,9086,ian garry|islam makhachev,islam-makhachev-vs-ian-garry-79253,2026-08-15,UFC 330: Makhachev vs. Machado Garry,ufc,ian garry,islam makhachev,4Cx,exchange,3.8400,1.3165,+284,-316,2026-08-11T15:01:32.938251+00:00,46.32,complete
2026-08-13T13:20:49.217295+00:00,9086,ian garry|islam makhachev,islam-makhachev-vs-ian-garry-79253,2026-08-15,UFC 330: Makhachev vs. Machado Garry,ufc,ian garry,islam makhachev,4casters,exchange,4.0000,1.3021,+300,-331,2026-08-13T09:11:20.004830+00:00,4.16,complete
2026-08-13T13:20:49.217295+00:00,9086,ian garry|islam makhachev,islam-makhachev-vs-ian-garry-79253,2026-08-15,UFC 330: Makhachev vs. Machado Garry,ufc,ian garry,islam makhachev,Kalshi,exchange,3.8500,1.3155,+285,-317,2026-08-10T01:24:36.235838+00:00,83.94,complete
2026-08-13T13:20:49.217295+00:00,9086,ian garry|islam makhachev,islam-makhachev-vs-ian-garry-79253,2026-08-15,UFC 330: Makhachev vs. Machado Garry,ufc,ian garry,islam makhachev,Circa,sportsbook,3.8000,1.2941,+280,-340,2026-08-10T20:37:07.372139+00:00,64.73,complete
2026-08-13T13:20:49.217295+00:00,9086,ian garry|islam makhachev,islam-makhachev-vs-ian-garry-79253,2026-08-15,UFC 330: Makhachev vs. Machado Garry,ufc,ian garry,islam makhachev,Bookmaker,sportsbook,3.7100,1.2985,+271,-335,2026-08-12T22:15:14.743247+00:00,15.09,complete
2026-08-13T13:20:49.217295+00:00,9086,ian garry|islam makhachev,islam-makhachev-vs-ian-garry-79253,2026-08-15,UFC 330: Makhachev vs. Machado Garry,ufc,ian garry,islam makhachev,Novig,exchange,4.0800,1.3067,+308,-326,2026-08-13T11:00:42.513483+00:00,2.34,complete
2026-08-13T13:20:49.217295+00:00,9086,ian garry|islam makhachev,islam-makhachev-vs-ian-garry-79253,2026-08-15,UFC 330: Makhachev vs. Machado Garry,ufc,ian garry,islam makhachev,Polymarket(US),exchange,4.0000,1.3155,+300,-317,2026-08-12T21:17:23.781557+00:00,16.06,complete
2026-08-13T13:20:49.217295+00:00,9086,ian garry|islam makhachev,islam-makhachev-vs-ian-garry-79253,2026-08-15,UFC 330: Makhachev vs. Machado Garry,ufc,ian garry,islam makhachev,ProphetX,exchange,4.1500,1.3030,+315,-330,2026-08-13T03:36:26.585964+00:00,9.74,complete
2026-08-13T13:20:49.217295+00:00,9086,ian garry|islam makhachev,islam-makhachev-vs-ian-garry-79253,2026-08-15,UFC 330: Makhachev vs. Machado Garry,ufc,ian garry,islam makhachev,Polymarket,exchange,4.0000,1.3155,+300,-317,2026-08-13T12:54:32.074306+00:00,0.44,complete
2026-08-13T13:20:49.217295+00:00,9086,ian garry|islam makhachev,islam-makhachev-vs-ian-garry-79253,2026-08-15,UFC 330: Makhachev vs. Machado Garry,ufc,ian garry,islam makhachev,Bovada,sportsbook,3.9000,1.2778,+290,-360,2026-08-13T11:44:22.711936+00:00,1.61,complete
2026-08-13T13:20:49.217295+00:00,9086,ian garry|islam makhachev,islam-makhachev-vs-ian-garry-79253,2026-08-15,UFC 330: Makhachev vs. Machado Garry,ufc,ian garry,islam makhachev,Bet105,sportsbook,3.8200,1.2874,+282,-348,2026-08-13T05:58:25.322579+00:00,7.37,complete
2026-08-13T13:20:49.217295+00:00,9086,ian garry|islam makhachev,islam-makhachev-vs-ian-garry-79253,2026-08-15,UFC 330: Makhachev vs. Machado Garry,ufc,ian garry,islam makhachev,Cloudbet,sportsbook,3.7500,1.2500,+275,-400,2026-08-11T16:33:38.530736+00:00,44.79,complete
2026-08-13T13:20:49.217295+00:00,9086,ian garry|islam makhachev,islam-makhachev-vs-ian-garry-79253,2026-08-15,UFC 330: Makhachev vs. Machado Garry,ufc,ian garry,islam makhachev,Pinnacle,sportsbook,3.8400,1.2849,+284,-351,2026-08-12T16:26:22.213624+00:00,20.91,complete
2026-08-13T13:20:49.217295+00:00,9086,ian garry|islam makhachev,islam-makhachev-vs-ian-garry-79253,2026-08-15,UFC 330: Makhachev vs. Machado Garry,ufc,ian garry,islam makhachev,YouWager,sportsbook,3.7000,1.2857,+270,-350,2026-08-13T01:40:44.623024+00:00,11.67,complete
2026-08-13T13:20:49.217295+00:00,9086,ian garry|islam makhachev,islam-makhachev-vs-ian-garry-79253,2026-08-15,UFC 330: Makhachev vs. Machado Garry,ufc,ian garry,islam makhachev,BetMGM,sportsbook,3.7500,1.2857,+275,-350,2026-08-11T12:22:36.405686+00:00,48.97,complete
2026-08-13T13:20:49.217295+00:00,9086,ian garry|islam makhachev,islam-makhachev-vs-ian-garry-79253,2026-08-15,UFC 330: Makhachev vs. Machado Garry,ufc,ian garry,islam makhachev,ReBet,sportsbook,3.6000,1.2778,+260,-360,2026-08-13T12:00:45.367733+00:00,1.33,complete
2026-08-13T13:20:49.217295+00:00,9086,ian garry|islam makhachev,islam-makhachev-vs-ian-garry-79253,2026-08-15,UFC 330: Makhachev vs. Machado Garry,ufc,ian garry,islam makhachev,BetRivers,sportsbook,3.7000,1.2801,+270,-357,2026-08-10T10:02:47.995798+00:00,75.3,complete
2026-08-13T13:20:49.217295+00:00,9086,ian garry|islam makhachev,islam-makhachev-vs-ian-garry-79253,2026-08-15,UFC 330: Makhachev vs. Machado Garry,ufc,ian garry,islam makhachev,MyBookie,sportsbook,3.6000,1.2778,+260,-360,2026-08-13T11:54:18.155296+00:00,1.44,complete
2026-08-13T13:20:49.217295+00:00,9086,ian garry|islam makhachev,islam-makhachev-vs-ian-garry-79253,2026-08-15,UFC 330: Makhachev vs. Machado Garry,ufc,ian garry,islam makhachev,Caesars,sportsbook,3.7000,1.2857,+270,-350,2026-08-10T01:05:21.408677+00:00,84.26,complete
2026-08-13T13:20:49.217295+00:00,9086,ian garry|islam makhachev,islam-makhachev-vs-ian-garry-79253,2026-08-15,UFC 330: Makhachev vs. Machado Garry,ufc,ian garry,islam makhachev,Betway,sportsbook,3.5000,1.3003,+250,-333,2026-08-12T11:26:28.306014+00:00,25.91,complete
2026-08-13T13:20:49.217295+00:00,9086,ian garry|islam makhachev,islam-makhachev-vs-ian-garry-79253,2026-08-15,UFC 330: Makhachev vs. Machado Garry,ufc,ian garry,islam makhachev,HardRockBet,sportsbook,3.7500,1.2857,+275,-350,2026-08-10T09:57:40.094064+00:00,75.39,complete
2026-08-13T13:20:49.217295+00:00,9086,ian garry|islam makhachev,islam-makhachev-vs-ian-garry-79253,2026-08-15,UFC 330: Makhachev vs. Machado Garry,ufc,ian garry,islam makhachev,Stake,sportsbook,3.7500,1.2899,+275,-345,2026-08-13T12:33:51.969438+00:00,0.78,complete
2026-08-13T13:20:49.217295+00:00,9086,ian garry|islam makhachev,islam-makhachev-vs-ian-garry-79253,2026-08-15,UFC 330: Makhachev vs. Machado Garry,ufc,ian garry,islam makhachev,FanDuel,sportsbook,3.5500,1.2857,+255,-350,2026-08-13T00:01:23.667582+00:00,13.32,complete
2026-08-13T13:20:49.217295+00:00,9086,ian garry|islam makhachev,islam-makhachev-vs-ian-garry-79253,2026-08-15,UFC 330: Makhachev vs. Machado Garry,ufc,ian garry,islam makhachev,Bet365,sportsbook,3.7500,1.2801,+275,-357,2026-08-11T14:00:50.397824+00:00,47.33,complete
2026-08-13T13:20:49.217295+00:00,9086,ian garry|islam makhachev,islam-makhachev-vs-ian-garry-79253,2026-08-15,UFC 330: Makhachev vs. Machado Garry,ufc,ian garry,islam makhachev,DraftKings,sportsbook,3.7000,1.2941,+270,-340,2026-08-09T20:10:58.853010+00:00,89.16,complete
2026-08-13T13:20:49.217295+00:00,9086,gillian robertson|mackenzie dern,mackenzie-dern-vs-gillian-robertson-79254,2026-08-15,UFC 330: Makhachev vs. Machado Garry,ufc,gillian robertson,mackenzie dern,BetUS,sportsbook,2.7000,1.4878,+170,-205,2026-08-12T22:40:33.316533+00:00,14.67,complete
2026-08-13T13:20:49.217295+00:00,9086,gillian robertson|mackenzie dern,mackenzie-dern-vs-gillian-robertson-79254,2026-08-15,UFC 330: Makhachev vs. Machado Garry,ufc,gillian robertson,mackenzie dern,BetAnything,sportsbook,2.7500,1.4762,+175,-210,2026-08-13T11:44:16.783770+00:00,1.61,complete
2026-08-13T13:20:49.217295+00:00,9086,gillian robertson|mackenzie dern,mackenzie-dern-vs-gillian-robertson-79254,2026-08-15,UFC 330: Makhachev vs. Machado Garry,ufc,gillian robertson,mackenzie dern,BetOnline,sportsbook,2.8000,1.4762,+180,-210,2026-08-13T11:40:35.562288+00:00,1.67,complete
2026-08-13T13:20:49.217295+00:00,9086,gillian robertson|mackenzie dern,mackenzie-dern-vs-gillian-robertson-79254,2026-08-15,UFC 330: Makhachev vs. Machado Garry,ufc,gillian robertson,mackenzie dern,SXBet,exchange,2.6800,1.5000,+168,-200,2026-08-13T13:15:31.522100+00:00,0.09,complete
2026-08-13T13:20:49.217295+00:00,9086,gillian robertson|mackenzie dern,mackenzie-dern-vs-gillian-robertson-79254,2026-08-15,UFC 330: Makhachev vs. Machado Garry,ufc,gillian robertson,mackenzie dern,4Cx,exchange,2.7900,1.4831,+179,-207,2026-08-11T19:41:22.839519+00:00,41.66,complete
2026-08-13T13:20:49.217295+00:00,9086,gillian robertson|mackenzie dern,mackenzie-dern-vs-gillian-robertson-79254,2026-08-15,UFC 330: Makhachev vs. Machado Garry,ufc,gillian robertson,mackenzie dern,4casters,exchange,2.7500,1.5102,+175,-196,2026-08-13T11:55:13.516606+00:00,1.43,complete
2026-08-13T13:20:49.217295+00:00,9086,gillian robertson|mackenzie dern,mackenzie-dern-vs-gillian-robertson-79254,2026-08-15,UFC 330: Makhachev vs. Machado Garry,ufc,gillian robertson,mackenzie dern,Kalshi,exchange,2.7800,1.5155,+178,-194,2026-08-13T03:54:12.379077+00:00,9.44,complete
2026-08-13T13:20:49.217295+00:00,9086,gillian robertson|mackenzie dern,mackenzie-dern-vs-gillian-robertson-79254,2026-08-15,UFC 330: Makhachev vs. Machado Garry,ufc,gillian robertson,mackenzie dern,BetMGM,sportsbook,2.6500,1.5000,+165,-200,2026-08-13T12:37:16.388142+00:00,0.73,complete
2026-08-13T13:20:49.217295+00:00,9086,gillian robertson|mackenzie dern,mackenzie-dern-vs-gillian-robertson-79254,2026-08-15,UFC 330: Makhachev vs. Machado Garry,ufc,gillian robertson,mackenzie dern,Circa,sportsbook,2.7000,1.5128,+170,-195,2026-08-12T20:28:13.650393+00:00,16.88,complete
2026-08-13T13:20:49.217295+00:00,9086,gillian robertson|mackenzie dern,mackenzie-dern-vs-gillian-robertson-79254,2026-08-15,UFC 330: Makhachev vs. Machado Garry,ufc,gillian robertson,mackenzie dern,Novig,exchange,2.8600,1.5263,+186,-190,2026-08-13T03:45:35.948842+00:00,9.59,complete
2026-08-13T13:20:49.217295+00:00,9086,gillian robertson|mackenzie dern,mackenzie-dern-vs-gillian-robertson-79254,2026-08-15,UFC 330: Makhachev vs. Machado Garry,ufc,gillian robertson,mackenzie dern,Bookmaker,sportsbook,2.8000,1.4651,+180,-215,2026-08-13T06:45:30.338301+00:00,6.59,complete
2026-08-13T13:20:49.217295+00:00,9086,gillian robertson|mackenzie dern,mackenzie-dern-vs-gillian-robertson-79254,2026-08-15,UFC 330: Makhachev vs. Machado Garry,ufc,gillian robertson,mackenzie dern,Polymarket(US),exchange,2.8600,1.5155,+186,-194,2026-08-13T03:45:50.434624+00:00,9.58,complete
2026-08-13T13:20:49.217295+00:00,9086,gillian robertson|mackenzie dern,mackenzie-dern-vs-gillian-robertson-79254,2026-08-15,UFC 330: Makhachev vs. Machado Garry,ufc,gillian robertson,mackenzie dern,ProphetX,exchange,2.7400,1.5155,+174,-194,2026-08-13T13:16:20.525367+00:00,0.07,complete
2026-08-13T13:20:49.217295+00:00,9086,gillian robertson|mackenzie dern,mackenzie-dern-vs-gillian-robertson-79254,2026-08-15,UFC 330: Makhachev vs. Machado Garry,ufc,gillian robertson,mackenzie dern,Polymarket,exchange,2.7800,1.5376,+178,-186,2026-08-13T01:04:38.960662+00:00,12.27,complete
2026-08-13T13:20:49.217295+00:00,9086,gillian robertson|mackenzie dern,mackenzie-dern-vs-gillian-robertson-79254,2026-08-15,UFC 330: Makhachev vs. Machado Garry,ufc,gillian robertson,mackenzie dern,Bovada,sportsbook,2.8000,1.4651,+180,-215,2026-08-12T17:39:48.359965+00:00,19.68,complete
2026-08-13T13:20:49.217295+00:00,9086,gillian robertson|mackenzie dern,mackenzie-dern-vs-gillian-robertson-79254,2026-08-15,UFC 330: Makhachev vs. Machado Garry,ufc,gillian robertson,mackenzie dern,Cloudbet,sportsbook,2.7000,1.4405,+170,-227,2026-08-12T22:47:15.542265+00:00,14.56,complete
2026-08-13T13:20:49.217295+00:00,9086,gillian robertson|mackenzie dern,mackenzie-dern-vs-gillian-robertson-79254,2026-08-15,UFC 330: Makhachev vs. Machado Garry,ufc,gillian robertson,mackenzie dern,Pinnacle,sportsbook,2.7700,1.4762,+177,-210,2026-08-12T22:52:44.345122+00:00,14.47,complete
2026-08-13T13:20:49.217295+00:00,9086,gillian robertson|mackenzie dern,mackenzie-dern-vs-gillian-robertson-79254,2026-08-15,UFC 330: Makhachev vs. Machado Garry,ufc,gillian robertson,mackenzie dern,Bet105,sportsbook,2.7600,1.4785,+176,-209,2026-08-13T05:58:25.333254+00:00,7.37,complete
2026-08-13T13:20:49.217295+00:00,9086,gillian robertson|mackenzie dern,mackenzie-dern-vs-gillian-robertson-79254,2026-08-15,UFC 330: Makhachev vs. Machado Garry,ufc,gillian robertson,mackenzie dern,YouWager,sportsbook,2.7700,1.4878,+177,-205,2026-08-12T19:41:10.023131+00:00,17.66,complete
2026-08-13T13:20:49.217295+00:00,9086,gillian robertson|mackenzie dern,mackenzie-dern-vs-gillian-robertson-79254,2026-08-15,UFC 330: Makhachev vs. Machado Garry,ufc,gillian robertson,mackenzie dern,ReBet,sportsbook,2.6700,1.4587,+167,-218,2026-08-12T19:48:11.831404+00:00,17.54,complete
2026-08-13T13:20:49.217295+00:00,9086,gillian robertson|mackenzie dern,mackenzie-dern-vs-gillian-robertson-79254,2026-08-15,UFC 330: Makhachev vs. Machado Garry,ufc,gillian robertson,mackenzie dern,MyBookie,sportsbook,2.6700,1.4587,+167,-218,2026-08-12T20:04:05.083552+00:00,17.28,complete
2026-08-13T13:20:49.217295+00:00,9086,gillian robertson|mackenzie dern,mackenzie-dern-vs-gillian-robertson-79254,2026-08-15,UFC 330: Makhachev vs. Machado Garry,ufc,gillian robertson,mackenzie dern,Caesars,sportsbook,2.8500,1.4444,+185,-225,2026-08-12T19:05:17.589971+00:00,18.26,complete
2026-08-13T13:20:49.217295+00:00,9086,gillian robertson|mackenzie dern,mackenzie-dern-vs-gillian-robertson-79254,2026-08-15,UFC 330: Makhachev vs. Machado Garry,ufc,gillian robertson,mackenzie dern,Betway,sportsbook,2.7500,1.4444,+175,-225,2026-08-11T17:56:24.495051+00:00,43.41,complete
2026-08-13T13:20:49.217295+00:00,9086,gillian robertson|mackenzie dern,mackenzie-dern-vs-gillian-robertson-79254,2026-08-15,UFC 330: Makhachev vs. Machado Garry,ufc,gillian robertson,mackenzie dern,HardRockBet,sportsbook,2.8500,1.4348,+185,-230,2026-08-11T13:42:17.356394+00:00,47.64,complete
2026-08-13T13:20:49.217295+00:00,9086,gillian robertson|mackenzie dern,mackenzie-dern-vs-gillian-robertson-79254,2026-08-15,UFC 330: Makhachev vs. Machado Garry,ufc,gillian robertson,mackenzie dern,Stake,sportsbook,2.7500,1.4808,+175,-208,2026-08-12T20:35:49.298119+00:00,16.75,complete
2026-08-13T13:20:49.217295+00:00,9086,gillian robertson|mackenzie dern,mackenzie-dern-vs-gillian-robertson-79254,2026-08-15,UFC 330: Makhachev vs. Machado Garry,ufc,gillian robertson,mackenzie dern,FanDuel,sportsbook,2.7600,1.4348,+176,-230,2026-08-13T04:01:09.158782+00:00,9.33,complete
2026-08-13T13:20:49.217295+00:00,9086,gillian robertson|mackenzie dern,mackenzie-dern-vs-gillian-robertson-79254,2026-08-15,UFC 330: Makhachev vs. Machado Garry,ufc,gillian robertson,mackenzie dern,BetRivers,sportsbook,2.8500,1.4292,+185,-233,2026-08-11T13:33:44.197968+00:00,47.78,complete
2026-08-13T13:20:49.217295+00:00,9086,gillian robertson|mackenzie dern,mackenzie-dern-vs-gillian-robertson-79254,2026-08-15,UFC 330: Makhachev vs. Machado Garry,ufc,gillian robertson,mackenzie dern,Bet365,sportsbook,2.8000,1.4505,+180,-222,2026-08-11T14:00:50.414140+00:00,47.33,complete
2026-08-13T13:20:49.217295+00:00,9086,gillian robertson|mackenzie dern,mackenzie-dern-vs-gillian-robertson-79254,2026-08-15,UFC 330: Makhachev vs. Machado Garry,ufc,gillian robertson,mackenzie dern,DraftKings,sportsbook,2.8000,1.4587,+180,-218,2026-08-12T17:53:30.088420+00:00,19.46,complete
2026-08-13T13:20:49.217295+00:00,9086,jalin turner|kaue fernandes,jalin-turner-vs-kaue-fernandes-79619,2026-08-15,UFC 330: Makhachev vs. Machado Garry,ufc,jalin turner,kaue fernandes,BetUS,sportsbook,1.6667,2.2600,-150,+126,2026-08-13T02:55:27.945074+00:00,10.42,complete
2026-08-13T13:20:49.217295+00:00,9086,jalin turner|kaue fernandes,jalin-turner-vs-kaue-fernandes-79619,2026-08-15,UFC 330: Makhachev vs. Machado Garry,ufc,jalin turner,kaue fernandes,BetAnything,sportsbook,1.6452,2.2500,-155,+125,2026-08-13T02:49:08.343120+00:00,10.53,complete
2026-08-13T13:20:49.217295+00:00,9086,jalin turner|kaue fernandes,jalin-turner-vs-kaue-fernandes-79619,2026-08-15,UFC 330: Makhachev vs. Machado Garry,ufc,jalin turner,kaue fernandes,Bovada,sportsbook,1.6452,2.3300,-155,+133,2026-08-13T12:29:20.963005+00:00,0.86,complete
2026-08-13T13:20:49.217295+00:00,9086,jalin turner|kaue fernandes,jalin-turner-vs-kaue-fernandes-79619,2026-08-15,UFC 330: Makhachev vs. Machado Garry,ufc,jalin turner,kaue fernandes,4Cx,exchange,1.6135,2.3100,-163,+131,2026-08-11T19:41:22.850058+00:00,41.66,complete
2026-08-13T13:20:49.217295+00:00,9086,jalin turner|kaue fernandes,jalin-turner-vs-kaue-fernandes-79619,2026-08-15,UFC 330: Makhachev vs. Machado Garry,ufc,jalin turner,kaue fernandes,Bet105,sportsbook,1.6579,2.3000,-152,+130,2026-08-12T23:53:33.912846+00:00,13.45,complete
2026-08-13T13:20:49.217295+00:00,9086,jalin turner|kaue fernandes,jalin-turner-vs-kaue-fernandes-79619,2026-08-15,UFC 330: Makhachev vs. Machado Garry,ufc,jalin turner,kaue fernandes,4casters,exchange,1.6803,2.3400,-147,+134,2026-08-12T20:11:04.779205+00:00,17.16,complete
2026-08-13T13:20:49.217295+00:00,9086,jalin turner|kaue fernandes,jalin-turner-vs-kaue-fernandes-79619,2026-08-15,UFC 330: Makhachev vs. Machado Garry,ufc,jalin turner,kaue fernandes,BetMGM,sportsbook,1.6667,2.2500,-150,+125,2026-08-13T12:37:16.317224+00:00,0.73,complete
2026-08-13T13:20:49.217295+00:00,9086,jalin turner|kaue fernandes,jalin-turner-vs-kaue-fernandes-79619,2026-08-15,UFC 330: Makhachev vs. Machado Garry,ufc,jalin turner,kaue fernandes,FanDuel,sportsbook,1.5618,2.3800,-178,+138,2026-08-12T16:03:22.096268+00:00,21.29,complete
2026-08-13T13:20:49.217295+00:00,9086,jalin turner|kaue fernandes,jalin-turner-vs-kaue-fernandes-79619,2026-08-15,UFC 330: Makhachev vs. Machado Garry,ufc,jalin turner,kaue fernandes,YouWager,sportsbook,1.6452,2.3500,-155,+135,2026-08-12T18:20:31.336298+00:00,19.0,complete
2026-08-13T13:20:49.217295+00:00,9086,jalin turner|kaue fernandes,jalin-turner-vs-kaue-fernandes-79619,2026-08-15,UFC 330: Makhachev vs. Machado Garry,ufc,jalin turner,kaue fernandes,ProphetX,exchange,1.6494,2.4800,-154,+148,2026-08-13T04:06:21.351415+00:00,9.24,complete
2026-08-13T13:20:49.217295+00:00,9086,jalin turner|kaue fernandes,jalin-turner-vs-kaue-fernandes-79619,2026-08-15,UFC 330: Makhachev vs. Machado Garry,ufc,jalin turner,kaue fernandes,Kalshi,exchange,1.6667,2.3800,-150,+138,2026-08-13T00:04:16.579644+00:00,13.28,complete
2026-08-13T13:20:49.217295+00:00,9086,jalin turner|kaue fernandes,jalin-turner-vs-kaue-fernandes-79619,2026-08-15,UFC 330: Makhachev vs. Machado Garry,ufc,jalin turner,kaue fernandes,HardRockBet,sportsbook,1.6061,2.3000,-165,+130,2026-08-12T13:42:22.332741+00:00,23.64,complete
2026-08-13T13:20:49.217295+00:00,9086,jalin turner|kaue fernandes,jalin-turner-vs-kaue-fernandes-79619,2026-08-15,UFC 330: Makhachev vs. Machado Garry,ufc,jalin turner,kaue fernandes,BetRivers,sportsbook,1.6098,2.3200,-164,+132,2026-08-12T13:51:49.859743+00:00,23.48,complete
2026-08-13T13:20:49.217295+00:00,9086,jalin turner|kaue fernandes,jalin-turner-vs-kaue-fernandes-79619,2026-08-15,UFC 330: Makhachev vs. Machado Garry,ufc,jalin turner,kaue fernandes,Betway,sportsbook,1.6135,2.3000,-163,+130,2026-08-08T16:02:04.536637+00:00,117.31,complete
2026-08-13T13:20:49.217295+00:00,9086,jalin turner|kaue fernandes,jalin-turner-vs-kaue-fernandes-79619,2026-08-15,UFC 330: Makhachev vs. Machado Garry,ufc,jalin turner,kaue fernandes,Circa,sportsbook,1.6897,2.2500,-145,+125,2026-08-13T02:51:27.861070+00:00,10.49,complete
2026-08-13T13:20:49.217295+00:00,9086,jalin turner|kaue fernandes,jalin-turner-vs-kaue-fernandes-79619,2026-08-15,UFC 330: Makhachev vs. Machado Garry,ufc,jalin turner,kaue fernandes,BetOnline,sportsbook,1.6667,2.3000,-150,+130,2026-08-13T11:41:32.023099+00:00,1.65,complete
2026-08-13T13:20:49.217295+00:00,9086,jalin turner|kaue fernandes,jalin-turner-vs-kaue-fernandes-79619,2026-08-15,UFC 330: Makhachev vs. Machado Garry,ufc,jalin turner,kaue fernandes,Caesars,sportsbook,1.6667,2.2500,-150,+125,2026-08-12T17:06:29.067400+00:00,20.24,complete
2026-08-13T13:20:49.217295+00:00,9086,jalin turner|kaue fernandes,jalin-turner-vs-kaue-fernandes-79619,2026-08-15,UFC 330: Makhachev vs. Machado Garry,ufc,jalin turner,kaue fernandes,DraftKings,sportsbook,1.6452,2.3000,-155,+130,2026-08-13T00:11:07.642990+00:00,13.16,complete
2026-08-13T13:20:49.217295+00:00,9086,jalin turner|kaue fernandes,jalin-turner-vs-kaue-fernandes-79619,2026-08-15,UFC 330: Makhachev vs. Machado Garry,ufc,jalin turner,kaue fernandes,Novig,exchange,1.6803,2.3000,-147,+130,2026-08-13T11:45:54.447788+00:00,1.58,complete
2026-08-13T13:20:49.217295+00:00,9086,jalin turner|kaue fernandes,jalin-turner-vs-kaue-fernandes-79619,2026-08-15,UFC 330: Makhachev vs. Machado Garry,ufc,jalin turner,kaue fernandes,Bet365,sportsbook,1.6579,2.2500,-152,+125,2026-08-13T12:30:34.560097+00:00,0.84,complete
2026-08-13T13:20:49.217295+00:00,9086,jalin turner|kaue fernandes,jalin-turner-vs-kaue-fernandes-79619,2026-08-15,UFC 330: Makhachev vs. Machado Garry,ufc,jalin turner,kaue fernandes,Stake,sportsbook,1.6711,2.2700,-149,+127,2026-08-13T03:41:36.849601+00:00,9.65,complete
2026-08-13T13:20:49.217295+00:00,9086,jalin turner|kaue fernandes,jalin-turner-vs-kaue-fernandes-79619,2026-08-15,UFC 330: Makhachev vs. Machado Garry,ufc,jalin turner,kaue fernandes,Bookmaker,sportsbook,1.6452,2.3500,-155,+135,2026-08-12T20:16:18.649492+00:00,17.08,complete
2026-08-13T13:20:49.217295+00:00,9086,jalin turner|kaue fernandes,jalin-turner-vs-kaue-fernandes-79619,2026-08-15,UFC 330: Makhachev vs. Machado Garry,ufc,jalin turner,kaue fernandes,ReBet,sportsbook,1.6410,2.2200,-156,+122,2026-08-13T03:02:00.549142+00:00,10.31,complete
2026-08-13T13:20:49.217295+00:00,9086,jalin turner|kaue fernandes,jalin-turner-vs-kaue-fernandes-79619,2026-08-15,UFC 330: Makhachev vs. Machado Garry,ufc,jalin turner,kaue fernandes,MyBookie,sportsbook,1.6410,2.2200,-156,+122,2026-08-13T03:04:52.495440+00:00,10.27,complete
2026-08-13T13:20:49.217295+00:00,9086,jalin turner|kaue fernandes,jalin-turner-vs-kaue-fernandes-79619,2026-08-15,UFC 330: Makhachev vs. Machado Garry,ufc,jalin turner,kaue fernandes,Pinnacle,sportsbook,1.6579,2.3000,-152,+130,2026-08-13T00:22:50.627361+00:00,12.97,complete
2026-08-13T13:20:49.217295+00:00,9086,jalin turner|kaue fernandes,jalin-turner-vs-kaue-fernandes-79619,2026-08-15,UFC 330: Makhachev vs. Machado Garry,ufc,jalin turner,kaue fernandes,Cloudbet,sportsbook,1.6211,2.2500,-161,+125,2026-08-12T23:52:44.802247+00:00,13.47,complete
2026-08-13T13:20:49.217295+00:00,9086,jalin turner|kaue fernandes,jalin-turner-vs-kaue-fernandes-79619,2026-08-15,UFC 330: Makhachev vs. Machado Garry,ufc,jalin turner,kaue fernandes,Polymarket(US),exchange,1.6667,2.4400,-150,+144,2026-08-11T17:02:46.424829+00:00,44.3,complete
2026-08-13T13:20:49.217295+00:00,9086,jalin turner|kaue fernandes,jalin-turner-vs-kaue-fernandes-79619,2026-08-15,UFC 330: Makhachev vs. Machado Garry,ufc,jalin turner,kaue fernandes,Polymarket,exchange,1.6667,2.4400,-150,+144,2026-08-13T12:54:32.315764+00:00,0.44,complete
2026-08-13T13:20:49.217295+00:00,9086,dustin stoltzfus|mansur abdul malik,mansur-abdul-malik-vs-dustin-stoltzfus-79270,2026-08-15,UFC 330: Makhachev vs. Machado Garry,ufc,dustin stoltzfus,mansur abdul malik,SXBet,exchange,5.7600,1.1577,+476,-634,2026-08-13T11:30:44.011964+00:00,1.83,complete
2026-08-13T13:20:49.217295+00:00,9086,dustin stoltzfus|mansur abdul malik,mansur-abdul-malik-vs-dustin-stoltzfus-79270,2026-08-15,UFC 330: Makhachev vs. Machado Garry,ufc,dustin stoltzfus,mansur abdul malik,BetUS,sportsbook,5.5000,1.1538,+450,-650,2026-08-12T22:40:33.473668+00:00,14.67,complete
2026-08-13T13:20:49.217295+00:00,9086,dustin stoltzfus|mansur abdul malik,mansur-abdul-malik-vs-dustin-stoltzfus-79270,2026-08-15,UFC 330: Makhachev vs. Machado Garry,ufc,dustin stoltzfus,mansur abdul malik,BetAnything,sportsbook,4.8500,1.1538,+385,-650,2026-08-12T06:14:35.044949+00:00,31.1,complete
2026-08-13T13:20:49.217295+00:00,9086,dustin stoltzfus|mansur abdul malik,mansur-abdul-malik-vs-dustin-stoltzfus-79270,2026-08-15,UFC 330: Makhachev vs. Machado Garry,ufc,dustin stoltzfus,mansur abdul malik,4Cx,exchange,5.5200,1.1572,+452,-636,2026-08-11T19:41:22.844393+00:00,41.66,complete
2026-08-13T13:20:49.217295+00:00,9086,dustin stoltzfus|mansur abdul malik,mansur-abdul-malik-vs-dustin-stoltzfus-79270,2026-08-15,UFC 330: Makhachev vs. Machado Garry,ufc,dustin stoltzfus,mansur abdul malik,4casters,exchange,5.9100,1.1595,+491,-627,2026-08-13T07:35:21.851959+00:00,5.76,complete
2026-08-13T13:20:49.217295+00:00,9086,dustin stoltzfus|mansur abdul malik,mansur-abdul-malik-vs-dustin-stoltzfus-79270,2026-08-15,UFC 330: Makhachev vs. Machado Garry,ufc,dustin stoltzfus,mansur abdul malik,BetMGM,sportsbook,5.7500,1.1538,+475,-650,2026-08-11T12:37:32.627456+00:00,48.72,complete
2026-08-13T13:20:49.217295+00:00,9086,dustin stoltzfus|mansur abdul malik,mansur-abdul-malik-vs-dustin-stoltzfus-79270,2026-08-15,UFC 330: Makhachev vs. Machado Garry,ufc,dustin stoltzfus,mansur abdul malik,FanDuel,sportsbook,5.5000,1.1389,+450,-720,2026-08-13T08:01:36.391867+00:00,5.32,complete
2026-08-13T13:20:49.217295+00:00,9086,dustin stoltzfus|mansur abdul malik,mansur-abdul-malik-vs-dustin-stoltzfus-79270,2026-08-15,UFC 330: Makhachev vs. Machado Garry,ufc,dustin stoltzfus,mansur abdul malik,YouWager,sportsbook,5.7500,1.1538,+475,-650,2026-08-12T20:30:26.336587+00:00,16.84,complete
2026-08-13T13:20:49.217295+00:00,9086,dustin stoltzfus|mansur abdul malik,mansur-abdul-malik-vs-dustin-stoltzfus-79270,2026-08-15,UFC 330: Makhachev vs. Machado Garry,ufc,dustin stoltzfus,mansur abdul malik,ProphetX,exchange,6.4000,1.1493,+540,-670,2026-08-13T12:56:27.495096+00:00,0.41,complete
2026-08-13T13:20:49.217295+00:00,9086,dustin stoltzfus|mansur abdul malik,mansur-abdul-malik-vs-dustin-stoltzfus-79270,2026-08-15,UFC 330: Makhachev vs. Machado Garry,ufc,dustin stoltzfus,mansur abdul malik,Kalshi,exchange,6.6700,1.1495,+567,-669,2026-08-13T12:49:16.939075+00:00,0.53,complete
2026-08-13T13:20:49.217295+00:00,9086,dustin stoltzfus|mansur abdul malik,mansur-abdul-malik-vs-dustin-stoltzfus-79270,2026-08-15,UFC 330: Makhachev vs. Machado Garry,ufc,dustin stoltzfus,mansur abdul malik,HardRockBet,sportsbook,5.5000,1.1538,+450,-650,2026-08-11T14:12:17.232662+00:00,47.14,complete
2026-08-13T13:20:49.217295+00:00,9086,dustin stoltzfus|mansur abdul malik,mansur-abdul-malik-vs-dustin-stoltzfus-79270,2026-08-15,UFC 330: Makhachev vs. Machado Garry,ufc,dustin stoltzfus,mansur abdul malik,BetRivers,sportsbook,5.4000,1.1499,+440,-667,2026-08-11T14:17:54.631544+00:00,47.05,complete
2026-08-13T13:20:49.217295+00:00,9086,dustin stoltzfus|mansur abdul malik,mansur-abdul-malik-vs-dustin-stoltzfus-79270,2026-08-15,UFC 330: Makhachev vs. Machado Garry,ufc,dustin stoltzfus,mansur abdul malik,Betway,sportsbook,5.5000,1.1541,+450,-649,2026-08-11T17:17:20.043538+00:00,44.06,complete
2026-08-13T13:20:49.217295+00:00,9086,dustin stoltzfus|mansur abdul malik,mansur-abdul-malik-vs-dustin-stoltzfus-79270,2026-08-15,UFC 330: Makhachev vs. Machado Garry,ufc,dustin stoltzfus,mansur abdul malik,Circa,sportsbook,6.0000,1.1493,+500,-670,2026-08-12T12:51:22.321911+00:00,24.49,complete
2026-08-13T13:20:49.217295+00:00,9086,dustin stoltzfus|mansur abdul malik,mansur-abdul-malik-vs-dustin-stoltzfus-79270,2026-08-15,UFC 330: Makhachev vs. Machado Garry,ufc,dustin stoltzfus,mansur abdul malik,Caesars,sportsbook,5.6000,1.1538,+460,-650,2026-08-10T23:05:21.116485+00:00,62.26,complete
2026-08-13T13:20:49.217295+00:00,9086,dustin stoltzfus|mansur abdul malik,mansur-abdul-malik-vs-dustin-stoltzfus-79270,2026-08-15,UFC 330: Makhachev vs. Machado Garry,ufc,dustin stoltzfus,mansur abdul malik,DraftKings,sportsbook,5.7000,1.1538,+470,-650,2026-08-12T16:49:51.462512+00:00,20.52,complete
2026-08-13T13:20:49.217295+00:00,9086,dustin stoltzfus|mansur abdul malik,mansur-abdul-malik-vs-dustin-stoltzfus-79270,2026-08-15,UFC 330: Makhachev vs. Machado Garry,ufc,dustin stoltzfus,mansur abdul malik,Bet365,sportsbook,5.7500,1.1499,+475,-667,2026-08-12T18:00:43.589407+00:00,19.33,complete
2026-08-13T13:20:49.217295+00:00,9086,dustin stoltzfus|mansur abdul malik,mansur-abdul-malik-vs-dustin-stoltzfus-79270,2026-08-15,UFC 330: Makhachev vs. Machado Garry,ufc,dustin stoltzfus,mansur abdul malik,Bovada,sportsbook,6.0000,1.1429,+500,-700,2026-08-13T01:34:40.685657+00:00,11.77,complete
2026-08-13T13:20:49.217295+00:00,9086,dustin stoltzfus|mansur abdul malik,mansur-abdul-malik-vs-dustin-stoltzfus-79270,2026-08-15,UFC 330: Makhachev vs. Machado Garry,ufc,dustin stoltzfus,mansur abdul malik,Bookmaker,sportsbook,5.7700,1.1538,+477,-650,2026-08-12T22:15:14.779026+00:00,15.09,complete
2026-08-13T13:20:49.217295+00:00,9086,dustin stoltzfus|mansur abdul malik,mansur-abdul-malik-vs-dustin-stoltzfus-79270,2026-08-15,UFC 330: Makhachev vs. Machado Garry,ufc,dustin stoltzfus,mansur abdul malik,Stake,sportsbook,5.8000,1.1499,+480,-667,2026-08-10T22:39:56.386656+00:00,62.68,complete
2026-08-13T13:20:49.217295+00:00,9086,dustin stoltzfus|mansur abdul malik,mansur-abdul-malik-vs-dustin-stoltzfus-79270,2026-08-15,UFC 330: Makhachev vs. Machado Garry,ufc,dustin stoltzfus,mansur abdul malik,ReBet,sportsbook,5.4000,1.1431,+440,-699,2026-08-10T21:45:20.017286+00:00,63.59,complete
2026-08-13T13:20:49.217295+00:00,9086,dustin stoltzfus|mansur abdul malik,mansur-abdul-malik-vs-dustin-stoltzfus-79270,2026-08-15,UFC 330: Makhachev vs. Machado Garry,ufc,dustin stoltzfus,mansur abdul malik,MyBookie,sportsbook,5.4000,1.1431,+440,-699,2026-08-10T21:35:52.046293+00:00,63.75,complete
2026-08-13T13:20:49.217295+00:00,9086,dustin stoltzfus|mansur abdul malik,mansur-abdul-malik-vs-dustin-stoltzfus-79270,2026-08-15,UFC 330: Makhachev vs. Machado Garry,ufc,dustin stoltzfus,mansur abdul malik,Novig,exchange,6.0600,1.1695,+506,-590,2026-08-13T13:15:15.185145+00:00,0.09,complete
2026-08-13T13:20:49.217295+00:00,9086,dustin stoltzfus|mansur abdul malik,mansur-abdul-malik-vs-dustin-stoltzfus-79270,2026-08-15,UFC 330: Makhachev vs. Machado Garry,ufc,dustin stoltzfus,mansur abdul malik,Pinnacle,sportsbook,5.8200,1.1538,+482,-650,2026-08-12T16:55:08.504466+00:00,20.43,complete
2026-08-13T13:20:49.217295+00:00,9086,dustin stoltzfus|mansur abdul malik,mansur-abdul-malik-vs-dustin-stoltzfus-79270,2026-08-15,UFC 330: Makhachev vs. Machado Garry,ufc,dustin stoltzfus,mansur abdul malik,Bet105,sportsbook,5.8200,1.1538,+482,-650,2026-08-13T02:43:17.431224+00:00,10.63,complete
2026-08-13T13:20:49.217295+00:00,9086,dustin stoltzfus|mansur abdul malik,mansur-abdul-malik-vs-dustin-stoltzfus-79270,2026-08-15,UFC 330: Makhachev vs. Machado Garry,ufc,dustin stoltzfus,mansur abdul malik,Cloudbet,sportsbook,5.7000,1.1300,+470,-769,2026-08-12T16:22:40.257214+00:00,20.97,complete
2026-08-13T13:20:49.217295+00:00,9086,dustin stoltzfus|mansur abdul malik,mansur-abdul-malik-vs-dustin-stoltzfus-79270,2026-08-15,UFC 330: Makhachev vs. Machado Garry,ufc,dustin stoltzfus,mansur abdul malik,BetOnline,sportsbook,5.7500,1.1538,+475,-650,2026-08-12T20:32:26.436179+00:00,16.81,complete
2026-08-13T13:20:49.217295+00:00,9086,dustin stoltzfus|mansur abdul malik,mansur-abdul-malik-vs-dustin-stoltzfus-79270,2026-08-15,UFC 330: Makhachev vs. Machado Garry,ufc,dustin stoltzfus,mansur abdul malik,Polymarket(US),exchange,6.6700,1.1629,+567,-614,2026-08-13T04:15:22.711903+00:00,9.09,complete
2026-08-13T13:20:49.217295+00:00,9086,dustin stoltzfus|mansur abdul malik,mansur-abdul-malik-vs-dustin-stoltzfus-79270,2026-08-15,UFC 330: Makhachev vs. Machado Garry,ufc,dustin stoltzfus,mansur abdul malik,Polymarket,exchange,5.8800,1.1905,+488,-525,2026-08-13T08:14:25.347816+00:00,5.11,complete
2026-08-13T13:20:49.217295+00:00,9086,edson barboza|esteban ribovics,esteban-ribovics-vs-edson-barboza-79120,2026-08-15,UFC 330: Makhachev vs. Machado Garry,ufc,edson barboza,esteban ribovics,BetUS,sportsbook,5.5000,1.1538,+450,-650,2026-08-12T22:40:33.394555+00:00,14.67,complete
2026-08-13T13:20:49.217295+00:00,9086,edson barboza|esteban ribovics,esteban-ribovics-vs-edson-barboza-79120,2026-08-15,UFC 330: Makhachev vs. Machado Garry,ufc,edson barboza,esteban ribovics,BetAnything,sportsbook,4.8500,1.1538,+385,-650,2026-08-12T20:34:24.549727+00:00,16.77,complete
2026-08-13T13:20:49.217295+00:00,9086,edson barboza|esteban ribovics,esteban-ribovics-vs-edson-barboza-79120,2026-08-15,UFC 330: Makhachev vs. Machado Garry,ufc,edson barboza,esteban ribovics,Stake,sportsbook,5.8000,1.1499,+480,-667,2026-08-12T21:42:47.117142+00:00,15.63,complete
2026-08-13T13:20:49.217295+00:00,9086,edson barboza|esteban ribovics,esteban-ribovics-vs-edson-barboza-79120,2026-08-15,UFC 330: Makhachev vs. Machado Garry,ufc,edson barboza,esteban ribovics,Caesars,sportsbook,5.3000,1.1667,+430,-600,2026-08-12T16:05:30.240108+00:00,21.26,complete
2026-08-13T13:20:49.217295+00:00,9086,edson barboza|esteban ribovics,esteban-ribovics-vs-edson-barboza-79120,2026-08-15,UFC 330: Makhachev vs. Machado Garry,ufc,edson barboza,esteban ribovics,4Cx,exchange,5.2300,1.1706,+423,-586,2026-08-11T19:41:22.841690+00:00,41.66,complete
2026-08-13T13:20:49.217295+00:00,9086,edson barboza|esteban ribovics,esteban-ribovics-vs-edson-barboza-79120,2026-08-15,UFC 330: Makhachev vs. Machado Garry,ufc,edson barboza,esteban ribovics,4casters,exchange,6.0300,1.1550,+503,-645,2026-08-13T11:55:13.504265+00:00,1.43,complete
2026-08-13T13:20:49.217295+00:00,9086,edson barboza|esteban ribovics,esteban-ribovics-vs-edson-barboza-79120,2026-08-15,UFC 330: Makhachev vs. Machado Garry,ufc,edson barboza,esteban ribovics,SXBet,exchange,5.9300,1.1543,+493,-648,2026-08-13T11:30:43.920494+00:00,1.83,complete
2026-08-13T13:20:49.217295+00:00,9086,edson barboza|esteban ribovics,esteban-ribovics-vs-edson-barboza-79120,2026-08-15,UFC 330: Makhachev vs. Machado Garry,ufc,edson barboza,esteban ribovics,BetMGM,sportsbook,5.7500,1.1538,+475,-650,2026-08-13T12:37:16.349697+00:00,0.73,complete
2026-08-13T13:20:49.217295+00:00,9086,edson barboza|esteban ribovics,esteban-ribovics-vs-edson-barboza-79120,2026-08-15,UFC 330: Makhachev vs. Machado Garry,ufc,edson barboza,esteban ribovics,FanDuel,sportsbook,4.9000,1.1695,+390,-590,2026-08-12T12:03:33.071055+00:00,25.29,complete
2026-08-13T13:20:49.217295+00:00,9086,edson barboza|esteban ribovics,esteban-ribovics-vs-edson-barboza-79120,2026-08-15,UFC 330: Makhachev vs. Machado Garry,ufc,edson barboza,esteban ribovics,YouWager,sportsbook,5.7500,1.1538,+475,-650,2026-08-12T20:30:26.327659+00:00,16.84,complete
2026-08-13T13:20:49.217295+00:00,9086,edson barboza|esteban ribovics,esteban-ribovics-vs-edson-barboza-79120,2026-08-15,UFC 330: Makhachev vs. Machado Garry,ufc,edson barboza,esteban ribovics,ProphetX,exchange,5.4500,1.1449,+445,-690,2026-08-13T12:16:24.941227+00:00,1.07,complete
2026-08-13T13:20:49.217295+00:00,9086,edson barboza|esteban ribovics,esteban-ribovics-vs-edson-barboza-79120,2026-08-15,UFC 330: Makhachev vs. Machado Garry,ufc,edson barboza,esteban ribovics,Kalshi,exchange,6.6700,1.1629,+567,-614,2026-08-13T12:59:22.657363+00:00,0.36,complete
2026-08-13T13:20:49.217295+00:00,9086,edson barboza|esteban ribovics,esteban-ribovics-vs-edson-barboza-79120,2026-08-15,UFC 330: Makhachev vs. Machado Garry,ufc,edson barboza,esteban ribovics,HardRockBet,sportsbook,5.0000,1.1667,+400,-600,2026-08-12T22:27:28.184884+00:00,14.89,complete
2026-08-13T13:20:49.217295+00:00,9086,edson barboza|esteban ribovics,esteban-ribovics-vs-edson-barboza-79120,2026-08-15,UFC 330: Makhachev vs. Machado Garry,ufc,edson barboza,esteban ribovics,BetRivers,sportsbook,5.0000,1.1701,+400,-588,2026-08-12T22:46:42.869588+00:00,14.57,complete
2026-08-13T13:20:49.217295+00:00,9086,edson barboza|esteban ribovics,esteban-ribovics-vs-edson-barboza-79120,2026-08-15,UFC 330: Makhachev vs. Machado Garry,ufc,edson barboza,esteban ribovics,Betway,sportsbook,5.0000,1.1669,+400,-599,2026-08-12T08:41:43.840103+00:00,28.65,complete
2026-08-13T13:20:49.217295+00:00,9086,edson barboza|esteban ribovics,esteban-ribovics-vs-edson-barboza-79120,2026-08-15,UFC 330: Makhachev vs. Machado Garry,ufc,edson barboza,esteban ribovics,Pinnacle,sportsbook,5.9400,1.1493,+494,-670,2026-08-12T16:55:08.483304+00:00,20.43,complete
2026-08-13T13:20:49.217295+00:00,9086,edson barboza|esteban ribovics,esteban-ribovics-vs-edson-barboza-79120,2026-08-15,UFC 330: Makhachev vs. Machado Garry,ufc,edson barboza,esteban ribovics,Circa,sportsbook,5.7500,1.1587,+475,-630,2026-08-13T12:36:24.281857+00:00,0.74,complete
2026-08-13T13:20:49.217295+00:00,9086,edson barboza|esteban ribovics,esteban-ribovics-vs-edson-barboza-79120,2026-08-15,UFC 330: Makhachev vs. Machado Garry,ufc,edson barboza,esteban ribovics,Novig,exchange,5.8800,1.1695,+488,-590,2026-08-13T13:15:14.943357+00:00,0.09,complete
2026-08-13T13:20:49.217295+00:00,9086,edson barboza|esteban ribovics,esteban-ribovics-vs-edson-barboza-79120,2026-08-15,UFC 330: Makhachev vs. Machado Garry,ufc,edson barboza,esteban ribovics,DraftKings,sportsbook,5.7000,1.1538,+470,-650,2026-08-12T16:49:51.455167+00:00,20.52,complete
2026-08-13T13:20:49.217295+00:00,9086,edson barboza|esteban ribovics,esteban-ribovics-vs-edson-barboza-79120,2026-08-15,UFC 330: Makhachev vs. Machado Garry,ufc,edson barboza,esteban ribovics,Bet365,sportsbook,5.5000,1.1600,+450,-625,2026-08-13T12:30:34.546571+00:00,0.84,complete
2026-08-13T13:20:49.217295+00:00,9086,edson barboza|esteban ribovics,esteban-ribovics-vs-edson-barboza-79120,2026-08-15,UFC 330: Makhachev vs. Machado Garry,ufc,edson barboza,esteban ribovics,Bovada,sportsbook,5.7500,1.1538,+475,-650,2026-08-13T12:29:20.238885+00:00,0.86,complete
2026-08-13T13:20:49.217295+00:00,9086,edson barboza|esteban ribovics,esteban-ribovics-vs-edson-barboza-79120,2026-08-15,UFC 330: Makhachev vs. Machado Garry,ufc,edson barboza,esteban ribovics,Bookmaker,sportsbook,5.5000,1.1653,+450,-605,2026-08-13T06:45:30.363259+00:00,6.59,complete
2026-08-13T13:20:49.217295+00:00,9086,edson barboza|esteban ribovics,esteban-ribovics-vs-edson-barboza-79120,2026-08-15,UFC 330: Makhachev vs. Machado Garry,ufc,edson barboza,esteban ribovics,ReBet,sportsbook,5.4000,1.1431,+440,-699,2026-08-12T21:01:24.482840+00:00,16.32,complete
2026-08-13T13:20:49.217295+00:00,9086,edson barboza|esteban ribovics,esteban-ribovics-vs-edson-barboza-79120,2026-08-15,UFC 330: Makhachev vs. Machado Garry,ufc,edson barboza,esteban ribovics,MyBookie,sportsbook,5.4000,1.1431,+440,-699,2026-08-12T20:43:59.999650+00:00,16.61,complete
2026-08-13T13:20:49.217295+00:00,9086,edson barboza|esteban ribovics,esteban-ribovics-vs-edson-barboza-79120,2026-08-15,UFC 330: Makhachev vs. Machado Garry,ufc,edson barboza,esteban ribovics,Cloudbet,sportsbook,5.8000,1.1200,+480,-833,2026-08-12T16:22:40.320314+00:00,20.97,complete
2026-08-13T13:20:49.217295+00:00,9086,edson barboza|esteban ribovics,esteban-ribovics-vs-edson-barboza-79120,2026-08-15,UFC 330: Makhachev vs. Machado Garry,ufc,edson barboza,esteban ribovics,Bet105,sportsbook,5.9400,1.1493,+494,-670,2026-08-12T16:25:41.832172+00:00,20.92,complete
2026-08-13T13:20:49.217295+00:00,9086,edson barboza|esteban ribovics,esteban-ribovics-vs-edson-barboza-79120,2026-08-15,UFC 330: Makhachev vs. Machado Garry,ufc,edson barboza,esteban ribovics,BetOnline,sportsbook,5.7500,1.1538,+475,-650,2026-08-12T20:32:26.427366+00:00,16.81,complete
2026-08-13T13:20:49.217295+00:00,9086,edson barboza|esteban ribovics,esteban-ribovics-vs-edson-barboza-79120,2026-08-15,UFC 330: Makhachev vs. Machado Garry,ufc,edson barboza,esteban ribovics,Polymarket(US),exchange,6.2500,1.1764,+525,-567,2026-08-13T13:01:11.371268+00:00,0.33,complete
2026-08-13T13:20:49.217295+00:00,9086,edson barboza|esteban ribovics,esteban-ribovics-vs-edson-barboza-79120,2026-08-15,UFC 330: Makhachev vs. Machado Garry,ufc,edson barboza,esteban ribovics,Polymarket,exchange,5.8800,1.1905,+488,-525,2026-08-12T16:25:28.763851+00:00,20.92,complete
2026-08-13T13:20:49.217295+00:00,9086,chidi njokuani|joel alvarez,joel-alvarez-vs-chidi-njokuani-80608,2026-08-15,UFC 330: Makhachev vs. Machado Garry,ufc,chidi njokuani,joel alvarez,BetUS,sportsbook,3.6700,1.3030,+267,-330,2026-08-12T22:40:33.944170+00:00,14.67,complete
2026-08-13T13:20:49.217295+00:00,9086,chidi njokuani|joel alvarez,joel-alvarez-vs-chidi-njokuani-80608,2026-08-15,UFC 330: Makhachev vs. Machado Garry,ufc,chidi njokuani,joel alvarez,BetAnything,sportsbook,3.4000,1.3125,+240,-320,2026-08-13T12:04:27.534817+00:00,1.27,complete
2026-08-13T13:20:49.217295+00:00,9086,chidi njokuani|joel alvarez,joel-alvarez-vs-chidi-njokuani-80608,2026-08-15,UFC 330: Makhachev vs. Machado Garry,ufc,chidi njokuani,joel alvarez,Pinnacle,sportsbook,3.6900,1.3030,+269,-330,2026-08-13T10:22:36.542586+00:00,2.97,complete
2026-08-13T13:20:49.217295+00:00,9086,chidi njokuani|joel alvarez,joel-alvarez-vs-chidi-njokuani-80608,2026-08-15,UFC 330: Makhachev vs. Machado Garry,ufc,chidi njokuani,joel alvarez,Bet105,sportsbook,3.6900,1.3030,+269,-330,2026-08-13T09:28:32.709543+00:00,3.87,complete
2026-08-13T13:20:49.217295+00:00,9086,chidi njokuani|joel alvarez,joel-alvarez-vs-chidi-njokuani-80608,2026-08-15,UFC 330: Makhachev vs. Machado Garry,ufc,chidi njokuani,joel alvarez,4Cx,exchange,3.2600,1.3484,+226,-287,2026-08-11T19:41:22.865309+00:00,41.66,complete
2026-08-13T13:20:49.217295+00:00,9086,chidi njokuani|joel alvarez,joel-alvarez-vs-chidi-njokuani-80608,2026-08-15,UFC 330: Makhachev vs. Machado Garry,ufc,chidi njokuani,joel alvarez,4casters,exchange,3.6800,1.3401,+268,-294,2026-08-13T10:35:21.451959+00:00,2.76,complete
2026-08-13T13:20:49.217295+00:00,9086,chidi njokuani|joel alvarez,joel-alvarez-vs-chidi-njokuani-80608,2026-08-15,UFC 330: Makhachev vs. Machado Garry,ufc,chidi njokuani,joel alvarez,Circa,sportsbook,3.7500,1.3030,+275,-330,2026-08-12T20:44:15.914104+00:00,16.61,complete
2026-08-13T13:20:49.217295+00:00,9086,chidi njokuani|joel alvarez,joel-alvarez-vs-chidi-njokuani-80608,2026-08-15,UFC 330: Makhachev vs. Machado Garry,ufc,chidi njokuani,joel alvarez,SXBet,exchange,3.4600,1.3448,+246,-290,2026-08-13T12:40:08.595649+00:00,0.68,complete
2026-08-13T13:20:49.217295+00:00,9086,chidi njokuani|joel alvarez,joel-alvarez-vs-chidi-njokuani-80608,2026-08-15,UFC 330: Makhachev vs. Machado Garry,ufc,chidi njokuani,joel alvarez,BetMGM,sportsbook,3.7500,1.2857,+275,-350,2026-08-13T12:37:16.333108+00:00,0.73,complete
2026-08-13T13:20:49.217295+00:00,9086,chidi njokuani|joel alvarez,joel-alvarez-vs-chidi-njokuani-80608,2026-08-15,UFC 330: Makhachev vs. Machado Garry,ufc,chidi njokuani,joel alvarez,Bovada,sportsbook,3.7000,1.3030,+270,-330,2026-08-13T12:29:20.008885+00:00,0.86,complete
2026-08-13T13:20:49.217295+00:00,9086,chidi njokuani|joel alvarez,joel-alvarez-vs-chidi-njokuani-80608,2026-08-15,UFC 330: Makhachev vs. Machado Garry,ufc,chidi njokuani,joel alvarez,FanDuel,sportsbook,3.3000,1.3226,+230,-310,2026-08-12T16:03:22.100053+00:00,21.29,complete
2026-08-13T13:20:49.217295+00:00,9086,chidi njokuani|joel alvarez,joel-alvarez-vs-chidi-njokuani-80608,2026-08-15,UFC 330: Makhachev vs. Machado Garry,ufc,chidi njokuani,joel alvarez,Polymarket,exchange,3.7000,1.3333,+270,-300,2026-08-13T13:04:35.172225+00:00,0.27,complete
2026-08-13T13:20:49.217295+00:00,9086,chidi njokuani|joel alvarez,joel-alvarez-vs-chidi-njokuani-80608,2026-08-15,UFC 330: Makhachev vs. Machado Garry,ufc,chidi njokuani,joel alvarez,YouWager,sportsbook,3.4500,1.3333,+245,-300,2026-08-12T19:41:09.996212+00:00,17.66,complete
2026-08-13T13:20:49.217295+00:00,9086,chidi njokuani|joel alvarez,joel-alvarez-vs-chidi-njokuani-80608,2026-08-15,UFC 330: Makhachev vs. Machado Garry,ufc,chidi njokuani,joel alvarez,ProphetX,exchange,3.5000,1.3125,+250,-320,2026-08-13T12:31:17.588554+00:00,0.83,complete
2026-08-13T13:20:49.217295+00:00,9086,chidi njokuani|joel alvarez,joel-alvarez-vs-chidi-njokuani-80608,2026-08-15,UFC 330: Makhachev vs. Machado Garry,ufc,chidi njokuani,joel alvarez,Kalshi,exchange,4.0000,1.3155,+300,-317,2026-08-13T10:54:15.647013+00:00,2.44,complete
2026-08-13T13:20:49.217295+00:00,9086,chidi njokuani|joel alvarez,joel-alvarez-vs-chidi-njokuani-80608,2026-08-15,UFC 330: Makhachev vs. Machado Garry,ufc,chidi njokuani,joel alvarez,Bookmaker,sportsbook,3.6000,1.3115,+260,-321,2026-08-13T06:45:30.705282+00:00,6.59,complete
2026-08-13T13:20:49.217295+00:00,9086,chidi njokuani|joel alvarez,joel-alvarez-vs-chidi-njokuani-80608,2026-08-15,UFC 330: Makhachev vs. Machado Garry,ufc,chidi njokuani,joel alvarez,DraftKings,sportsbook,3.6000,1.3077,+260,-325,2026-08-13T09:41:23.662902+00:00,3.66,complete
2026-08-13T13:20:49.217295+00:00,9086,chidi njokuani|joel alvarez,joel-alvarez-vs-chidi-njokuani-80608,2026-08-15,UFC 330: Makhachev vs. Machado Garry,ufc,chidi njokuani,joel alvarez,HardRockBet,sportsbook,3.4000,1.3077,+240,-325,2026-08-13T09:27:15.856388+00:00,3.89,complete
2026-08-13T13:20:49.217295+00:00,9086,chidi njokuani|joel alvarez,joel-alvarez-vs-chidi-njokuani-80608,2026-08-15,UFC 330: Makhachev vs. Machado Garry,ufc,chidi njokuani,joel alvarez,Stake,sportsbook,3.6000,1.3096,+260,-323,2026-08-13T12:33:51.740220+00:00,0.78,complete
2026-08-13T13:20:49.217295+00:00,9086,chidi njokuani|joel alvarez,joel-alvarez-vs-chidi-njokuani-80608,2026-08-15,UFC 330: Makhachev vs. Machado Garry,ufc,chidi njokuani,joel alvarez,BetRivers,sportsbook,3.4000,1.3205,+240,-312,2026-08-13T09:32:18.904148+00:00,3.81,complete
2026-08-13T13:20:49.217295+00:00,9086,chidi njokuani|joel alvarez,joel-alvarez-vs-chidi-njokuani-80608,2026-08-15,UFC 330: Makhachev vs. Machado Garry,ufc,chidi njokuani,joel alvarez,ReBet,sportsbook,3.4800,1.2941,+248,-340,2026-08-13T12:15:55.390007+00:00,1.08,complete
2026-08-13T13:20:49.217295+00:00,9086,chidi njokuani|joel alvarez,joel-alvarez-vs-chidi-njokuani-80608,2026-08-15,UFC 330: Makhachev vs. Machado Garry,ufc,chidi njokuani,joel alvarez,MyBookie,sportsbook,3.4800,1.2941,+248,-340,2026-08-13T12:14:29.802141+00:00,1.11,complete
2026-08-13T13:20:49.217295+00:00,9086,chidi njokuani|joel alvarez,joel-alvarez-vs-chidi-njokuani-80608,2026-08-15,UFC 330: Makhachev vs. Machado Garry,ufc,chidi njokuani,joel alvarez,Bet365,sportsbook,3.6000,1.3003,+260,-333,2026-08-13T12:30:34.550353+00:00,0.84,complete
2026-08-13T13:20:49.217295+00:00,9086,chidi njokuani|joel alvarez,joel-alvarez-vs-chidi-njokuani-80608,2026-08-15,UFC 330: Makhachev vs. Machado Garry,ufc,chidi njokuani,joel alvarez,Betway,sportsbook,3.5000,1.3003,+250,-333,2026-08-13T11:21:19.144805+00:00,1.99,complete
2026-08-13T13:20:49.217295+00:00,9086,chidi njokuani|joel alvarez,joel-alvarez-vs-chidi-njokuani-80608,2026-08-15,UFC 330: Makhachev vs. Machado Garry,ufc,chidi njokuani,joel alvarez,Polymarket(US),exchange,4.0000,1.3155,+300,-317,2026-08-13T09:31:06.714620+00:00,3.83,complete
2026-08-13T13:20:49.217295+00:00,9086,chidi njokuani|joel alvarez,joel-alvarez-vs-chidi-njokuani-80608,2026-08-15,UFC 330: Makhachev vs. Machado Garry,ufc,chidi njokuani,joel alvarez,Novig,exchange,3.7000,1.3247,+270,-308,2026-08-13T11:00:42.684029+00:00,2.34,complete
2026-08-13T13:20:49.217295+00:00,9086,chidi njokuani|joel alvarez,joel-alvarez-vs-chidi-njokuani-80608,2026-08-15,UFC 330: Makhachev vs. Machado Garry,ufc,chidi njokuani,joel alvarez,Caesars,sportsbook,3.5000,1.3125,+250,-320,2026-08-13T04:05:06.331948+00:00,9.26,complete
2026-08-13T13:20:49.217295+00:00,9086,chidi njokuani|joel alvarez,joel-alvarez-vs-chidi-njokuani-80608,2026-08-15,UFC 330: Makhachev vs. Machado Garry,ufc,chidi njokuani,joel alvarez,BetOnline,sportsbook,3.6000,1.3125,+260,-320,2026-08-13T12:02:16.779118+00:00,1.31,complete
2026-08-13T13:20:49.217295+00:00,9086,charles johnson|eduardo henrique da silva,charles-johnson-vs-eduardo-henrique-da-silva-80763,2026-08-15,UFC 330: Makhachev vs. Machado Garry,ufc,charles johnson,eduardo henrique da silva,Bet365,sportsbook,1.8333,2.0000,-120,+100,2026-08-13T12:30:35.538268+00:00,0.84,complete
2026-08-13T13:20:49.217295+00:00,9086,charles johnson|eduardo henrique da silva,charles-johnson-vs-eduardo-henrique-da-silva-80763,2026-08-15,UFC 330: Makhachev vs. Machado Garry,ufc,charles johnson,eduardo henrique da silva,FanDuel,sportsbook,1.7692,2.0200,-130,+102,2026-08-13T12:01:14.830078+00:00,1.33,complete
2026-08-13T13:20:49.217295+00:00,9086,charles johnson|eduardo henrique da silva,charles-johnson-vs-eduardo-henrique-da-silva-80763,2026-08-15,UFC 330: Makhachev vs. Machado Garry,ufc,charles johnson,eduardo henrique da silva,Betway,sportsbook,1.8000,2.0000,-125,-100,2026-08-13T11:16:48.698643+00:00,2.07,complete
2026-08-13T13:20:49.217295+00:00,9086,charles johnson|eduardo henrique da silva,charles-johnson-vs-eduardo-henrique-da-silva-80763,2026-08-15,UFC 330: Makhachev vs. Machado Garry,ufc,charles johnson,eduardo henrique da silva,Bovada,sportsbook,1.8197,2.0200,-122,+102,2026-08-13T12:24:33.970511+00:00,0.94,complete
2026-08-13T13:20:49.217295+00:00,9086,charles johnson|eduardo henrique da silva,charles-johnson-vs-eduardo-henrique-da-silva-80763,2026-08-15,UFC 330: Makhachev vs. Machado Garry,ufc,charles johnson,eduardo henrique da silva,Polymarket(US),exchange,1.6667,2.2700,-150,+127,2026-08-13T12:30:48.022519+00:00,0.83,complete
2026-08-13T13:20:49.217295+00:00,9086,charles johnson|eduardo henrique da silva,charles-johnson-vs-eduardo-henrique-da-silva-80763,2026-08-15,UFC 330: Makhachev vs. Machado Garry,ufc,charles johnson,eduardo henrique da silva,Stake,sportsbook,1.8475,2.0000,-118,+100,2026-08-13T00:40:31.644078+00:00,12.67,complete
2026-08-13T13:20:49.217295+00:00,9086,charles johnson|eduardo henrique da silva,charles-johnson-vs-eduardo-henrique-da-silva-80763,2026-08-15,UFC 330: Makhachev vs. Machado Garry,ufc,charles johnson,eduardo henrique da silva,MyBookie,sportsbook,1.8197,1.9615,-122,-104,2026-08-12T22:34:32.069192+00:00,14.77,complete
2026-08-13T13:20:49.217295+00:00,9086,charles johnson|eduardo henrique da silva,charles-johnson-vs-eduardo-henrique-da-silva-80763,2026-08-15,UFC 330: Makhachev vs. Machado Garry,ufc,charles johnson,eduardo henrique da silva,ReBet,sportsbook,1.8197,1.9615,-122,-104,2026-08-12T22:02:35.255914+00:00,15.3,complete
2026-08-13T13:20:49.217295+00:00,9086,charles johnson|eduardo henrique da silva,charles-johnson-vs-eduardo-henrique-da-silva-80763,2026-08-15,UFC 330: Makhachev vs. Machado Garry,ufc,charles johnson,eduardo henrique da silva,Kalshi,exchange,1.6944,2.0800,-144,+108,2026-08-13T13:19:18.781727+00:00,0.03,complete
2026-08-13T13:20:49.217295+00:00,9086,charles johnson|eduardo henrique da silva,charles-johnson-vs-eduardo-henrique-da-silva-80763,2026-08-15,UFC 330: Makhachev vs. Machado Garry,ufc,charles johnson,eduardo henrique da silva,DraftKings,sportsbook,1.8000,2.0500,-125,+105,2026-08-13T00:11:07.592674+00:00,13.16,complete
2026-08-13T13:20:49.217295+00:00,9086,charles johnson|eduardo henrique da silva,charles-johnson-vs-eduardo-henrique-da-silva-80763,2026-08-15,UFC 330: Makhachev vs. Machado Garry,ufc,charles johnson,eduardo henrique da silva,BetOnline,sportsbook,1.8065,2.0400,-124,+104,2026-08-12T23:14:16.230527+00:00,14.11,complete
2026-08-13T13:20:49.217295+00:00,9086,donte johnson|eric mcconico,donte-johnson-vs-eric-mcconico-80309,2026-08-15,UFC 330: Makhachev vs. Machado Garry,ufc,donte johnson,eric mcconico,BetUS,sportsbook,1.4000,3.0600,-250,+206,2026-08-13T01:50:45.852565+00:00,11.5,complete
2026-08-13T13:20:49.217295+00:00,9086,donte johnson|eric mcconico,donte-johnson-vs-eric-mcconico-80309,2026-08-15,UFC 330: Makhachev vs. Machado Garry,ufc,donte johnson,eric mcconico,BetAnything,sportsbook,1.4082,2.9500,-245,+195,2026-08-13T12:29:14.134279+00:00,0.86,complete
2026-08-13T13:20:49.217295+00:00,9086,donte johnson|eric mcconico,donte-johnson-vs-eric-mcconico-80309,2026-08-15,UFC 330: Makhachev vs. Machado Garry,ufc,donte johnson,eric mcconico,SXBet,exchange,1.3704,3.2300,-270,+223,2026-08-13T11:45:57.050116+00:00,1.58,complete
2026-08-13T13:20:49.217295+00:00,9086,donte johnson|eric mcconico,donte-johnson-vs-eric-mcconico-80309,2026-08-15,UFC 330: Makhachev vs. Machado Garry,ufc,donte johnson,eric mcconico,4Cx,exchange,1.3968,3.1300,-252,+213,2026-08-11T19:41:22.861267+00:00,41.66,complete
2026-08-13T13:20:49.217295+00:00,9086,donte johnson|eric mcconico,donte-johnson-vs-eric-mcconico-80309,2026-08-15,UFC 330: Makhachev vs. Machado Garry,ufc,donte johnson,eric mcconico,4casters,exchange,1.4016,3.2200,-249,+222,2026-08-13T12:40:44.075524+00:00,0.67,complete
2026-08-13T13:20:49.217295+00:00,9086,donte johnson|eric mcconico,donte-johnson-vs-eric-mcconico-80309,2026-08-15,UFC 330: Makhachev vs. Machado Garry,ufc,donte johnson,eric mcconico,BetMGM,sportsbook,1.3636,3.2000,-275,+220,2026-08-13T12:37:16.289891+00:00,0.73,complete
2026-08-13T13:20:49.217295+00:00,9086,donte johnson|eric mcconico,donte-johnson-vs-eric-mcconico-80309,2026-08-15,UFC 330: Makhachev vs. Machado Garry,ufc,donte johnson,eric mcconico,FanDuel,sportsbook,1.3774,3.0000,-265,+200,2026-08-12T16:03:22.070961+00:00,21.29,complete
2026-08-13T13:20:49.217295+00:00,9086,donte johnson|eric mcconico,donte-johnson-vs-eric-mcconico-80309,2026-08-15,UFC 330: Makhachev vs. Machado Garry,ufc,donte johnson,eric mcconico,YouWager,sportsbook,1.4082,3.0300,-245,+203,2026-08-12T11:46:25.766024+00:00,25.57,complete
2026-08-13T13:20:49.217295+00:00,9086,donte johnson|eric mcconico,donte-johnson-vs-eric-mcconico-80309,2026-08-15,UFC 330: Makhachev vs. Machado Garry,ufc,donte johnson,eric mcconico,ProphetX,exchange,1.3704,3.1500,-270,+215,2026-08-13T12:16:25.033388+00:00,1.07,complete
2026-08-13T13:20:49.217295+00:00,9086,donte johnson|eric mcconico,donte-johnson-vs-eric-mcconico-80309,2026-08-15,UFC 330: Makhachev vs. Machado Garry,ufc,donte johnson,eric mcconico,Kalshi,exchange,1.3891,3.3300,-257,+233,2026-08-13T01:29:05.684170+00:00,11.86,complete
2026-08-13T13:20:49.217295+00:00,9086,donte johnson|eric mcconico,donte-johnson-vs-eric-mcconico-80309,2026-08-15,UFC 330: Makhachev vs. Machado Garry,ufc,donte johnson,eric mcconico,HardRockBet,sportsbook,1.3846,3.0000,-260,+200,2026-08-13T01:12:16.492359+00:00,12.14,complete
2026-08-13T13:20:49.217295+00:00,9086,donte johnson|eric mcconico,donte-johnson-vs-eric-mcconico-80309,2026-08-15,UFC 330: Makhachev vs. Machado Garry,ufc,donte johnson,eric mcconico,BetRivers,sportsbook,1.4000,2.9500,-250,+195,2026-08-06T14:04:28.776869+00:00,167.27,complete
2026-08-13T13:20:49.217295+00:00,9086,donte johnson|eric mcconico,donte-johnson-vs-eric-mcconico-80309,2026-08-15,UFC 330: Makhachev vs. Machado Garry,ufc,donte johnson,eric mcconico,Betway,sportsbook,1.4000,3.0000,-250,+200,2026-08-12T08:51:27.771856+00:00,28.49,complete
2026-08-13T13:20:49.217295+00:00,9086,donte johnson|eric mcconico,donte-johnson-vs-eric-mcconico-80309,2026-08-15,UFC 330: Makhachev vs. Machado Garry,ufc,donte johnson,eric mcconico,Circa,sportsbook,1.3846,3.2000,-260,+220,2026-08-12T04:32:21.677079+00:00,32.81,complete
2026-08-13T13:20:49.217295+00:00,9086,donte johnson|eric mcconico,donte-johnson-vs-eric-mcconico-80309,2026-08-15,UFC 330: Makhachev vs. Machado Garry,ufc,donte johnson,eric mcconico,Cloudbet,sportsbook,1.3497,3.0500,-286,+205,2026-08-12T23:52:41.782884+00:00,13.47,complete
2026-08-13T13:20:49.217295+00:00,9086,donte johnson|eric mcconico,donte-johnson-vs-eric-mcconico-80309,2026-08-15,UFC 330: Makhachev vs. Machado Garry,ufc,donte johnson,eric mcconico,Caesars,sportsbook,1.3704,3.2000,-270,+220,2026-08-12T17:06:29.063239+00:00,20.24,complete
2026-08-13T13:20:49.217295+00:00,9086,donte johnson|eric mcconico,donte-johnson-vs-eric-mcconico-80309,2026-08-15,UFC 330: Makhachev vs. Machado Garry,ufc,donte johnson,eric mcconico,DraftKings,sportsbook,1.3876,3.1000,-258,+210,2026-08-12T16:49:51.435299+00:00,20.52,complete
2026-08-13T13:20:49.217295+00:00,9086,donte johnson|eric mcconico,donte-johnson-vs-eric-mcconico-80309,2026-08-15,UFC 330: Makhachev vs. Machado Garry,ufc,donte johnson,eric mcconico,Novig,exchange,1.4082,3.1700,-245,+217,2026-08-13T13:15:14.646724+00:00,0.09,complete
2026-08-13T13:20:49.217295+00:00,9086,donte johnson|eric mcconico,donte-johnson-vs-eric-mcconico-80309,2026-08-15,UFC 330: Makhachev vs. Machado Garry,ufc,donte johnson,eric mcconico,Bet365,sportsbook,1.4000,3.0000,-250,+200,2026-08-13T12:30:34.570921+00:00,0.84,complete
2026-08-13T13:20:49.217295+00:00,9086,donte johnson|eric mcconico,donte-johnson-vs-eric-mcconico-80309,2026-08-15,UFC 330: Makhachev vs. Machado Garry,ufc,donte johnson,eric mcconico,Bovada,sportsbook,1.3846,3.1500,-260,+215,2026-08-13T12:29:19.780282+00:00,0.86,complete
2026-08-13T13:20:49.217295+00:00,9086,donte johnson|eric mcconico,donte-johnson-vs-eric-mcconico-80309,2026-08-15,UFC 330: Makhachev vs. Machado Garry,ufc,donte johnson,eric mcconico,Bookmaker,sportsbook,1.4082,3.0300,-245,+203,2026-08-12T14:45:57.373093+00:00,22.58,complete
2026-08-13T13:20:49.217295+00:00,9086,donte johnson|eric mcconico,donte-johnson-vs-eric-mcconico-80309,2026-08-15,UFC 330: Makhachev vs. Machado Garry,ufc,donte johnson,eric mcconico,Stake,sportsbook,1.4000,3.0500,-250,+205,2026-08-13T02:39:03.896921+00:00,10.7,complete
2026-08-13T13:20:49.217295+00:00,9086,donte johnson|eric mcconico,donte-johnson-vs-eric-mcconico-80309,2026-08-15,UFC 330: Makhachev vs. Machado Garry,ufc,donte johnson,eric mcconico,MyBookie,sportsbook,1.3922,2.9400,-255,+194,2026-08-13T12:39:28.612389+00:00,0.69,complete
2026-08-13T13:20:49.217295+00:00,9086,donte johnson|eric mcconico,donte-johnson-vs-eric-mcconico-80309,2026-08-15,UFC 330: Makhachev vs. Machado Garry,ufc,donte johnson,eric mcconico,ReBet,sportsbook,1.3922,2.9400,-255,+194,2026-08-13T12:45:43.775994+00:00,0.58,complete
2026-08-13T13:20:49.217295+00:00,9086,donte johnson|eric mcconico,donte-johnson-vs-eric-mcconico-80309,2026-08-15,UFC 330: Makhachev vs. Machado Garry,ufc,donte johnson,eric mcconico,Pinnacle,sportsbook,1.3846,3.1600,-260,+216,2026-08-13T00:22:50.634909+00:00,12.97,complete
2026-08-13T13:20:49.217295+00:00,9086,donte johnson|eric mcconico,donte-johnson-vs-eric-mcconico-80309,2026-08-15,UFC 330: Makhachev vs. Machado Garry,ufc,donte johnson,eric mcconico,Bet105,sportsbook,1.3846,3.1600,-260,+216,2026-08-12T23:53:33.948345+00:00,13.45,complete
2026-08-13T13:20:49.217295+00:00,9086,donte johnson|eric mcconico,donte-johnson-vs-eric-mcconico-80309,2026-08-15,UFC 330: Makhachev vs. Machado Garry,ufc,donte johnson,eric mcconico,BetOnline,sportsbook,1.4082,3.0300,-245,+203,2026-08-13T12:25:30.947927+00:00,0.92,complete
2026-08-13T13:20:49.217295+00:00,9086,donte johnson|eric mcconico,donte-johnson-vs-eric-mcconico-80309,2026-08-15,UFC 330: Makhachev vs. Machado Garry,ufc,donte johnson,eric mcconico,Polymarket(US),exchange,1.3891,3.4500,-257,+245,2026-08-13T03:00:57.310154+00:00,10.33,complete
2026-08-13T13:20:49.217295+00:00,9086,donte johnson|eric mcconico,donte-johnson-vs-eric-mcconico-80309,2026-08-15,UFC 330: Makhachev vs. Machado Garry,ufc,donte johnson,eric mcconico,Polymarket,exchange,1.3891,3.4500,-257,+245,2026-08-13T01:24:11.964527+00:00,11.94,complete
2026-08-13T13:20:49.217295+00:00,9086,tresean gore|vicente luque,vicente-luque-vs-tresean-gore-79238,2026-08-15,UFC 330: Makhachev vs. Machado Garry,ufc,tresean gore,vicente luque,BetUS,sportsbook,1.8333,2.0000,-120,+100,2026-08-12T23:25:12.501604+00:00,13.93,complete
2026-08-13T13:20:49.217295+00:00,9086,tresean gore|vicente luque,vicente-luque-vs-tresean-gore-79238,2026-08-15,UFC 330: Makhachev vs. Machado Garry,ufc,tresean gore,vicente luque,BetAnything,sportsbook,1.8333,1.9091,-120,-110,2026-08-12T23:24:16.506930+00:00,13.94,complete
2026-08-13T13:20:49.217295+00:00,9086,tresean gore|vicente luque,vicente-luque-vs-tresean-gore-79238,2026-08-15,UFC 330: Makhachev vs. Machado Garry,ufc,tresean gore,vicente luque,4Cx,exchange,1.7874,2.0300,-127,+103,2026-08-11T20:48:15.087395+00:00,40.54,complete
2026-08-13T13:20:49.217295+00:00,9086,tresean gore|vicente luque,vicente-luque-vs-tresean-gore-79238,2026-08-15,UFC 330: Makhachev vs. Machado Garry,ufc,tresean gore,vicente luque,4casters,exchange,1.8696,2.0500,-115,+105,2026-08-12T20:11:04.763357+00:00,17.16,complete
2026-08-13T13:20:49.217295+00:00,9086,tresean gore|vicente luque,vicente-luque-vs-tresean-gore-79238,2026-08-15,UFC 330: Makhachev vs. Machado Garry,ufc,tresean gore,vicente luque,BetMGM,sportsbook,1.8696,1.9524,-115,-105,2026-08-12T12:37:22.055143+00:00,24.72,complete
2026-08-13T13:20:49.217295+00:00,9086,tresean gore|vicente luque,vicente-luque-vs-tresean-gore-79238,2026-08-15,UFC 330: Makhachev vs. Machado Garry,ufc,tresean gore,vicente luque,SXBet,exchange,1.8772,1.9901,-114,-101,2026-08-13T12:55:23.244946+00:00,0.42,complete
2026-08-13T13:20:49.217295+00:00,9086,tresean gore|vicente luque,vicente-luque-vs-tresean-gore-79238,2026-08-15,UFC 330: Makhachev vs. Machado Garry,ufc,tresean gore,vicente luque,FanDuel,sportsbook,1.7812,2.0000,-128,+100,2026-08-12T20:04:13.912111+00:00,17.28,complete
2026-08-13T13:20:49.217295+00:00,9086,tresean gore|vicente luque,vicente-luque-vs-tresean-gore-79238,2026-08-15,UFC 330: Makhachev vs. Machado Garry,ufc,tresean gore,vicente luque,YouWager,sportsbook,1.8547,1.9709,-117,-103,2026-08-12T19:36:23.828284+00:00,17.74,complete
2026-08-13T13:20:49.217295+00:00,9086,tresean gore|vicente luque,vicente-luque-vs-tresean-gore-79238,2026-08-15,UFC 330: Makhachev vs. Machado Garry,ufc,tresean gore,vicente luque,ProphetX,exchange,1.8475,2.0200,-118,+102,2026-08-13T12:31:17.510642+00:00,0.83,complete
2026-08-13T13:20:49.217295+00:00,9086,tresean gore|vicente luque,vicente-luque-vs-tresean-gore-79238,2026-08-15,UFC 330: Makhachev vs. Machado Garry,ufc,tresean gore,vicente luque,Kalshi,exchange,1.9615,2.0000,-104,+100,2026-08-13T11:59:07.161378+00:00,1.36,complete
2026-08-13T13:20:49.217295+00:00,9086,tresean gore|vicente luque,vicente-luque-vs-tresean-gore-79238,2026-08-15,UFC 330: Makhachev vs. Machado Garry,ufc,tresean gore,vicente luque,HardRockBet,sportsbook,1.8000,2.0000,-125,+100,2026-08-12T14:27:12.666358+00:00,22.89,complete
2026-08-13T13:20:49.217295+00:00,9086,tresean gore|vicente luque,vicente-luque-vs-tresean-gore-79238,2026-08-15,UFC 330: Makhachev vs. Machado Garry,ufc,tresean gore,vicente luque,BetRivers,sportsbook,1.8130,2.0000,-123,+100,2026-08-12T14:19:21.854182+00:00,23.02,complete
2026-08-13T13:20:49.217295+00:00,9086,tresean gore|vicente luque,vicente-luque-vs-tresean-gore-79238,2026-08-15,UFC 330: Makhachev vs. Machado Garry,ufc,tresean gore,vicente luque,Betway,sportsbook,1.8333,1.9524,-120,-105,2026-08-11T17:56:24.730492+00:00,43.41,complete
2026-08-13T13:20:49.217295+00:00,9086,tresean gore|vicente luque,vicente-luque-vs-tresean-gore-79238,2026-08-15,UFC 330: Makhachev vs. Machado Garry,ufc,tresean gore,vicente luque,Circa,sportsbook,1.8696,1.9524,-115,-105,2026-08-13T01:31:30.469780+00:00,11.82,complete
2026-08-13T13:20:49.217295+00:00,9086,tresean gore|vicente luque,vicente-luque-vs-tresean-gore-79238,2026-08-15,UFC 330: Makhachev vs. Machado Garry,ufc,tresean gore,vicente luque,ReBet,sportsbook,1.8065,1.9709,-124,-103,2026-08-12T23:45:27.478766+00:00,13.59,complete
2026-08-13T13:20:49.217295+00:00,9086,tresean gore|vicente luque,vicente-luque-vs-tresean-gore-79238,2026-08-15,UFC 330: Makhachev vs. Machado Garry,ufc,tresean gore,vicente luque,BetOnline,sportsbook,1.8333,2.0000,-120,+100,2026-08-12T23:24:17.487446+00:00,13.94,complete
2026-08-13T13:20:49.217295+00:00,9086,tresean gore|vicente luque,vicente-luque-vs-tresean-gore-79238,2026-08-15,UFC 330: Makhachev vs. Machado Garry,ufc,tresean gore,vicente luque,Caesars,sportsbook,1.8696,1.9524,-115,-105,2026-08-12T17:06:29.059054+00:00,20.24,complete
2026-08-13T13:20:49.217295+00:00,9086,tresean gore|vicente luque,vicente-luque-vs-tresean-gore-79238,2026-08-15,UFC 330: Makhachev vs. Machado Garry,ufc,tresean gore,vicente luque,DraftKings,sportsbook,1.8197,2.0200,-122,+102,2026-08-13T09:41:23.607347+00:00,3.66,complete
2026-08-13T13:20:49.217295+00:00,9086,tresean gore|vicente luque,vicente-luque-vs-tresean-gore-79238,2026-08-15,UFC 330: Makhachev vs. Machado Garry,ufc,tresean gore,vicente luque,Bet365,sportsbook,1.8333,2.0000,-120,+100,2026-08-13T02:30:38.006913+00:00,10.84,complete
2026-08-13T13:20:49.217295+00:00,9086,tresean gore|vicente luque,vicente-luque-vs-tresean-gore-79238,2026-08-15,UFC 330: Makhachev vs. Machado Garry,ufc,tresean gore,vicente luque,Bovada,sportsbook,1.8547,1.9709,-117,-103,2026-08-13T03:09:13.426429+00:00,10.19,complete
2026-08-13T13:20:49.217295+00:00,9086,tresean gore|vicente luque,vicente-luque-vs-tresean-gore-79238,2026-08-15,UFC 330: Makhachev vs. Machado Garry,ufc,tresean gore,vicente luque,Bookmaker,sportsbook,1.8264,2.0100,-121,+101,2026-08-12T20:16:18.690624+00:00,17.08,complete
2026-08-13T13:20:49.217295+00:00,9086,tresean gore|vicente luque,vicente-luque-vs-tresean-gore-79238,2026-08-15,UFC 330: Makhachev vs. Machado Garry,ufc,tresean gore,vicente luque,Stake,sportsbook,1.8403,2.0100,-119,+101,2026-08-13T00:40:30.780115+00:00,12.67,complete
2026-08-13T13:20:49.217295+00:00,9086,tresean gore|vicente luque,vicente-luque-vs-tresean-gore-79238,2026-08-15,UFC 330: Makhachev vs. Machado Garry,ufc,tresean gore,vicente luque,MyBookie,sportsbook,1.8065,1.9709,-124,-103,2026-08-12T23:39:08.447817+00:00,13.69,complete
2026-08-13T13:20:49.217295+00:00,9086,tresean gore|vicente luque,vicente-luque-vs-tresean-gore-79238,2026-08-15,UFC 330: Makhachev vs. Machado Garry,ufc,tresean gore,vicente luque,Novig,exchange,1.9009,2.0400,-111,+104,2026-08-13T13:00:58.856868+00:00,0.33,complete
2026-08-13T13:20:49.217295+00:00,9086,tresean gore|vicente luque,vicente-luque-vs-tresean-gore-79238,2026-08-15,UFC 330: Makhachev vs. Machado Garry,ufc,tresean gore,vicente luque,Pinnacle,sportsbook,1.8130,2.0600,-123,+106,2026-08-13T12:52:31.978944+00:00,0.47,complete
2026-08-13T13:20:49.217295+00:00,9086,tresean gore|vicente luque,vicente-luque-vs-tresean-gore-79238,2026-08-15,UFC 330: Makhachev vs. Machado Garry,ufc,tresean gore,vicente luque,Bet105,sportsbook,1.8130,2.0600,-123,+106,2026-08-13T12:28:22.056693+00:00,0.87,complete
2026-08-13T13:20:49.217295+00:00,9086,tresean gore|vicente luque,vicente-luque-vs-tresean-gore-79238,2026-08-15,UFC 330: Makhachev vs. Machado Garry,ufc,tresean gore,vicente luque,Cloudbet,sportsbook,1.7692,2.0100,-130,+101,2026-08-13T12:27:14.207671+00:00,0.89,complete
2026-08-13T13:20:49.217295+00:00,9086,tresean gore|vicente luque,vicente-luque-vs-tresean-gore-79238,2026-08-15,UFC 330: Makhachev vs. Machado Garry,ufc,tresean gore,vicente luque,Polymarket(US),exchange,1.9615,2.0000,-104,+100,2026-08-13T09:45:38.296575+00:00,3.59,complete
2026-08-13T13:20:49.217295+00:00,9086,tresean gore|vicente luque,vicente-luque-vs-tresean-gore-79238,2026-08-15,UFC 330: Makhachev vs. Machado Garry,ufc,tresean gore,vicente luque,Polymarket,exchange,1.9615,2.0000,-104,+100,2026-08-13T13:04:34.545951+00:00,0.27,complete
2026-08-13T13:20:49.217295+00:00,9086,lucas fernando|rafael tobias,lucas-fernando-vs-rafael-tobias-80111,2026-08-15,UFC 330: Makhachev vs. Machado Garry,ufc,lucas fernando,rafael tobias,BetUS,sportsbook,1.3390,3.4200,-295,+242,2026-08-12T22:40:33.887402+00:00,14.67,complete
2026-08-13T13:20:49.217295+00:00,9086,lucas fernando|rafael tobias,lucas-fernando-vs-rafael-tobias-80111,2026-08-15,UFC 330: Makhachev vs. Machado Garry,ufc,lucas fernando,rafael tobias,BetAnything,sportsbook,1.3571,3.1500,-280,+215,2026-08-12T06:14:35.145068+00:00,31.1,complete
2026-08-13T13:20:49.217295+00:00,9086,lucas fernando|rafael tobias,lucas-fernando-vs-rafael-tobias-80111,2026-08-15,UFC 330: Makhachev vs. Machado Garry,ufc,lucas fernando,rafael tobias,4Cx,exchange,1.3413,3.3100,-293,+231,2026-08-11T19:41:22.863299+00:00,41.66,complete
2026-08-13T13:20:49.217295+00:00,9086,lucas fernando|rafael tobias,lucas-fernando-vs-rafael-tobias-80111,2026-08-15,UFC 330: Makhachev vs. Machado Garry,ufc,lucas fernando,rafael tobias,BetMGM,sportsbook,1.3333,3.4000,-300,+240,2026-08-11T12:37:32.633271+00:00,48.72,complete
2026-08-13T13:20:49.217295+00:00,9086,lucas fernando|rafael tobias,lucas-fernando-vs-rafael-tobias-80111,2026-08-15,UFC 330: Makhachev vs. Machado Garry,ufc,lucas fernando,rafael tobias,4casters,exchange,1.3534,3.3900,-283,+239,2026-08-13T10:05:15.930330+00:00,3.26,complete
2026-08-13T13:20:49.217295+00:00,9086,lucas fernando|rafael tobias,lucas-fernando-vs-rafael-tobias-80111,2026-08-15,UFC 330: Makhachev vs. Machado Garry,ufc,lucas fernando,rafael tobias,FanDuel,sportsbook,1.3125,3.3500,-320,+235,2026-08-13T12:01:08.429724+00:00,1.33,complete
2026-08-13T13:20:49.217295+00:00,9086,lucas fernando|rafael tobias,lucas-fernando-vs-rafael-tobias-80111,2026-08-15,UFC 330: Makhachev vs. Machado Garry,ufc,lucas fernando,rafael tobias,Betway,sportsbook,1.3636,3.1000,-275,+210,2026-08-11T17:56:24.724992+00:00,43.41,complete
2026-08-13T13:20:49.217295+00:00,9086,lucas fernando|rafael tobias,lucas-fernando-vs-rafael-tobias-80111,2026-08-15,UFC 330: Makhachev vs. Machado Garry,ufc,lucas fernando,rafael tobias,Stake,sportsbook,1.3597,3.3000,-278,+230,2026-08-11T03:39:55.997860+00:00,57.68,complete
2026-08-13T13:20:49.217295+00:00,9086,lucas fernando|rafael tobias,lucas-fernando-vs-rafael-tobias-80111,2026-08-15,UFC 330: Makhachev vs. Machado Garry,ufc,lucas fernando,rafael tobias,MyBookie,sportsbook,1.3390,3.1800,-295,+218,2026-08-11T03:01:17.455795+00:00,58.33,complete
2026-08-13T13:20:49.217295+00:00,9086,lucas fernando|rafael tobias,lucas-fernando-vs-rafael-tobias-80111,2026-08-15,UFC 330: Makhachev vs. Machado Garry,ufc,lucas fernando,rafael tobias,ReBet,sportsbook,1.3390,3.1800,-295,+218,2026-08-11T03:01:58.273089+00:00,58.31,complete
2026-08-13T13:20:49.217295+00:00,9086,lucas fernando|rafael tobias,lucas-fernando-vs-rafael-tobias-80111,2026-08-15,UFC 330: Makhachev vs. Machado Garry,ufc,lucas fernando,rafael tobias,YouWager,sportsbook,1.3571,3.3000,-280,+230,2026-08-11T02:55:38.308760+00:00,58.42,complete
2026-08-13T13:20:49.217295+00:00,9086,lucas fernando|rafael tobias,lucas-fernando-vs-rafael-tobias-80111,2026-08-15,UFC 330: Makhachev vs. Machado Garry,ufc,lucas fernando,rafael tobias,Polymarket,exchange,1.4082,3.3300,-245,+233,2026-08-13T13:14:37.678757+00:00,0.1,complete
2026-08-13T13:20:49.217295+00:00,9086,lucas fernando|rafael tobias,lucas-fernando-vs-rafael-tobias-80111,2026-08-15,UFC 330: Makhachev vs. Machado Garry,ufc,lucas fernando,rafael tobias,ProphetX,exchange,1.3333,3.5500,-300,+255,2026-08-13T10:01:35.447588+00:00,3.32,complete
2026-08-13T13:20:49.217295+00:00,9086,lucas fernando|rafael tobias,lucas-fernando-vs-rafael-tobias-80111,2026-08-15,UFC 330: Makhachev vs. Machado Garry,ufc,lucas fernando,rafael tobias,Kalshi,exchange,1.3509,3.5700,-285,+257,2026-08-13T05:04:32.794963+00:00,8.27,complete
2026-08-13T13:20:49.217295+00:00,9086,lucas fernando|rafael tobias,lucas-fernando-vs-rafael-tobias-80111,2026-08-15,UFC 330: Makhachev vs. Machado Garry,ufc,lucas fernando,rafael tobias,Bet365,sportsbook,1.3401,3.3500,-294,+235,2026-08-13T12:30:34.608307+00:00,0.84,complete
2026-08-13T13:20:49.217295+00:00,9086,lucas fernando|rafael tobias,lucas-fernando-vs-rafael-tobias-80111,2026-08-15,UFC 330: Makhachev vs. Machado Garry,ufc,lucas fernando,rafael tobias,HardRockBet,sportsbook,1.3636,3.2000,-275,+220,2026-08-12T14:27:11.907022+00:00,22.89,complete
2026-08-13T13:20:49.217295+00:00,9086,lucas fernando|rafael tobias,lucas-fernando-vs-rafael-tobias-80111,2026-08-15,UFC 330: Makhachev vs. Machado Garry,ufc,lucas fernando,rafael tobias,BetRivers,sportsbook,1.3497,3.2000,-286,+220,2026-08-12T14:35:49.531209+00:00,22.75,complete
2026-08-13T13:20:49.217295+00:00,9086,lucas fernando|rafael tobias,lucas-fernando-vs-rafael-tobias-80111,2026-08-15,UFC 330: Makhachev vs. Machado Garry,ufc,lucas fernando,rafael tobias,Polymarket(US),exchange,1.3704,3.5700,-270,+257,2026-08-12T22:45:33.207737+00:00,14.59,complete
2026-08-13T13:20:49.217295+00:00,9086,lucas fernando|rafael tobias,lucas-fernando-vs-rafael-tobias-80111,2026-08-15,UFC 330: Makhachev vs. Machado Garry,ufc,lucas fernando,rafael tobias,BetOnline,sportsbook,1.3571,3.3000,-280,+230,2026-08-11T02:56:46.511264+00:00,58.4,complete
2026-08-13T13:20:49.217295+00:00,9086,lucas fernando|rafael tobias,lucas-fernando-vs-rafael-tobias-80111,2026-08-15,UFC 330: Makhachev vs. Machado Garry,ufc,lucas fernando,rafael tobias,Novig,exchange,1.3509,3.7000,-285,+270,2026-08-13T06:45:36.301097+00:00,6.59,complete
2026-08-13T13:20:49.217295+00:00,9086,lucas fernando|rafael tobias,lucas-fernando-vs-rafael-tobias-80111,2026-08-15,UFC 330: Makhachev vs. Machado Garry,ufc,lucas fernando,rafael tobias,Circa,sportsbook,1.3333,3.5000,-300,+250,2026-08-13T02:56:37.196867+00:00,10.4,complete
2026-08-13T13:20:49.217295+00:00,9086,lucas fernando|rafael tobias,lucas-fernando-vs-rafael-tobias-80111,2026-08-15,UFC 330: Makhachev vs. Machado Garry,ufc,lucas fernando,rafael tobias,Cloudbet,sportsbook,1.3096,3.3500,-323,+235,2026-08-12T18:48:37.767797+00:00,18.54,complete
2026-08-13T13:20:49.217295+00:00,9086,lucas fernando|rafael tobias,lucas-fernando-vs-rafael-tobias-80111,2026-08-15,UFC 330: Makhachev vs. Machado Garry,ufc,lucas fernando,rafael tobias,Caesars,sportsbook,1.3333,3.4000,-300,+240,2026-08-09T18:05:23.662186+00:00,91.26,complete
2026-08-13T13:20:49.217295+00:00,9086,lucas fernando|rafael tobias,lucas-fernando-vs-rafael-tobias-80111,2026-08-15,UFC 330: Makhachev vs. Machado Garry,ufc,lucas fernando,rafael tobias,DraftKings,sportsbook,1.3356,3.4000,-298,+240,2026-08-12T16:49:51.423274+00:00,20.52,complete
2026-08-13T13:20:49.217295+00:00,9086,lucas fernando|rafael tobias,lucas-fernando-vs-rafael-tobias-80111,2026-08-15,UFC 330: Makhachev vs. Machado Garry,ufc,lucas fernando,rafael tobias,Bovada,sportsbook,1.3448,3.4000,-290,+240,2026-08-12T15:15:11.712595+00:00,22.09,complete
2026-08-13T13:20:49.217295+00:00,9086,lucas fernando|rafael tobias,lucas-fernando-vs-rafael-tobias-80111,2026-08-15,UFC 330: Makhachev vs. Machado Garry,ufc,lucas fernando,rafael tobias,Bookmaker,sportsbook,1.3401,3.4000,-294,+240,2026-08-13T02:30:46.246930+00:00,10.83,complete
2026-08-13T13:20:49.217295+00:00,9086,lucas fernando|rafael tobias,lucas-fernando-vs-rafael-tobias-80111,2026-08-15,UFC 330: Makhachev vs. Machado Garry,ufc,lucas fernando,rafael tobias,Pinnacle,sportsbook,1.3367,3.4400,-297,+244,2026-08-12T18:55:52.939930+00:00,18.42,complete
2026-08-13T13:20:49.217295+00:00,9086,lucas fernando|rafael tobias,lucas-fernando-vs-rafael-tobias-80111,2026-08-15,UFC 330: Makhachev vs. Machado Garry,ufc,lucas fernando,rafael tobias,Bet105,sportsbook,1.3367,3.4400,-297,+244,2026-08-12T18:43:52.560068+00:00,18.62,complete
2026-08-13T13:20:49.217295+00:00,9086,neil magny|ramiz brahimaj,neil-magny-vs-ramiz-brahimaj-79618,2026-08-15,UFC 330: Makhachev vs. Machado Garry,ufc,neil magny,ramiz brahimaj,BetUS,sportsbook,2.2200,1.6897,+122,-145,2026-08-13T02:01:13.441346+00:00,11.33,complete
2026-08-13T13:20:49.217295+00:00,9086,neil magny|ramiz brahimaj,neil-magny-vs-ramiz-brahimaj-79618,2026-08-15,UFC 330: Makhachev vs. Machado Garry,ufc,neil magny,ramiz brahimaj,BetAnything,sportsbook,2.1400,1.6944,+114,-144,2026-08-13T01:54:20.693369+00:00,11.44,complete
2026-08-13T13:20:49.217295+00:00,9086,neil magny|ramiz brahimaj,neil-magny-vs-ramiz-brahimaj-79618,2026-08-15,UFC 330: Makhachev vs. Machado Garry,ufc,neil magny,ramiz brahimaj,Bovada,sportsbook,2.2200,1.7042,+122,-142,2026-08-13T12:34:30.123704+00:00,0.77,complete
2026-08-13T13:20:49.217295+00:00,9086,neil magny|ramiz brahimaj,neil-magny-vs-ramiz-brahimaj-79618,2026-08-15,UFC 330: Makhachev vs. Machado Garry,ufc,neil magny,ramiz brahimaj,4Cx,exchange,2.1100,1.7692,+111,-130,2026-08-11T20:48:15.082604+00:00,40.54,complete
2026-08-13T13:20:49.217295+00:00,9086,neil magny|ramiz brahimaj,neil-magny-vs-ramiz-brahimaj-79618,2026-08-15,UFC 330: Makhachev vs. Machado Garry,ufc,neil magny,ramiz brahimaj,4casters,exchange,2.1900,1.7299,+119,-137,2026-08-13T12:00:38.608892+00:00,1.34,complete
2026-08-13T13:20:49.217295+00:00,9086,neil magny|ramiz brahimaj,neil-magny-vs-ramiz-brahimaj-79618,2026-08-15,UFC 330: Makhachev vs. Machado Garry,ufc,neil magny,ramiz brahimaj,BetMGM,sportsbook,2.1500,1.7143,+115,-140,2026-08-13T12:37:16.240913+00:00,0.73,complete
2026-08-13T13:20:49.217295+00:00,9086,neil magny|ramiz brahimaj,neil-magny-vs-ramiz-brahimaj-79618,2026-08-15,UFC 330: Makhachev vs. Machado Garry,ufc,neil magny,ramiz brahimaj,SXBet,exchange,2.2000,1.7634,+120,-131,2026-08-13T12:02:29.157651+00:00,1.31,complete
2026-08-13T13:20:49.217295+00:00,9086,neil magny|ramiz brahimaj,neil-magny-vs-ramiz-brahimaj-79618,2026-08-15,UFC 330: Makhachev vs. Machado Garry,ufc,neil magny,ramiz brahimaj,FanDuel,sportsbook,2.1400,1.6849,+114,-146,2026-08-13T12:01:08.447600+00:00,1.33,complete
2026-08-13T13:20:49.217295+00:00,9086,neil magny|ramiz brahimaj,neil-magny-vs-ramiz-brahimaj-79618,2026-08-15,UFC 330: Makhachev vs. Machado Garry,ufc,neil magny,ramiz brahimaj,Bet365,sportsbook,2.1500,1.7407,+115,-135,2026-08-13T12:30:34.619685+00:00,0.84,complete
2026-08-13T13:20:49.217295+00:00,9086,neil magny|ramiz brahimaj,neil-magny-vs-ramiz-brahimaj-79618,2026-08-15,UFC 330: Makhachev vs. Machado Garry,ufc,neil magny,ramiz brahimaj,YouWager,sportsbook,2.2100,1.7092,+121,-141,2026-08-12T21:55:36.893094+00:00,15.42,complete
2026-08-13T13:20:49.217295+00:00,9086,neil magny|ramiz brahimaj,neil-magny-vs-ramiz-brahimaj-79618,2026-08-15,UFC 330: Makhachev vs. Machado Garry,ufc,neil magny,ramiz brahimaj,ProphetX,exchange,2.2400,1.7246,+124,-138,2026-08-13T05:16:22.875894+00:00,8.07,complete
2026-08-13T13:20:49.217295+00:00,9086,neil magny|ramiz brahimaj,neil-magny-vs-ramiz-brahimaj-79618,2026-08-15,UFC 330: Makhachev vs. Machado Garry,ufc,neil magny,ramiz brahimaj,Kalshi,exchange,2.2700,1.7246,+127,-138,2026-08-13T12:39:24.054837+00:00,0.69,complete
2026-08-13T13:20:49.217295+00:00,9086,neil magny|ramiz brahimaj,neil-magny-vs-ramiz-brahimaj-79618,2026-08-15,UFC 330: Makhachev vs. Machado Garry,ufc,neil magny,ramiz brahimaj,HardRockBet,sportsbook,2.1000,1.7407,+110,-135,2026-08-12T14:42:12.451830+00:00,22.64,complete
2026-08-13T13:20:49.217295+00:00,9086,neil magny|ramiz brahimaj,neil-magny-vs-ramiz-brahimaj-79618,2026-08-15,UFC 330: Makhachev vs. Machado Garry,ufc,neil magny,ramiz brahimaj,BetRivers,sportsbook,2.1000,1.7407,+110,-135,2026-08-12T14:51:30.794577+00:00,22.49,complete
2026-08-13T13:20:49.217295+00:00,9086,neil magny|ramiz brahimaj,neil-magny-vs-ramiz-brahimaj-79618,2026-08-15,UFC 330: Makhachev vs. Machado Garry,ufc,neil magny,ramiz brahimaj,Betway,sportsbook,2.2000,1.6667,+120,-150,2026-08-13T12:16:25.944498+00:00,1.07,complete
2026-08-13T13:20:49.217295+00:00,9086,neil magny|ramiz brahimaj,neil-magny-vs-ramiz-brahimaj-79618,2026-08-15,UFC 330: Makhachev vs. Machado Garry,ufc,neil magny,ramiz brahimaj,Circa,sportsbook,2.2000,1.7143,+120,-140,2026-08-12T20:36:21.503340+00:00,16.74,complete
2026-08-13T13:20:49.217295+00:00,9086,neil magny|ramiz brahimaj,neil-magny-vs-ramiz-brahimaj-79618,2026-08-15,UFC 330: Makhachev vs. Machado Garry,ufc,neil magny,ramiz brahimaj,Caesars,sportsbook,2.1800,1.7143,+118,-140,2026-08-12T17:06:29.050826+00:00,20.24,complete
2026-08-13T13:20:49.217295+00:00,9086,neil magny|ramiz brahimaj,neil-magny-vs-ramiz-brahimaj-79618,2026-08-15,UFC 330: Makhachev vs. Machado Garry,ufc,neil magny,ramiz brahimaj,DraftKings,sportsbook,2.1400,1.7407,+114,-135,2026-08-12T16:49:51.418421+00:00,20.52,complete
2026-08-13T13:20:49.217295+00:00,9086,neil magny|ramiz brahimaj,neil-magny-vs-ramiz-brahimaj-79618,2026-08-15,UFC 330: Makhachev vs. Machado Garry,ufc,neil magny,ramiz brahimaj,Bookmaker,sportsbook,2.2500,1.6897,+125,-145,2026-08-13T09:00:40.071885+00:00,4.34,complete
2026-08-13T13:20:49.217295+00:00,9086,neil magny|ramiz brahimaj,neil-magny-vs-ramiz-brahimaj-79618,2026-08-15,UFC 330: Makhachev vs. Machado Garry,ufc,neil magny,ramiz brahimaj,Stake,sportsbook,2.2200,1.6993,+122,-143,2026-08-13T02:39:02.794017+00:00,10.7,complete
2026-08-13T13:20:49.217295+00:00,9086,neil magny|ramiz brahimaj,neil-magny-vs-ramiz-brahimaj-79618,2026-08-15,UFC 330: Makhachev vs. Machado Garry,ufc,neil magny,ramiz brahimaj,MyBookie,sportsbook,2.1700,1.6667,+117,-150,2026-08-13T02:09:16.383753+00:00,11.19,complete
2026-08-13T13:20:49.217295+00:00,9086,neil magny|ramiz brahimaj,neil-magny-vs-ramiz-brahimaj-79618,2026-08-15,UFC 330: Makhachev vs. Machado Garry,ufc,neil magny,ramiz brahimaj,ReBet,sportsbook,2.1400,1.6897,+114,-145,2026-08-13T02:00:42.592145+00:00,11.34,complete
2026-08-13T13:20:49.217295+00:00,9086,neil magny|ramiz brahimaj,neil-magny-vs-ramiz-brahimaj-79618,2026-08-15,UFC 330: Makhachev vs. Machado Garry,ufc,neil magny,ramiz brahimaj,Novig,exchange,2.2500,1.7246,+125,-138,2026-08-13T11:00:43.825344+00:00,2.33,complete
2026-08-13T13:20:49.217295+00:00,9086,neil magny|ramiz brahimaj,neil-magny-vs-ramiz-brahimaj-79618,2026-08-15,UFC 330: Makhachev vs. Machado Garry,ufc,neil magny,ramiz brahimaj,Pinnacle,sportsbook,2.1300,1.7576,+113,-132,2026-08-12T19:24:51.417228+00:00,17.93,complete
2026-08-13T13:20:49.217295+00:00,9086,neil magny|ramiz brahimaj,neil-magny-vs-ramiz-brahimaj-79618,2026-08-15,UFC 330: Makhachev vs. Machado Garry,ufc,neil magny,ramiz brahimaj,Bet105,sportsbook,2.1300,1.7576,+113,-132,2026-08-12T19:20:15.414378+00:00,18.01,complete
2026-08-13T13:20:49.217295+00:00,9086,neil magny|ramiz brahimaj,neil-magny-vs-ramiz-brahimaj-79618,2026-08-15,UFC 330: Makhachev vs. Machado Garry,ufc,neil magny,ramiz brahimaj,Cloudbet,sportsbook,2.0800,1.7194,+108,-139,2026-08-12T19:13:33.153360+00:00,18.12,complete
2026-08-13T13:20:49.217295+00:00,9086,neil magny|ramiz brahimaj,neil-magny-vs-ramiz-brahimaj-79618,2026-08-15,UFC 330: Makhachev vs. Machado Garry,ufc,neil magny,ramiz brahimaj,BetOnline,sportsbook,2.2400,1.6944,+124,-144,2026-08-13T01:54:22.499809+00:00,11.44,complete
2026-08-13T13:20:49.217295+00:00,9086,neil magny|ramiz brahimaj,neil-magny-vs-ramiz-brahimaj-79618,2026-08-15,UFC 330: Makhachev vs. Machado Garry,ufc,neil magny,ramiz brahimaj,Polymarket(US),exchange,2.3300,1.7246,+133,-138,2026-08-13T13:15:36.617692+00:00,0.09,complete
2026-08-13T13:20:49.217295+00:00,9086,neil magny|ramiz brahimaj,neil-magny-vs-ramiz-brahimaj-79618,2026-08-15,UFC 330: Makhachev vs. Machado Garry,ufc,neil magny,ramiz brahimaj,Polymarket,exchange,2.2200,1.7874,+122,-127,2026-08-13T02:24:30.616905+00:00,10.94,complete
2026-08-13T13:20:49.217295+00:00,9086,jeremiah wells|myktybek orolbai,jeremiah-wells-vs-myktybek-orolbai-79363,2026-08-15,UFC 330: Makhachev vs. Machado Garry,ufc,jeremiah wells,myktybek orolbai,BetUS,sportsbook,7.2500,1.1000,+625,-1000,2026-08-13T00:35:23.440895+00:00,12.76,complete
2026-08-13T13:20:49.217295+00:00,9086,jeremiah wells|myktybek orolbai,jeremiah-wells-vs-myktybek-orolbai-79363,2026-08-15,UFC 330: Makhachev vs. Machado Garry,ufc,jeremiah wells,myktybek orolbai,BetAnything,sportsbook,6.2500,1.1000,+525,-1000,2026-08-13T00:39:24.537489+00:00,12.69,complete
2026-08-13T13:20:49.217295+00:00,9086,jeremiah wells|myktybek orolbai,jeremiah-wells-vs-myktybek-orolbai-79363,2026-08-15,UFC 330: Makhachev vs. Machado Garry,ufc,jeremiah wells,myktybek orolbai,Bovada,sportsbook,8.0000,1.0909,+700,-1100,2026-08-13T06:29:19.969808+00:00,6.86,complete
2026-08-13T13:20:49.217295+00:00,9086,jeremiah wells|myktybek orolbai,jeremiah-wells-vs-myktybek-orolbai-79363,2026-08-15,UFC 330: Makhachev vs. Machado Garry,ufc,jeremiah wells,myktybek orolbai,Stake,sportsbook,7.6000,1.1000,+660,-1000,2026-08-13T01:40:13.456144+00:00,11.68,complete
2026-08-13T13:20:49.217295+00:00,9086,jeremiah wells|myktybek orolbai,jeremiah-wells-vs-myktybek-orolbai-79363,2026-08-15,UFC 330: Makhachev vs. Machado Garry,ufc,jeremiah wells,myktybek orolbai,4Cx,exchange,7.0100,1.1081,+601,-925,2026-08-11T19:41:22.847408+00:00,41.66,complete
2026-08-13T13:20:49.217295+00:00,9086,jeremiah wells|myktybek orolbai,jeremiah-wells-vs-myktybek-orolbai-79363,2026-08-15,UFC 330: Makhachev vs. Machado Garry,ufc,jeremiah wells,myktybek orolbai,4casters,exchange,8.4500,1.1111,+745,-900,2026-08-13T13:15:32.826190+00:00,0.09,complete
2026-08-13T13:20:49.217295+00:00,9086,jeremiah wells|myktybek orolbai,jeremiah-wells-vs-myktybek-orolbai-79363,2026-08-15,UFC 330: Makhachev vs. Machado Garry,ufc,jeremiah wells,myktybek orolbai,BetMGM,sportsbook,8.0000,1.0909,+700,-1100,2026-08-12T12:37:22.037964+00:00,24.72,complete
2026-08-13T13:20:49.217295+00:00,9086,jeremiah wells|myktybek orolbai,jeremiah-wells-vs-myktybek-orolbai-79363,2026-08-15,UFC 330: Makhachev vs. Machado Garry,ufc,jeremiah wells,myktybek orolbai,FanDuel,sportsbook,6.6000,1.1000,+560,-1000,2026-08-13T12:01:08.415780+00:00,1.33,complete
2026-08-13T13:20:49.217295+00:00,9086,jeremiah wells|myktybek orolbai,jeremiah-wells-vs-myktybek-orolbai-79363,2026-08-15,UFC 330: Makhachev vs. Machado Garry,ufc,jeremiah wells,myktybek orolbai,Bet365,sportsbook,7.5000,1.1000,+650,-1000,2026-08-13T12:30:34.640491+00:00,0.84,complete
2026-08-13T13:20:49.217295+00:00,9086,jeremiah wells|myktybek orolbai,jeremiah-wells-vs-myktybek-orolbai-79363,2026-08-15,UFC 330: Makhachev vs. Machado Garry,ufc,jeremiah wells,myktybek orolbai,Kalshi,exchange,8.3300,1.1236,+733,-809,2026-08-12T13:14:32.662019+00:00,24.1,complete
2026-08-13T13:20:49.217295+00:00,9086,jeremiah wells|myktybek orolbai,jeremiah-wells-vs-myktybek-orolbai-79363,2026-08-15,UFC 330: Makhachev vs. Machado Garry,ufc,jeremiah wells,myktybek orolbai,YouWager,sportsbook,7.0000,1.1111,+600,-900,2026-08-12T20:30:26.276942+00:00,16.84,complete
2026-08-13T13:20:49.217295+00:00,9086,jeremiah wells|myktybek orolbai,jeremiah-wells-vs-myktybek-orolbai-79363,2026-08-15,UFC 330: Makhachev vs. Machado Garry,ufc,jeremiah wells,myktybek orolbai,ProphetX,exchange,7.7000,1.0909,+670,-1100,2026-08-13T09:46:44.825071+00:00,3.57,complete
2026-08-13T13:20:49.217295+00:00,9086,jeremiah wells|myktybek orolbai,jeremiah-wells-vs-myktybek-orolbai-79363,2026-08-15,UFC 330: Makhachev vs. Machado Garry,ufc,jeremiah wells,myktybek orolbai,HardRockBet,sportsbook,7.0000,1.1000,+600,-1000,2026-08-11T10:57:20.198983+00:00,50.39,complete
2026-08-13T13:20:49.217295+00:00,9086,jeremiah wells|myktybek orolbai,jeremiah-wells-vs-myktybek-orolbai-79363,2026-08-15,UFC 330: Makhachev vs. Machado Garry,ufc,jeremiah wells,myktybek orolbai,BetRivers,sportsbook,6.5000,1.1100,+550,-909,2026-08-12T14:51:30.986133+00:00,22.49,complete
2026-08-13T13:20:49.217295+00:00,9086,jeremiah wells|myktybek orolbai,jeremiah-wells-vs-myktybek-orolbai-79363,2026-08-15,UFC 330: Makhachev vs. Machado Garry,ufc,jeremiah wells,myktybek orolbai,Betway,sportsbook,7.0000,1.1000,+600,-1000,2026-08-12T08:51:27.762846+00:00,28.49,complete
2026-08-13T13:20:49.217295+00:00,9086,jeremiah wells|myktybek orolbai,jeremiah-wells-vs-myktybek-orolbai-79363,2026-08-15,UFC 330: Makhachev vs. Machado Garry,ufc,jeremiah wells,myktybek orolbai,Circa,sportsbook,8.0000,1.0952,+700,-1050,2026-08-11T20:22:12.888038+00:00,40.98,complete
2026-08-13T13:20:49.217295+00:00,9086,jeremiah wells|myktybek orolbai,jeremiah-wells-vs-myktybek-orolbai-79363,2026-08-15,UFC 330: Makhachev vs. Machado Garry,ufc,jeremiah wells,myktybek orolbai,Caesars,sportsbook,7.5000,1.1000,+650,-1000,2026-08-12T17:06:29.044097+00:00,20.24,complete
2026-08-13T13:20:49.217295+00:00,9086,jeremiah wells|myktybek orolbai,jeremiah-wells-vs-myktybek-orolbai-79363,2026-08-15,UFC 330: Makhachev vs. Machado Garry,ufc,jeremiah wells,myktybek orolbai,DraftKings,sportsbook,7.7500,1.0952,+675,-1050,2026-08-13T00:41:37.892507+00:00,12.65,complete
2026-08-13T13:20:49.217295+00:00,9086,jeremiah wells|myktybek orolbai,jeremiah-wells-vs-myktybek-orolbai-79363,2026-08-15,UFC 330: Makhachev vs. Machado Garry,ufc,jeremiah wells,myktybek orolbai,Bookmaker,sportsbook,7.6400,1.1000,+664,-1000,2026-08-12T22:15:14.786959+00:00,15.09,complete
2026-08-13T13:20:49.217295+00:00,9086,jeremiah wells|myktybek orolbai,jeremiah-wells-vs-myktybek-orolbai-79363,2026-08-15,UFC 330: Makhachev vs. Machado Garry,ufc,jeremiah wells,myktybek orolbai,ReBet,sportsbook,7.0000,1.0910,+600,-1099,2026-08-13T00:45:27.500015+00:00,12.59,complete
2026-08-13T13:20:49.217295+00:00,9086,jeremiah wells|myktybek orolbai,jeremiah-wells-vs-myktybek-orolbai-79363,2026-08-15,UFC 330: Makhachev vs. Machado Garry,ufc,jeremiah wells,myktybek orolbai,Novig,exchange,8.0000,1.1049,+700,-953,2026-08-13T09:30:42.162591+00:00,3.84,complete
2026-08-13T13:20:49.217295+00:00,9086,jeremiah wells|myktybek orolbai,jeremiah-wells-vs-myktybek-orolbai-79363,2026-08-15,UFC 330: Makhachev vs. Machado Garry,ufc,jeremiah wells,myktybek orolbai,MyBookie,sportsbook,7.0000,1.0910,+600,-1099,2026-08-13T00:44:14.285909+00:00,12.61,complete
2026-08-13T13:20:49.217295+00:00,9086,jeremiah wells|myktybek orolbai,jeremiah-wells-vs-myktybek-orolbai-79363,2026-08-15,UFC 330: Makhachev vs. Machado Garry,ufc,jeremiah wells,myktybek orolbai,Pinnacle,sportsbook,7.9700,1.0952,+697,-1050,2026-08-12T16:55:08.528927+00:00,20.43,complete
2026-08-13T13:20:49.217295+00:00,9086,jeremiah wells|myktybek orolbai,jeremiah-wells-vs-myktybek-orolbai-79363,2026-08-15,UFC 330: Makhachev vs. Machado Garry,ufc,jeremiah wells,myktybek orolbai,Bet105,sportsbook,7.9100,1.0964,+691,-1037,2026-08-13T09:53:17.242044+00:00,3.46,complete
2026-08-13T13:20:49.217295+00:00,9086,jeremiah wells|myktybek orolbai,jeremiah-wells-vs-myktybek-orolbai-79363,2026-08-15,UFC 330: Makhachev vs. Machado Garry,ufc,jeremiah wells,myktybek orolbai,Cloudbet,sportsbook,7.8000,1.0700,+680,-1429,2026-08-12T16:28:05.551493+00:00,20.88,complete
2026-08-13T13:20:49.217295+00:00,9086,jeremiah wells|myktybek orolbai,jeremiah-wells-vs-myktybek-orolbai-79363,2026-08-15,UFC 330: Makhachev vs. Machado Garry,ufc,jeremiah wells,myktybek orolbai,BetOnline,sportsbook,7.6100,1.1000,+661,-1000,2026-08-13T00:35:25.034872+00:00,12.76,complete
2026-08-13T13:20:49.217295+00:00,9086,jeremiah wells|myktybek orolbai,jeremiah-wells-vs-myktybek-orolbai-79363,2026-08-15,UFC 330: Makhachev vs. Machado Garry,ufc,jeremiah wells,myktybek orolbai,Polymarket(US),exchange,8.3300,1.1236,+733,-809,2026-08-13T09:00:59.235345+00:00,4.33,complete
2026-08-13T13:20:49.217295+00:00,9086,jeremiah wells|myktybek orolbai,jeremiah-wells-vs-myktybek-orolbai-79363,2026-08-15,UFC 330: Makhachev vs. Machado Garry,ufc,jeremiah wells,myktybek orolbai,Polymarket,exchange,8.3300,1.1236,+733,-809,2026-08-12T17:10:08.480596+00:00,20.18,complete
2026-08-13T13:20:49.217295+00:00,9112,douglas rodrigues|trent miller,douglas-rodrigues-vs-trent-miller-80341,2026-08-18,Contender Series 2026: Week 2,dwcs,douglas rodrigues,trent miller,Polymarket,exchange,1.0752,2.7000,-1329,+170,2026-08-13T12:34:27.548131+00:00,0.77,complete
2026-08-13T13:20:49.217295+00:00,9112,cristian perez|logan paxton,logan-paxton-vs-cristian-perez-79310,2026-08-18,Contender Series 2026: Week 2,dwcs,cristian perez,logan paxton,Polymarket,exchange,1.4348,2.2900,-230,+129,2026-08-13T08:49:23.351115+00:00,4.52,complete
2026-08-13T13:20:49.217295+00:00,9112,alik lorenz|mahamed aly,mahamed-aly-vs-alik-lorenz-79691,2026-08-18,Contender Series 2026: Week 2,dwcs,alik lorenz,mahamed aly,Polymarket,exchange,3.4500,1.3704,+245,-270,2026-08-13T11:24:31.082082+00:00,1.94,complete
2026-08-13T13:20:49.217295+00:00,9112,roman puga|taner trembley,taner-trembley-vs-roman-puga-79617,2026-08-18,Contender Series 2026: Week 2,dwcs,roman puga,taner trembley,Polymarket,exchange,2.3800,1.4082,+138,-245,2026-08-13T10:44:12.237705+00:00,2.61,complete
2026-08-13T13:20:49.217295+00:00,9656,anthony hernandez|gregory rodrigues,anthony-hernandez-vs-gregory-rodrigues-79524,2026-08-22,UFC Fight Night: Hernandez vs. Rodrigues,ufc,anthony hernandez,gregory rodrigues,ProphetX,exchange,1.5556,2.4000,-180,+140,2026-08-13T08:01:31.340814+00:00,5.32,complete
2026-08-13T13:20:49.217295+00:00,9656,anthony hernandez|gregory rodrigues,anthony-hernandez-vs-gregory-rodrigues-79524,2026-08-22,UFC Fight Night: Hernandez vs. Rodrigues,ufc,anthony hernandez,gregory rodrigues,Caesars,sportsbook,1.5556,2.5000,-180,+150,2026-08-13T04:05:07.827593+00:00,9.26,complete
2026-08-13T13:20:49.217295+00:00,9656,anthony hernandez|gregory rodrigues,anthony-hernandez-vs-gregory-rodrigues-79524,2026-08-22,UFC Fight Night: Hernandez vs. Rodrigues,ufc,anthony hernandez,gregory rodrigues,Circa,sportsbook,1.5405,2.6000,-185,+160,2026-08-13T00:56:54.554840+00:00,12.4,complete
2026-08-13T13:20:49.217295+00:00,9656,anthony hernandez|gregory rodrigues,anthony-hernandez-vs-gregory-rodrigues-79524,2026-08-22,UFC Fight Night: Hernandez vs. Rodrigues,ufc,anthony hernandez,gregory rodrigues,DraftKings,sportsbook,1.5714,2.4500,-175,+145,2026-08-13T08:11:18.698985+00:00,5.16,complete
2026-08-13T13:20:49.217295+00:00,9656,anthony hernandez|gregory rodrigues,anthony-hernandez-vs-gregory-rodrigues-79524,2026-08-22,UFC Fight Night: Hernandez vs. Rodrigues,ufc,anthony hernandez,gregory rodrigues,Pinnacle,sportsbook,1.5747,2.4800,-174,+148,2026-08-13T08:23:37.182307+00:00,4.95,complete
2026-08-13T13:20:49.217295+00:00,9656,anthony hernandez|gregory rodrigues,anthony-hernandez-vs-gregory-rodrigues-79524,2026-08-22,UFC Fight Night: Hernandez vs. Rodrigues,ufc,anthony hernandez,gregory rodrigues,Bet105,sportsbook,1.5747,2.4800,-174,+148,2026-08-13T07:58:21.735737+00:00,5.37,complete
2026-08-13T13:20:49.217295+00:00,9656,anthony hernandez|gregory rodrigues,anthony-hernandez-vs-gregory-rodrigues-79524,2026-08-22,UFC Fight Night: Hernandez vs. Rodrigues,ufc,anthony hernandez,gregory rodrigues,Cloudbet,sportsbook,1.5405,2.4000,-185,+140,2026-08-13T08:02:19.245765+00:00,5.31,complete
2026-08-13T13:20:49.217295+00:00,9656,anthony hernandez|gregory rodrigues,anthony-hernandez-vs-gregory-rodrigues-79524,2026-08-22,UFC Fight Night: Hernandez vs. Rodrigues,ufc,anthony hernandez,gregory rodrigues,BetUS,sportsbook,1.5882,2.4200,-170,+142,2026-08-13T11:05:19.285938+00:00,2.26,complete
2026-08-13T13:20:49.217295+00:00,9656,anthony hernandez|gregory rodrigues,anthony-hernandez-vs-gregory-rodrigues-79524,2026-08-22,UFC Fight Night: Hernandez vs. Rodrigues,ufc,anthony hernandez,gregory rodrigues,Betway,sportsbook,1.6667,2.2000,-150,+120,2026-08-11T22:41:41.813778+00:00,38.65,complete
2026-08-13T13:20:49.217295+00:00,9656,anthony hernandez|gregory rodrigues,anthony-hernandez-vs-gregory-rodrigues-79524,2026-08-22,UFC Fight Night: Hernandez vs. Rodrigues,ufc,anthony hernandez,gregory rodrigues,Novig,exchange,1.5495,2.4400,-182,+144,2026-08-13T08:00:59.622870+00:00,5.33,complete
2026-08-13T13:20:49.217295+00:00,9656,anthony hernandez|gregory rodrigues,anthony-hernandez-vs-gregory-rodrigues-79524,2026-08-22,UFC Fight Night: Hernandez vs. Rodrigues,ufc,anthony hernandez,gregory rodrigues,BetOnline,sportsbook,1.5882,2.4500,-170,+145,2026-08-13T08:40:52.549633+00:00,4.67,complete
2026-08-13T13:20:49.217295+00:00,9656,anthony hernandez|gregory rodrigues,anthony-hernandez-vs-gregory-rodrigues-79524,2026-08-22,UFC Fight Night: Hernandez vs. Rodrigues,ufc,anthony hernandez,gregory rodrigues,Bovada,sportsbook,1.5952,2.4200,-168,+142,2026-08-13T08:44:17.829683+00:00,4.61,complete
2026-08-13T13:20:49.217295+00:00,9656,anthony hernandez|gregory rodrigues,anthony-hernandez-vs-gregory-rodrigues-79524,2026-08-22,UFC Fight Night: Hernandez vs. Rodrigues,ufc,anthony hernandez,gregory rodrigues,Polymarket,exchange,1.6135,2.4400,-163,+144,2026-08-13T07:39:12.203631+00:00,5.69,complete
2026-08-13T13:20:49.217295+00:00,9656,anthony hernandez|gregory rodrigues,anthony-hernandez-vs-gregory-rodrigues-79524,2026-08-22,UFC Fight Night: Hernandez vs. Rodrigues,ufc,anthony hernandez,gregory rodrigues,MyBookie,sportsbook,1.5376,2.3300,-186,+133,2026-08-13T08:54:27.189146+00:00,4.44,complete
2026-08-13T13:20:49.217295+00:00,9656,anthony hernandez|gregory rodrigues,anthony-hernandez-vs-gregory-rodrigues-79524,2026-08-22,UFC Fight Night: Hernandez vs. Rodrigues,ufc,anthony hernandez,gregory rodrigues,Stake,sportsbook,1.5714,2.4100,-175,+141,2026-08-13T09:40:47.062590+00:00,3.67,complete
2026-08-13T13:20:49.217295+00:00,9656,anthony hernandez|gregory rodrigues,anthony-hernandez-vs-gregory-rodrigues-79524,2026-08-22,UFC Fight Night: Hernandez vs. Rodrigues,ufc,anthony hernandez,gregory rodrigues,ReBet,sportsbook,1.5495,2.3500,-182,+135,2026-08-13T08:45:26.091450+00:00,4.59,complete
2026-08-13T13:20:49.217295+00:00,9656,anthony hernandez|gregory rodrigues,anthony-hernandez-vs-gregory-rodrigues-79524,2026-08-22,UFC Fight Night: Hernandez vs. Rodrigues,ufc,anthony hernandez,gregory rodrigues,Bet365,sportsbook,1.6410,2.3000,-156,+130,2026-08-13T03:00:33.529073+00:00,10.34,complete
2026-08-13T13:20:49.217295+00:00,9656,anthony hernandez|gregory rodrigues,anthony-hernandez-vs-gregory-rodrigues-79524,2026-08-22,UFC Fight Night: Hernandez vs. Rodrigues,ufc,anthony hernandez,gregory rodrigues,Polymarket(US),exchange,1.6667,2.4400,-150,+144,2026-08-13T04:15:22.807083+00:00,9.09,complete
2026-08-13T13:20:49.217295+00:00,9656,reinier de ridder|roman dolidze,reinier-de-ridder-vs-roman-dolidze-79690,2026-08-22,UFC Fight Night: Hernandez vs. Rodrigues,ufc,reinier de ridder,roman dolidze,ProphetX,exchange,1.2899,3.5000,-345,+250,2026-08-13T06:21:18.708728+00:00,6.99,complete
2026-08-13T13:20:49.217295+00:00,9656,reinier de ridder|roman dolidze,reinier-de-ridder-vs-roman-dolidze-79690,2026-08-22,UFC Fight Night: Hernandez vs. Rodrigues,ufc,reinier de ridder,roman dolidze,Bet365,sportsbook,1.2899,3.7000,-345,+270,2026-08-13T03:00:33.630320+00:00,10.34,complete
2026-08-13T13:20:49.217295+00:00,9656,reinier de ridder|roman dolidze,reinier-de-ridder-vs-roman-dolidze-79690,2026-08-22,UFC Fight Night: Hernandez vs. Rodrigues,ufc,reinier de ridder,roman dolidze,Circa,sportsbook,1.2500,4.2500,-400,+325,2026-08-13T00:56:54.638399+00:00,12.4,complete
2026-08-13T13:20:49.217295+00:00,9656,reinier de ridder|roman dolidze,reinier-de-ridder-vs-roman-dolidze-79690,2026-08-22,UFC Fight Night: Hernandez vs. Rodrigues,ufc,reinier de ridder,roman dolidze,DraftKings,sportsbook,1.2941,3.7000,-340,+270,2026-08-12T16:19:13.535364+00:00,21.03,complete
2026-08-13T13:20:49.217295+00:00,9656,reinier de ridder|roman dolidze,reinier-de-ridder-vs-roman-dolidze-79690,2026-08-22,UFC Fight Night: Hernandez vs. Rodrigues,ufc,reinier de ridder,roman dolidze,Novig,exchange,1.2907,3.6400,-344,+264,2026-08-13T06:30:25.529552+00:00,6.84,complete
2026-08-13T13:20:49.217295+00:00,9656,reinier de ridder|roman dolidze,reinier-de-ridder-vs-roman-dolidze-79690,2026-08-22,UFC Fight Night: Hernandez vs. Rodrigues,ufc,reinier de ridder,roman dolidze,Pinnacle,sportsbook,1.3003,3.7200,-333,+272,2026-08-12T18:25:04.547956+00:00,18.93,complete
2026-08-13T13:20:49.217295+00:00,9656,reinier de ridder|roman dolidze,reinier-de-ridder-vs-roman-dolidze-79690,2026-08-22,UFC Fight Night: Hernandez vs. Rodrigues,ufc,reinier de ridder,roman dolidze,Bet105,sportsbook,1.3003,3.7200,-333,+272,2026-08-12T17:59:05.961653+00:00,19.36,complete
2026-08-13T13:20:49.217295+00:00,9656,reinier de ridder|roman dolidze,reinier-de-ridder-vs-roman-dolidze-79690,2026-08-22,UFC Fight Night: Hernandez vs. Rodrigues,ufc,reinier de ridder,roman dolidze,Cloudbet,sportsbook,1.2703,3.6000,-370,+260,2026-08-12T17:57:26.903701+00:00,19.39,complete
2026-08-13T13:20:49.217295+00:00,9656,reinier de ridder|roman dolidze,reinier-de-ridder-vs-roman-dolidze-79690,2026-08-22,UFC Fight Night: Hernandez vs. Rodrigues,ufc,reinier de ridder,roman dolidze,Stake,sportsbook,1.2899,3.6000,-345,+260,2026-08-12T01:38:56.834694+00:00,35.7,complete
2026-08-13T13:20:49.217295+00:00,9656,reinier de ridder|roman dolidze,reinier-de-ridder-vs-roman-dolidze-79690,2026-08-22,UFC Fight Night: Hernandez vs. Rodrigues,ufc,reinier de ridder,roman dolidze,MyBookie,sportsbook,1.2703,3.4200,-370,+242,2026-08-12T01:22:50.435468+00:00,35.97,complete
2026-08-13T13:20:49.217295+00:00,9656,reinier de ridder|roman dolidze,reinier-de-ridder-vs-roman-dolidze-79690,2026-08-22,UFC Fight Night: Hernandez vs. Rodrigues,ufc,reinier de ridder,roman dolidze,ReBet,sportsbook,1.2778,3.4800,-360,+248,2026-08-12T01:17:05.010474+00:00,36.06,complete
2026-08-13T13:20:49.217295+00:00,9656,reinier de ridder|roman dolidze,reinier-de-ridder-vs-roman-dolidze-79690,2026-08-22,UFC Fight Night: Hernandez vs. Rodrigues,ufc,reinier de ridder,roman dolidze,BetUS,sportsbook,1.3030,3.6700,-330,+267,2026-08-12T01:00:38.070647+00:00,36.34,complete
2026-08-13T13:20:49.217295+00:00,9656,reinier de ridder|roman dolidze,reinier-de-ridder-vs-roman-dolidze-79690,2026-08-22,UFC Fight Night: Hernandez vs. Rodrigues,ufc,reinier de ridder,roman dolidze,Betway,sportsbook,1.3003,3.2500,-333,+225,2026-08-11T22:46:19.723974+00:00,38.57,complete
2026-08-13T13:20:49.217295+00:00,9656,reinier de ridder|roman dolidze,reinier-de-ridder-vs-roman-dolidze-79690,2026-08-22,UFC Fight Night: Hernandez vs. Rodrigues,ufc,reinier de ridder,roman dolidze,Bovada,sportsbook,1.3030,3.7000,-330,+270,2026-08-11T18:54:30.223858+00:00,42.44,complete
2026-08-13T13:20:49.217295+00:00,9656,reinier de ridder|roman dolidze,reinier-de-ridder-vs-roman-dolidze-79690,2026-08-22,UFC Fight Night: Hernandez vs. Rodrigues,ufc,reinier de ridder,roman dolidze,BetOnline,sportsbook,1.3030,3.7000,-330,+270,2026-08-11T18:42:53.730349+00:00,42.63,complete
2026-08-13T13:20:49.217295+00:00,9656,reinier de ridder|roman dolidze,reinier-de-ridder-vs-roman-dolidze-79690,2026-08-22,UFC Fight Night: Hernandez vs. Rodrigues,ufc,reinier de ridder,roman dolidze,Polymarket,exchange,1.3155,3.8500,-317,+285,2026-08-13T11:24:31.584689+00:00,1.94,complete
2026-08-13T13:20:49.217295+00:00,9656,reinier de ridder|roman dolidze,reinier-de-ridder-vs-roman-dolidze-79690,2026-08-22,UFC Fight Night: Hernandez vs. Rodrigues,ufc,reinier de ridder,roman dolidze,Polymarket(US),exchange,1.3333,3.5700,-300,+257,2026-08-13T13:15:36.646228+00:00,0.09,complete
2026-08-13T13:20:49.217295+00:00,9656,sergey spivak|vitor petrino,sergey-spivak-vs-vitor-petrino-79082,2026-08-22,UFC Fight Night: Hernandez vs. Rodrigues,ufc,sergey spivak,vitor petrino,ProphetX,exchange,2.4400,1.5376,+144,-186,2026-08-13T06:21:18.773356+00:00,6.99,complete
2026-08-13T13:20:49.217295+00:00,9656,sergey spivak|vitor petrino,sergey-spivak-vs-vitor-petrino-79082,2026-08-22,UFC Fight Night: Hernandez vs. Rodrigues,ufc,sergey spivak,vitor petrino,Bet365,sportsbook,2.3500,1.6211,+135,-161,2026-08-13T03:00:33.588725+00:00,10.34,complete
2026-08-13T13:20:49.217295+00:00,9656,sergey spivak|vitor petrino,sergey-spivak-vs-vitor-petrino-79082,2026-08-22,UFC Fight Night: Hernandez vs. Rodrigues,ufc,sergey spivak,vitor petrino,Circa,sportsbook,2.5500,1.5556,+155,-180,2026-08-13T00:56:54.715316+00:00,12.4,complete
2026-08-13T13:20:49.217295+00:00,9656,sergey spivak|vitor petrino,sergey-spivak-vs-vitor-petrino-79082,2026-08-22,UFC Fight Night: Hernandez vs. Rodrigues,ufc,sergey spivak,vitor petrino,Bet105,sportsbook,2.5200,1.5587,+152,-179,2026-08-12T23:53:33.980800+00:00,13.45,complete
2026-08-13T13:20:49.217295+00:00,9656,sergey spivak|vitor petrino,sergey-spivak-vs-vitor-petrino-79082,2026-08-22,UFC Fight Night: Hernandez vs. Rodrigues,ufc,sergey spivak,vitor petrino,DraftKings,sportsbook,2.5000,1.5556,+150,-180,2026-08-12T17:19:12.595744+00:00,20.03,complete
2026-08-13T13:20:49.217295+00:00,9656,sergey spivak|vitor petrino,sergey-spivak-vs-vitor-petrino-79082,2026-08-22,UFC Fight Night: Hernandez vs. Rodrigues,ufc,sergey spivak,vitor petrino,Pinnacle,sportsbook,2.5200,1.5587,+152,-179,2026-08-13T00:22:50.663955+00:00,12.97,complete
2026-08-13T13:20:49.217295+00:00,9656,sergey spivak|vitor petrino,sergey-spivak-vs-vitor-petrino-79082,2026-08-22,UFC Fight Night: Hernandez vs. Rodrigues,ufc,sergey spivak,vitor petrino,Novig,exchange,2.4700,1.5376,+147,-186,2026-08-13T06:30:25.113278+00:00,6.84,complete
2026-08-13T13:20:49.217295+00:00,9656,sergey spivak|vitor petrino,sergey-spivak-vs-vitor-petrino-79082,2026-08-22,UFC Fight Night: Hernandez vs. Rodrigues,ufc,sergey spivak,vitor petrino,Cloudbet,sportsbook,2.4700,1.5291,+147,-189,2026-08-12T23:52:46.524336+00:00,13.47,complete
2026-08-13T13:20:49.217295+00:00,9656,sergey spivak|vitor petrino,sergey-spivak-vs-vitor-petrino-79082,2026-08-22,UFC Fight Night: Hernandez vs. Rodrigues,ufc,sergey spivak,vitor petrino,Stake,sportsbook,2.3700,1.5917,+137,-169,2026-08-12T06:39:51.802834+00:00,30.68,complete
2026-08-13T13:20:49.217295+00:00,9656,sergey spivak|vitor petrino,sergey-spivak-vs-vitor-petrino-79082,2026-08-22,UFC Fight Night: Hernandez vs. Rodrigues,ufc,sergey spivak,vitor petrino,ReBet,sportsbook,2.3100,1.5714,+131,-175,2026-08-12T06:32:10.574968+00:00,30.81,complete
2026-08-13T13:20:49.217295+00:00,9656,sergey spivak|vitor petrino,sergey-spivak-vs-vitor-petrino-79082,2026-08-22,UFC Fight Night: Hernandez vs. Rodrigues,ufc,sergey spivak,vitor petrino,MyBookie,sportsbook,2.2800,1.5587,+128,-179,2026-08-12T06:26:38.137476+00:00,30.9,complete
2026-08-13T13:20:49.217295+00:00,9656,sergey spivak|vitor petrino,sergey-spivak-vs-vitor-petrino-79082,2026-08-22,UFC Fight Night: Hernandez vs. Rodrigues,ufc,sergey spivak,vitor petrino,BetUS,sportsbook,2.4200,1.5882,+142,-170,2026-08-12T19:40:44.158389+00:00,17.67,complete
2026-08-13T13:20:49.217295+00:00,9656,sergey spivak|vitor petrino,sergey-spivak-vs-vitor-petrino-79082,2026-08-22,UFC Fight Night: Hernandez vs. Rodrigues,ufc,sergey spivak,vitor petrino,Betway,sportsbook,2.3000,1.5714,+130,-175,2026-08-11T22:41:41.805367+00:00,38.65,complete
2026-08-13T13:20:49.217295+00:00,9656,sergey spivak|vitor petrino,sergey-spivak-vs-vitor-petrino-79082,2026-08-22,UFC Fight Night: Hernandez vs. Rodrigues,ufc,sergey spivak,vitor petrino,Bovada,sportsbook,2.4500,1.5882,+145,-170,2026-08-12T23:14:23.041445+00:00,14.11,complete
2026-08-13T13:20:49.217295+00:00,9656,sergey spivak|vitor petrino,sergey-spivak-vs-vitor-petrino-79082,2026-08-22,UFC Fight Night: Hernandez vs. Rodrigues,ufc,sergey spivak,vitor petrino,BetOnline,sportsbook,2.4500,1.5882,+145,-170,2026-08-12T19:40:58.415472+00:00,17.66,complete
2026-08-13T13:20:49.217295+00:00,9656,sergey spivak|vitor petrino,sergey-spivak-vs-vitor-petrino-79082,2026-08-22,UFC Fight Night: Hernandez vs. Rodrigues,ufc,sergey spivak,vitor petrino,Polymarket,exchange,2.4400,1.6667,+144,-150,2026-08-12T16:50:36.054534+00:00,20.5,complete
2026-08-13T13:20:49.217295+00:00,9656,sergey spivak|vitor petrino,sergey-spivak-vs-vitor-petrino-79082,2026-08-22,UFC Fight Night: Hernandez vs. Rodrigues,ufc,sergey spivak,vitor petrino,Polymarket(US),exchange,2.1700,1.5155,+117,-194,2026-08-13T13:15:36.648449+00:00,0.09,complete
2026-08-13T13:20:49.217295+00:00,9656,jackson mcvey|wesley schultz,wesley-schultz-vs-jackson-mcvey-79119,2026-08-22,UFC Fight Night: Hernandez vs. Rodrigues,ufc,jackson mcvey,wesley schultz,DraftKings,sportsbook,1.5556,2.5000,-180,+150,2026-08-13T08:11:18.693126+00:00,5.16,complete
2026-08-13T13:20:49.217295+00:00,9656,jackson mcvey|wesley schultz,wesley-schultz-vs-jackson-mcvey-79119,2026-08-22,UFC Fight Night: Hernandez vs. Rodrigues,ufc,jackson mcvey,wesley schultz,ProphetX,exchange,1.5435,2.4200,-184,+142,2026-08-13T08:01:31.318715+00:00,5.32,complete
2026-08-13T13:20:49.217295+00:00,9656,jackson mcvey|wesley schultz,wesley-schultz-vs-jackson-mcvey-79119,2026-08-22,UFC Fight Night: Hernandez vs. Rodrigues,ufc,jackson mcvey,wesley schultz,Circa,sportsbook,1.6250,2.4000,-160,+140,2026-08-13T00:56:55.107162+00:00,12.4,complete
2026-08-13T13:20:49.217295+00:00,9656,jackson mcvey|wesley schultz,wesley-schultz-vs-jackson-mcvey-79119,2026-08-22,UFC Fight Night: Hernandez vs. Rodrigues,ufc,jackson mcvey,wesley schultz,Pinnacle,sportsbook,1.5650,2.5000,-177,+150,2026-08-13T08:23:37.174478+00:00,4.95,complete
2026-08-13T13:20:49.217295+00:00,9656,jackson mcvey|wesley schultz,wesley-schultz-vs-jackson-mcvey-79119,2026-08-22,UFC Fight Night: Hernandez vs. Rodrigues,ufc,jackson mcvey,wesley schultz,Bet105,sportsbook,1.5650,2.5000,-177,+150,2026-08-13T07:58:21.861776+00:00,5.37,complete
2026-08-13T13:20:49.217295+00:00,9656,jackson mcvey|wesley schultz,wesley-schultz-vs-jackson-mcvey-79119,2026-08-22,UFC Fight Night: Hernandez vs. Rodrigues,ufc,jackson mcvey,wesley schultz,Novig,exchange,1.5495,2.4700,-182,+147,2026-08-13T08:00:59.502496+00:00,5.33,complete
2026-08-13T13:20:49.217295+00:00,9656,jackson mcvey|wesley schultz,wesley-schultz-vs-jackson-mcvey-79119,2026-08-22,UFC Fight Night: Hernandez vs. Rodrigues,ufc,jackson mcvey,wesley schultz,Cloudbet,sportsbook,1.5291,2.4500,-189,+145,2026-08-13T08:02:19.227335+00:00,5.31,complete
2026-08-13T13:20:49.217295+00:00,9656,jackson mcvey|wesley schultz,wesley-schultz-vs-jackson-mcvey-79119,2026-08-22,UFC Fight Night: Hernandez vs. Rodrigues,ufc,jackson mcvey,wesley schultz,Stake,sportsbook,1.5405,2.4900,-185,+149,2026-08-13T00:40:31.405815+00:00,12.67,complete
2026-08-13T13:20:49.217295+00:00,9656,jackson mcvey|wesley schultz,wesley-schultz-vs-jackson-mcvey-79119,2026-08-22,UFC Fight Night: Hernandez vs. Rodrigues,ufc,jackson mcvey,wesley schultz,ReBet,sportsbook,1.5208,2.4200,-192,+142,2026-08-13T00:15:24.381659+00:00,13.09,complete
2026-08-13T13:20:49.217295+00:00,9656,jackson mcvey|wesley schultz,wesley-schultz-vs-jackson-mcvey-79119,2026-08-22,UFC Fight Night: Hernandez vs. Rodrigues,ufc,jackson mcvey,wesley schultz,BetUS,sportsbook,1.5556,2.5000,-180,+150,2026-08-13T00:05:12.232749+00:00,13.26,complete
2026-08-13T13:20:49.217295+00:00,9656,jackson mcvey|wesley schultz,wesley-schultz-vs-jackson-mcvey-79119,2026-08-22,UFC Fight Night: Hernandez vs. Rodrigues,ufc,jackson mcvey,wesley schultz,Betway,sportsbook,1.5714,2.3000,-175,+130,2026-08-11T22:41:41.822620+00:00,38.65,complete
2026-08-13T13:20:49.217295+00:00,9656,jackson mcvey|wesley schultz,wesley-schultz-vs-jackson-mcvey-79119,2026-08-22,UFC Fight Night: Hernandez vs. Rodrigues,ufc,jackson mcvey,wesley schultz,Polymarket(US),exchange,1.5618,2.6300,-178,+163,2026-08-13T08:15:42.684430+00:00,5.09,complete
2026-08-13T13:20:49.217295+00:00,9656,jackson mcvey|wesley schultz,wesley-schultz-vs-jackson-mcvey-79119,2026-08-22,UFC Fight Night: Hernandez vs. Rodrigues,ufc,jackson mcvey,wesley schultz,Bovada,sportsbook,1.5650,2.5300,-177,+153,2026-08-13T08:04:24.560664+00:00,5.27,complete
2026-08-13T13:20:49.217295+00:00,9656,jackson mcvey|wesley schultz,wesley-schultz-vs-jackson-mcvey-79119,2026-08-22,UFC Fight Night: Hernandez vs. Rodrigues,ufc,jackson mcvey,wesley schultz,BetOnline,sportsbook,1.5556,2.5500,-180,+155,2026-08-13T00:04:17.671508+00:00,13.28,complete
2026-08-13T13:20:49.217295+00:00,9656,jackson mcvey|wesley schultz,wesley-schultz-vs-jackson-mcvey-79119,2026-08-22,UFC Fight Night: Hernandez vs. Rodrigues,ufc,jackson mcvey,wesley schultz,Polymarket,exchange,1.5882,2.6300,-170,+163,2026-08-13T10:19:16.856679+00:00,3.03,complete
2026-08-13T13:20:49.217295+00:00,9656,carli judice|jeisla chaves,carli-judice-vs-jeisla-chaves-79414,2026-08-22,UFC Fight Night: Hernandez vs. Rodrigues,ufc,carli judice,jeisla chaves,Novig,exchange,1.2123,4.3500,-471,+335,2026-08-13T06:30:26.637002+00:00,6.84,complete
2026-08-13T13:20:49.217295+00:00,9656,carli judice|jeisla chaves,carli-judice-vs-jeisla-chaves-79414,2026-08-22,UFC Fight Night: Hernandez vs. Rodrigues,ufc,carli judice,jeisla chaves,ProphetX,exchange,1.2174,4.2000,-460,+320,2026-08-13T06:21:18.758394+00:00,6.99,complete
2026-08-13T13:20:49.217295+00:00,9656,carli judice|jeisla chaves,carli-judice-vs-jeisla-chaves-79414,2026-08-22,UFC Fight Night: Hernandez vs. Rodrigues,ufc,carli judice,jeisla chaves,Bet365,sportsbook,1.2198,4.5000,-455,+350,2026-08-13T03:00:33.661219+00:00,10.34,complete
2026-08-13T13:20:49.217295+00:00,9656,carli judice|jeisla chaves,carli-judice-vs-jeisla-chaves-79414,2026-08-22,UFC Fight Night: Hernandez vs. Rodrigues,ufc,carli judice,jeisla chaves,Circa,sportsbook,1.1961,5.0000,-510,+400,2026-08-13T00:56:55.090609+00:00,12.4,complete
2026-08-13T13:20:49.217295+00:00,9656,carli judice|jeisla chaves,carli-judice-vs-jeisla-chaves-79414,2026-08-22,UFC Fight Night: Hernandez vs. Rodrigues,ufc,carli judice,jeisla chaves,DraftKings,sportsbook,1.2198,4.5000,-455,+350,2026-08-12T16:19:13.581153+00:00,21.03,complete
2026-08-13T13:20:49.217295+00:00,9656,carli judice|jeisla chaves,carli-judice-vs-jeisla-chaves-79414,2026-08-22,UFC Fight Night: Hernandez vs. Rodrigues,ufc,carli judice,jeisla chaves,Pinnacle,sportsbook,1.2242,4.5100,-446,+351,2026-08-12T12:27:33.187785+00:00,24.89,complete
2026-08-13T13:20:49.217295+00:00,9656,carli judice|jeisla chaves,carli-judice-vs-jeisla-chaves-79414,2026-08-22,UFC Fight Night: Hernandez vs. Rodrigues,ufc,carli judice,jeisla chaves,Bet105,sportsbook,1.2242,4.5100,-446,+351,2026-08-12T12:15:40.714477+00:00,25.09,complete
2026-08-13T13:20:49.217295+00:00,9656,carli judice|jeisla chaves,carli-judice-vs-jeisla-chaves-79414,2026-08-22,UFC Fight Night: Hernandez vs. Rodrigues,ufc,carli judice,jeisla chaves,Cloudbet,sportsbook,1.2000,4.4000,-500,+340,2026-08-12T19:57:47.496367+00:00,17.38,complete
2026-08-13T13:20:49.217295+00:00,9656,carli judice|jeisla chaves,carli-judice-vs-jeisla-chaves-79414,2026-08-22,UFC Fight Night: Hernandez vs. Rodrigues,ufc,carli judice,jeisla chaves,Stake,sportsbook,1.2101,4.4000,-476,+340,2026-08-12T01:38:56.820625+00:00,35.7,complete
2026-08-13T13:20:49.217295+00:00,9656,carli judice|jeisla chaves,carli-judice-vs-jeisla-chaves-79414,2026-08-22,UFC Fight Night: Hernandez vs. Rodrigues,ufc,carli judice,jeisla chaves,MyBookie,sportsbook,1.2000,4.1000,-500,+310,2026-08-12T01:22:50.366487+00:00,35.97,complete
2026-08-13T13:20:49.217295+00:00,9656,carli judice|jeisla chaves,carli-judice-vs-jeisla-chaves-79414,2026-08-22,UFC Fight Night: Hernandez vs. Rodrigues,ufc,carli judice,jeisla chaves,ReBet,sportsbook,1.2000,4.2000,-500,+320,2026-08-12T01:17:04.960437+00:00,36.06,complete
2026-08-13T13:20:49.217295+00:00,9656,carli judice|jeisla chaves,carli-judice-vs-jeisla-chaves-79414,2026-08-22,UFC Fight Night: Hernandez vs. Rodrigues,ufc,carli judice,jeisla chaves,BetUS,sportsbook,1.2222,4.3900,-450,+339,2026-08-12T01:00:38.282439+00:00,36.34,complete
2026-08-13T13:20:49.217295+00:00,9656,carli judice|jeisla chaves,carli-judice-vs-jeisla-chaves-79414,2026-08-22,UFC Fight Night: Hernandez vs. Rodrigues,ufc,carli judice,jeisla chaves,Betway,sportsbook,1.2222,4.0000,-450,+300,2026-08-11T22:41:41.794259+00:00,38.65,complete
2026-08-13T13:20:49.217295+00:00,9656,carli judice|jeisla chaves,carli-judice-vs-jeisla-chaves-79414,2026-08-22,UFC Fight Night: Hernandez vs. Rodrigues,ufc,carli judice,jeisla chaves,Bovada,sportsbook,1.2222,4.5000,-450,+350,2026-08-11T18:54:30.204418+00:00,42.44,complete
2026-08-13T13:20:49.217295+00:00,9656,carli judice|jeisla chaves,carli-judice-vs-jeisla-chaves-79414,2026-08-22,UFC Fight Night: Hernandez vs. Rodrigues,ufc,carli judice,jeisla chaves,BetOnline,sportsbook,1.2222,4.5000,-450,+350,2026-08-11T18:43:37.193973+00:00,42.62,complete
2026-08-13T13:20:49.217295+00:00,9656,carli judice|jeisla chaves,carli-judice-vs-jeisla-chaves-79414,2026-08-22,UFC Fight Night: Hernandez vs. Rodrigues,ufc,carli judice,jeisla chaves,Polymarket,exchange,1.2500,4.3500,-400,+335,2026-08-12T22:10:40.323509+00:00,15.17,complete
2026-08-13T13:20:49.217295+00:00,9656,carli judice|jeisla chaves,carli-judice-vs-jeisla-chaves-79414,2026-08-22,UFC Fight Night: Hernandez vs. Rodrigues,ufc,carli judice,jeisla chaves,Polymarket(US),exchange,1.2347,4.5500,-426,+355,2026-08-13T04:30:58.910603+00:00,8.83,complete
2026-08-13T13:20:49.217295+00:00,9656,marquel mederos|mason jones,marquel-mederos-vs-mason-jones-79615,2026-08-22,UFC Fight Night: Hernandez vs. Rodrigues,ufc,marquel mederos,mason jones,Circa,sportsbook,3.2000,1.3846,+220,-260,2026-08-13T00:56:54.919413+00:00,12.4,complete
2026-08-13T13:20:49.217295+00:00,9656,marquel mederos|mason jones,marquel-mederos-vs-mason-jones-79615,2026-08-22,UFC Fight Night: Hernandez vs. Rodrigues,ufc,marquel mederos,mason jones,Pinnacle,sportsbook,3.1600,1.3846,+216,-260,2026-08-12T12:27:33.212661+00:00,24.89,complete
2026-08-13T13:20:49.217295+00:00,9656,marquel mederos|mason jones,marquel-mederos-vs-mason-jones-79615,2026-08-22,UFC Fight Night: Hernandez vs. Rodrigues,ufc,marquel mederos,mason jones,Bet105,sportsbook,3.1600,1.3846,+216,-260,2026-08-12T12:15:40.696028+00:00,25.09,complete
2026-08-13T13:20:49.217295+00:00,9656,marquel mederos|mason jones,marquel-mederos-vs-mason-jones-79615,2026-08-22,UFC Fight Night: Hernandez vs. Rodrigues,ufc,marquel mederos,mason jones,Cloudbet,sportsbook,3.0500,1.3497,+205,-286,2026-08-12T12:12:58.697384+00:00,25.13,complete
2026-08-13T13:20:49.217295+00:00,9656,marquel mederos|mason jones,marquel-mederos-vs-mason-jones-79615,2026-08-22,UFC Fight Night: Hernandez vs. Rodrigues,ufc,marquel mederos,mason jones,BetUS,sportsbook,3.1400,1.3846,+214,-260,2026-08-12T01:00:38.173629+00:00,36.34,complete
2026-08-13T13:20:49.217295+00:00,9656,marquel mederos|mason jones,marquel-mederos-vs-mason-jones-79615,2026-08-22,UFC Fight Night: Hernandez vs. Rodrigues,ufc,marquel mederos,mason jones,BetOnline,sportsbook,3.2000,1.3846,+220,-260,2026-08-11T21:03:30.415900+00:00,40.29,complete
2026-08-13T13:20:49.217295+00:00,9656,kennedy nzechukwu|shamil gaziev,shamil-gaziev-vs-kennedy-nzechukwu-79812,2026-08-22,UFC Fight Night: Hernandez vs. Rodrigues,ufc,kennedy nzechukwu,shamil gaziev,ProphetX,exchange,1.9174,1.8547,-109,-117,2026-08-13T06:21:18.790396+00:00,6.99,complete
2026-08-13T13:20:49.217295+00:00,9656,kennedy nzechukwu|shamil gaziev,shamil-gaziev-vs-kennedy-nzechukwu-79812,2026-08-22,UFC Fight Night: Hernandez vs. Rodrigues,ufc,kennedy nzechukwu,shamil gaziev,Bet365,sportsbook,2.0500,1.8000,+105,-125,2026-08-13T03:00:33.691214+00:00,10.34,complete
2026-08-13T13:20:49.217295+00:00,9656,kennedy nzechukwu|shamil gaziev,shamil-gaziev-vs-kennedy-nzechukwu-79812,2026-08-22,UFC Fight Night: Hernandez vs. Rodrigues,ufc,kennedy nzechukwu,shamil gaziev,Circa,sportsbook,2.0500,1.8000,+105,-125,2026-08-13T00:56:54.780057+00:00,12.4,complete
2026-08-13T13:20:49.217295+00:00,9656,kennedy nzechukwu|shamil gaziev,shamil-gaziev-vs-kennedy-nzechukwu-79812,2026-08-22,UFC Fight Night: Hernandez vs. Rodrigues,ufc,kennedy nzechukwu,shamil gaziev,DraftKings,sportsbook,1.9804,1.8475,-102,-118,2026-08-13T06:41:10.506229+00:00,6.66,complete
2026-08-13T13:20:49.217295+00:00,9656,kennedy nzechukwu|shamil gaziev,shamil-gaziev-vs-kennedy-nzechukwu-79812,2026-08-22,UFC Fight Night: Hernandez vs. Rodrigues,ufc,kennedy nzechukwu,shamil gaziev,Pinnacle,sportsbook,1.9615,1.8929,-104,-112,2026-08-13T06:52:39.805315+00:00,6.47,complete
2026-08-13T13:20:49.217295+00:00,9656,kennedy nzechukwu|shamil gaziev,shamil-gaziev-vs-kennedy-nzechukwu-79812,2026-08-22,UFC Fight Night: Hernandez vs. Rodrigues,ufc,kennedy nzechukwu,shamil gaziev,Bet105,sportsbook,1.9615,1.8929,-104,-112,2026-08-13T06:23:17.369536+00:00,6.96,complete
2026-08-13T13:20:49.217295+00:00,9656,kennedy nzechukwu|shamil gaziev,shamil-gaziev-vs-kennedy-nzechukwu-79812,2026-08-22,UFC Fight Night: Hernandez vs. Rodrigues,ufc,kennedy nzechukwu,shamil gaziev,Cloudbet,sportsbook,1.9174,1.8475,-109,-118,2026-08-13T06:22:19.840561+00:00,6.97,complete
2026-08-13T13:20:49.217295+00:00,9656,kennedy nzechukwu|shamil gaziev,shamil-gaziev-vs-kennedy-nzechukwu-79812,2026-08-22,UFC Fight Night: Hernandez vs. Rodrigues,ufc,kennedy nzechukwu,shamil gaziev,Stake,sportsbook,2.0400,1.7874,+104,-127,2026-08-12T01:38:56.755472+00:00,35.7,complete
2026-08-13T13:20:49.217295+00:00,9656,kennedy nzechukwu|shamil gaziev,shamil-gaziev-vs-kennedy-nzechukwu-79812,2026-08-22,UFC Fight Night: Hernandez vs. Rodrigues,ufc,kennedy nzechukwu,shamil gaziev,MyBookie,sportsbook,1.9709,1.7407,-103,-135,2026-08-12T01:22:50.484618+00:00,35.97,complete
2026-08-13T13:20:49.217295+00:00,9656,kennedy nzechukwu|shamil gaziev,shamil-gaziev-vs-kennedy-nzechukwu-79812,2026-08-22,UFC Fight Night: Hernandez vs. Rodrigues,ufc,kennedy nzechukwu,shamil gaziev,ReBet,sportsbook,1.9901,1.7576,-101,-132,2026-08-12T01:17:04.922134+00:00,36.06,complete
2026-08-13T13:20:49.217295+00:00,9656,kennedy nzechukwu|shamil gaziev,shamil-gaziev-vs-kennedy-nzechukwu-79812,2026-08-22,UFC Fight Night: Hernandez vs. Rodrigues,ufc,kennedy nzechukwu,shamil gaziev,BetUS,sportsbook,2.0500,1.8000,+105,-125,2026-08-12T01:00:38.143679+00:00,36.34,complete
2026-08-13T13:20:49.217295+00:00,9656,kennedy nzechukwu|shamil gaziev,shamil-gaziev-vs-kennedy-nzechukwu-79812,2026-08-22,UFC Fight Night: Hernandez vs. Rodrigues,ufc,kennedy nzechukwu,shamil gaziev,Betway,sportsbook,1.9524,1.8000,-105,-125,2026-08-11T22:41:41.833878+00:00,38.65,complete
2026-08-13T13:20:49.217295+00:00,9656,kennedy nzechukwu|shamil gaziev,shamil-gaziev-vs-kennedy-nzechukwu-79812,2026-08-22,UFC Fight Night: Hernandez vs. Rodrigues,ufc,kennedy nzechukwu,shamil gaziev,Novig,exchange,2.1100,1.8696,+111,-115,2026-08-13T06:30:24.962157+00:00,6.84,complete
2026-08-13T13:20:49.217295+00:00,9656,kennedy nzechukwu|shamil gaziev,shamil-gaziev-vs-kennedy-nzechukwu-79812,2026-08-22,UFC Fight Night: Hernandez vs. Rodrigues,ufc,kennedy nzechukwu,shamil gaziev,Bovada,sportsbook,2.0200,1.8197,+102,-122,2026-08-13T06:24:38.629290+00:00,6.94,complete
2026-08-13T13:20:49.217295+00:00,9656,kennedy nzechukwu|shamil gaziev,shamil-gaziev-vs-kennedy-nzechukwu-79812,2026-08-22,UFC Fight Night: Hernandez vs. Rodrigues,ufc,kennedy nzechukwu,shamil gaziev,BetOnline,sportsbook,2.0500,1.8000,+105,-125,2026-08-11T19:03:32.766558+00:00,42.29,complete
2026-08-13T13:20:49.217295+00:00,9656,kennedy nzechukwu|shamil gaziev,shamil-gaziev-vs-kennedy-nzechukwu-79812,2026-08-22,UFC Fight Night: Hernandez vs. Rodrigues,ufc,kennedy nzechukwu,shamil gaziev,Polymarket,exchange,1.9615,1.9259,-104,-108,2026-08-13T09:24:16.991069+00:00,3.94,complete
2026-08-13T13:20:49.217295+00:00,9656,kennedy nzechukwu|shamil gaziev,shamil-gaziev-vs-kennedy-nzechukwu-79812,2026-08-22,UFC Fight Night: Hernandez vs. Rodrigues,ufc,kennedy nzechukwu,shamil gaziev,Polymarket(US),exchange,2.0000,1.9259,+100,-108,2026-08-13T13:15:36.650717+00:00,0.09,complete
2026-08-13T13:20:49.217295+00:00,9656,elise reed|shanelle dyer,shanelle-dyer-vs-elise-reed-79813,2026-08-22,UFC Fight Night: Hernandez vs. Rodrigues,ufc,elise reed,shanelle dyer,Polymarket,exchange,1.5376,2.7800,-186,+178,2026-08-13T04:04:23.579528+00:00,9.27,complete
2026-08-13T13:20:49.217295+00:00,9656,elise reed|shanelle dyer,shanelle-dyer-vs-elise-reed-79813,2026-08-22,UFC Fight Night: Hernandez vs. Rodrigues,ufc,elise reed,shanelle dyer,Polymarket(US),exchange,3.1200,1.2817,+212,-355,2026-08-13T13:01:12.425563+00:00,0.33,complete
2026-08-13T13:20:49.217295+00:00,9656,chris padilla|nasrat haqparast,nasrat-haqparast-vs-chris-padilla-80255,2026-08-22,UFC Fight Night: Hernandez vs. Rodrigues,ufc,chris padilla,nasrat haqparast,Circa,sportsbook,2.0500,1.8000,+105,-125,2026-08-13T07:36:22.377531+00:00,5.74,complete
2026-08-13T13:20:49.217295+00:00,9656,chris padilla|nasrat haqparast,nasrat-haqparast-vs-chris-padilla-80255,2026-08-22,UFC Fight Night: Hernandez vs. Rodrigues,ufc,chris padilla,nasrat haqparast,Pinnacle,sportsbook,2.0700,1.8000,+107,-125,2026-08-13T09:23:26.609622+00:00,3.96,complete
2026-08-13T13:20:49.217295+00:00,9656,chris padilla|nasrat haqparast,nasrat-haqparast-vs-chris-padilla-80255,2026-08-22,UFC Fight Night: Hernandez vs. Rodrigues,ufc,chris padilla,nasrat haqparast,Bet105,sportsbook,2.0700,1.8000,+107,-125,2026-08-13T08:58:21.282029+00:00,4.37,complete
2026-08-13T13:20:49.217295+00:00,9656,chris padilla|nasrat haqparast,nasrat-haqparast-vs-chris-padilla-80255,2026-08-22,UFC Fight Night: Hernandez vs. Rodrigues,ufc,chris padilla,nasrat haqparast,Cloudbet,sportsbook,2.0200,1.7576,+102,-132,2026-08-13T09:02:36.079904+00:00,4.3,complete
2026-08-13T13:20:49.217295+00:00,9656,chris padilla|nasrat haqparast,nasrat-haqparast-vs-chris-padilla-80255,2026-08-22,UFC Fight Night: Hernandez vs. Rodrigues,ufc,chris padilla,nasrat haqparast,BetUS,sportsbook,1.9524,1.8696,-105,-115,2026-08-13T11:05:19.337665+00:00,2.26,complete
2026-08-13T13:20:49.217295+00:00,9656,chris padilla|nasrat haqparast,nasrat-haqparast-vs-chris-padilla-80255,2026-08-22,UFC Fight Night: Hernandez vs. Rodrigues,ufc,chris padilla,nasrat haqparast,BetOnline,sportsbook,1.9346,1.8850,-107,-113,2026-08-13T07:33:11.878348+00:00,5.79,complete
2026-08-13T13:20:49.217295+00:00,9656,jamall emmers|lerryan douglas,jamall-emmers-vs-lerryan-douglas-80337,2026-08-22,UFC Fight Night: Hernandez vs. Rodrigues,ufc,jamall emmers,lerryan douglas,Circa,sportsbook,3.6000,1.3226,+260,-310,2026-08-13T00:56:54.849228+00:00,12.4,complete
2026-08-13T13:20:49.217295+00:00,9656,jamall emmers|lerryan douglas,jamall-emmers-vs-lerryan-douglas-80337,2026-08-22,UFC Fight Night: Hernandez vs. Rodrigues,ufc,jamall emmers,lerryan douglas,Pinnacle,sportsbook,3.8600,1.2833,+286,-353,2026-08-13T03:23:07.746827+00:00,9.96,complete
2026-08-13T13:20:49.217295+00:00,9656,jamall emmers|lerryan douglas,jamall-emmers-vs-lerryan-douglas-80337,2026-08-22,UFC Fight Night: Hernandez vs. Rodrigues,ufc,jamall emmers,lerryan douglas,Bet105,sportsbook,3.8600,1.2833,+286,-353,2026-08-13T02:58:27.884730+00:00,10.37,complete
2026-08-13T13:20:49.217295+00:00,9656,jamall emmers|lerryan douglas,jamall-emmers-vs-lerryan-douglas-80337,2026-08-22,UFC Fight Night: Hernandez vs. Rodrigues,ufc,jamall emmers,lerryan douglas,Cloudbet,sportsbook,3.7500,1.2500,+275,-400,2026-08-13T02:57:22.421235+00:00,10.39,complete
2026-08-13T13:20:49.217295+00:00,9656,jamall emmers|lerryan douglas,jamall-emmers-vs-lerryan-douglas-80337,2026-08-22,UFC Fight Night: Hernandez vs. Rodrigues,ufc,jamall emmers,lerryan douglas,BetUS,sportsbook,3.7900,1.2857,+279,-350,2026-08-12T01:00:38.219766+00:00,36.34,complete
2026-08-13T13:20:49.217295+00:00,9656,jamall emmers|lerryan douglas,jamall-emmers-vs-lerryan-douglas-80337,2026-08-22,UFC Fight Night: Hernandez vs. Rodrigues,ufc,jamall emmers,lerryan douglas,BetOnline,sportsbook,3.8500,1.2857,+285,-350,2026-08-11T20:17:47.350086+00:00,41.05,complete
2026-08-13T13:20:49.217295+00:00,9111,gary balletto jr|sean clancy jr,sean-clancy-jr-vs-gary-balletto-jr-79266,2026-08-25,Contender Series 2026: Week 3,dwcs,gary balletto jr,sean clancy jr,Polymarket,exchange,1.0417,6.2500,-2400,+525,2026-08-13T11:49:17.683401+00:00,1.53,complete
2026-08-13T13:20:49.217295+00:00,8869,umar nurmagomedov|yadong song,umar-nurmagomedov-vs-yadong-song-79649,2026-08-29,UFC Fight Night: Nurmagomedov vs. Song,ufc,umar nurmagomedov,yadong song,Pinnacle,sportsbook,1.2252,4.5000,-444,+350,2026-08-11T12:23:07.992980+00:00,48.96,complete
2026-08-13T13:20:49.217295+00:00,8869,umar nurmagomedov|yadong song,umar-nurmagomedov-vs-yadong-song-79649,2026-08-29,UFC Fight Night: Nurmagomedov vs. Song,ufc,umar nurmagomedov,yadong song,Bet105,sportsbook,1.2252,4.5000,-444,+350,2026-08-11T12:03:49.121433+00:00,49.28,complete
2026-08-13T13:20:49.217295+00:00,8869,umar nurmagomedov|yadong song,umar-nurmagomedov-vs-yadong-song-79649,2026-08-29,UFC Fight Night: Nurmagomedov vs. Song,ufc,umar nurmagomedov,yadong song,Stake,sportsbook,1.2198,4.4000,-455,+340,2026-08-13T12:33:52.111647+00:00,0.78,complete
2026-08-13T13:20:49.217295+00:00,8869,umar nurmagomedov|yadong song,umar-nurmagomedov-vs-yadong-song-79649,2026-08-29,UFC Fight Night: Nurmagomedov vs. Song,ufc,umar nurmagomedov,yadong song,Bet365,sportsbook,1.2198,4.5000,-455,+350,2026-08-07T03:00:54.076513+00:00,154.33,complete
2026-08-13T13:20:49.217295+00:00,8869,umar nurmagomedov|yadong song,umar-nurmagomedov-vs-yadong-song-79649,2026-08-29,UFC Fight Night: Nurmagomedov vs. Song,ufc,umar nurmagomedov,yadong song,MyBookie,sportsbook,1.2000,4.1000,-500,+310,2026-08-13T12:04:39.920532+00:00,1.27,complete
2026-08-13T13:20:49.217295+00:00,8869,umar nurmagomedov|yadong song,umar-nurmagomedov-vs-yadong-song-79649,2026-08-29,UFC Fight Night: Nurmagomedov vs. Song,ufc,umar nurmagomedov,yadong song,Bovada,sportsbook,1.2174,4.5500,-460,+355,2026-08-09T00:14:30.576264+00:00,109.11,complete
2026-08-13T13:20:49.217295+00:00,8869,umar nurmagomedov|yadong song,umar-nurmagomedov-vs-yadong-song-79649,2026-08-29,UFC Fight Night: Nurmagomedov vs. Song,ufc,umar nurmagomedov,yadong song,Novig,exchange,1.2193,4.7600,-456,+376,2026-08-09T21:30:37.826581+00:00,87.84,complete
2026-08-13T13:20:49.217295+00:00,8869,umar nurmagomedov|yadong song,umar-nurmagomedov-vs-yadong-song-79649,2026-08-29,UFC Fight Night: Nurmagomedov vs. Song,ufc,umar nurmagomedov,yadong song,Polymarket(US),exchange,1.2049,3.4500,-488,+245,2026-08-13T13:15:36.661653+00:00,0.09,complete
2026-08-13T13:20:49.217295+00:00,8869,umar nurmagomedov|yadong song,umar-nurmagomedov-vs-yadong-song-79649,2026-08-29,UFC Fight Night: Nurmagomedov vs. Song,ufc,umar nurmagomedov,yadong song,HardRockBet,sportsbook,1.2105,4.2500,-475,+325,2026-08-01T17:42:48.308324+00:00,283.63,complete
2026-08-13T13:20:49.217295+00:00,8869,umar nurmagomedov|yadong song,umar-nurmagomedov-vs-yadong-song-79649,2026-08-29,UFC Fight Night: Nurmagomedov vs. Song,ufc,umar nurmagomedov,yadong song,BetRivers,sportsbook,1.2101,4.3500,-476,+335,2026-08-01T15:03:29.381596+00:00,286.29,complete
2026-08-13T13:20:49.217295+00:00,8869,umar nurmagomedov|yadong song,umar-nurmagomedov-vs-yadong-song-79649,2026-08-29,UFC Fight Night: Nurmagomedov vs. Song,ufc,umar nurmagomedov,yadong song,Caesars,sportsbook,1.2000,4.2500,-500,+325,2026-07-30T04:05:24.140881+00:00,345.26,complete
2026-08-13T13:20:49.217295+00:00,8869,umar nurmagomedov|yadong song,umar-nurmagomedov-vs-yadong-song-79649,2026-08-29,UFC Fight Night: Nurmagomedov vs. Song,ufc,umar nurmagomedov,yadong song,FanDuel,sportsbook,1.1923,4.5000,-520,+350,2026-07-21T16:00:52.617793+00:00,549.33,complete
2026-08-13T13:20:49.217295+00:00,8869,umar nurmagomedov|yadong song,umar-nurmagomedov-vs-yadong-song-79649,2026-08-29,UFC Fight Night: Nurmagomedov vs. Song,ufc,umar nurmagomedov,yadong song,Betway,sportsbook,1.2000,4.5000,-500,+350,2026-08-03T14:21:27.877319+00:00,238.99,complete
2026-08-13T13:20:49.217295+00:00,8869,umar nurmagomedov|yadong song,umar-nurmagomedov-vs-yadong-song-79649,2026-08-29,UFC Fight Night: Nurmagomedov vs. Song,ufc,umar nurmagomedov,yadong song,DraftKings,sportsbook,1.2198,4.5000,-455,+350,2026-08-05T11:41:01.850529+00:00,193.66,complete
2026-08-13T13:20:49.217295+00:00,8869,umar nurmagomedov|yadong song,umar-nurmagomedov-vs-yadong-song-79649,2026-08-29,UFC Fight Night: Nurmagomedov vs. Song,ufc,umar nurmagomedov,yadong song,YouWager,sportsbook,1.2222,4.5000,-450,+350,2026-07-28T22:55:35.044860+00:00,374.42,complete
2026-08-13T13:20:49.217295+00:00,8869,umar nurmagomedov|yadong song,umar-nurmagomedov-vs-yadong-song-79649,2026-08-29,UFC Fight Night: Nurmagomedov vs. Song,ufc,umar nurmagomedov,yadong song,BetUS,sportsbook,1.2222,4.3900,-450,+339,2026-07-28T22:55:33.586667+00:00,374.42,complete
2026-08-13T13:20:49.217295+00:00,8869,umar nurmagomedov|yadong song,umar-nurmagomedov-vs-yadong-song-79649,2026-08-29,UFC Fight Night: Nurmagomedov vs. Song,ufc,umar nurmagomedov,yadong song,BetOnline,sportsbook,1.2222,4.5000,-450,+350,2026-07-28T22:54:36.330849+00:00,374.44,complete
2026-08-13T13:20:49.217295+00:00,8869,alex perez|su mudaerji,alex-perez-vs-su-mudaerji-79689,2026-08-29,UFC Fight Night: Nurmagomedov vs. Song,ufc,alex perez,su mudaerji,Polymarket(US),exchange,1.9259,1.5155,-108,-194,2026-08-11T20:16:14.346207+00:00,41.08,complete
2026-08-13T13:20:49.217295+00:00,8869,denise gomes|xiaonan yan,xiaonan-yan-vs-denise-gomes-79865,2026-08-29,UFC Fight Night: Nurmagomedov vs. Song,ufc,denise gomes,xiaonan yan,Polymarket(US),exchange,1.6135,1.8850,-163,-113,2026-08-13T12:16:05.237839+00:00,1.08,complete
2026-08-13T13:20:49.217295+00:00,8869,kai asakura|qileng aori,kai-asakura-vs-qileng-aori-80038,2026-08-29,UFC Fight Night: Nurmagomedov vs. Song,ufc,kai asakura,qileng aori,Polymarket(US),exchange,1.1495,3.0300,-669,+203,2026-08-13T08:31:03.349355+00:00,4.83,complete
2026-08-13T13:20:49.217295+00:00,8869,jack jenkins|sean woodson,jack-jenkins-vs-sean-woodson-80520,2026-08-29,UFC Fight Night: Nurmagomedov vs. Song,ufc,jack jenkins,sean woodson,Polymarket(US),exchange,2.1300,1.5618,+113,-178,2026-08-12T12:16:26.862917+00:00,25.07,complete
2026-08-13T13:20:49.217295+00:00,8869,kevin borjas|rei tsuruya,rei-tsuruya-vs-kevin-borjas-79779,2026-08-29,UFC Fight Night: Nurmagomedov vs. Song,ufc,kevin borjas,rei tsuruya,Polymarket(US),exchange,3.0300,1.2193,+203,-456,2026-08-13T13:15:36.667981+00:00,0.09,complete
2026-08-13T13:20:49.217295+00:00,8869,ce liu|junior tafa,junior-tafa-vs-ce-liu-79866,2026-08-29,UFC Fight Night: Nurmagomedov vs. Song,ufc,ce liu,junior tafa,Polymarket(US),exchange,1.1905,3.0300,-525,+203,2026-08-12T03:16:39.219258+00:00,34.07,complete
2026-08-13T13:20:49.217295+00:00,8869,andre lima|namsrai batbayar,andre-lima-vs-namsrai-batbayar-80336,2026-08-29,UFC Fight Night: Nurmagomedov vs. Song,ufc,andre lima,namsrai batbayar,Polymarket(US),exchange,1.3891,2.5000,-257,+150,2026-08-13T09:00:59.944255+00:00,4.33,complete
2026-08-13T13:20:49.217295+00:00,8869,jingnan xiong|julia polastri,jingnan-xiong-vs-julia-polastri-80594,2026-08-29,UFC Fight Night: Nurmagomedov vs. Song,ufc,jingnan xiong,julia polastri,Polymarket(US),exchange,2.3300,1.6135,+133,-163,2026-08-13T12:16:05.316429+00:00,1.08,complete
2026-08-13T13:20:49.217295+00:00,9648,daniel hooker|salahdine parnasse,daniel-hooker-vs-salahdine-parnasse-80397,2026-09-05,UFC Fight Night: Parnasse vs. Hooker,ufc,daniel hooker,salahdine parnasse,Bovada,sportsbook,3.8000,1.2857,+280,-350,2026-08-11T07:35:04.430428+00:00,53.76,complete
2026-08-13T13:20:49.217295+00:00,9648,daniel hooker|salahdine parnasse,daniel-hooker-vs-salahdine-parnasse-80397,2026-09-05,UFC Fight Night: Parnasse vs. Hooker,ufc,daniel hooker,salahdine parnasse,Polymarket(US),exchange,2.7800,1.2985,+178,-335,2026-08-13T13:01:12.760576+00:00,0.33,complete
2026-08-13T13:20:49.217295+00:00,9648,daniel hooker|salahdine parnasse,daniel-hooker-vs-salahdine-parnasse-80397,2026-09-05,UFC Fight Night: Parnasse vs. Hooker,ufc,daniel hooker,salahdine parnasse,MyBookie,sportsbook,3.4000,1.2703,+240,-370,2026-08-08T09:35:24.948575+00:00,123.76,complete
2026-08-13T13:20:49.217295+00:00,9648,daniel hooker|salahdine parnasse,daniel-hooker-vs-salahdine-parnasse-80397,2026-09-05,UFC Fight Night: Parnasse vs. Hooker,ufc,daniel hooker,salahdine parnasse,Stake,sportsbook,3.6000,1.3003,+260,-333,2026-08-07T19:36:06.838631+00:00,137.75,complete
2026-08-13T13:20:49.217295+00:00,9648,daniel hooker|salahdine parnasse,daniel-hooker-vs-salahdine-parnasse-80397,2026-09-05,UFC Fight Night: Parnasse vs. Hooker,ufc,daniel hooker,salahdine parnasse,Bet365,sportsbook,3.7500,1.2801,+275,-357,2026-08-07T03:00:54.109613+00:00,154.33,complete
2026-08-13T13:20:49.217295+00:00,9648,michael page|nursultan ruziboev,michael-page-vs-nursultan-ruziboev-80092,2026-09-05,UFC Fight Night: Parnasse vs. Hooker,ufc,michael page,nursultan ruziboev,Polymarket(US),exchange,1.4082,2.4400,-245,+144,2026-08-13T05:46:11.934418+00:00,7.58,complete
2026-08-13T13:20:49.217295+00:00,9648,mario pinto|ryan spann,mario-pinto-vs-ryan-spann-80093,2026-09-05,UFC Fight Night: Parnasse vs. Hooker,ufc,mario pinto,ryan spann,Polymarket(US),exchange,1.2193,2.6300,-456,+163,2026-08-13T02:15:48.584563+00:00,11.08,complete
2026-08-13T13:20:49.217295+00:00,9648,kurtis campbell|trevor peek,kurtis-campbell-vs-trevor-peek-80036,2026-09-05,UFC Fight Night: Parnasse vs. Hooker,ufc,kurtis campbell,trevor peek,Polymarket(US),exchange,1.2500,2.5600,-400,+156,2026-08-13T13:15:36.745386+00:00,0.09,complete
2026-08-13T13:20:49.217295+00:00,9648,luis felipe dias|matthieu letho duclos,luis-felipe-dias-vs-matthieu-letho-duclos-80070,2026-09-05,UFC Fight Night: Parnasse vs. Hooker,ufc,luis felipe dias,matthieu letho duclos,Polymarket(US),exchange,2.0800,1.4695,+108,-213,2026-08-09T17:01:21.906462+00:00,92.32,complete
2026-08-13T13:20:49.217295+00:00,9648,mairon santos|nathaniel wood,nathaniel-wood-vs-mairon-santos-80254,2026-09-05,UFC Fight Night: Parnasse vs. Hooker,ufc,mairon santos,nathaniel wood,Polymarket(US),exchange,2.0400,1.6667,+104,-150,2026-08-13T12:16:05.465140+00:00,1.08,complete
2026-08-13T13:20:49.217295+00:00,9648,felipe lima|morgan charriere,morgan-charriere-vs-felipe-lima-80334,2026-09-05,UFC Fight Night: Parnasse vs. Hooker,ufc,felipe lima,morgan charriere,Polymarket(US),exchange,1.4484,2.1700,-223,+117,2026-08-12T14:46:23.209206+00:00,22.57,complete
2026-08-13T13:20:49.217295+00:00,9700,jean silva|yair rodriguez,yair-rodriguez-vs-jean-silva-80617,2026-09-12,UFC Noche: Rodriguez vs. Silva,ufc,jean silva,yair rodriguez,BetOnline,sportsbook,1.2857,3.8000,-350,+280,2026-08-11T19:41:57.657082+00:00,41.65,complete
2026-08-13T13:20:49.217295+00:00,9700,jean silva|yair rodriguez,yair-rodriguez-vs-jean-silva-80617,2026-09-12,UFC Noche: Rodriguez vs. Silva,ufc,jean silva,yair rodriguez,MyBookie,sportsbook,1.2558,3.5000,-391,+250,2026-08-11T15:20:41.505617+00:00,46.0,complete
2026-08-13T13:20:49.217295+00:00,9700,jean silva|yair rodriguez,yair-rodriguez-vs-jean-silva-80617,2026-09-12,UFC Noche: Rodriguez vs. Silva,ufc,jean silva,yair rodriguez,Stake,sportsbook,1.2801,3.7000,-357,+270,2026-08-10T02:40:08.368922+00:00,82.68,complete
2026-08-13T13:20:49.217295+00:00,9700,jean silva|yair rodriguez,yair-rodriguez-vs-jean-silva-80617,2026-09-12,UFC Noche: Rodriguez vs. Silva,ufc,jean silva,yair rodriguez,BetRivers,sportsbook,1.2703,3.7500,-370,+275,2026-08-08T23:17:32.819882+00:00,110.05,complete
2026-08-13T13:20:49.217295+00:00,9700,jean silva|yair rodriguez,yair-rodriguez-vs-jean-silva-80617,2026-09-12,UFC Noche: Rodriguez vs. Silva,ufc,jean silva,yair rodriguez,BetUS,sportsbook,1.2857,3.7900,-350,+279,2026-08-08T14:40:29.334931+00:00,118.67,complete
2026-08-13T13:20:49.217295+00:00,9700,jean silva|yair rodriguez,yair-rodriguez-vs-jean-silva-80617,2026-09-12,UFC Noche: Rodriguez vs. Silva,ufc,jean silva,yair rodriguez,Betway,sportsbook,1.2857,3.5000,-350,+250,2026-08-07T08:01:29.386048+00:00,149.32,complete
2026-08-13T13:20:49.217295+00:00,9700,jean silva|yair rodriguez,yair-rodriguez-vs-jean-silva-80617,2026-09-12,UFC Noche: Rodriguez vs. Silva,ufc,jean silva,yair rodriguez,Bet365,sportsbook,1.3205,3.5000,-312,+250,2026-08-07T03:00:54.147115+00:00,154.33,complete
2026-08-13T13:20:49.217295+00:00,9700,jean silva|yair rodriguez,yair-rodriguez-vs-jean-silva-80617,2026-09-12,UFC Noche: Rodriguez vs. Silva,ufc,jean silva,yair rodriguez,HardRockBet,sportsbook,1.2667,3.7500,-375,+275,2026-08-06T16:12:22.969303+00:00,165.14,complete
2026-08-13T13:20:49.217295+00:00,9700,jean silva|yair rodriguez,yair-rodriguez-vs-jean-silva-80617,2026-09-12,UFC Noche: Rodriguez vs. Silva,ufc,jean silva,yair rodriguez,Caesars,sportsbook,1.2857,3.7500,-350,+275,2026-08-09T23:05:26.312039+00:00,86.26,complete
2026-08-13T13:20:49.217295+00:00,9700,jean silva|yair rodriguez,yair-rodriguez-vs-jean-silva-80617,2026-09-12,UFC Noche: Rodriguez vs. Silva,ufc,jean silva,yair rodriguez,DraftKings,sportsbook,1.2817,3.8000,-355,+280,2026-08-06T18:11:54.535064+00:00,163.15,complete
2026-08-13T13:20:49.217295+00:00,9697,alexandre pantoja|josh van,josh-van-vs-alexandre-pantoja-80557,2026-09-19,UFC 331: Van vs. Pantoja 2,ufc,alexandre pantoja,josh van,BetOnline,sportsbook,1.9524,1.8696,-105,-115,2026-08-12T04:20:13.186369+00:00,33.01,complete
2026-08-13T13:20:49.217295+00:00,9697,alexandre pantoja|josh van,josh-van-vs-alexandre-pantoja-80557,2026-09-19,UFC 331: Van vs. Pantoja 2,ufc,alexandre pantoja,josh van,Novig,exchange,2.0000,1.8197,+100,-122,2026-08-12T04:30:59.930050+00:00,32.83,complete
2026-08-13T13:20:49.217295+00:00,9697,alexandre pantoja|josh van,josh-van-vs-alexandre-pantoja-80557,2026-09-19,UFC 331: Van vs. Pantoja 2,ufc,alexandre pantoja,josh van,Stake,sportsbook,1.9434,1.8696,-106,-115,2026-08-12T04:32:04.267479+00:00,32.81,complete
2026-08-13T13:20:49.217295+00:00,9697,alexandre pantoja|josh van,josh-van-vs-alexandre-pantoja-80557,2026-09-19,UFC 331: Van vs. Pantoja 2,ufc,alexandre pantoja,josh van,MyBookie,sportsbook,1.8850,1.8197,-113,-122,2026-08-12T04:44:19.909719+00:00,32.61,complete
2026-08-13T13:20:49.217295+00:00,9697,alexandre pantoja|josh van,josh-van-vs-alexandre-pantoja-80557,2026-09-19,UFC 331: Van vs. Pantoja 2,ufc,alexandre pantoja,josh van,BetRivers,sportsbook,1.9804,1.8333,-102,-120,2026-08-12T08:35:30.701984+00:00,28.76,complete
2026-08-13T13:20:49.217295+00:00,9697,alexandre pantoja|josh van,josh-van-vs-alexandre-pantoja-80557,2026-09-19,UFC 331: Van vs. Pantoja 2,ufc,alexandre pantoja,josh van,FanDuel,sportsbook,1.9434,1.8333,-106,-120,2026-08-08T16:03:15.861664+00:00,117.29,complete
2026-08-13T13:20:49.217295+00:00,9697,alexandre pantoja|josh van,josh-van-vs-alexandre-pantoja-80557,2026-09-19,UFC 331: Van vs. Pantoja 2,ufc,alexandre pantoja,josh van,Betway,sportsbook,1.9524,1.8333,-105,-120,2026-08-07T07:56:27.510997+00:00,149.41,complete
2026-08-13T13:20:49.217295+00:00,9697,alexandre pantoja|josh van,josh-van-vs-alexandre-pantoja-80557,2026-09-19,UFC 331: Van vs. Pantoja 2,ufc,alexandre pantoja,josh van,HardRockBet,sportsbook,2.0000,1.8333,+100,-120,2026-08-11T14:42:27.318902+00:00,46.64,complete
2026-08-13T13:20:49.217295+00:00,9697,alexandre pantoja|josh van,josh-van-vs-alexandre-pantoja-80557,2026-09-19,UFC 331: Van vs. Pantoja 2,ufc,alexandre pantoja,josh van,Bet365,sportsbook,2.0000,1.8333,+100,-120,2026-08-09T17:01:00.840759+00:00,92.33,complete
2026-08-13T13:20:49.217295+00:00,9697,alexandre pantoja|josh van,josh-van-vs-alexandre-pantoja-80557,2026-09-19,UFC 331: Van vs. Pantoja 2,ufc,alexandre pantoja,josh van,Caesars,sportsbook,2.0500,1.8000,+105,-125,2026-08-09T06:05:14.615295+00:00,103.26,complete
2026-08-13T13:20:49.217295+00:00,9697,alexandre pantoja|josh van,josh-van-vs-alexandre-pantoja-80557,2026-09-19,UFC 331: Van vs. Pantoja 2,ufc,alexandre pantoja,josh van,DraftKings,sportsbook,1.9524,1.8696,-105,-115,2026-08-12T08:42:51.047145+00:00,28.63,complete
2026-08-13T13:20:49.217295+00:00,9697,arman tsarukyan|mauricio ruffy,arman-tsarukyan-vs-mauricio-ruffy-80643,2026-09-19,UFC 331: Van vs. Pantoja 2,ufc,arman tsarukyan,mauricio ruffy,Bet365,sportsbook,1.2597,4.0000,-385,+300,2026-08-13T12:30:35.707825+00:00,0.84,complete
2026-08-13T13:20:49.217295+00:00,9697,arman tsarukyan|mauricio ruffy,arman-tsarukyan-vs-mauricio-ruffy-80643,2026-09-19,UFC 331: Van vs. Pantoja 2,ufc,arman tsarukyan,mauricio ruffy,BetOnline,sportsbook,1.2632,4.0300,-380,+303,2026-08-13T03:01:08.752362+00:00,10.33,complete
2026-08-13T13:20:49.217295+00:00,9697,arman tsarukyan|mauricio ruffy,arman-tsarukyan-vs-mauricio-ruffy-80643,2026-09-19,UFC 331: Van vs. Pantoja 2,ufc,arman tsarukyan,mauricio ruffy,Novig,exchange,1.2193,4.0000,-456,+300,2026-08-12T02:15:49.033050+00:00,35.08,complete
2026-08-13T13:20:49.217295+00:00,9697,arman tsarukyan|mauricio ruffy,arman-tsarukyan-vs-mauricio-ruffy-80643,2026-09-19,UFC 331: Van vs. Pantoja 2,ufc,arman tsarukyan,mauricio ruffy,Stake,sportsbook,1.2703,3.7500,-370,+275,2026-08-10T02:40:08.617544+00:00,82.68,complete
2026-08-13T13:20:49.217295+00:00,9697,arman tsarukyan|mauricio ruffy,arman-tsarukyan-vs-mauricio-ruffy-80643,2026-09-19,UFC 331: Van vs. Pantoja 2,ufc,arman tsarukyan,mauricio ruffy,MyBookie,sportsbook,1.2500,3.5500,-400,+255,2026-08-09T06:04:29.653036+00:00,103.27,complete
2026-08-13T13:20:49.217295+00:00,9697,arman tsarukyan|mauricio ruffy,arman-tsarukyan-vs-mauricio-ruffy-80643,2026-09-19,UFC 331: Van vs. Pantoja 2,ufc,arman tsarukyan,mauricio ruffy,FanDuel,sportsbook,1.2564,3.8000,-390,+280,2026-08-08T16:03:15.933403+00:00,117.29,complete
2026-08-13T13:20:49.217295+00:00,9697,arman tsarukyan|mauricio ruffy,arman-tsarukyan-vs-mauricio-ruffy-80643,2026-09-19,UFC 331: Van vs. Pantoja 2,ufc,arman tsarukyan,mauricio ruffy,Betway,sportsbook,1.2500,4.0000,-400,+300,2026-08-07T07:56:27.500516+00:00,149.41,complete
2026-08-13T13:20:49.217295+00:00,9697,arman tsarukyan|mauricio ruffy,arman-tsarukyan-vs-mauricio-ruffy-80643,2026-09-19,UFC 331: Van vs. Pantoja 2,ufc,arman tsarukyan,mauricio ruffy,DraftKings,sportsbook,1.2778,3.8500,-360,+285,2026-08-06T17:42:00.625952+00:00,163.65,complete
2026-08-13T13:20:49.217295+00:00,9697,robelis despaigne|tai tuivasa,tai-tuivasa-vs-robelis-despaigne-80632,2026-09-19,UFC 331: Van vs. Pantoja 2,ufc,robelis despaigne,tai tuivasa,BetOnline,sportsbook,1.2105,4.6700,-475,+367,2026-08-13T03:01:08.065149+00:00,10.33,complete
2026-08-13T13:20:49.217295+00:00,9697,robelis despaigne|tai tuivasa,tai-tuivasa-vs-robelis-despaigne-80632,2026-09-19,UFC 331: Van vs. Pantoja 2,ufc,robelis despaigne,tai tuivasa,Novig,exchange,1.1629,4.6500,-614,+365,2026-08-10T19:30:37.836785+00:00,65.84,complete
2026-08-13T13:20:49.217295+00:00,9697,robelis despaigne|tai tuivasa,tai-tuivasa-vs-robelis-despaigne-80632,2026-09-19,UFC 331: Van vs. Pantoja 2,ufc,robelis despaigne,tai tuivasa,Stake,sportsbook,1.2198,4.3000,-455,+330,2026-08-10T02:40:08.675625+00:00,82.68,complete
2026-08-13T13:20:49.217295+00:00,9697,robelis despaigne|tai tuivasa,tai-tuivasa-vs-robelis-despaigne-80632,2026-09-19,UFC 331: Van vs. Pantoja 2,ufc,robelis despaigne,tai tuivasa,MyBookie,sportsbook,1.2041,4.0000,-490,+300,2026-08-09T06:04:29.687404+00:00,103.27,complete
2026-08-13T13:20:49.217295+00:00,9697,robelis despaigne|tai tuivasa,tai-tuivasa-vs-robelis-despaigne-80632,2026-09-19,UFC 331: Van vs. Pantoja 2,ufc,robelis despaigne,tai tuivasa,FanDuel,sportsbook,1.1887,4.6000,-530,+360,2026-08-08T16:03:15.916870+00:00,117.29,complete
2026-08-13T13:20:49.217295+00:00,9697,robelis despaigne|tai tuivasa,tai-tuivasa-vs-robelis-despaigne-80632,2026-09-19,UFC 331: Van vs. Pantoja 2,ufc,robelis despaigne,tai tuivasa,Betway,sportsbook,1.2000,4.5000,-500,+350,2026-08-07T08:01:31.281348+00:00,149.32,complete
2026-08-13T13:20:49.217295+00:00,9697,robelis despaigne|tai tuivasa,tai-tuivasa-vs-robelis-despaigne-80632,2026-09-19,UFC 331: Van vs. Pantoja 2,ufc,robelis despaigne,tai tuivasa,DraftKings,sportsbook,1.2000,4.8000,-500,+380,2026-08-05T21:01:07.669494+00:00,184.33,complete
2026-08-13T13:20:49.217295+00:00,9697,gable steveson|sean sharaf,gable-steveson-vs-sean-sharaf-80633,2026-09-19,UFC 331: Van vs. Pantoja 2,ufc,gable steveson,sean sharaf,Stake,sportsbook,1.0800,8.0000,-1250,+700,2026-08-10T02:40:08.746444+00:00,82.68,complete
2026-08-13T13:20:49.217295+00:00,9697,gable steveson|sean sharaf,gable-steveson-vs-sean-sharaf-80633,2026-09-19,UFC 331: Van vs. Pantoja 2,ufc,gable steveson,sean sharaf,MyBookie,sportsbook,1.0710,6.9000,-1408,+590,2026-08-09T06:04:29.666195+00:00,103.27,complete
2026-08-13T13:20:49.217295+00:00,9697,gable steveson|sean sharaf,gable-steveson-vs-sean-sharaf-80633,2026-09-19,UFC 331: Van vs. Pantoja 2,ufc,gable steveson,sean sharaf,FanDuel,sportsbook,1.0556,9.0000,-1800,+800,2026-08-08T16:03:15.825934+00:00,117.29,complete
2026-08-13T13:20:49.217295+00:00,9697,gable steveson|sean sharaf,gable-steveson-vs-sean-sharaf-80633,2026-09-19,UFC 331: Van vs. Pantoja 2,ufc,gable steveson,sean sharaf,Betway,sportsbook,1.0710,7.0000,-1408,+600,2026-08-07T07:56:27.517257+00:00,149.41,complete
2026-08-13T13:20:49.217295+00:00,9697,gable steveson|sean sharaf,gable-steveson-vs-sean-sharaf-80633,2026-09-19,UFC 331: Van vs. Pantoja 2,ufc,gable steveson,sean sharaf,DraftKings,sportsbook,1.0833,8.5000,-1200,+750,2026-08-12T16:19:10.082810+00:00,21.03,complete
2026-08-13T13:20:49.217295+00:00,9697,gable steveson|sean sharaf,gable-steveson-vs-sean-sharaf-80633,2026-09-19,UFC 331: Van vs. Pantoja 2,ufc,gable steveson,sean sharaf,BetOnline,sportsbook,1.0667,7.0000,-1500,+600,2026-08-06T21:04:30.884171+00:00,160.27,complete
2026-08-13T14:35:14.620940+00:00,9086,ian garry|islam makhachev,islam-makhachev-vs-ian-garry-79253,2026-08-15,UFC 330: Makhachev vs. Machado Garry,ufc,ian garry,islam makhachev,SXBet,exchange,3.7200,1.3049,+272,-328,2026-08-13T13:35:21.069553+00:00,1.0,complete
2026-08-13T14:35:14.620940+00:00,9086,ian garry|islam makhachev,islam-makhachev-vs-ian-garry-79253,2026-08-15,UFC 330: Makhachev vs. Machado Garry,ufc,ian garry,islam makhachev,ProphetX,exchange,4.2000,1.3030,+320,-330,2026-08-13T14:31:23.771141+00:00,0.06,complete
2026-08-13T14:35:14.620940+00:00,9086,gillian robertson|mackenzie dern,mackenzie-dern-vs-gillian-robertson-79254,2026-08-15,UFC 330: Makhachev vs. Machado Garry,ufc,gillian robertson,mackenzie dern,BetAnything,sportsbook,2.8000,1.4651,+180,-215,2026-08-13T14:34:25.529238+00:00,0.01,complete
2026-08-13T14:35:14.620940+00:00,9086,gillian robertson|mackenzie dern,mackenzie-dern-vs-gillian-robertson-79254,2026-08-15,UFC 330: Makhachev vs. Machado Garry,ufc,gillian robertson,mackenzie dern,BetOnline,sportsbook,2.8300,1.4651,+183,-215,2026-08-13T14:35:12.289829+00:00,0.0,complete
2026-08-13T14:35:14.620940+00:00,9086,gillian robertson|mackenzie dern,mackenzie-dern-vs-gillian-robertson-79254,2026-08-15,UFC 330: Makhachev vs. Machado Garry,ufc,gillian robertson,mackenzie dern,SXBet,exchange,2.6100,1.4950,+161,-202,2026-08-13T13:40:33.845711+00:00,0.91,complete
2026-08-13T14:35:14.620940+00:00,9086,gillian robertson|mackenzie dern,mackenzie-dern-vs-gillian-robertson-79254,2026-08-15,UFC 330: Makhachev vs. Machado Garry,ufc,gillian robertson,mackenzie dern,Novig,exchange,2.9000,1.4926,+190,-203,2026-08-13T14:30:35.013836+00:00,0.08,complete
2026-08-13T14:35:14.620940+00:00,9086,gillian robertson|mackenzie dern,mackenzie-dern-vs-gillian-robertson-79254,2026-08-15,UFC 330: Makhachev vs. Machado Garry,ufc,gillian robertson,mackenzie dern,Bookmaker,sportsbook,2.6800,1.5000,+168,-200,2026-08-13T14:01:03.512826+00:00,0.57,complete
2026-08-13T14:35:14.620940+00:00,9086,gillian robertson|mackenzie dern,mackenzie-dern-vs-gillian-robertson-79254,2026-08-15,UFC 330: Makhachev vs. Machado Garry,ufc,gillian robertson,mackenzie dern,ProphetX,exchange,2.9000,1.4762,+190,-210,2026-08-13T14:21:18.071697+00:00,0.23,complete
2026-08-13T14:35:14.620940+00:00,9086,gillian robertson|mackenzie dern,mackenzie-dern-vs-gillian-robertson-79254,2026-08-15,UFC 330: Makhachev vs. Machado Garry,ufc,gillian robertson,mackenzie dern,Polymarket,exchange,2.7000,1.5618,+170,-178,2026-08-13T13:34:36.696238+00:00,1.01,complete
2026-08-13T14:35:14.620940+00:00,9086,gillian robertson|mackenzie dern,mackenzie-dern-vs-gillian-robertson-79254,2026-08-15,UFC 330: Makhachev vs. Machado Garry,ufc,gillian robertson,mackenzie dern,Bet105,sportsbook,2.7700,1.4762,+177,-210,2026-08-13T14:23:22.896828+00:00,0.2,complete
2026-08-13T14:35:14.620940+00:00,9086,jalin turner|kaue fernandes,jalin-turner-vs-kaue-fernandes-79619,2026-08-15,UFC 330: Makhachev vs. Machado Garry,ufc,jalin turner,kaue fernandes,BetAnything,sportsbook,1.6667,2.2000,-150,+120,2026-08-13T13:49:22.118749+00:00,0.76,complete
2026-08-13T14:35:14.620940+00:00,9086,jalin turner|kaue fernandes,jalin-turner-vs-kaue-fernandes-79619,2026-08-15,UFC 330: Makhachev vs. Machado Garry,ufc,jalin turner,kaue fernandes,Polymarket,exchange,1.6944,2.3800,-144,+138,2026-08-13T14:09:30.291866+00:00,0.43,complete
2026-08-13T14:35:14.620940+00:00,9086,dustin stoltzfus|mansur abdul malik,mansur-abdul-malik-vs-dustin-stoltzfus-79270,2026-08-15,UFC 330: Makhachev vs. Machado Garry,ufc,dustin stoltzfus,mansur abdul malik,ProphetX,exchange,6.4000,1.1515,+540,-660,2026-08-13T14:01:27.156726+00:00,0.56,complete
2026-08-13T14:35:14.620940+00:00,9086,dustin stoltzfus|mansur abdul malik,mansur-abdul-malik-vs-dustin-stoltzfus-79270,2026-08-15,UFC 330: Makhachev vs. Machado Garry,ufc,dustin stoltzfus,mansur abdul malik,DraftKings,sportsbook,5.9000,1.1481,+490,-675,2026-08-13T14:11:26.252962+00:00,0.4,complete
2026-08-13T14:35:14.620940+00:00,9086,dustin stoltzfus|mansur abdul malik,mansur-abdul-malik-vs-dustin-stoltzfus-79270,2026-08-15,UFC 330: Makhachev vs. Machado Garry,ufc,dustin stoltzfus,mansur abdul malik,Pinnacle,sportsbook,5.9700,1.1481,+497,-675,2026-08-13T13:52:56.873344+00:00,0.7,complete
2026-08-13T14:35:14.620940+00:00,9086,dustin stoltzfus|mansur abdul malik,mansur-abdul-malik-vs-dustin-stoltzfus-79270,2026-08-15,UFC 330: Makhachev vs. Machado Garry,ufc,dustin stoltzfus,mansur abdul malik,Bet105,sportsbook,5.9700,1.1481,+497,-675,2026-08-13T13:43:18.437492+00:00,0.87,complete
2026-08-13T14:35:14.620940+00:00,9086,dustin stoltzfus|mansur abdul malik,mansur-abdul-malik-vs-dustin-stoltzfus-79270,2026-08-15,UFC 330: Makhachev vs. Machado Garry,ufc,dustin stoltzfus,mansur abdul malik,Cloudbet,sportsbook,5.8500,1.1200,+485,-833,2026-08-13T13:42:30.593763+00:00,0.88,complete
2026-08-13T14:35:14.620940+00:00,9086,edson barboza|esteban ribovics,esteban-ribovics-vs-edson-barboza-79120,2026-08-15,UFC 330: Makhachev vs. Machado Garry,ufc,edson barboza,esteban ribovics,SXBet,exchange,5.9300,1.1577,+493,-634,2026-08-13T14:05:26.784225+00:00,0.5,complete
2026-08-13T14:35:14.620940+00:00,9086,edson barboza|esteban ribovics,esteban-ribovics-vs-edson-barboza-79120,2026-08-15,UFC 330: Makhachev vs. Machado Garry,ufc,edson barboza,esteban ribovics,ProphetX,exchange,6.6000,1.1538,+560,-650,2026-08-13T14:06:21.713579+00:00,0.48,complete
2026-08-13T14:35:14.620940+00:00,9086,edson barboza|esteban ribovics,esteban-ribovics-vs-edson-barboza-79120,2026-08-15,UFC 330: Makhachev vs. Machado Garry,ufc,edson barboza,esteban ribovics,Novig,exchange,6.0600,1.1629,+506,-614,2026-08-13T14:15:37.369575+00:00,0.33,complete
2026-08-13T14:35:14.620940+00:00,9086,edson barboza|esteban ribovics,esteban-ribovics-vs-edson-barboza-79120,2026-08-15,UFC 330: Makhachev vs. Machado Garry,ufc,edson barboza,esteban ribovics,Polymarket(US),exchange,6.6700,1.1629,+567,-614,2026-08-13T14:00:54.668886+00:00,0.57,complete
2026-08-13T14:35:14.620940+00:00,9086,chidi njokuani|joel alvarez,joel-alvarez-vs-chidi-njokuani-80608,2026-08-15,UFC 330: Makhachev vs. Machado Garry,ufc,chidi njokuani,joel alvarez,SXBet,exchange,3.5900,1.3448,+259,-290,2026-08-13T14:25:27.221338+00:00,0.16,complete
2026-08-13T14:35:14.620940+00:00,9086,chidi njokuani|joel alvarez,joel-alvarez-vs-chidi-njokuani-80608,2026-08-15,UFC 330: Makhachev vs. Machado Garry,ufc,chidi njokuani,joel alvarez,Polymarket,exchange,3.8500,1.3333,+285,-300,2026-08-13T14:24:33.957071+00:00,0.18,complete
2026-08-13T14:35:14.620940+00:00,9086,chidi njokuani|joel alvarez,joel-alvarez-vs-chidi-njokuani-80608,2026-08-15,UFC 330: Makhachev vs. Machado Garry,ufc,chidi njokuani,joel alvarez,ProphetX,exchange,3.5000,1.2941,+250,-340,2026-08-13T13:31:17.840243+00:00,1.07,complete
2026-08-13T14:35:14.620940+00:00,9086,charles johnson|eduardo henrique da silva,charles-johnson-vs-eduardo-henrique-da-silva-80763,2026-08-15,UFC 330: Makhachev vs. Machado Garry,ufc,charles johnson,eduardo henrique da silva,BetRivers,sportsbook,1.7874,2.0200,-127,+102,2026-08-13T14:02:26.733089+00:00,0.55,complete
2026-08-13T14:35:14.620940+00:00,9086,charles johnson|eduardo henrique da silva,charles-johnson-vs-eduardo-henrique-da-silva-80763,2026-08-15,UFC 330: Makhachev vs. Machado Garry,ufc,charles johnson,eduardo henrique da silva,Bovada,sportsbook,1.8333,2.0000,-120,+100,2026-08-13T13:59:22.882903+00:00,0.6,complete
2026-08-13T14:35:14.620940+00:00,9086,charles johnson|eduardo henrique da silva,charles-johnson-vs-eduardo-henrique-da-silva-80763,2026-08-15,UFC 330: Makhachev vs. Machado Garry,ufc,charles johnson,eduardo henrique da silva,Kalshi,exchange,1.6135,2.0800,-163,+108,2026-08-13T14:34:31.147062+00:00,0.01,complete
2026-08-13T14:35:14.620940+00:00,9086,charles johnson|eduardo henrique da silva,charles-johnson-vs-eduardo-henrique-da-silva-80763,2026-08-15,UFC 330: Makhachev vs. Machado Garry,ufc,charles johnson,eduardo henrique da silva,DraftKings,sportsbook,1.8197,2.0200,-122,+102,2026-08-13T14:11:26.193823+00:00,0.4,complete
2026-08-13T14:35:14.620940+00:00,9086,charles johnson|eduardo henrique da silva,charles-johnson-vs-eduardo-henrique-da-silva-80763,2026-08-15,UFC 330: Makhachev vs. Machado Garry,ufc,charles johnson,eduardo henrique da silva,BetOnline,sportsbook,1.8333,2.0000,-120,+100,2026-08-13T13:57:18.050191+00:00,0.63,complete
2026-08-13T14:35:14.620940+00:00,9086,donte johnson|eric mcconico,donte-johnson-vs-eric-mcconico-80309,2026-08-15,UFC 330: Makhachev vs. Machado Garry,ufc,donte johnson,eric mcconico,SXBet,exchange,1.3610,3.2300,-277,+223,2026-08-13T14:00:38.276659+00:00,0.58,complete
2026-08-13T14:35:14.620940+00:00,9086,donte johnson|eric mcconico,donte-johnson-vs-eric-mcconico-80309,2026-08-15,UFC 330: Makhachev vs. Machado Garry,ufc,donte johnson,eric mcconico,4casters,exchange,1.4032,3.2300,-248,+223,2026-08-13T14:20:27.868618+00:00,0.25,complete
2026-08-13T14:35:14.620940+00:00,9086,donte johnson|eric mcconico,donte-johnson-vs-eric-mcconico-80309,2026-08-15,UFC 330: Makhachev vs. Machado Garry,ufc,donte johnson,eric mcconico,ProphetX,exchange,1.3704,3.2000,-270,+220,2026-08-13T14:01:27.264307+00:00,0.56,complete
2026-08-13T14:35:14.620940+00:00,9086,donte johnson|eric mcconico,donte-johnson-vs-eric-mcconico-80309,2026-08-15,UFC 330: Makhachev vs. Machado Garry,ufc,donte johnson,eric mcconico,Novig,exchange,1.4082,3.2300,-245,+223,2026-08-13T13:30:24.763382+00:00,1.08,complete
2026-08-13T14:35:14.620940+00:00,9086,donte johnson|eric mcconico,donte-johnson-vs-eric-mcconico-80309,2026-08-15,UFC 330: Makhachev vs. Machado Garry,ufc,donte johnson,eric mcconico,Stake,sportsbook,1.4098,3.0500,-244,+205,2026-08-13T13:36:58.338314+00:00,0.97,complete
2026-08-13T14:35:14.620940+00:00,9086,tresean gore|vicente luque,vicente-luque-vs-tresean-gore-79238,2026-08-15,UFC 330: Makhachev vs. Machado Garry,ufc,tresean gore,vicente luque,BetAnything,sportsbook,1.8000,1.9524,-125,-105,2026-08-13T14:29:27.636625+00:00,0.1,complete
2026-08-13T14:35:14.620940+00:00,9086,tresean gore|vicente luque,vicente-luque-vs-tresean-gore-79238,2026-08-15,UFC 330: Makhachev vs. Machado Garry,ufc,tresean gore,vicente luque,ProphetX,exchange,1.8403,2.1200,-119,+112,2026-08-13T14:21:18.144383+00:00,0.23,complete
2026-08-13T14:35:14.620940+00:00,9086,tresean gore|vicente luque,vicente-luque-vs-tresean-gore-79238,2026-08-15,UFC 330: Makhachev vs. Machado Garry,ufc,tresean gore,vicente luque,Kalshi,exchange,1.9259,2.0000,-108,+100,2026-08-13T13:49:24.086065+00:00,0.76,complete
2026-08-13T14:35:14.620940+00:00,9086,tresean gore|vicente luque,vicente-luque-vs-tresean-gore-79238,2026-08-15,UFC 330: Makhachev vs. Machado Garry,ufc,tresean gore,vicente luque,Novig,exchange,1.8547,2.1500,-117,+115,2026-08-13T14:30:35.101016+00:00,0.08,complete
2026-08-13T14:35:14.620940+00:00,9086,tresean gore|vicente luque,vicente-luque-vs-tresean-gore-79238,2026-08-15,UFC 330: Makhachev vs. Machado Garry,ufc,tresean gore,vicente luque,Polymarket(US),exchange,1.9259,2.0400,-108,+104,2026-08-13T14:00:54.810730+00:00,0.57,complete
2026-08-13T14:35:14.620940+00:00,9086,lucas fernando|rafael tobias,lucas-fernando-vs-rafael-tobias-80111,2026-08-15,UFC 330: Makhachev vs. Machado Garry,ufc,lucas fernando,rafael tobias,ProphetX,exchange,1.3333,3.2500,-300,+225,2026-08-13T13:31:17.828980+00:00,1.07,complete
2026-08-13T14:35:14.620940+00:00,9086,neil magny|ramiz brahimaj,neil-magny-vs-ramiz-brahimaj-79618,2026-08-15,UFC 330: Makhachev vs. Machado Garry,ufc,neil magny,ramiz brahimaj,BetUS,sportsbook,2.1400,1.7407,+114,-135,2026-08-13T14:05:07.500842+00:00,0.5,complete
2026-08-13T14:35:14.620940+00:00,9086,neil magny|ramiz brahimaj,neil-magny-vs-ramiz-brahimaj-79618,2026-08-15,UFC 330: Makhachev vs. Machado Garry,ufc,neil magny,ramiz brahimaj,4casters,exchange,2.1900,1.7634,+119,-131,2026-08-13T14:25:25.264963+00:00,0.16,complete
2026-08-13T14:35:14.620940+00:00,9086,neil magny|ramiz brahimaj,neil-magny-vs-ramiz-brahimaj-79618,2026-08-15,UFC 330: Makhachev vs. Machado Garry,ufc,neil magny,ramiz brahimaj,SXBet,exchange,2.2000,1.7752,+120,-129,2026-08-13T14:25:27.142910+00:00,0.16,complete
2026-08-13T14:35:14.620940+00:00,9086,neil magny|ramiz brahimaj,neil-magny-vs-ramiz-brahimaj-79618,2026-08-15,UFC 330: Makhachev vs. Machado Garry,ufc,neil magny,ramiz brahimaj,ProphetX,exchange,2.2700,1.7692,+127,-130,2026-08-13T14:26:24.318476+00:00,0.15,complete
2026-08-13T14:35:14.620940+00:00,9086,neil magny|ramiz brahimaj,neil-magny-vs-ramiz-brahimaj-79618,2026-08-15,UFC 330: Makhachev vs. Machado Garry,ufc,neil magny,ramiz brahimaj,Novig,exchange,2.2500,1.7692,+125,-130,2026-08-13T14:30:35.317713+00:00,0.08,complete
2026-08-13T14:35:14.620940+00:00,9086,jeremiah wells|myktybek orolbai,jeremiah-wells-vs-myktybek-orolbai-79363,2026-08-15,UFC 330: Makhachev vs. Machado Garry,ufc,jeremiah wells,myktybek orolbai,Kalshi,exchange,7.6900,1.1236,+669,-809,2026-08-13T13:44:20.788626+00:00,0.85,complete
2026-08-13T14:35:14.620940+00:00,9086,jeremiah wells|myktybek orolbai,jeremiah-wells-vs-myktybek-orolbai-79363,2026-08-15,UFC 330: Makhachev vs. Machado Garry,ufc,jeremiah wells,myktybek orolbai,ProphetX,exchange,7.7000,1.1064,+670,-940,2026-08-13T14:01:27.171493+00:00,0.56,complete
2026-08-13T14:35:14.620940+00:00,9086,jeremiah wells|myktybek orolbai,jeremiah-wells-vs-myktybek-orolbai-79363,2026-08-15,UFC 330: Makhachev vs. Machado Garry,ufc,jeremiah wells,myktybek orolbai,Pinnacle,sportsbook,8.2100,1.0909,+721,-1100,2026-08-13T14:22:42.902075+00:00,0.21,complete
2026-08-13T14:35:14.620940+00:00,9086,jeremiah wells|myktybek orolbai,jeremiah-wells-vs-myktybek-orolbai-79363,2026-08-15,UFC 330: Makhachev vs. Machado Garry,ufc,jeremiah wells,myktybek orolbai,Bet105,sportsbook,8.1500,1.0921,+715,-1086,2026-08-13T13:58:28.399752+00:00,0.61,complete
2026-08-13T14:35:14.620940+00:00,9086,jeremiah wells|myktybek orolbai,jeremiah-wells-vs-myktybek-orolbai-79363,2026-08-15,UFC 330: Makhachev vs. Machado Garry,ufc,jeremiah wells,myktybek orolbai,Cloudbet,sportsbook,8.0000,1.0600,+700,-1667,2026-08-13T13:42:30.083587+00:00,0.88,complete
2026-08-13T14:35:14.620940+00:00,9112,alik lorenz|mahamed aly,mahamed-aly-vs-alik-lorenz-79691,2026-08-18,Contender Series 2026: Week 2,dwcs,alik lorenz,mahamed aly,Polymarket,exchange,3.3300,1.4082,+233,-245,2026-08-13T13:59:31.380722+00:00,0.6,complete
2026-08-13T14:35:14.620940+00:00,9656,anthony hernandez|gregory rodrigues,anthony-hernandez-vs-gregory-rodrigues-79524,2026-08-22,UFC Fight Night: Hernandez vs. Rodrigues,ufc,anthony hernandez,gregory rodrigues,Betway,sportsbook,1.6135,2.3000,-163,+130,2026-08-13T14:16:48.039613+00:00,0.31,complete
2026-08-13T14:35:14.620940+00:00,9656,anthony hernandez|gregory rodrigues,anthony-hernandez-vs-gregory-rodrigues-79524,2026-08-22,UFC Fight Night: Hernandez vs. Rodrigues,ufc,anthony hernandez,gregory rodrigues,Novig,exchange,1.5882,2.4400,-170,+144,2026-08-13T13:45:21.028856+00:00,0.83,complete
2026-08-13T14:35:14.620940+00:00,9656,reinier de ridder|roman dolidze,reinier-de-ridder-vs-roman-dolidze-79690,2026-08-22,UFC Fight Night: Hernandez vs. Rodrigues,ufc,reinier de ridder,roman dolidze,Polymarket,exchange,1.3333,3.8500,-300,+285,2026-08-13T13:49:25.429237+00:00,0.76,complete
2026-08-13T14:35:14.620940+00:00,9656,reinier de ridder|roman dolidze,reinier-de-ridder-vs-roman-dolidze-79690,2026-08-22,UFC Fight Night: Hernandez vs. Rodrigues,ufc,reinier de ridder,roman dolidze,Polymarket(US),exchange,1.3333,3.3300,-300,+233,2026-08-13T14:00:54.919466+00:00,0.57,complete
2026-08-13T14:35:14.620940+00:00,9656,sergey spivak|vitor petrino,sergey-spivak-vs-vitor-petrino-79082,2026-08-22,UFC Fight Night: Hernandez vs. Rodrigues,ufc,sergey spivak,vitor petrino,Novig,exchange,2.4700,1.5882,+147,-170,2026-08-13T14:00:57.359525+00:00,0.57,complete
2026-08-13T14:35:14.620940+00:00,9656,sergey spivak|vitor petrino,sergey-spivak-vs-vitor-petrino-79082,2026-08-22,UFC Fight Night: Hernandez vs. Rodrigues,ufc,sergey spivak,vitor petrino,Polymarket(US),exchange,2.3300,1.5155,+133,-194,2026-08-13T14:31:23.879124+00:00,0.06,complete
2026-08-13T14:35:14.620940+00:00,9656,kennedy nzechukwu|shamil gaziev,shamil-gaziev-vs-kennedy-nzechukwu-79812,2026-08-22,UFC Fight Night: Hernandez vs. Rodrigues,ufc,kennedy nzechukwu,shamil gaziev,Bet105,sportsbook,1.9709,1.8850,-103,-113,2026-08-13T14:13:17.766762+00:00,0.37,complete
2026-08-13T14:35:14.620940+00:00,9656,kennedy nzechukwu|shamil gaziev,shamil-gaziev-vs-kennedy-nzechukwu-79812,2026-08-22,UFC Fight Night: Hernandez vs. Rodrigues,ufc,kennedy nzechukwu,shamil gaziev,Polymarket,exchange,2.0000,1.9259,+100,-108,2026-08-13T13:49:25.501815+00:00,0.76,complete
2026-08-13T14:35:14.620940+00:00,9656,kennedy nzechukwu|shamil gaziev,shamil-gaziev-vs-kennedy-nzechukwu-79812,2026-08-22,UFC Fight Night: Hernandez vs. Rodrigues,ufc,kennedy nzechukwu,shamil gaziev,Polymarket(US),exchange,1.9615,1.9259,-104,-108,2026-08-13T14:00:54.933439+00:00,0.57,complete
2026-08-13T14:35:14.620940+00:00,9111,gary balletto jr|sean clancy jr,sean-clancy-jr-vs-gary-balletto-jr-79266,2026-08-25,Contender Series 2026: Week 3,dwcs,gary balletto jr,sean clancy jr,Polymarket,exchange,1.0309,20.0000,-3233,+1900,2026-08-13T14:34:32.977013+00:00,0.01,complete
2026-08-13T14:35:14.620940+00:00,8869,umar nurmagomedov|yadong song,umar-nurmagomedov-vs-yadong-song-79649,2026-08-29,UFC Fight Night: Nurmagomedov vs. Song,ufc,umar nurmagomedov,yadong song,Polymarket(US),exchange,1.2347,3.7000,-426,+270,2026-08-13T14:31:23.937647+00:00,0.06,complete
2026-08-13T14:35:14.620940+00:00,8869,kevin borjas|rei tsuruya,rei-tsuruya-vs-kevin-borjas-79779,2026-08-29,UFC Fight Night: Nurmagomedov vs. Song,ufc,kevin borjas,rei tsuruya,Polymarket(US),exchange,3.1200,1.2193,+212,-456,2026-08-13T14:31:23.970212+00:00,0.06,complete
2026-08-13T14:35:14.620940+00:00,9648,michael page|nursultan ruziboev,michael-page-vs-nursultan-ruziboev-80092,2026-09-05,UFC Fight Night: Parnasse vs. Hooker,ufc,michael page,nursultan ruziboev,Polymarket(US),exchange,1.4082,2.5600,-245,+156,2026-08-13T14:00:55.437145+00:00,0.57,complete
2026-08-13T14:35:14.620940+00:00,9648,kurtis campbell|trevor peek,kurtis-campbell-vs-trevor-peek-80036,2026-09-05,UFC Fight Night: Parnasse vs. Hooker,ufc,kurtis campbell,trevor peek,Polymarket(US),exchange,1.2660,2.9400,-376,+194,2026-08-13T14:31:24.341823+00:00,0.06,complete
2026-08-13T14:35:14.620940+00:00,9697,alexandre pantoja|josh van,josh-van-vs-alexandre-pantoja-80557,2026-09-19,UFC 331: Van vs. Pantoja 2,ufc,alexandre pantoja,josh van,BetOnline,sportsbook,2.1000,1.7692,+110,-130,2026-08-13T13:46:28.100810+00:00,0.81,complete
2026-08-13T14:35:14.620940+00:00,9697,alexandre pantoja|josh van,josh-van-vs-alexandre-pantoja-80557,2026-09-19,UFC 331: Van vs. Pantoja 2,ufc,alexandre pantoja,josh van,Novig,exchange,2.0000,1.8000,+100,-125,2026-08-13T14:00:57.265900+00:00,0.57,complete
2026-08-13T14:35:14.620940+00:00,9697,alexandre pantoja|josh van,josh-van-vs-alexandre-pantoja-80557,2026-09-19,UFC 331: Van vs. Pantoja 2,ufc,alexandre pantoja,josh van,Stake,sportsbook,2.0700,1.7576,+107,-132,2026-08-13T14:34:22.297998+00:00,0.01,complete
2026-08-13T14:35:14.620940+00:00,9697,alexandre pantoja|josh van,josh-van-vs-alexandre-pantoja-80557,2026-09-19,UFC 331: Van vs. Pantoja 2,ufc,alexandre pantoja,josh van,MyBookie,sportsbook,2.0100,1.7143,+101,-140,2026-08-13T13:54:25.283200+00:00,0.68,complete
2026-08-13T14:35:14.620940+00:00,9697,alexandre pantoja|josh van,josh-van-vs-alexandre-pantoja-80557,2026-09-19,UFC 331: Van vs. Pantoja 2,ufc,alexandre pantoja,josh van,DraftKings,sportsbook,2.0500,1.8000,+105,-125,2026-08-13T14:11:26.439573+00:00,0.4,complete
2026-08-13T14:35:14.620940+00:00,9697,arman tsarukyan|mauricio ruffy,arman-tsarukyan-vs-mauricio-ruffy-80643,2026-09-19,UFC 331: Van vs. Pantoja 2,ufc,arman tsarukyan,mauricio ruffy,Stake,sportsbook,1.2703,3.8000,-370,+280,2026-08-13T14:34:22.304832+00:00,0.01,complete
2026-08-13T14:35:14.620940+00:00,9697,arman tsarukyan|mauricio ruffy,arman-tsarukyan-vs-mauricio-ruffy-80643,2026-09-19,UFC 331: Van vs. Pantoja 2,ufc,arman tsarukyan,mauricio ruffy,MyBookie,sportsbook,1.2439,3.6000,-410,+260,2026-08-13T14:14:23.431005+00:00,0.35,complete
2026-08-13T14:35:14.620940+00:00,9697,robelis despaigne|tai tuivasa,tai-tuivasa-vs-robelis-despaigne-80632,2026-09-19,UFC 331: Van vs. Pantoja 2,ufc,robelis despaigne,tai tuivasa,Stake,sportsbook,1.2000,4.6000,-500,+360,2026-08-13T14:34:22.310208+00:00,0.01,complete
2026-08-13T14:35:14.620940+00:00,9697,robelis despaigne|tai tuivasa,tai-tuivasa-vs-robelis-despaigne-80632,2026-09-19,UFC 331: Van vs. Pantoja 2,ufc,robelis despaigne,tai tuivasa,MyBookie,sportsbook,1.1821,4.3000,-549,+330,2026-08-13T14:14:23.446537+00:00,0.35,complete
2026-08-13T15:48:12.489294+00:00,9086,ian garry|islam makhachev,islam-makhachev-vs-ian-garry-79253,2026-08-15,UFC 330: Makhachev vs. Machado Garry,ufc,ian garry,islam makhachev,SXBet,exchange,3.8600,1.2882,+286,-347,2026-08-13T15:35:10.603701+00:00,0.22,complete
2026-08-13T15:48:12.489294+00:00,9086,ian garry|islam makhachev,islam-makhachev-vs-ian-garry-79253,2026-08-15,UFC 330: Makhachev vs. Machado Garry,ufc,ian garry,islam makhachev,4Cx,exchange,3.9700,1.2959,+297,-338,2026-08-13T15:26:25.428917+00:00,0.36,complete
2026-08-13T15:48:12.489294+00:00,9086,ian garry|islam makhachev,islam-makhachev-vs-ian-garry-79253,2026-08-15,UFC 330: Makhachev vs. Machado Garry,ufc,ian garry,islam makhachev,4casters,exchange,4.0400,1.3021,+304,-331,2026-08-13T15:25:24.938770+00:00,0.38,complete
2026-08-13T15:48:12.489294+00:00,9086,ian garry|islam makhachev,islam-makhachev-vs-ian-garry-79253,2026-08-15,UFC 330: Makhachev vs. Machado Garry,ufc,ian garry,islam makhachev,Novig,exchange,4.1700,1.3067,+317,-326,2026-08-13T15:30:39.176687+00:00,0.29,complete
2026-08-13T15:48:12.489294+00:00,9086,gillian robertson|mackenzie dern,mackenzie-dern-vs-gillian-robertson-79254,2026-08-15,UFC 330: Makhachev vs. Machado Garry,ufc,gillian robertson,mackenzie dern,SXBet,exchange,2.7900,1.4950,+179,-202,2026-08-13T14:40:52.582055+00:00,1.12,complete
2026-08-13T15:48:12.489294+00:00,9086,gillian robertson|mackenzie dern,mackenzie-dern-vs-gillian-robertson-79254,2026-08-15,UFC 330: Makhachev vs. Machado Garry,ufc,gillian robertson,mackenzie dern,4Cx,exchange,2.7300,1.5000,+173,-200,2026-08-13T15:26:25.413777+00:00,0.36,complete
2026-08-13T15:48:12.489294+00:00,9086,gillian robertson|mackenzie dern,mackenzie-dern-vs-gillian-robertson-79254,2026-08-15,UFC 330: Makhachev vs. Machado Garry,ufc,gillian robertson,mackenzie dern,4casters,exchange,2.7600,1.5102,+176,-196,2026-08-13T15:20:46.947946+00:00,0.46,complete
2026-08-13T15:48:12.489294+00:00,9086,gillian robertson|mackenzie dern,mackenzie-dern-vs-gillian-robertson-79254,2026-08-15,UFC 330: Makhachev vs. Machado Garry,ufc,gillian robertson,mackenzie dern,Kalshi,exchange,2.8600,1.5155,+186,-194,2026-08-13T15:39:20.768838+00:00,0.15,complete
2026-08-13T15:48:12.489294+00:00,9086,gillian robertson|mackenzie dern,mackenzie-dern-vs-gillian-robertson-79254,2026-08-15,UFC 330: Makhachev vs. Machado Garry,ufc,gillian robertson,mackenzie dern,Novig,exchange,2.9400,1.4926,+194,-203,2026-08-13T15:45:18.458617+00:00,0.05,complete
2026-08-13T15:48:12.489294+00:00,9086,gillian robertson|mackenzie dern,mackenzie-dern-vs-gillian-robertson-79254,2026-08-15,UFC 330: Makhachev vs. Machado Garry,ufc,gillian robertson,mackenzie dern,ProphetX,exchange,2.8600,1.4762,+186,-210,2026-08-13T14:41:16.345799+00:00,1.12,complete
2026-08-13T15:48:12.489294+00:00,9086,gillian robertson|mackenzie dern,mackenzie-dern-vs-gillian-robertson-79254,2026-08-15,UFC 330: Makhachev vs. Machado Garry,ufc,gillian robertson,mackenzie dern,ReBet,sportsbook,2.7400,1.4386,+174,-228,2026-08-13T14:45:34.163660+00:00,1.04,complete
2026-08-13T15:48:12.489294+00:00,9086,gillian robertson|mackenzie dern,mackenzie-dern-vs-gillian-robertson-79254,2026-08-15,UFC 330: Makhachev vs. Machado Garry,ufc,gillian robertson,mackenzie dern,MyBookie,sportsbook,2.7400,1.4386,+174,-228,2026-08-13T14:49:36.140923+00:00,0.98,complete
2026-08-13T15:48:12.489294+00:00,9086,gillian robertson|mackenzie dern,mackenzie-dern-vs-gillian-robertson-79254,2026-08-15,UFC 330: Makhachev vs. Machado Garry,ufc,gillian robertson,mackenzie dern,Stake,sportsbook,2.8000,1.4608,+180,-217,2026-08-13T15:39:15.167897+00:00,0.15,complete
2026-08-13T15:48:12.489294+00:00,9086,jalin turner|kaue fernandes,jalin-turner-vs-kaue-fernandes-79619,2026-08-15,UFC 330: Makhachev vs. Machado Garry,ufc,jalin turner,kaue fernandes,4Cx,exchange,1.6623,2.2900,-151,+129,2026-08-13T15:31:30.910842+00:00,0.28,complete
2026-08-13T15:48:12.489294+00:00,9086,jalin turner|kaue fernandes,jalin-turner-vs-kaue-fernandes-79619,2026-08-15,UFC 330: Makhachev vs. Machado Garry,ufc,jalin turner,kaue fernandes,4casters,exchange,1.6803,2.3200,-147,+132,2026-08-13T15:30:43.079610+00:00,0.29,complete
2026-08-13T15:48:12.489294+00:00,9086,jalin turner|kaue fernandes,jalin-turner-vs-kaue-fernandes-79619,2026-08-15,UFC 330: Makhachev vs. Machado Garry,ufc,jalin turner,kaue fernandes,ProphetX,exchange,1.6494,2.4200,-154,+142,2026-08-13T14:56:29.842769+00:00,0.86,complete
2026-08-13T15:48:12.489294+00:00,9086,jalin turner|kaue fernandes,jalin-turner-vs-kaue-fernandes-79619,2026-08-15,UFC 330: Makhachev vs. Machado Garry,ufc,jalin turner,kaue fernandes,Novig,exchange,1.7092,2.3000,-141,+130,2026-08-13T15:30:39.404029+00:00,0.29,complete
2026-08-13T15:48:12.489294+00:00,9086,jalin turner|kaue fernandes,jalin-turner-vs-kaue-fernandes-79619,2026-08-15,UFC 330: Makhachev vs. Machado Garry,ufc,jalin turner,kaue fernandes,Bookmaker,sportsbook,1.6897,2.2600,-145,+126,2026-08-13T15:30:40.963522+00:00,0.29,complete
2026-08-13T15:48:12.489294+00:00,9086,dustin stoltzfus|mansur abdul malik,mansur-abdul-malik-vs-dustin-stoltzfus-79270,2026-08-15,UFC 330: Makhachev vs. Machado Garry,ufc,dustin stoltzfus,mansur abdul malik,SXBet,exchange,5.8000,1.1577,+480,-634,2026-08-13T15:35:10.613448+00:00,0.22,complete
2026-08-13T15:48:12.489294+00:00,9086,dustin stoltzfus|mansur abdul malik,mansur-abdul-malik-vs-dustin-stoltzfus-79270,2026-08-15,UFC 330: Makhachev vs. Machado Garry,ufc,dustin stoltzfus,mansur abdul malik,4Cx,exchange,5.7900,1.1565,+479,-639,2026-08-13T15:26:25.379825+00:00,0.36,complete
2026-08-13T15:48:12.489294+00:00,9086,dustin stoltzfus|mansur abdul malik,mansur-abdul-malik-vs-dustin-stoltzfus-79270,2026-08-15,UFC 330: Makhachev vs. Machado Garry,ufc,dustin stoltzfus,mansur abdul malik,Kalshi,exchange,6.6700,1.1629,+567,-614,2026-08-13T15:19:07.235011+00:00,0.48,complete
2026-08-13T15:48:12.489294+00:00,9086,dustin stoltzfus|mansur abdul malik,mansur-abdul-malik-vs-dustin-stoltzfus-79270,2026-08-15,UFC 330: Makhachev vs. Machado Garry,ufc,dustin stoltzfus,mansur abdul malik,Polymarket,exchange,6.2500,1.1764,+525,-567,2026-08-13T15:34:17.530727+00:00,0.23,complete
2026-08-13T15:48:12.489294+00:00,9086,edson barboza|esteban ribovics,esteban-ribovics-vs-edson-barboza-79120,2026-08-15,UFC 330: Makhachev vs. Machado Garry,ufc,edson barboza,esteban ribovics,4Cx,exchange,5.9100,1.1524,+491,-656,2026-08-13T15:26:25.357859+00:00,0.36,complete
2026-08-13T15:48:12.489294+00:00,9086,edson barboza|esteban ribovics,esteban-ribovics-vs-edson-barboza-79120,2026-08-15,UFC 330: Makhachev vs. Machado Garry,ufc,edson barboza,esteban ribovics,Betway,sportsbook,5.0000,1.1821,+400,-549,2026-08-13T15:06:29.336656+00:00,0.7,complete
2026-08-13T15:48:12.489294+00:00,9086,chidi njokuani|joel alvarez,joel-alvarez-vs-chidi-njokuani-80608,2026-08-15,UFC 330: Makhachev vs. Machado Garry,ufc,chidi njokuani,joel alvarez,4Cx,exchange,3.6100,1.3322,+261,-301,2026-08-13T15:26:25.329446+00:00,0.36,complete
2026-08-13T15:48:12.489294+00:00,9086,chidi njokuani|joel alvarez,joel-alvarez-vs-chidi-njokuani-80608,2026-08-15,UFC 330: Makhachev vs. Machado Garry,ufc,chidi njokuani,joel alvarez,ProphetX,exchange,3.4500,1.2632,+245,-380,2026-08-13T15:31:32.162675+00:00,0.28,complete
2026-08-13T15:48:12.489294+00:00,9086,chidi njokuani|joel alvarez,joel-alvarez-vs-chidi-njokuani-80608,2026-08-15,UFC 330: Makhachev vs. Machado Garry,ufc,chidi njokuani,joel alvarez,Novig,exchange,3.7000,1.3425,+270,-292,2026-08-13T15:30:39.693176+00:00,0.29,complete
2026-08-13T15:48:12.489294+00:00,9086,charles johnson|eduardo henrique da silva,charles-johnson-vs-eduardo-henrique-da-silva-80763,2026-08-15,UFC 330: Makhachev vs. Machado Garry,ufc,charles johnson,eduardo henrique da silva,Bookmaker,sportsbook,1.8333,2.0000,-120,+100,2026-08-13T15:15:28.258959+00:00,0.55,complete
2026-08-13T15:48:12.489294+00:00,9086,charles johnson|eduardo henrique da silva,charles-johnson-vs-eduardo-henrique-da-silva-80763,2026-08-15,UFC 330: Makhachev vs. Machado Garry,ufc,charles johnson,eduardo henrique da silva,HardRockBet,sportsbook,1.8000,2.0000,-125,+100,2026-08-13T15:12:18.242562+00:00,0.6,complete
2026-08-13T15:48:12.489294+00:00,9086,charles johnson|eduardo henrique da silva,charles-johnson-vs-eduardo-henrique-da-silva-80763,2026-08-15,UFC 330: Makhachev vs. Machado Garry,ufc,charles johnson,eduardo henrique da silva,Kalshi,exchange,1.6944,2.1700,-144,+117,2026-08-13T15:39:20.754606+00:00,0.15,complete
2026-08-13T15:48:12.489294+00:00,9086,donte johnson|eric mcconico,donte-johnson-vs-eric-mcconico-80309,2026-08-15,UFC 330: Makhachev vs. Machado Garry,ufc,donte johnson,eric mcconico,4Cx,exchange,1.3922,3.1800,-255,+218,2026-08-13T15:26:25.314887+00:00,0.36,complete
2026-08-13T15:48:12.489294+00:00,9086,donte johnson|eric mcconico,donte-johnson-vs-eric-mcconico-80309,2026-08-15,UFC 330: Makhachev vs. Machado Garry,ufc,donte johnson,eric mcconico,4casters,exchange,1.4016,3.2300,-249,+223,2026-08-13T15:05:37.206023+00:00,0.71,complete
2026-08-13T15:48:12.489294+00:00,9086,donte johnson|eric mcconico,donte-johnson-vs-eric-mcconico-80309,2026-08-15,UFC 330: Makhachev vs. Machado Garry,ufc,donte johnson,eric mcconico,ProphetX,exchange,1.3571,3.2000,-280,+220,2026-08-13T15:31:32.143788+00:00,0.28,complete
2026-08-13T15:48:12.489294+00:00,9086,tresean gore|vicente luque,vicente-luque-vs-tresean-gore-79238,2026-08-15,UFC 330: Makhachev vs. Machado Garry,ufc,tresean gore,vicente luque,4Cx,exchange,1.8547,2.0300,-117,+103,2026-08-13T15:26:25.295228+00:00,0.36,complete
2026-08-13T15:48:12.489294+00:00,9086,tresean gore|vicente luque,vicente-luque-vs-tresean-gore-79238,2026-08-15,UFC 330: Makhachev vs. Machado Garry,ufc,tresean gore,vicente luque,Kalshi,exchange,1.9259,2.0400,-108,+104,2026-08-13T15:34:18.846145+00:00,0.23,complete
2026-08-13T15:48:12.489294+00:00,9086,tresean gore|vicente luque,vicente-luque-vs-tresean-gore-79238,2026-08-15,UFC 330: Makhachev vs. Machado Garry,ufc,tresean gore,vicente luque,Novig,exchange,1.8547,2.1100,-117,+111,2026-08-13T15:45:18.532575+00:00,0.05,complete
2026-08-13T15:48:12.489294+00:00,9086,lucas fernando|rafael tobias,lucas-fernando-vs-rafael-tobias-80111,2026-08-15,UFC 330: Makhachev vs. Machado Garry,ufc,lucas fernando,rafael tobias,4Cx,exchange,1.3448,3.3400,-290,+234,2026-08-13T15:26:25.281533+00:00,0.36,complete
2026-08-13T15:48:12.489294+00:00,9086,lucas fernando|rafael tobias,lucas-fernando-vs-rafael-tobias-80111,2026-08-15,UFC 330: Makhachev vs. Machado Garry,ufc,lucas fernando,rafael tobias,ProphetX,exchange,1.3333,3.1000,-300,+210,2026-08-13T15:31:31.991874+00:00,0.28,complete
2026-08-13T15:48:12.489294+00:00,9086,lucas fernando|rafael tobias,lucas-fernando-vs-rafael-tobias-80111,2026-08-15,UFC 330: Makhachev vs. Machado Garry,ufc,lucas fernando,rafael tobias,Novig,exchange,1.3509,3.4500,-285,+245,2026-08-13T15:45:18.329624+00:00,0.05,complete
2026-08-13T15:48:12.489294+00:00,9086,neil magny|ramiz brahimaj,neil-magny-vs-ramiz-brahimaj-79618,2026-08-15,UFC 330: Makhachev vs. Machado Garry,ufc,neil magny,ramiz brahimaj,4Cx,exchange,2.1600,1.7519,+116,-133,2026-08-13T15:26:25.261551+00:00,0.36,complete
2026-08-13T15:48:12.489294+00:00,9086,jeremiah wells|myktybek orolbai,jeremiah-wells-vs-myktybek-orolbai-79363,2026-08-15,UFC 330: Makhachev vs. Machado Garry,ufc,jeremiah wells,myktybek orolbai,4Cx,exchange,8.2700,1.1081,+727,-925,2026-08-13T15:26:25.239392+00:00,0.36,complete
2026-08-13T15:48:12.489294+00:00,9086,jeremiah wells|myktybek orolbai,jeremiah-wells-vs-myktybek-orolbai-79363,2026-08-15,UFC 330: Makhachev vs. Machado Garry,ufc,jeremiah wells,myktybek orolbai,HardRockBet,sportsbook,7.5000,1.0769,+650,-1300,2026-08-13T15:12:16.476057+00:00,0.6,complete
2026-08-13T15:48:12.489294+00:00,9086,jeremiah wells|myktybek orolbai,jeremiah-wells-vs-myktybek-orolbai-79363,2026-08-15,UFC 330: Makhachev vs. Machado Garry,ufc,jeremiah wells,myktybek orolbai,BetRivers,sportsbook,7.0000,1.1000,+600,-1000,2026-08-13T15:47:38.001981+00:00,0.01,complete
2026-08-13T15:48:12.489294+00:00,9112,douglas rodrigues|trent miller,douglas-rodrigues-vs-trent-miller-80341,2026-08-18,Contender Series 2026: Week 2,dwcs,douglas rodrigues,trent miller,Polymarket,exchange,1.0765,2.7100,-1308,+171,2026-08-13T15:39:23.184384+00:00,0.15,complete
2026-08-13T15:48:12.489294+00:00,9112,cristian perez|logan paxton,logan-paxton-vs-cristian-perez-79310,2026-08-18,Contender Series 2026: Week 2,dwcs,cristian perez,logan paxton,Polymarket,exchange,1.4367,2.3000,-229,+130,2026-08-13T14:44:24.043039+00:00,1.06,complete
2026-08-13T15:48:12.489294+00:00,9656,anthony hernandez|gregory rodrigues,anthony-hernandez-vs-gregory-rodrigues-79524,2026-08-22,UFC Fight Night: Hernandez vs. Rodrigues,ufc,anthony hernandez,gregory rodrigues,BetRivers,sportsbook,1.5587,2.4300,-179,+143,2026-08-13T14:47:10.670081+00:00,1.02,complete
2026-08-13T15:48:12.489294+00:00,9656,anthony hernandez|gregory rodrigues,anthony-hernandez-vs-gregory-rodrigues-79524,2026-08-22,UFC Fight Night: Hernandez vs. Rodrigues,ufc,anthony hernandez,gregory rodrigues,Caesars,sportsbook,1.5882,2.4000,-170,+140,2026-08-13T15:05:45.086644+00:00,0.71,complete
2026-08-13T15:48:12.489294+00:00,9656,reinier de ridder|roman dolidze,reinier-de-ridder-vs-roman-dolidze-79690,2026-08-22,UFC Fight Night: Hernandez vs. Rodrigues,ufc,reinier de ridder,roman dolidze,BetRivers,sportsbook,1.2899,3.5500,-345,+255,2026-08-13T15:03:05.880042+00:00,0.75,complete
2026-08-13T15:48:12.489294+00:00,9656,sergey spivak|vitor petrino,sergey-spivak-vs-vitor-petrino-79082,2026-08-22,UFC Fight Night: Hernandez vs. Rodrigues,ufc,sergey spivak,vitor petrino,BetRivers,sportsbook,2.3800,1.5814,+138,-172,2026-08-13T15:03:05.900876+00:00,0.75,complete
2026-08-13T15:48:12.489294+00:00,9656,sergey spivak|vitor petrino,sergey-spivak-vs-vitor-petrino-79082,2026-08-22,UFC Fight Night: Hernandez vs. Rodrigues,ufc,sergey spivak,vitor petrino,Polymarket(US),exchange,2.2700,1.5155,+127,-194,2026-08-13T15:45:39.425225+00:00,0.04,complete
2026-08-13T15:48:12.489294+00:00,9656,jackson mcvey|wesley schultz,wesley-schultz-vs-jackson-mcvey-79119,2026-08-22,UFC Fight Night: Hernandez vs. Rodrigues,ufc,jackson mcvey,wesley schultz,BetRivers,sportsbook,1.5405,2.5000,-185,+150,2026-08-13T15:03:05.821012+00:00,0.75,complete
2026-08-13T15:48:12.489294+00:00,9656,jackson mcvey|wesley schultz,wesley-schultz-vs-jackson-mcvey-79119,2026-08-22,UFC Fight Night: Hernandez vs. Rodrigues,ufc,jackson mcvey,wesley schultz,Polymarket,exchange,1.5618,2.6300,-178,+163,2026-08-13T15:24:29.336527+00:00,0.4,complete
2026-08-13T15:48:12.489294+00:00,9656,carli judice|jeisla chaves,carli-judice-vs-jeisla-chaves-79414,2026-08-22,UFC Fight Night: Hernandez vs. Rodrigues,ufc,carli judice,jeisla chaves,BetRivers,sportsbook,1.2101,4.3500,-476,+335,2026-08-13T15:03:05.840938+00:00,0.75,complete
2026-08-13T15:48:12.489294+00:00,9656,marquel mederos|mason jones,marquel-mederos-vs-mason-jones-79615,2026-08-22,UFC Fight Night: Hernandez vs. Rodrigues,ufc,marquel mederos,mason jones,BetRivers,sportsbook,3.1000,1.3704,+210,-270,2026-08-13T15:03:05.799953+00:00,0.75,complete
2026-08-13T15:48:12.489294+00:00,9656,kennedy nzechukwu|shamil gaziev,shamil-gaziev-vs-kennedy-nzechukwu-79812,2026-08-22,UFC Fight Night: Hernandez vs. Rodrigues,ufc,kennedy nzechukwu,shamil gaziev,BetRivers,sportsbook,2.0200,1.7874,+102,-127,2026-08-13T15:03:05.860830+00:00,0.75,complete
2026-08-13T15:48:12.489294+00:00,9656,chris padilla|nasrat haqparast,nasrat-haqparast-vs-chris-padilla-80255,2026-08-22,UFC Fight Night: Hernandez vs. Rodrigues,ufc,chris padilla,nasrat haqparast,BetRivers,sportsbook,1.9615,1.8475,-104,-118,2026-08-13T15:03:05.747965+00:00,0.75,complete
2026-08-13T15:48:12.489294+00:00,9656,chris padilla|nasrat haqparast,nasrat-haqparast-vs-chris-padilla-80255,2026-08-22,UFC Fight Night: Hernandez vs. Rodrigues,ufc,chris padilla,nasrat haqparast,Bet105,sportsbook,2.0600,1.8065,+106,-124,2026-08-13T14:48:29.545497+00:00,1.0,complete
2026-08-13T15:48:12.489294+00:00,9656,jamall emmers|lerryan douglas,jamall-emmers-vs-lerryan-douglas-80337,2026-08-22,UFC Fight Night: Hernandez vs. Rodrigues,ufc,jamall emmers,lerryan douglas,BetRivers,sportsbook,3.5500,1.2899,+255,-345,2026-08-13T15:03:05.773928+00:00,0.75,complete
2026-08-13T15:48:12.489294+00:00,9111,gary balletto jr|sean clancy jr,sean-clancy-jr-vs-gary-balletto-jr-79266,2026-08-25,Contender Series 2026: Week 3,dwcs,gary balletto jr,sean clancy jr,Polymarket,exchange,1.0417,7.1400,-2400,+614,2026-08-13T15:39:24.435886+00:00,0.15,complete
2026-08-13T15:48:12.489294+00:00,8869,umar nurmagomedov|yadong song,umar-nurmagomedov-vs-yadong-song-79649,2026-08-29,UFC Fight Night: Nurmagomedov vs. Song,ufc,umar nurmagomedov,yadong song,Polymarket(US),exchange,1.2049,3.7000,-488,+270,2026-08-13T15:45:39.443326+00:00,0.04,complete
2026-08-13T15:48:12.489294+00:00,9648,daniel hooker|salahdine parnasse,daniel-hooker-vs-salahdine-parnasse-80397,2026-09-05,UFC Fight Night: Parnasse vs. Hooker,ufc,daniel hooker,salahdine parnasse,Polymarket(US),exchange,3.3300,1.2347,+233,-426,2026-08-13T15:45:39.529990+00:00,0.04,complete
2026-08-13T15:48:12.489294+00:00,9648,kurtis campbell|trevor peek,kurtis-campbell-vs-trevor-peek-80036,2026-09-05,UFC Fight Night: Parnasse vs. Hooker,ufc,kurtis campbell,trevor peek,Polymarket(US),exchange,1.2660,2.8600,-376,+186,2026-08-13T15:30:54.128198+00:00,0.29,complete
2026-08-13T15:48:12.489294+00:00,9697,alexandre pantoja|josh van,josh-van-vs-alexandre-pantoja-80557,2026-09-19,UFC 331: Van vs. Pantoja 2,ufc,alexandre pantoja,josh van,HardRockBet,sportsbook,2.0500,1.7407,+105,-135,2026-08-13T15:12:18.234976+00:00,0.6,complete
2026-08-13T15:48:12.489294+00:00,9697,robelis despaigne|tai tuivasa,tai-tuivasa-vs-robelis-despaigne-80632,2026-09-19,UFC 331: Van vs. Pantoja 2,ufc,robelis despaigne,tai tuivasa,Novig,exchange,1.1629,4.7600,-614,+376,2026-08-13T15:00:48.433823+00:00,0.79,complete
2026-08-13T15:57:44.474283+00:00,9086,jalin turner|kaue fernandes,jalin-turner-vs-kaue-fernandes-79619,2026-08-15,UFC 330: Makhachev vs. Machado Garry,ufc,jalin turner,kaue fernandes,4Cx,exchange,1.6623,2.3000,-151,+130,2026-08-13T15:51:14.055925+00:00,0.11,complete
2026-08-13T15:57:44.474283+00:00,9086,jalin turner|kaue fernandes,jalin-turner-vs-kaue-fernandes-79619,2026-08-15,UFC 330: Makhachev vs. Machado Garry,ufc,jalin turner,kaue fernandes,4casters,exchange,1.6803,2.3300,-147,+133,2026-08-13T15:50:24.162058+00:00,0.12,complete
2026-08-13T15:57:44.474283+00:00,9086,charles johnson|eduardo henrique da silva,charles-johnson-vs-eduardo-henrique-da-silva-80763,2026-08-15,UFC 330: Makhachev vs. Machado Garry,ufc,charles johnson,eduardo henrique da silva,Kalshi,exchange,1.6410,2.2700,-156,+127,2026-08-13T15:54:34.967779+00:00,0.05,complete
2026-08-13T15:57:44.474283+00:00,9086,jeremiah wells|myktybek orolbai,jeremiah-wells-vs-myktybek-orolbai-79363,2026-08-15,UFC 330: Makhachev vs. Machado Garry,ufc,jeremiah wells,myktybek orolbai,4Cx,exchange,8.2700,1.1046,+727,-956,2026-08-13T15:51:13.999875+00:00,0.11,complete
2026-08-13T15:57:44.474283+00:00,9086,jeremiah wells|myktybek orolbai,jeremiah-wells-vs-myktybek-orolbai-79363,2026-08-15,UFC 330: Makhachev vs. Machado Garry,ufc,jeremiah wells,myktybek orolbai,4casters,exchange,8.4500,1.1064,+745,-940,2026-08-13T15:50:24.081028+00:00,0.12,complete
2026-08-13T15:57:44.474283+00:00,9656,marquel mederos|mason jones,marquel-mederos-vs-mason-jones-79615,2026-08-22,UFC Fight Night: Hernandez vs. Rodrigues,ufc,marquel mederos,mason jones,Cloudbet,sportsbook,3.1000,1.3497,+210,-286,2026-08-13T15:52:16.425825+00:00,0.09,complete
2026-08-13T15:57:44.474283+00:00,9111,gary balletto jr|sean clancy jr,sean-clancy-jr-vs-gary-balletto-jr-79266,2026-08-25,Contender Series 2026: Week 3,dwcs,gary balletto jr,sean clancy jr,Polymarket,exchange,1.0417,8.3300,-2400,+733,2026-08-13T15:54:37.902983+00:00,0.05,complete
2026-08-13T16:07:12.021406+00:00,9086,ian garry|islam makhachev,islam-makhachev-vs-ian-garry-79253,2026-08-15,UFC 330: Makhachev vs. Machado Garry,ufc,ian garry,islam makhachev,Bookmaker,sportsbook,3.7800,1.2899,+278,-345,2026-08-13T16:00:39.206583+00:00,0.11,complete
2026-08-13T16:07:12.021406+00:00,9086,ian garry|islam makhachev,islam-makhachev-vs-ian-garry-79253,2026-08-15,UFC 330: Makhachev vs. Machado Garry,ufc,ian garry,islam makhachev,Novig,exchange,4.0800,1.3067,+308,-326,2026-08-13T16:01:47.706243+00:00,0.09,complete
2026-08-13T16:07:12.021406+00:00,9086,ian garry|islam makhachev,islam-makhachev-vs-ian-garry-79253,2026-08-15,UFC 330: Makhachev vs. Machado Garry,ufc,ian garry,islam makhachev,FanDuel,sportsbook,3.6500,1.2703,+265,-370,2026-08-13T16:00:58.342954+00:00,0.1,complete
2026-08-13T16:07:12.021406+00:00,9086,gillian robertson|mackenzie dern,mackenzie-dern-vs-gillian-robertson-79254,2026-08-15,UFC 330: Makhachev vs. Machado Garry,ufc,gillian robertson,mackenzie dern,Novig,exchange,2.9000,1.5025,+190,-199,2026-08-13T16:01:47.862236+00:00,0.09,complete
2026-08-13T16:07:12.021406+00:00,9086,jalin turner|kaue fernandes,jalin-turner-vs-kaue-fernandes-79619,2026-08-15,UFC 330: Makhachev vs. Machado Garry,ufc,jalin turner,kaue fernandes,FanDuel,sportsbook,1.6024,2.3000,-166,+130,2026-08-13T16:00:58.481809+00:00,0.1,complete
2026-08-13T16:07:12.021406+00:00,9086,jalin turner|kaue fernandes,jalin-turner-vs-kaue-fernandes-79619,2026-08-15,UFC 330: Makhachev vs. Machado Garry,ufc,jalin turner,kaue fernandes,Bookmaker,sportsbook,1.6667,2.3000,-150,+130,2026-08-13T16:00:39.414485+00:00,0.11,complete
2026-08-13T16:07:12.021406+00:00,9086,edson barboza|esteban ribovics,esteban-ribovics-vs-edson-barboza-79120,2026-08-15,UFC 330: Makhachev vs. Machado Garry,ufc,edson barboza,esteban ribovics,SXBet,exchange,5.9300,1.1543,+493,-648,2026-08-13T16:05:23.421830+00:00,0.03,complete
2026-08-13T16:07:12.021406+00:00,9086,edson barboza|esteban ribovics,esteban-ribovics-vs-edson-barboza-79120,2026-08-15,UFC 330: Makhachev vs. Machado Garry,ufc,edson barboza,esteban ribovics,FanDuel,sportsbook,5.4000,1.1429,+440,-700,2026-08-13T16:00:58.433106+00:00,0.1,complete
2026-08-13T16:07:12.021406+00:00,9086,charles johnson|eduardo henrique da silva,charles-johnson-vs-eduardo-henrique-da-silva-80763,2026-08-15,UFC 330: Makhachev vs. Machado Garry,ufc,charles johnson,eduardo henrique da silva,Kalshi,exchange,1.6944,2.2700,-144,+127,2026-08-13T16:04:28.308812+00:00,0.05,complete
2026-08-13T16:07:12.021406+00:00,9086,donte johnson|eric mcconico,donte-johnson-vs-eric-mcconico-80309,2026-08-15,UFC 330: Makhachev vs. Machado Garry,ufc,donte johnson,eric mcconico,Novig,exchange,1.3984,3.2300,-251,+223,2026-08-13T16:01:47.683522+00:00,0.09,complete
2026-08-13T16:07:12.021406+00:00,9086,tresean gore|vicente luque,vicente-luque-vs-tresean-gore-79238,2026-08-15,UFC 330: Makhachev vs. Machado Garry,ufc,tresean gore,vicente luque,Novig,exchange,1.8547,2.1500,-117,+115,2026-08-13T16:01:47.889430+00:00,0.09,complete
2026-08-13T16:07:12.021406+00:00,9086,jeremiah wells|myktybek orolbai,jeremiah-wells-vs-myktybek-orolbai-79363,2026-08-15,UFC 330: Makhachev vs. Machado Garry,ufc,jeremiah wells,myktybek orolbai,FanDuel,sportsbook,7.3000,1.0833,+630,-1200,2026-08-13T16:00:58.370451+00:00,0.1,complete
2026-08-13T16:07:12.021406+00:00,9086,jeremiah wells|myktybek orolbai,jeremiah-wells-vs-myktybek-orolbai-79363,2026-08-15,UFC 330: Makhachev vs. Machado Garry,ufc,jeremiah wells,myktybek orolbai,Polymarket(US),exchange,9.0900,1.1111,+809,-900,2026-08-13T16:01:22.289739+00:00,0.1,complete
2026-08-13T16:07:12.021406+00:00,9656,sergey spivak|vitor petrino,sergey-spivak-vs-vitor-petrino-79082,2026-08-22,UFC Fight Night: Hernandez vs. Rodrigues,ufc,sergey spivak,vitor petrino,Polymarket(US),exchange,2.5000,1.5155,+150,-194,2026-08-13T16:01:22.843909+00:00,0.1,complete
2026-08-13T16:07:12.021406+00:00,9111,gary balletto jr|sean clancy jr,sean-clancy-jr-vs-gary-balletto-jr-79266,2026-08-25,Contender Series 2026: Week 3,dwcs,gary balletto jr,sean clancy jr,Polymarket,exchange,1.0417,7.1400,-2400,+614,2026-08-13T16:04:29.984743+00:00,0.05,complete
2026-08-13T16:07:12.021406+00:00,8869,kevin borjas|rei tsuruya,rei-tsuruya-vs-kevin-borjas-79779,2026-08-29,UFC Fight Night: Nurmagomedov vs. Song,ufc,kevin borjas,rei tsuruya,Polymarket(US),exchange,3.0300,1.2193,+203,-456,2026-08-13T16:01:22.978932+00:00,0.1,complete
2026-08-13T16:07:12.021406+00:00,9648,daniel hooker|salahdine parnasse,daniel-hooker-vs-salahdine-parnasse-80397,2026-09-05,UFC Fight Night: Parnasse vs. Hooker,ufc,daniel hooker,salahdine parnasse,Polymarket(US),exchange,2.6300,1.3155,+163,-317,2026-08-13T16:01:23.594249+00:00,0.1,complete
2026-08-13T16:07:12.021406+00:00,9648,kurtis campbell|trevor peek,kurtis-campbell-vs-trevor-peek-80036,2026-09-05,UFC Fight Night: Parnasse vs. Hooker,ufc,kurtis campbell,trevor peek,Polymarket(US),exchange,1.2660,2.7000,-376,+170,2026-08-13T16:01:23.731650+00:00,0.1,complete
2026-08-13T16:16:39.494958+00:00,9086,ian garry|islam makhachev,islam-makhachev-vs-ian-garry-79253,2026-08-15,UFC 330: Makhachev vs. Machado Garry,ufc,ian garry,islam makhachev,4casters,exchange,4.0400,1.3012,+304,-332,2026-08-13T16:16:29.991442+00:00,0.0,complete
2026-08-13T16:16:39.494958+00:00,9086,gillian robertson|mackenzie dern,mackenzie-dern-vs-gillian-robertson-79254,2026-08-15,UFC 330: Makhachev vs. Machado Garry,ufc,gillian robertson,mackenzie dern,4Cx,exchange,2.7200,1.5000,+172,-200,2026-08-13T15:26:25.413777+00:00,0.84,complete
2026-08-13T16:16:39.494958+00:00,9086,gillian robertson|mackenzie dern,mackenzie-dern-vs-gillian-robertson-79254,2026-08-15,UFC 330: Makhachev vs. Machado Garry,ufc,gillian robertson,mackenzie dern,4casters,exchange,2.7500,1.5102,+175,-196,2026-08-13T16:16:29.970817+00:00,0.0,complete
2026-08-13T16:16:39.494958+00:00,9086,gillian robertson|mackenzie dern,mackenzie-dern-vs-gillian-robertson-79254,2026-08-15,UFC 330: Makhachev vs. Machado Garry,ufc,gillian robertson,mackenzie dern,Novig,exchange,2.9000,1.4926,+190,-203,2026-08-13T16:16:30.262462+00:00,0.0,complete
2026-08-13T16:16:39.494958+00:00,9086,edson barboza|esteban ribovics,esteban-ribovics-vs-edson-barboza-79120,2026-08-15,UFC 330: Makhachev vs. Machado Garry,ufc,edson barboza,esteban ribovics,Novig,exchange,6.2500,1.1629,+525,-614,2026-08-13T16:16:29.796838+00:00,0.0,complete
2026-08-13T16:16:39.494958+00:00,9086,tresean gore|vicente luque,vicente-luque-vs-tresean-gore-79238,2026-08-15,UFC 330: Makhachev vs. Machado Garry,ufc,tresean gore,vicente luque,Novig,exchange,1.8547,2.0800,-117,+108,2026-08-13T16:16:30.537863+00:00,0.0,complete
2026-08-13T16:16:39.494958+00:00,9656,anthony hernandez|gregory rodrigues,anthony-hernandez-vs-gregory-rodrigues-79524,2026-08-22,UFC Fight Night: Hernandez vs. Rodrigues,ufc,anthony hernandez,gregory rodrigues,Bovada,sportsbook,1.6135,2.3800,-163,+138,2026-08-13T16:14:19.732373+00:00,0.04,complete
2026-08-13T16:16:39.494958+00:00,9656,sergey spivak|vitor petrino,sergey-spivak-vs-vitor-petrino-79082,2026-08-22,UFC Fight Night: Hernandez vs. Rodrigues,ufc,sergey spivak,vitor petrino,Polymarket(US),exchange,2.1300,1.5155,+113,-194,2026-08-13T16:16:44.322548+00:00,-0.0,complete
2026-08-13T16:16:39.494958+00:00,8869,umar nurmagomedov|yadong song,umar-nurmagomedov-vs-yadong-song-79649,2026-08-29,UFC Fight Night: Nurmagomedov vs. Song,ufc,umar nurmagomedov,yadong song,Polymarket(US),exchange,1.1764,3.5700,-567,+257,2026-08-13T16:16:44.433611+00:00,-0.0,complete
2026-08-13T16:26:08.748492+00:00,9086,ian garry|islam makhachev,islam-makhachev-vs-ian-garry-79253,2026-08-15,UFC 330: Makhachev vs. Machado Garry,ufc,ian garry,islam makhachev,SXBet,exchange,3.8600,1.3049,+286,-328,2026-08-13T16:20:19.949363+00:00,0.1,complete
2026-08-13T16:26:08.748492+00:00,9086,edson barboza|esteban ribovics,esteban-ribovics-vs-edson-barboza-79120,2026-08-15,UFC 330: Makhachev vs. Machado Garry,ufc,edson barboza,esteban ribovics,SXBet,exchange,5.9300,1.1577,+493,-634,2026-08-13T16:20:19.923559+00:00,0.1,complete
2026-08-13T16:26:08.748492+00:00,9086,jeremiah wells|myktybek orolbai,jeremiah-wells-vs-myktybek-orolbai-79363,2026-08-15,UFC 330: Makhachev vs. Machado Garry,ufc,jeremiah wells,myktybek orolbai,4casters,exchange,8.4500,1.1111,+745,-900,2026-08-13T16:25:29.730812+00:00,0.01,complete
2026-08-13T16:26:08.748492+00:00,9656,anthony hernandez|gregory rodrigues,anthony-hernandez-vs-gregory-rodrigues-79524,2026-08-22,UFC Fight Night: Hernandez vs. Rodrigues,ufc,anthony hernandez,gregory rodrigues,Bovada,sportsbook,1.5952,2.4200,-168,+142,2026-08-13T16:19:20.238494+00:00,0.11,complete
2026-08-13T16:26:08.748492+00:00,9656,marquel mederos|mason jones,marquel-mederos-vs-mason-jones-79615,2026-08-22,UFC Fight Night: Hernandez vs. Rodrigues,ufc,marquel mederos,mason jones,Pinnacle,sportsbook,3.1800,1.3817,+218,-262,2026-08-13T16:22:37.287855+00:00,0.06,complete
2026-08-13T16:35:36.182270+00:00,9086,charles johnson|eduardo henrique da silva,charles-johnson-vs-eduardo-henrique-da-silva-80763,2026-08-15,UFC 330: Makhachev vs. Machado Garry,ufc,charles johnson,eduardo henrique da silva,BetUS,sportsbook,1.8333,2.0000,-120,+100,2026-08-13T16:35:14.138640+00:00,0.01,complete
2026-08-13T16:35:36.182270+00:00,9086,charles johnson|eduardo henrique da silva,charles-johnson-vs-eduardo-henrique-da-silva-80763,2026-08-15,UFC 330: Makhachev vs. Machado Garry,ufc,charles johnson,eduardo henrique da silva,Kalshi,exchange,1.7874,2.0000,-127,+100,2026-08-13T16:34:31.175119+00:00,0.02,complete
2026-08-13T16:35:36.182270+00:00,9086,donte johnson|eric mcconico,donte-johnson-vs-eric-mcconico-80309,2026-08-15,UFC 330: Makhachev vs. Machado Garry,ufc,donte johnson,eric mcconico,BetAnything,sportsbook,1.3636,3.1000,-275,+210,2026-08-13T16:29:21.208429+00:00,0.1,complete
2026-08-13T16:35:36.182270+00:00,9086,donte johnson|eric mcconico,donte-johnson-vs-eric-mcconico-80309,2026-08-15,UFC 330: Makhachev vs. Machado Garry,ufc,donte johnson,eric mcconico,Kalshi,exchange,1.3704,3.3300,-270,+233,2026-08-13T16:34:31.128907+00:00,0.02,complete
2026-08-13T16:35:36.182270+00:00,9086,donte johnson|eric mcconico,donte-johnson-vs-eric-mcconico-80309,2026-08-15,UFC 330: Makhachev vs. Machado Garry,ufc,donte johnson,eric mcconico,BetOnline,sportsbook,1.3636,3.2600,-275,+226,2026-08-13T16:29:22.096040+00:00,0.1,complete
2026-08-13T16:35:36.182270+00:00,9086,neil magny|ramiz brahimaj,neil-magny-vs-ramiz-brahimaj-79618,2026-08-15,UFC 330: Makhachev vs. Machado Garry,ufc,neil magny,ramiz brahimaj,Kalshi,exchange,2.2700,1.7519,+127,-133,2026-08-13T16:29:19.988783+00:00,0.1,complete
2026-08-13T16:35:36.182270+00:00,9086,neil magny|ramiz brahimaj,neil-magny-vs-ramiz-brahimaj-79618,2026-08-15,UFC 330: Makhachev vs. Machado Garry,ufc,neil magny,ramiz brahimaj,BetRivers,sportsbook,2.1400,1.7092,+114,-141,2026-08-13T16:32:39.915899+00:00,0.05,complete
2026-08-13T16:35:36.182270+00:00,9086,neil magny|ramiz brahimaj,neil-magny-vs-ramiz-brahimaj-79618,2026-08-15,UFC 330: Makhachev vs. Machado Garry,ufc,neil magny,ramiz brahimaj,Polymarket(US),exchange,2.2700,1.7519,+127,-133,2026-08-13T16:31:01.037203+00:00,0.08,complete
2026-08-13T16:35:36.182270+00:00,9086,jeremiah wells|myktybek orolbai,jeremiah-wells-vs-myktybek-orolbai-79363,2026-08-15,UFC 330: Makhachev vs. Machado Garry,ufc,jeremiah wells,myktybek orolbai,4Cx,exchange,8.2700,1.1081,+727,-925,2026-08-13T16:26:36.605132+00:00,0.15,complete
2026-08-13T16:35:36.182270+00:00,9086,jeremiah wells|myktybek orolbai,jeremiah-wells-vs-myktybek-orolbai-79363,2026-08-15,UFC 330: Makhachev vs. Machado Garry,ufc,jeremiah wells,myktybek orolbai,Novig,exchange,8.3300,1.1049,+733,-953,2026-08-13T16:30:42.494888+00:00,0.08,complete
2026-08-13T16:35:36.182270+00:00,9086,jeremiah wells|myktybek orolbai,jeremiah-wells-vs-myktybek-orolbai-79363,2026-08-15,UFC 330: Makhachev vs. Machado Garry,ufc,jeremiah wells,myktybek orolbai,Polymarket(US),exchange,8.3300,1.1236,+733,-809,2026-08-13T16:31:00.881111+00:00,0.08,complete
2026-08-13T16:35:36.182270+00:00,9112,douglas rodrigues|trent miller,douglas-rodrigues-vs-trent-miller-80341,2026-08-18,Contender Series 2026: Week 2,dwcs,douglas rodrigues,trent miller,Polymarket,exchange,1.0870,2.7800,-1150,+178,2026-08-13T16:34:33.944239+00:00,0.02,complete
2026-08-13T16:35:36.182270+00:00,9656,sergey spivak|vitor petrino,sergey-spivak-vs-vitor-petrino-79082,2026-08-22,UFC Fight Night: Hernandez vs. Rodrigues,ufc,sergey spivak,vitor petrino,Polymarket(US),exchange,2.1700,1.5155,+117,-194,2026-08-13T16:31:01.169772+00:00,0.08,complete
2026-08-13T16:35:36.182270+00:00,9656,jackson mcvey|wesley schultz,wesley-schultz-vs-jackson-mcvey-79119,2026-08-22,UFC Fight Night: Hernandez vs. Rodrigues,ufc,jackson mcvey,wesley schultz,Bovada,sportsbook,1.5814,2.4700,-172,+147,2026-08-13T16:34:43.019182+00:00,0.01,complete
2026-08-13T16:35:36.182270+00:00,9656,jackson mcvey|wesley schultz,wesley-schultz-vs-jackson-mcvey-79119,2026-08-22,UFC Fight Night: Hernandez vs. Rodrigues,ufc,jackson mcvey,wesley schultz,BetOnline,sportsbook,1.5882,2.4500,-170,+145,2026-08-13T16:29:21.968785+00:00,0.1,complete
2026-08-13T16:35:36.182270+00:00,9111,gary balletto jr|sean clancy jr,sean-clancy-jr-vs-gary-balletto-jr-79266,2026-08-25,Contender Series 2026: Week 3,dwcs,gary balletto jr,sean clancy jr,Polymarket,exchange,1.0417,14.2900,-2400,+1329,2026-08-13T16:34:36.100160+00:00,0.02,complete
2026-08-13T16:35:36.182270+00:00,8869,umar nurmagomedov|yadong song,umar-nurmagomedov-vs-yadong-song-79649,2026-08-29,UFC Fight Night: Nurmagomedov vs. Song,ufc,umar nurmagomedov,yadong song,Polymarket(US),exchange,1.2347,3.7000,-426,+270,2026-08-13T16:31:01.228967+00:00,0.08,complete
2026-08-13T16:35:36.182270+00:00,9648,kurtis campbell|trevor peek,kurtis-campbell-vs-trevor-peek-80036,2026-09-05,UFC Fight Night: Parnasse vs. Hooker,ufc,kurtis campbell,trevor peek,Polymarket(US),exchange,1.2500,2.5600,-400,+156,2026-08-13T16:31:01.722089+00:00,0.08,complete
2026-08-13T17:26:12.606222+00:00,9086,ian garry|islam makhachev,islam-makhachev-vs-ian-garry-79253,2026-08-15,UFC 330: Makhachev vs. Machado Garry,ufc,ian garry,islam makhachev,Bookmaker,sportsbook,3.8100,1.2857,+281,-350,2026-08-13T17:15:15.688924+00:00,0.18,complete
2026-08-13T17:26:12.606222+00:00,9086,ian garry|islam makhachev,islam-makhachev-vs-ian-garry-79253,2026-08-15,UFC 330: Makhachev vs. Machado Garry,ufc,ian garry,islam makhachev,Novig,exchange,4.0800,1.3155,+308,-317,2026-08-13T17:15:38.263320+00:00,0.18,complete
2026-08-13T17:26:12.606222+00:00,9086,gillian robertson|mackenzie dern,mackenzie-dern-vs-gillian-robertson-79254,2026-08-15,UFC 330: Makhachev vs. Machado Garry,ufc,gillian robertson,mackenzie dern,BetOnline,sportsbook,2.7700,1.4878,+177,-205,2026-08-13T17:14:45.927340+00:00,0.19,complete
2026-08-13T17:26:12.606222+00:00,9086,gillian robertson|mackenzie dern,mackenzie-dern-vs-gillian-robertson-79254,2026-08-15,UFC 330: Makhachev vs. Machado Garry,ufc,gillian robertson,mackenzie dern,4Cx,exchange,2.7300,1.5000,+173,-200,2026-08-13T16:56:45.508907+00:00,0.49,complete
2026-08-13T17:26:12.606222+00:00,9086,gillian robertson|mackenzie dern,mackenzie-dern-vs-gillian-robertson-79254,2026-08-15,UFC 330: Makhachev vs. Machado Garry,ufc,gillian robertson,mackenzie dern,4casters,exchange,2.7600,1.5102,+176,-196,2026-08-13T16:55:17.220184+00:00,0.52,complete
2026-08-13T17:26:12.606222+00:00,9086,gillian robertson|mackenzie dern,mackenzie-dern-vs-gillian-robertson-79254,2026-08-15,UFC 330: Makhachev vs. Machado Garry,ufc,gillian robertson,mackenzie dern,Novig,exchange,2.9000,1.5155,+190,-194,2026-08-13T17:15:38.402554+00:00,0.18,complete
2026-08-13T17:26:12.606222+00:00,9086,gillian robertson|mackenzie dern,mackenzie-dern-vs-gillian-robertson-79254,2026-08-15,UFC 330: Makhachev vs. Machado Garry,ufc,gillian robertson,mackenzie dern,Bookmaker,sportsbook,2.7200,1.4878,+172,-205,2026-08-13T17:01:03.377842+00:00,0.42,complete
2026-08-13T17:26:12.606222+00:00,9086,gillian robertson|mackenzie dern,mackenzie-dern-vs-gillian-robertson-79254,2026-08-15,UFC 330: Makhachev vs. Machado Garry,ufc,gillian robertson,mackenzie dern,ReBet,sportsbook,2.7000,1.4505,+170,-222,2026-08-13T17:00:50.097064+00:00,0.42,complete
2026-08-13T17:26:12.606222+00:00,9086,gillian robertson|mackenzie dern,mackenzie-dern-vs-gillian-robertson-79254,2026-08-15,UFC 330: Makhachev vs. Machado Garry,ufc,gillian robertson,mackenzie dern,MyBookie,sportsbook,2.7000,1.4505,+170,-222,2026-08-13T17:04:29.417196+00:00,0.36,complete
2026-08-13T17:26:12.606222+00:00,9086,gillian robertson|mackenzie dern,mackenzie-dern-vs-gillian-robertson-79254,2026-08-15,UFC 330: Makhachev vs. Machado Garry,ufc,gillian robertson,mackenzie dern,Caesars,sportsbook,2.7500,1.4762,+175,-210,2026-08-13T17:05:11.731632+00:00,0.35,complete
2026-08-13T17:26:12.606222+00:00,9086,jalin turner|kaue fernandes,jalin-turner-vs-kaue-fernandes-79619,2026-08-15,UFC 330: Makhachev vs. Machado Garry,ufc,jalin turner,kaue fernandes,HardRockBet,sportsbook,1.6452,2.2500,-155,+125,2026-08-13T16:42:18.927691+00:00,0.73,complete
2026-08-13T17:26:12.606222+00:00,9086,jalin turner|kaue fernandes,jalin-turner-vs-kaue-fernandes-79619,2026-08-15,UFC 330: Makhachev vs. Machado Garry,ufc,jalin turner,kaue fernandes,BetRivers,sportsbook,1.6494,2.2300,-154,+123,2026-08-13T16:48:07.186201+00:00,0.63,complete
2026-08-13T17:26:12.606222+00:00,9086,jalin turner|kaue fernandes,jalin-turner-vs-kaue-fernandes-79619,2026-08-15,UFC 330: Makhachev vs. Machado Garry,ufc,jalin turner,kaue fernandes,Novig,exchange,1.6944,2.3000,-144,+130,2026-08-13T17:01:25.920031+00:00,0.41,complete
2026-08-13T17:26:12.606222+00:00,9086,dustin stoltzfus|mansur abdul malik,mansur-abdul-malik-vs-dustin-stoltzfus-79270,2026-08-15,UFC 330: Makhachev vs. Machado Garry,ufc,dustin stoltzfus,mansur abdul malik,Novig,exchange,6.2500,1.1695,+525,-590,2026-08-13T17:15:38.431535+00:00,0.18,complete
2026-08-13T17:26:12.606222+00:00,9086,edson barboza|esteban ribovics,esteban-ribovics-vs-edson-barboza-79120,2026-08-15,UFC 330: Makhachev vs. Machado Garry,ufc,edson barboza,esteban ribovics,4Cx,exchange,5.9900,1.1524,+499,-656,2026-08-13T16:56:45.439291+00:00,0.49,complete
2026-08-13T17:26:12.606222+00:00,9086,edson barboza|esteban ribovics,esteban-ribovics-vs-edson-barboza-79120,2026-08-15,UFC 330: Makhachev vs. Machado Garry,ufc,edson barboza,esteban ribovics,4casters,exchange,6.1100,1.1550,+511,-645,2026-08-13T16:55:17.161639+00:00,0.52,complete
2026-08-13T17:26:12.606222+00:00,9086,edson barboza|esteban ribovics,esteban-ribovics-vs-edson-barboza-79120,2026-08-15,UFC 330: Makhachev vs. Machado Garry,ufc,edson barboza,esteban ribovics,Bookmaker,sportsbook,5.7700,1.1538,+477,-650,2026-08-13T17:01:03.406229+00:00,0.42,complete
2026-08-13T17:26:12.606222+00:00,9086,chidi njokuani|joel alvarez,joel-alvarez-vs-chidi-njokuani-80608,2026-08-15,UFC 330: Makhachev vs. Machado Garry,ufc,chidi njokuani,joel alvarez,Pinnacle,sportsbook,3.6600,1.3067,+266,-326,2026-08-13T16:53:22.335785+00:00,0.55,complete
2026-08-13T17:26:12.606222+00:00,9086,chidi njokuani|joel alvarez,joel-alvarez-vs-chidi-njokuani-80608,2026-08-15,UFC 330: Makhachev vs. Machado Garry,ufc,chidi njokuani,joel alvarez,Bet105,sportsbook,3.6800,1.3049,+268,-328,2026-08-13T17:13:34.023694+00:00,0.21,complete
2026-08-13T17:26:12.606222+00:00,9086,chidi njokuani|joel alvarez,joel-alvarez-vs-chidi-njokuani-80608,2026-08-15,UFC 330: Makhachev vs. Machado Garry,ufc,chidi njokuani,joel alvarez,DraftKings,sportsbook,3.4500,1.3279,+245,-305,2026-08-13T16:41:39.828673+00:00,0.74,complete
2026-08-13T17:26:12.606222+00:00,9086,chidi njokuani|joel alvarez,joel-alvarez-vs-chidi-njokuani-80608,2026-08-15,UFC 330: Makhachev vs. Machado Garry,ufc,chidi njokuani,joel alvarez,Caesars,sportsbook,3.4000,1.3333,+240,-300,2026-08-13T17:05:11.682507+00:00,0.35,complete
2026-08-13T17:26:12.606222+00:00,9086,charles johnson|eduardo henrique da silva,charles-johnson-vs-eduardo-henrique-da-silva-80763,2026-08-15,UFC 330: Makhachev vs. Machado Garry,ufc,charles johnson,eduardo henrique da silva,Caesars,sportsbook,1.8000,2.0500,-125,+105,2026-08-13T17:05:13.691053+00:00,0.35,complete
2026-08-13T17:26:12.606222+00:00,9086,charles johnson|eduardo henrique da silva,charles-johnson-vs-eduardo-henrique-da-silva-80763,2026-08-15,UFC 330: Makhachev vs. Machado Garry,ufc,charles johnson,eduardo henrique da silva,Polymarket,exchange,1.8197,2.0800,-122,+108,2026-08-13T17:09:08.051531+00:00,0.28,complete
2026-08-13T17:26:12.606222+00:00,9086,charles johnson|eduardo henrique da silva,charles-johnson-vs-eduardo-henrique-da-silva-80763,2026-08-15,UFC 330: Makhachev vs. Machado Garry,ufc,charles johnson,eduardo henrique da silva,Polymarket(US),exchange,1.6410,2.2700,-156,+127,2026-08-13T17:01:19.975575+00:00,0.41,complete
2026-08-13T17:26:12.606222+00:00,9086,charles johnson|eduardo henrique da silva,charles-johnson-vs-eduardo-henrique-da-silva-80763,2026-08-15,UFC 330: Makhachev vs. Machado Garry,ufc,charles johnson,eduardo henrique da silva,Kalshi,exchange,1.6944,2.2200,-144,+122,2026-08-13T17:24:11.590687+00:00,0.03,complete
2026-08-13T17:26:12.606222+00:00,9086,donte johnson|eric mcconico,donte-johnson-vs-eric-mcconico-80309,2026-08-15,UFC 330: Makhachev vs. Machado Garry,ufc,donte johnson,eric mcconico,4Cx,exchange,1.3876,3.1800,-258,+218,2026-08-13T16:41:17.779774+00:00,0.75,complete
2026-08-13T17:26:12.606222+00:00,9086,donte johnson|eric mcconico,donte-johnson-vs-eric-mcconico-80309,2026-08-15,UFC 330: Makhachev vs. Machado Garry,ufc,donte johnson,eric mcconico,4casters,exchange,1.3953,3.2300,-253,+223,2026-08-13T16:41:03.020857+00:00,0.75,complete
2026-08-13T17:26:12.606222+00:00,9086,donte johnson|eric mcconico,donte-johnson-vs-eric-mcconico-80309,2026-08-15,UFC 330: Makhachev vs. Machado Garry,ufc,donte johnson,eric mcconico,DraftKings,sportsbook,1.3774,3.1500,-265,+215,2026-08-13T16:41:39.789964+00:00,0.74,complete
2026-08-13T17:26:12.606222+00:00,9086,donte johnson|eric mcconico,donte-johnson-vs-eric-mcconico-80309,2026-08-15,UFC 330: Makhachev vs. Machado Garry,ufc,donte johnson,eric mcconico,Novig,exchange,1.3984,3.3300,-251,+233,2026-08-13T16:45:19.161570+00:00,0.68,complete
2026-08-13T17:26:12.606222+00:00,9086,donte johnson|eric mcconico,donte-johnson-vs-eric-mcconico-80309,2026-08-15,UFC 330: Makhachev vs. Machado Garry,ufc,donte johnson,eric mcconico,Bookmaker,sportsbook,1.3774,3.1800,-265,+218,2026-08-13T16:45:34.561580+00:00,0.68,complete
2026-08-13T17:26:12.606222+00:00,9086,donte johnson|eric mcconico,donte-johnson-vs-eric-mcconico-80309,2026-08-15,UFC 330: Makhachev vs. Machado Garry,ufc,donte johnson,eric mcconico,MyBookie,sportsbook,1.3448,3.1400,-290,+214,2026-08-13T16:39:10.050988+00:00,0.78,complete
2026-08-13T17:26:12.606222+00:00,9086,donte johnson|eric mcconico,donte-johnson-vs-eric-mcconico-80309,2026-08-15,UFC 330: Makhachev vs. Machado Garry,ufc,donte johnson,eric mcconico,ReBet,sportsbook,1.3448,3.1400,-290,+214,2026-08-13T16:45:21.854596+00:00,0.68,complete
2026-08-13T17:26:12.606222+00:00,9086,tresean gore|vicente luque,vicente-luque-vs-tresean-gore-79238,2026-08-15,UFC 330: Makhachev vs. Machado Garry,ufc,tresean gore,vicente luque,Novig,exchange,1.9009,2.0800,-111,+108,2026-08-13T17:15:38.417579+00:00,0.18,complete
2026-08-13T17:26:12.606222+00:00,9086,neil magny|ramiz brahimaj,neil-magny-vs-ramiz-brahimaj-79618,2026-08-15,UFC 330: Makhachev vs. Machado Garry,ufc,neil magny,ramiz brahimaj,4Cx,exchange,2.1600,1.7407,+116,-135,2026-08-13T16:51:34.123312+00:00,0.58,complete
2026-08-13T17:26:12.606222+00:00,9086,neil magny|ramiz brahimaj,neil-magny-vs-ramiz-brahimaj-79618,2026-08-15,UFC 330: Makhachev vs. Machado Garry,ufc,neil magny,ramiz brahimaj,4casters,exchange,2.1900,1.7463,+119,-134,2026-08-13T16:50:42.765930+00:00,0.59,complete
2026-08-13T17:26:12.606222+00:00,9086,neil magny|ramiz brahimaj,neil-magny-vs-ramiz-brahimaj-79618,2026-08-15,UFC 330: Makhachev vs. Machado Garry,ufc,neil magny,ramiz brahimaj,SXBet,exchange,2.2000,1.7634,+120,-131,2026-08-13T16:50:43.524855+00:00,0.59,complete
2026-08-13T17:26:12.606222+00:00,9086,neil magny|ramiz brahimaj,neil-magny-vs-ramiz-brahimaj-79618,2026-08-15,UFC 330: Makhachev vs. Machado Garry,ufc,neil magny,ramiz brahimaj,HardRockBet,sportsbook,2.1500,1.7143,+115,-140,2026-08-13T16:42:16.990827+00:00,0.73,complete
2026-08-13T17:26:12.606222+00:00,9086,neil magny|ramiz brahimaj,neil-magny-vs-ramiz-brahimaj-79618,2026-08-15,UFC 330: Makhachev vs. Machado Garry,ufc,neil magny,ramiz brahimaj,Novig,exchange,2.2500,1.7519,+125,-133,2026-08-13T17:01:27.246522+00:00,0.41,complete
2026-08-13T17:26:12.606222+00:00,9086,jeremiah wells|myktybek orolbai,jeremiah-wells-vs-myktybek-orolbai-79363,2026-08-15,UFC 330: Makhachev vs. Machado Garry,ufc,jeremiah wells,myktybek orolbai,Circa,sportsbook,8.7500,1.0833,+775,-1200,2026-08-13T16:46:26.751619+00:00,0.66,complete
2026-08-13T17:26:12.606222+00:00,9086,jeremiah wells|myktybek orolbai,jeremiah-wells-vs-myktybek-orolbai-79363,2026-08-15,UFC 330: Makhachev vs. Machado Garry,ufc,jeremiah wells,myktybek orolbai,Bet105,sportsbook,8.1500,1.0920,+715,-1087,2026-08-13T16:48:27.925701+00:00,0.63,complete
2026-08-13T17:26:12.606222+00:00,9112,roman puga|taner trembley,taner-trembley-vs-roman-puga-79617,2026-08-18,Contender Series 2026: Week 2,dwcs,roman puga,taner trembley,Polymarket,exchange,2.4400,1.4484,+144,-223,2026-08-13T17:09:07.631303+00:00,0.28,complete
2026-08-13T17:26:12.606222+00:00,9656,reinier de ridder|roman dolidze,reinier-de-ridder-vs-roman-dolidze-79690,2026-08-22,UFC Fight Night: Hernandez vs. Rodrigues,ufc,reinier de ridder,roman dolidze,Polymarket(US),exchange,1.3333,3.2300,-300,+223,2026-08-13T17:16:09.528916+00:00,0.17,complete
2026-08-13T17:26:12.606222+00:00,9656,sergey spivak|vitor petrino,sergey-spivak-vs-vitor-petrino-79082,2026-08-22,UFC Fight Night: Hernandez vs. Rodrigues,ufc,sergey spivak,vitor petrino,Polymarket(US),exchange,2.0800,1.4926,+108,-203,2026-08-13T17:16:09.539528+00:00,0.17,complete
2026-08-13T17:26:12.606222+00:00,9656,jackson mcvey|wesley schultz,wesley-schultz-vs-jackson-mcvey-79119,2026-08-22,UFC Fight Night: Hernandez vs. Rodrigues,ufc,jackson mcvey,wesley schultz,ReBet,sportsbook,1.5495,2.3600,-182,+136,2026-08-13T16:45:23.084599+00:00,0.68,complete
2026-08-13T17:26:12.606222+00:00,9656,kennedy nzechukwu|shamil gaziev,shamil-gaziev-vs-kennedy-nzechukwu-79812,2026-08-22,UFC Fight Night: Hernandez vs. Rodrigues,ufc,kennedy nzechukwu,shamil gaziev,Novig,exchange,2.1100,1.8850,+111,-113,2026-08-13T16:45:19.126656+00:00,0.68,complete
2026-08-13T17:26:12.606222+00:00,9656,elise reed|shanelle dyer,shanelle-dyer-vs-elise-reed-79813,2026-08-22,UFC Fight Night: Hernandez vs. Rodrigues,ufc,elise reed,shanelle dyer,Polymarket(US),exchange,3.0300,1.2660,+203,-376,2026-08-13T17:16:09.590037+00:00,0.17,complete
2026-08-13T17:26:12.606222+00:00,9656,chris padilla|nasrat haqparast,nasrat-haqparast-vs-chris-padilla-80255,2026-08-22,UFC Fight Night: Hernandez vs. Rodrigues,ufc,chris padilla,nasrat haqparast,Pinnacle,sportsbook,2.0600,1.8065,+106,-124,2026-08-13T17:22:52.919304+00:00,0.06,complete
2026-08-13T17:26:12.606222+00:00,9656,chris padilla|nasrat haqparast,nasrat-haqparast-vs-chris-padilla-80255,2026-08-22,UFC Fight Night: Hernandez vs. Rodrigues,ufc,chris padilla,nasrat haqparast,Cloudbet,sportsbook,2.0100,1.7692,+101,-130,2026-08-13T16:52:30.328813+00:00,0.56,complete
2026-08-13T17:26:12.606222+00:00,9111,gary balletto jr|sean clancy jr,sean-clancy-jr-vs-gary-balletto-jr-79266,2026-08-25,Contender Series 2026: Week 3,dwcs,gary balletto jr,sean clancy jr,Polymarket,exchange,1.0309,20.0000,-3233,+1900,2026-08-13T17:24:26.031211+00:00,0.03,complete
2026-08-13T17:26:12.606222+00:00,8869,umar nurmagomedov|yadong song,umar-nurmagomedov-vs-yadong-song-79649,2026-08-29,UFC Fight Night: Nurmagomedov vs. Song,ufc,umar nurmagomedov,yadong song,Polymarket(US),exchange,1.1764,3.5700,-567,+257,2026-08-13T17:16:09.619603+00:00,0.17,complete
2026-08-13T17:26:12.606222+00:00,8869,denise gomes|xiaonan yan,xiaonan-yan-vs-denise-gomes-79865,2026-08-29,UFC Fight Night: Nurmagomedov vs. Song,ufc,denise gomes,xiaonan yan,Polymarket(US),exchange,1.5882,1.8547,-170,-117,2026-08-13T17:16:09.633633+00:00,0.17,complete
2026-08-13T17:26:12.606222+00:00,8869,kevin borjas|rei tsuruya,rei-tsuruya-vs-kevin-borjas-79779,2026-08-29,UFC Fight Night: Nurmagomedov vs. Song,ufc,kevin borjas,rei tsuruya,Polymarket(US),exchange,2.9400,1.2049,+194,-488,2026-08-13T17:16:09.659268+00:00,0.17,complete
2026-08-13T17:26:12.606222+00:00,8869,jingnan xiong|julia polastri,jingnan-xiong-vs-julia-polastri-80594,2026-08-29,UFC Fight Night: Nurmagomedov vs. Song,ufc,jingnan xiong,julia polastri,Polymarket(US),exchange,1.7246,1.6410,-138,-156,2026-08-13T17:01:19.185282+00:00,0.41,complete
2026-08-13T17:26:12.606222+00:00,9648,daniel hooker|salahdine parnasse,daniel-hooker-vs-salahdine-parnasse-80397,2026-09-05,UFC Fight Night: Parnasse vs. Hooker,ufc,daniel hooker,salahdine parnasse,Polymarket(US),exchange,2.7800,1.2347,+178,-426,2026-08-13T17:16:10.054428+00:00,0.17,complete
2026-08-13T17:26:12.606222+00:00,9648,michael page|nursultan ruziboev,michael-page-vs-nursultan-ruziboev-80092,2026-09-05,UFC Fight Night: Parnasse vs. Hooker,ufc,michael page,nursultan ruziboev,Polymarket(US),exchange,1.4292,2.5600,-233,+156,2026-08-13T17:01:19.794064+00:00,0.41,complete
2026-08-13T17:26:12.606222+00:00,9648,kurtis campbell|trevor peek,kurtis-campbell-vs-trevor-peek-80036,2026-09-05,UFC Fight Night: Parnasse vs. Hooker,ufc,kurtis campbell,trevor peek,Polymarket(US),exchange,1.2500,2.9400,-400,+194,2026-08-13T17:16:10.099468+00:00,0.17,complete
2026-08-13T17:35:39.474759+00:00,9086,gillian robertson|mackenzie dern,mackenzie-dern-vs-gillian-robertson-79254,2026-08-15,UFC 330: Makhachev vs. Machado Garry,ufc,gillian robertson,mackenzie dern,Novig,exchange,2.9000,1.4926,+190,-203,2026-08-13T17:30:54.225738+00:00,0.08,complete
2026-08-13T17:35:39.474759+00:00,9086,dustin stoltzfus|mansur abdul malik,mansur-abdul-malik-vs-dustin-stoltzfus-79270,2026-08-15,UFC 330: Makhachev vs. Machado Garry,ufc,dustin stoltzfus,mansur abdul malik,Novig,exchange,6.4500,1.1695,+545,-590,2026-08-13T17:30:54.483503+00:00,0.08,complete
2026-08-13T17:35:39.474759+00:00,9086,chidi njokuani|joel alvarez,joel-alvarez-vs-chidi-njokuani-80608,2026-08-15,UFC 330: Makhachev vs. Machado Garry,ufc,chidi njokuani,joel alvarez,Bovada,sportsbook,3.6000,1.3125,+260,-320,2026-08-13T17:34:21.816710+00:00,0.02,complete
2026-08-13T17:35:39.474759+00:00,9086,chidi njokuani|joel alvarez,joel-alvarez-vs-chidi-njokuani-80608,2026-08-15,UFC 330: Makhachev vs. Machado Garry,ufc,chidi njokuani,joel alvarez,Kalshi,exchange,3.7000,1.3155,+270,-317,2026-08-13T17:29:21.750652+00:00,0.1,complete
2026-08-13T17:35:39.474759+00:00,9086,charles johnson|eduardo henrique da silva,charles-johnson-vs-eduardo-henrique-da-silva-80763,2026-08-15,UFC 330: Makhachev vs. Machado Garry,ufc,charles johnson,eduardo henrique da silva,Polymarket(US),exchange,1.6410,2.2200,-156,+122,2026-08-13T17:31:39.806608+00:00,0.07,complete
2026-08-13T17:35:39.474759+00:00,9086,charles johnson|eduardo henrique da silva,charles-johnson-vs-eduardo-henrique-da-silva-80763,2026-08-15,UFC 330: Makhachev vs. Machado Garry,ufc,charles johnson,eduardo henrique da silva,Kalshi,exchange,1.7246,2.2700,-138,+127,2026-08-13T17:29:21.753865+00:00,0.1,complete
2026-08-13T17:35:39.474759+00:00,9086,tresean gore|vicente luque,vicente-luque-vs-tresean-gore-79238,2026-08-15,UFC 330: Makhachev vs. Machado Garry,ufc,tresean gore,vicente luque,Novig,exchange,1.8547,2.0800,-117,+108,2026-08-13T17:30:54.362820+00:00,0.08,complete
2026-08-13T17:35:39.474759+00:00,9086,jeremiah wells|myktybek orolbai,jeremiah-wells-vs-myktybek-orolbai-79363,2026-08-15,UFC 330: Makhachev vs. Machado Garry,ufc,jeremiah wells,myktybek orolbai,Novig,exchange,8.3300,1.1111,+733,-900,2026-08-13T17:30:52.348060+00:00,0.08,complete
2026-08-13T17:35:39.474759+00:00,9112,douglas rodrigues|trent miller,douglas-rodrigues-vs-trent-miller-80341,2026-08-18,Contender Series 2026: Week 2,dwcs,douglas rodrigues,trent miller,Polymarket,exchange,1.0765,2.7800,-1308,+178,2026-08-13T17:34:18.805421+00:00,0.02,complete
2026-08-13T17:35:39.474759+00:00,9112,roman puga|taner trembley,taner-trembley-vs-roman-puga-79617,2026-08-18,Contender Series 2026: Week 2,dwcs,roman puga,taner trembley,Polymarket,exchange,2.4400,1.4292,+144,-233,2026-08-13T17:34:19.125456+00:00,0.02,complete
2026-08-13T17:35:39.474759+00:00,9656,reinier de ridder|roman dolidze,reinier-de-ridder-vs-roman-dolidze-79690,2026-08-22,UFC Fight Night: Hernandez vs. Rodrigues,ufc,reinier de ridder,roman dolidze,Polymarket(US),exchange,1.3509,3.4500,-285,+245,2026-08-13T17:31:39.455991+00:00,0.07,complete
2026-08-13T17:35:39.474759+00:00,9656,sergey spivak|vitor petrino,sergey-spivak-vs-vitor-petrino-79082,2026-08-22,UFC Fight Night: Hernandez vs. Rodrigues,ufc,sergey spivak,vitor petrino,Polymarket(US),exchange,2.2700,1.5155,+127,-194,2026-08-13T17:31:39.462604+00:00,0.07,complete
2026-08-13T17:35:39.474759+00:00,9656,elise reed|shanelle dyer,shanelle-dyer-vs-elise-reed-79813,2026-08-22,UFC Fight Night: Hernandez vs. Rodrigues,ufc,elise reed,shanelle dyer,Polymarket(US),exchange,3.3300,1.2817,+233,-355,2026-08-13T17:31:39.491146+00:00,0.07,complete
2026-08-13T17:35:39.474759+00:00,8869,umar nurmagomedov|yadong song,umar-nurmagomedov-vs-yadong-song-79649,2026-08-29,UFC Fight Night: Nurmagomedov vs. Song,ufc,umar nurmagomedov,yadong song,Polymarket(US),exchange,1.2347,3.7000,-426,+270,2026-08-13T17:31:39.509649+00:00,0.07,complete
2026-08-13T17:35:39.474759+00:00,8869,alex perez|su mudaerji,alex-perez-vs-su-mudaerji-79689,2026-08-29,UFC Fight Night: Nurmagomedov vs. Song,ufc,alex perez,su mudaerji,Polymarket(US),exchange,2.0000,1.5155,+100,-194,2026-08-13T17:31:39.527623+00:00,0.07,complete
2026-08-13T17:35:39.474759+00:00,8869,denise gomes|xiaonan yan,xiaonan-yan-vs-denise-gomes-79865,2026-08-29,UFC Fight Night: Nurmagomedov vs. Song,ufc,denise gomes,xiaonan yan,Polymarket(US),exchange,1.6135,1.8850,-163,-113,2026-08-13T17:31:39.518745+00:00,0.07,complete
2026-08-13T17:35:39.474759+00:00,8869,kevin borjas|rei tsuruya,rei-tsuruya-vs-kevin-borjas-79779,2026-08-29,UFC Fight Night: Nurmagomedov vs. Song,ufc,kevin borjas,rei tsuruya,Polymarket(US),exchange,3.0300,1.2817,+203,-355,2026-08-13T17:31:39.533888+00:00,0.07,complete
2026-08-13T17:35:39.474759+00:00,9648,daniel hooker|salahdine parnasse,daniel-hooker-vs-salahdine-parnasse-80397,2026-09-05,UFC Fight Night: Parnasse vs. Hooker,ufc,daniel hooker,salahdine parnasse,Polymarket(US),exchange,3.1200,1.2985,+212,-335,2026-08-13T17:31:39.750745+00:00,0.07,complete
2026-08-13T17:35:39.474759+00:00,9648,michael page|nursultan ruziboev,michael-page-vs-nursultan-ruziboev-80092,2026-09-05,UFC Fight Night: Parnasse vs. Hooker,ufc,michael page,nursultan ruziboev,Polymarket(US),exchange,1.4292,2.6300,-233,+163,2026-08-13T17:31:39.759841+00:00,0.07,complete
2026-08-13T17:35:39.474759+00:00,9648,kurtis campbell|trevor peek,kurtis-campbell-vs-trevor-peek-80036,2026-09-05,UFC Fight Night: Parnasse vs. Hooker,ufc,kurtis campbell,trevor peek,Polymarket(US),exchange,1.2985,3.0300,-335,+203,2026-08-13T17:31:39.789595+00:00,0.07,complete
2026-08-13T17:45:06.755990+00:00,9086,gillian robertson|mackenzie dern,mackenzie-dern-vs-gillian-robertson-79254,2026-08-15,UFC 330: Makhachev vs. Machado Garry,ufc,gillian robertson,mackenzie dern,Stake,sportsbook,2.8000,1.4695,+180,-213,2026-08-13T17:40:23.329920+00:00,0.08,complete
2026-08-13T17:45:06.755990+00:00,9086,edson barboza|esteban ribovics,esteban-ribovics-vs-edson-barboza-79120,2026-08-15,UFC 330: Makhachev vs. Machado Garry,ufc,edson barboza,esteban ribovics,Kalshi,exchange,6.6700,1.1764,+567,-567,2026-08-13T17:39:20.670431+00:00,0.1,complete
2026-08-13T17:45:06.755990+00:00,9086,chidi njokuani|joel alvarez,joel-alvarez-vs-chidi-njokuani-80608,2026-08-15,UFC 330: Makhachev vs. Machado Garry,ufc,chidi njokuani,joel alvarez,Kalshi,exchange,3.7000,1.3333,+270,-300,2026-08-13T17:39:20.606374+00:00,0.1,complete
2026-08-13T17:45:06.755990+00:00,9086,charles johnson|eduardo henrique da silva,charles-johnson-vs-eduardo-henrique-da-silva-80763,2026-08-15,UFC 330: Makhachev vs. Machado Garry,ufc,charles johnson,eduardo henrique da silva,Circa,sportsbook,1.9091,1.9091,-110,-110,2026-08-13T17:41:32.183413+00:00,0.06,complete
2026-08-13T17:45:06.755990+00:00,9086,charles johnson|eduardo henrique da silva,charles-johnson-vs-eduardo-henrique-da-silva-80763,2026-08-15,UFC 330: Makhachev vs. Machado Garry,ufc,charles johnson,eduardo henrique da silva,Kalshi,exchange,1.6667,2.2700,-150,+127,2026-08-13T17:39:20.631081+00:00,0.1,complete
2026-08-13T17:45:06.755990+00:00,9086,donte johnson|eric mcconico,donte-johnson-vs-eric-mcconico-80309,2026-08-15,UFC 330: Makhachev vs. Machado Garry,ufc,donte johnson,eric mcconico,Kalshi,exchange,1.3891,3.3300,-257,+233,2026-08-13T17:39:20.512630+00:00,0.1,complete
2026-08-13T17:45:06.755990+00:00,9086,donte johnson|eric mcconico,donte-johnson-vs-eric-mcconico-80309,2026-08-15,UFC 330: Makhachev vs. Machado Garry,ufc,donte johnson,eric mcconico,Stake,sportsbook,1.3704,3.2500,-270,+225,2026-08-13T17:40:20.554252+00:00,0.08,complete
2026-08-13T17:45:06.755990+00:00,9086,tresean gore|vicente luque,vicente-luque-vs-tresean-gore-79238,2026-08-15,UFC 330: Makhachev vs. Machado Garry,ufc,tresean gore,vicente luque,BetAnything,sportsbook,1.8696,1.8696,-115,-115,2026-08-13T17:44:43.104516+00:00,0.01,complete
2026-08-13T17:45:06.755990+00:00,9086,tresean gore|vicente luque,vicente-luque-vs-tresean-gore-79238,2026-08-15,UFC 330: Makhachev vs. Machado Garry,ufc,tresean gore,vicente luque,BetOnline,sportsbook,1.9091,1.9091,-110,-110,2026-08-13T17:40:50.865784+00:00,0.07,complete
2026-08-13T17:45:06.755990+00:00,9086,tresean gore|vicente luque,vicente-luque-vs-tresean-gore-79238,2026-08-15,UFC 330: Makhachev vs. Machado Garry,ufc,tresean gore,vicente luque,Bovada,sportsbook,1.8696,1.9524,-115,-105,2026-08-13T17:44:50.464176+00:00,0.0,complete
2026-08-13T17:45:06.755990+00:00,9086,neil magny|ramiz brahimaj,neil-magny-vs-ramiz-brahimaj-79618,2026-08-15,UFC 330: Makhachev vs. Machado Garry,ufc,neil magny,ramiz brahimaj,Kalshi,exchange,2.2700,1.7874,+127,-127,2026-08-13T17:39:20.595766+00:00,0.1,complete
2026-08-13T17:45:06.755990+00:00,9112,douglas rodrigues|trent miller,douglas-rodrigues-vs-trent-miller-80341,2026-08-18,Contender Series 2026: Week 2,dwcs,douglas rodrigues,trent miller,Polymarket,exchange,1.0870,2.7800,-1150,+178,2026-08-13T17:39:24.930318+00:00,0.09,complete
2026-08-13T17:45:06.755990+00:00,9656,jackson mcvey|wesley schultz,wesley-schultz-vs-jackson-mcvey-79119,2026-08-22,UFC Fight Night: Hernandez vs. Rodrigues,ufc,jackson mcvey,wesley schultz,Stake,sportsbook,1.5714,2.4200,-175,+142,2026-08-13T17:40:24.546361+00:00,0.08,complete
2026-08-13T17:54:34.406020+00:00,9086,dustin stoltzfus|mansur abdul malik,mansur-abdul-malik-vs-dustin-stoltzfus-79270,2026-08-15,UFC 330: Makhachev vs. Machado Garry,ufc,dustin stoltzfus,mansur abdul malik,Novig,exchange,6.0600,1.1695,+506,-590,2026-08-13T17:45:16.486614+00:00,0.15,complete
2026-08-13T17:54:34.406020+00:00,9086,edson barboza|esteban ribovics,esteban-ribovics-vs-edson-barboza-79120,2026-08-15,UFC 330: Makhachev vs. Machado Garry,ufc,edson barboza,esteban ribovics,Kalshi,exchange,6.6700,1.1629,+567,-614,2026-08-13T17:49:09.122799+00:00,0.09,complete
2026-08-13T17:54:34.406020+00:00,9086,edson barboza|esteban ribovics,esteban-ribovics-vs-edson-barboza-79120,2026-08-15,UFC 330: Makhachev vs. Machado Garry,ufc,edson barboza,esteban ribovics,Betway,sportsbook,5.5000,1.1541,+450,-649,2026-08-13T17:46:48.274733+00:00,0.13,complete
2026-08-13T17:54:34.406020+00:00,9086,edson barboza|esteban ribovics,esteban-ribovics-vs-edson-barboza-79120,2026-08-15,UFC 330: Makhachev vs. Machado Garry,ufc,edson barboza,esteban ribovics,Novig,exchange,6.0600,1.1629,+506,-614,2026-08-13T17:45:16.341285+00:00,0.16,complete
2026-08-13T17:54:34.406020+00:00,9086,chidi njokuani|joel alvarez,joel-alvarez-vs-chidi-njokuani-80608,2026-08-15,UFC 330: Makhachev vs. Machado Garry,ufc,chidi njokuani,joel alvarez,Bet105,sportsbook,3.6600,1.3067,+266,-326,2026-08-13T17:53:34.180458+00:00,0.02,complete
2026-08-13T17:54:34.406020+00:00,9086,charles johnson|eduardo henrique da silva,charles-johnson-vs-eduardo-henrique-da-silva-80763,2026-08-15,UFC 330: Makhachev vs. Machado Garry,ufc,charles johnson,eduardo henrique da silva,Bookmaker,sportsbook,1.8696,1.9524,-115,-105,2026-08-13T17:45:53.709099+00:00,0.14,complete
2026-08-13T17:54:34.406020+00:00,9086,charles johnson|eduardo henrique da silva,charles-johnson-vs-eduardo-henrique-da-silva-80763,2026-08-15,UFC 330: Makhachev vs. Machado Garry,ufc,charles johnson,eduardo henrique da silva,Kalshi,exchange,1.6944,2.2700,-144,+127,2026-08-13T17:49:09.116592+00:00,0.09,complete
2026-08-13T17:54:34.406020+00:00,9086,donte johnson|eric mcconico,donte-johnson-vs-eric-mcconico-80309,2026-08-15,UFC 330: Makhachev vs. Machado Garry,ufc,donte johnson,eric mcconico,Betway,sportsbook,1.3636,3.1000,-275,+210,2026-08-13T17:46:46.896967+00:00,0.13,complete
2026-08-13T17:54:34.406020+00:00,9086,tresean gore|vicente luque,vicente-luque-vs-tresean-gore-79238,2026-08-15,UFC 330: Makhachev vs. Machado Garry,ufc,tresean gore,vicente luque,BetUS,sportsbook,1.8696,1.9524,-115,-105,2026-08-13T17:45:50.624712+00:00,0.15,complete
2026-08-13T17:54:34.406020+00:00,9086,tresean gore|vicente luque,vicente-luque-vs-tresean-gore-79238,2026-08-15,UFC 330: Makhachev vs. Machado Garry,ufc,tresean gore,vicente luque,Novig,exchange,1.9009,2.0800,-111,+108,2026-08-13T17:45:16.455654+00:00,0.15,complete
2026-08-13T17:54:34.406020+00:00,9656,anthony hernandez|gregory rodrigues,anthony-hernandez-vs-gregory-rodrigues-79524,2026-08-22,UFC Fight Night: Hernandez vs. Rodrigues,ufc,anthony hernandez,gregory rodrigues,Novig,exchange,1.5882,2.3300,-170,+133,2026-08-13T17:45:16.174682+00:00,0.16,complete
2026-08-13T17:54:34.406020+00:00,9656,reinier de ridder|roman dolidze,reinier-de-ridder-vs-roman-dolidze-79690,2026-08-22,UFC Fight Night: Hernandez vs. Rodrigues,ufc,reinier de ridder,roman dolidze,Novig,exchange,1.2577,3.6400,-388,+264,2026-08-13T17:45:16.258990+00:00,0.16,complete
2026-08-13T17:54:34.406020+00:00,9656,reinier de ridder|roman dolidze,reinier-de-ridder-vs-roman-dolidze-79690,2026-08-22,UFC Fight Night: Hernandez vs. Rodrigues,ufc,reinier de ridder,roman dolidze,Polymarket(US),exchange,1.3333,3.5700,-300,+257,2026-08-13T17:45:39.598485+00:00,0.15,complete
2026-08-13T17:54:34.406020+00:00,9656,sergey spivak|vitor petrino,sergey-spivak-vs-vitor-petrino-79082,2026-08-22,UFC Fight Night: Hernandez vs. Rodrigues,ufc,sergey spivak,vitor petrino,Novig,exchange,2.4100,1.5882,+141,-170,2026-08-13T17:45:16.317079+00:00,0.16,complete
2026-08-13T17:54:34.406020+00:00,9656,sergey spivak|vitor petrino,sergey-spivak-vs-vitor-petrino-79082,2026-08-22,UFC Fight Night: Hernandez vs. Rodrigues,ufc,sergey spivak,vitor petrino,Polymarket(US),exchange,2.4400,1.5155,+144,-194,2026-08-13T17:45:39.601323+00:00,0.15,complete
2026-08-13T17:54:34.406020+00:00,9656,jackson mcvey|wesley schultz,wesley-schultz-vs-jackson-mcvey-79119,2026-08-22,UFC Fight Night: Hernandez vs. Rodrigues,ufc,jackson mcvey,wesley schultz,Novig,exchange,1.5155,2.4100,-194,+141,2026-08-13T17:45:16.267279+00:00,0.16,complete
2026-08-13T17:54:34.406020+00:00,9656,elise reed|shanelle dyer,shanelle-dyer-vs-elise-reed-79813,2026-08-22,UFC Fight Night: Hernandez vs. Rodrigues,ufc,elise reed,shanelle dyer,Polymarket(US),exchange,3.4500,1.2817,+245,-355,2026-08-13T17:45:39.618440+00:00,0.15,complete
2026-08-13T17:54:34.406020+00:00,9648,daniel hooker|salahdine parnasse,daniel-hooker-vs-salahdine-parnasse-80397,2026-09-05,UFC Fight Night: Parnasse vs. Hooker,ufc,daniel hooker,salahdine parnasse,Polymarket(US),exchange,2.8600,1.2985,+186,-335,2026-08-13T17:45:39.795382+00:00,0.15,complete
2026-08-13T18:04:01.402848+00:00,9086,ian garry|islam makhachev,islam-makhachev-vs-ian-garry-79253,2026-08-15,UFC 330: Makhachev vs. Machado Garry,ufc,ian garry,islam makhachev,BetAnything,sportsbook,3.3500,1.2817,+235,-355,2026-08-13T17:59:45.915733+00:00,0.07,complete
2026-08-13T18:04:01.402848+00:00,9086,ian garry|islam makhachev,islam-makhachev-vs-ian-garry-79253,2026-08-15,UFC 330: Makhachev vs. Machado Garry,ufc,ian garry,islam makhachev,BetOnline,sportsbook,3.8500,1.2817,+285,-355,2026-08-13T17:57:45.226286+00:00,0.1,complete
2026-08-13T18:04:01.402848+00:00,9086,ian garry|islam makhachev,islam-makhachev-vs-ian-garry-79253,2026-08-15,UFC 330: Makhachev vs. Machado Garry,ufc,ian garry,islam makhachev,4casters,exchange,4.0400,1.3021,+304,-331,2026-08-13T18:03:03.061704+00:00,0.02,complete
2026-08-13T18:04:01.402848+00:00,9086,ian garry|islam makhachev,islam-makhachev-vs-ian-garry-79253,2026-08-15,UFC 330: Makhachev vs. Machado Garry,ufc,ian garry,islam makhachev,Novig,exchange,4.0800,1.3067,+308,-326,2026-08-13T18:01:22.355274+00:00,0.04,complete
2026-08-13T18:04:01.402848+00:00,9086,gillian robertson|mackenzie dern,mackenzie-dern-vs-gillian-robertson-79254,2026-08-15,UFC 330: Makhachev vs. Machado Garry,ufc,gillian robertson,mackenzie dern,4Cx,exchange,2.7300,1.5025,+173,-199,2026-08-13T18:03:02.038354+00:00,0.02,complete
2026-08-13T18:04:01.402848+00:00,9086,gillian robertson|mackenzie dern,mackenzie-dern-vs-gillian-robertson-79254,2026-08-15,UFC 330: Makhachev vs. Machado Garry,ufc,gillian robertson,mackenzie dern,4casters,exchange,2.7600,1.5128,+176,-195,2026-08-13T18:03:03.132356+00:00,0.02,complete
2026-08-13T18:04:01.402848+00:00,9086,gillian robertson|mackenzie dern,mackenzie-dern-vs-gillian-robertson-79254,2026-08-15,UFC 330: Makhachev vs. Machado Garry,ufc,gillian robertson,mackenzie dern,Novig,exchange,2.8200,1.5155,+182,-194,2026-08-13T18:01:23.277757+00:00,0.04,complete
2026-08-13T18:04:01.402848+00:00,9086,jalin turner|kaue fernandes,jalin-turner-vs-kaue-fernandes-79619,2026-08-15,UFC 330: Makhachev vs. Machado Garry,ufc,jalin turner,kaue fernandes,4Cx,exchange,1.6711,2.3000,-149,+130,2026-08-13T18:03:02.032804+00:00,0.02,complete
2026-08-13T18:04:01.402848+00:00,9086,jalin turner|kaue fernandes,jalin-turner-vs-kaue-fernandes-79619,2026-08-15,UFC 330: Makhachev vs. Machado Garry,ufc,jalin turner,kaue fernandes,4casters,exchange,1.6849,2.3300,-146,+133,2026-08-13T18:03:03.123075+00:00,0.02,complete
2026-08-13T18:04:01.402848+00:00,9086,jalin turner|kaue fernandes,jalin-turner-vs-kaue-fernandes-79619,2026-08-15,UFC 330: Makhachev vs. Machado Garry,ufc,jalin turner,kaue fernandes,Novig,exchange,1.7092,2.3000,-141,+130,2026-08-13T18:01:22.756928+00:00,0.04,complete
2026-08-13T18:04:01.402848+00:00,9086,dustin stoltzfus|mansur abdul malik,mansur-abdul-malik-vs-dustin-stoltzfus-79270,2026-08-15,UFC 330: Makhachev vs. Machado Garry,ufc,dustin stoltzfus,mansur abdul malik,Novig,exchange,6.4500,1.1695,+545,-590,2026-08-13T18:01:23.554073+00:00,0.04,complete
2026-08-13T18:04:01.402848+00:00,9086,edson barboza|esteban ribovics,esteban-ribovics-vs-edson-barboza-79120,2026-08-15,UFC 330: Makhachev vs. Machado Garry,ufc,edson barboza,esteban ribovics,Novig,exchange,6.2500,1.1629,+525,-614,2026-08-13T18:01:22.976863+00:00,0.04,complete
2026-08-13T18:04:01.402848+00:00,9086,chidi njokuani|joel alvarez,joel-alvarez-vs-chidi-njokuani-80608,2026-08-15,UFC 330: Makhachev vs. Machado Garry,ufc,chidi njokuani,joel alvarez,BetUS,sportsbook,3.6100,1.3125,+261,-320,2026-08-13T17:55:52.144777+00:00,0.14,complete
2026-08-13T18:04:01.402848+00:00,9086,chidi njokuani|joel alvarez,joel-alvarez-vs-chidi-njokuani-80608,2026-08-15,UFC 330: Makhachev vs. Machado Garry,ufc,chidi njokuani,joel alvarez,Circa,sportsbook,3.6500,1.3125,+265,-320,2026-08-13T17:56:52.223338+00:00,0.12,complete
2026-08-13T18:04:01.402848+00:00,9086,chidi njokuani|joel alvarez,joel-alvarez-vs-chidi-njokuani-80608,2026-08-15,UFC 330: Makhachev vs. Machado Garry,ufc,chidi njokuani,joel alvarez,Kalshi,exchange,3.7000,1.3509,+270,-285,2026-08-13T17:59:45.425036+00:00,0.07,complete
2026-08-13T18:04:01.402848+00:00,9086,chidi njokuani|joel alvarez,joel-alvarez-vs-chidi-njokuani-80608,2026-08-15,UFC 330: Makhachev vs. Machado Garry,ufc,chidi njokuani,joel alvarez,Bookmaker,sportsbook,3.6000,1.3125,+260,-320,2026-08-13T18:01:19.535928+00:00,0.04,complete
2026-08-13T18:04:01.402848+00:00,9086,chidi njokuani|joel alvarez,joel-alvarez-vs-chidi-njokuani-80608,2026-08-15,UFC 330: Makhachev vs. Machado Garry,ufc,chidi njokuani,joel alvarez,Polymarket(US),exchange,3.7000,1.3509,+270,-285,2026-08-13T18:01:48.460142+00:00,0.04,complete
2026-08-13T18:04:01.402848+00:00,9086,chidi njokuani|joel alvarez,joel-alvarez-vs-chidi-njokuani-80608,2026-08-15,UFC 330: Makhachev vs. Machado Garry,ufc,chidi njokuani,joel alvarez,Novig,exchange,3.7000,1.3509,+270,-285,2026-08-13T18:01:22.621778+00:00,0.04,complete
2026-08-13T18:04:01.402848+00:00,9086,charles johnson|eduardo henrique da silva,charles-johnson-vs-eduardo-henrique-da-silva-80763,2026-08-15,UFC 330: Makhachev vs. Machado Garry,ufc,charles johnson,eduardo henrique da silva,Kalshi,exchange,1.6410,2.2700,-156,+127,2026-08-13T17:59:45.462888+00:00,0.07,complete
2026-08-13T18:04:01.402848+00:00,9086,tresean gore|vicente luque,vicente-luque-vs-tresean-gore-79238,2026-08-15,UFC 330: Makhachev vs. Machado Garry,ufc,tresean gore,vicente luque,4Cx,exchange,1.8547,2.0400,-117,+104,2026-08-13T18:03:01.949373+00:00,0.02,complete
2026-08-13T18:04:01.402848+00:00,9086,tresean gore|vicente luque,vicente-luque-vs-tresean-gore-79238,2026-08-15,UFC 330: Makhachev vs. Machado Garry,ufc,tresean gore,vicente luque,4casters,exchange,1.8696,2.0600,-115,+106,2026-08-13T18:03:02.977610+00:00,0.02,complete
2026-08-13T18:04:01.402848+00:00,9086,tresean gore|vicente luque,vicente-luque-vs-tresean-gore-79238,2026-08-15,UFC 330: Makhachev vs. Machado Garry,ufc,tresean gore,vicente luque,ReBet,sportsbook,1.8772,1.9009,-114,-111,2026-08-13T18:01:16.668686+00:00,0.05,complete
2026-08-13T18:04:01.402848+00:00,9086,tresean gore|vicente luque,vicente-luque-vs-tresean-gore-79238,2026-08-15,UFC 330: Makhachev vs. Machado Garry,ufc,tresean gore,vicente luque,MyBookie,sportsbook,1.8772,1.9009,-114,-111,2026-08-13T17:54:46.356851+00:00,0.15,complete
2026-08-13T18:04:01.402848+00:00,9086,tresean gore|vicente luque,vicente-luque-vs-tresean-gore-79238,2026-08-15,UFC 330: Makhachev vs. Machado Garry,ufc,tresean gore,vicente luque,Novig,exchange,1.8547,2.0800,-117,+108,2026-08-13T18:01:23.404473+00:00,0.04,complete
2026-08-13T18:04:01.402848+00:00,9086,jeremiah wells|myktybek orolbai,jeremiah-wells-vs-myktybek-orolbai-79363,2026-08-15,UFC 330: Makhachev vs. Machado Garry,ufc,jeremiah wells,myktybek orolbai,Novig,exchange,8.3300,1.1174,+733,-852,2026-08-13T18:01:22.254858+00:00,0.04,complete
2026-08-13T18:04:01.402848+00:00,9086,jeremiah wells|myktybek orolbai,jeremiah-wells-vs-myktybek-orolbai-79363,2026-08-15,UFC 330: Makhachev vs. Machado Garry,ufc,jeremiah wells,myktybek orolbai,Polymarket(US),exchange,9.0900,1.1111,+809,-900,2026-08-13T18:01:48.030518+00:00,0.04,complete
2026-08-13T18:04:01.402848+00:00,9112,roman puga|taner trembley,taner-trembley-vs-roman-puga-79617,2026-08-18,Contender Series 2026: Week 2,dwcs,roman puga,taner trembley,Polymarket,exchange,2.4400,1.4484,+144,-223,2026-08-13T17:54:45.072499+00:00,0.15,complete
2026-08-13T18:04:01.402848+00:00,9648,daniel hooker|salahdine parnasse,daniel-hooker-vs-salahdine-parnasse-80397,2026-09-05,UFC Fight Night: Parnasse vs. Hooker,ufc,daniel hooker,salahdine parnasse,Polymarket(US),exchange,3.3300,1.2660,+233,-376,2026-08-13T18:01:48.596471+00:00,0.04,complete
2026-08-13T18:13:27.737676+00:00,9086,ian garry|islam makhachev,islam-makhachev-vs-ian-garry-79253,2026-08-15,UFC 330: Makhachev vs. Machado Garry,ufc,ian garry,islam makhachev,ProphetX,exchange,3.6000,1.2740,+260,-365,2026-08-13T18:06:37.916287+00:00,0.11,complete
2026-08-13T18:13:27.737676+00:00,9086,ian garry|islam makhachev,islam-makhachev-vs-ian-garry-79253,2026-08-15,UFC 330: Makhachev vs. Machado Garry,ufc,ian garry,islam makhachev,MyBookie,sportsbook,3.7000,1.2703,+270,-370,2026-08-13T18:09:47.387402+00:00,0.06,complete
2026-08-13T18:13:27.737676+00:00,9086,ian garry|islam makhachev,islam-makhachev-vs-ian-garry-79253,2026-08-15,UFC 330: Makhachev vs. Machado Garry,ufc,ian garry,islam makhachev,DraftKings,sportsbook,3.7500,1.2899,+275,-345,2026-08-13T18:11:15.985661+00:00,0.04,complete
2026-08-13T18:13:27.737676+00:00,9086,gillian robertson|mackenzie dern,mackenzie-dern-vs-gillian-robertson-79254,2026-08-15,UFC 330: Makhachev vs. Machado Garry,ufc,gillian robertson,mackenzie dern,ProphetX,exchange,2.6600,1.4545,+166,-220,2026-08-13T18:06:37.698170+00:00,0.11,complete
2026-08-13T18:13:27.737676+00:00,9086,gillian robertson|mackenzie dern,mackenzie-dern-vs-gillian-robertson-79254,2026-08-15,UFC 330: Makhachev vs. Machado Garry,ufc,gillian robertson,mackenzie dern,HardRockBet,sportsbook,2.7500,1.4545,+175,-220,2026-08-13T18:12:37.701934+00:00,0.01,complete
2026-08-13T18:13:27.737676+00:00,9086,jalin turner|kaue fernandes,jalin-turner-vs-kaue-fernandes-79619,2026-08-15,UFC 330: Makhachev vs. Machado Garry,ufc,jalin turner,kaue fernandes,ProphetX,exchange,1.6329,2.2400,-158,+124,2026-08-13T18:06:38.138682+00:00,0.11,complete
2026-08-13T18:13:27.737676+00:00,9086,dustin stoltzfus|mansur abdul malik,mansur-abdul-malik-vs-dustin-stoltzfus-79270,2026-08-15,UFC 330: Makhachev vs. Machado Garry,ufc,dustin stoltzfus,mansur abdul malik,ProphetX,exchange,5.4000,1.1429,+440,-700,2026-08-13T18:06:38.183965+00:00,0.11,complete
2026-08-13T18:13:27.737676+00:00,9086,edson barboza|esteban ribovics,esteban-ribovics-vs-edson-barboza-79120,2026-08-15,UFC 330: Makhachev vs. Machado Garry,ufc,edson barboza,esteban ribovics,ProphetX,exchange,5.4000,1.1449,+440,-690,2026-08-13T18:06:38.078589+00:00,0.11,complete
2026-08-13T18:13:27.737676+00:00,9086,chidi njokuani|joel alvarez,joel-alvarez-vs-chidi-njokuani-80608,2026-08-15,UFC 330: Makhachev vs. Machado Garry,ufc,chidi njokuani,joel alvarez,ProphetX,exchange,3.4000,1.3030,+240,-330,2026-08-13T18:06:37.963216+00:00,0.11,complete
2026-08-13T18:13:27.737676+00:00,9086,charles johnson|eduardo henrique da silva,charles-johnson-vs-eduardo-henrique-da-silva-80763,2026-08-15,UFC 330: Makhachev vs. Machado Garry,ufc,charles johnson,eduardo henrique da silva,BetUS,sportsbook,1.8696,1.9524,-115,-105,2026-08-13T18:05:27.822686+00:00,0.13,complete
2026-08-13T18:13:27.737676+00:00,9086,charles johnson|eduardo henrique da silva,charles-johnson-vs-eduardo-henrique-da-silva-80763,2026-08-15,UFC 330: Makhachev vs. Machado Garry,ufc,charles johnson,eduardo henrique da silva,Bovada,sportsbook,1.8547,1.9709,-117,-103,2026-08-13T18:09:52.756025+00:00,0.06,complete
2026-08-13T18:13:27.737676+00:00,9086,charles johnson|eduardo henrique da silva,charles-johnson-vs-eduardo-henrique-da-silva-80763,2026-08-15,UFC 330: Makhachev vs. Machado Garry,ufc,charles johnson,eduardo henrique da silva,Kalshi,exchange,1.6667,2.3800,-150,+138,2026-08-13T18:09:45.902717+00:00,0.06,complete
2026-08-13T18:13:27.737676+00:00,9086,charles johnson|eduardo henrique da silva,charles-johnson-vs-eduardo-henrique-da-silva-80763,2026-08-15,UFC 330: Makhachev vs. Machado Garry,ufc,charles johnson,eduardo henrique da silva,DraftKings,sportsbook,1.8475,1.9804,-118,-102,2026-08-13T18:11:15.573521+00:00,0.04,complete
2026-08-13T18:13:27.737676+00:00,9086,charles johnson|eduardo henrique da silva,charles-johnson-vs-eduardo-henrique-da-silva-80763,2026-08-15,UFC 330: Makhachev vs. Machado Garry,ufc,charles johnson,eduardo henrique da silva,BetOnline,sportsbook,1.8000,2.0500,-125,+105,2026-08-13T18:10:55.627531+00:00,0.04,complete
2026-08-13T18:13:27.737676+00:00,9086,donte johnson|eric mcconico,donte-johnson-vs-eric-mcconico-80309,2026-08-15,UFC 330: Makhachev vs. Machado Garry,ufc,donte johnson,eric mcconico,ProphetX,exchange,1.3704,3.0000,-270,+200,2026-08-13T18:06:37.735275+00:00,0.11,complete
2026-08-13T18:13:27.737676+00:00,9086,tresean gore|vicente luque,vicente-luque-vs-tresean-gore-79238,2026-08-15,UFC 330: Makhachev vs. Machado Garry,ufc,tresean gore,vicente luque,ProphetX,exchange,1.7812,2.0100,-128,+101,2026-08-13T18:06:37.794039+00:00,0.11,complete
2026-08-13T18:13:27.737676+00:00,9086,lucas fernando|rafael tobias,lucas-fernando-vs-rafael-tobias-80111,2026-08-15,UFC 330: Makhachev vs. Machado Garry,ufc,lucas fernando,rafael tobias,ProphetX,exchange,1.3279,3.2500,-305,+225,2026-08-13T18:06:37.855438+00:00,0.11,complete
2026-08-13T18:13:27.737676+00:00,9086,neil magny|ramiz brahimaj,neil-magny-vs-ramiz-brahimaj-79618,2026-08-15,UFC 330: Makhachev vs. Machado Garry,ufc,neil magny,ramiz brahimaj,4Cx,exchange,2.2300,1.7143,+123,-140,2026-08-13T18:11:44.013701+00:00,0.03,complete
2026-08-13T18:13:27.737676+00:00,9086,neil magny|ramiz brahimaj,neil-magny-vs-ramiz-brahimaj-79618,2026-08-15,UFC 330: Makhachev vs. Machado Garry,ufc,neil magny,ramiz brahimaj,4casters,exchange,2.1900,1.7299,+119,-137,2026-08-13T18:10:19.057569+00:00,0.05,complete
2026-08-13T18:13:27.737676+00:00,9086,neil magny|ramiz brahimaj,neil-magny-vs-ramiz-brahimaj-79618,2026-08-15,UFC 330: Makhachev vs. Machado Garry,ufc,neil magny,ramiz brahimaj,ProphetX,exchange,2.1600,1.6849,+116,-146,2026-08-13T18:11:42.391880+00:00,0.03,complete
2026-08-13T18:13:27.737676+00:00,9086,neil magny|ramiz brahimaj,neil-magny-vs-ramiz-brahimaj-79618,2026-08-15,UFC 330: Makhachev vs. Machado Garry,ufc,neil magny,ramiz brahimaj,Cloudbet,sportsbook,2.1700,1.6711,+117,-149,2026-08-13T18:12:29.546303+00:00,0.02,complete
2026-08-13T18:13:27.737676+00:00,9086,jeremiah wells|myktybek orolbai,jeremiah-wells-vs-myktybek-orolbai-79363,2026-08-15,UFC 330: Makhachev vs. Machado Garry,ufc,jeremiah wells,myktybek orolbai,ProphetX,exchange,7.4000,1.1087,+640,-920,2026-08-13T18:11:42.339355+00:00,0.03,complete
2026-08-13T18:13:27.737676+00:00,9086,jeremiah wells|myktybek orolbai,jeremiah-wells-vs-myktybek-orolbai-79363,2026-08-15,UFC 330: Makhachev vs. Machado Garry,ufc,jeremiah wells,myktybek orolbai,Caesars,sportsbook,8.0000,1.0909,+700,-1100,2026-08-13T18:05:25.935064+00:00,0.13,complete
2026-08-13T18:13:27.737676+00:00,9656,chris padilla|nasrat haqparast,nasrat-haqparast-vs-chris-padilla-80255,2026-08-22,UFC Fight Night: Hernandez vs. Rodrigues,ufc,chris padilla,nasrat haqparast,Cloudbet,sportsbook,1.9804,1.7874,-102,-127,2026-08-13T18:12:30.289951+00:00,0.02,complete
2026-08-13T19:04:07.022931+00:00,9086,ian garry|islam makhachev,islam-makhachev-vs-ian-garry-79253,2026-08-15,UFC 330: Makhachev vs. Machado Garry,ufc,ian garry,islam makhachev,4casters,exchange,4.0400,1.3012,+304,-332,2026-08-13T18:20:28.163215+00:00,0.73,complete
2026-08-13T19:04:07.022931+00:00,9086,ian garry|islam makhachev,islam-makhachev-vs-ian-garry-79253,2026-08-15,UFC 330: Makhachev vs. Machado Garry,ufc,ian garry,islam makhachev,Novig,exchange,4.0800,1.3155,+308,-317,2026-08-13T19:01:01.484536+00:00,0.05,complete
2026-08-13T19:04:07.022931+00:00,9086,ian garry|islam makhachev,islam-makhachev-vs-ian-garry-79253,2026-08-15,UFC 330: Makhachev vs. Machado Garry,ufc,ian garry,islam makhachev,ProphetX,exchange,4.1500,1.2857,+315,-350,2026-08-13T18:36:22.956706+00:00,0.46,complete
2026-08-13T19:04:07.022931+00:00,9086,ian garry|islam makhachev,islam-makhachev-vs-ian-garry-79253,2026-08-15,UFC 330: Makhachev vs. Machado Garry,ufc,ian garry,islam makhachev,Bet105,sportsbook,3.8400,1.2849,+284,-351,2026-08-13T18:38:33.627535+00:00,0.43,complete
2026-08-13T19:04:07.022931+00:00,9086,ian garry|islam makhachev,islam-makhachev-vs-ian-garry-79253,2026-08-15,UFC 330: Makhachev vs. Machado Garry,ufc,ian garry,islam makhachev,ReBet,sportsbook,3.7000,1.2703,+270,-370,2026-08-13T18:15:35.487342+00:00,0.81,complete
2026-08-13T19:04:07.022931+00:00,9086,ian garry|islam makhachev,islam-makhachev-vs-ian-garry-79253,2026-08-15,UFC 330: Makhachev vs. Machado Garry,ufc,ian garry,islam makhachev,Stake,sportsbook,3.8500,1.2801,+285,-357,2026-08-13T18:39:55.203296+00:00,0.4,complete
2026-08-13T19:04:07.022931+00:00,9086,gillian robertson|mackenzie dern,mackenzie-dern-vs-gillian-robertson-79254,2026-08-15,UFC 330: Makhachev vs. Machado Garry,ufc,gillian robertson,mackenzie dern,4Cx,exchange,2.7300,1.5128,+173,-195,2026-08-13T18:21:21.415821+00:00,0.71,complete
2026-08-13T19:04:07.022931+00:00,9086,gillian robertson|mackenzie dern,mackenzie-dern-vs-gillian-robertson-79254,2026-08-15,UFC 330: Makhachev vs. Machado Garry,ufc,gillian robertson,mackenzie dern,4casters,exchange,2.7600,1.5236,+176,-191,2026-08-13T18:20:28.201398+00:00,0.73,complete
2026-08-13T19:04:07.022931+00:00,9086,gillian robertson|mackenzie dern,mackenzie-dern-vs-gillian-robertson-79254,2026-08-15,UFC 330: Makhachev vs. Machado Garry,ufc,gillian robertson,mackenzie dern,Novig,exchange,2.8200,1.4926,+182,-203,2026-08-13T18:45:17.938776+00:00,0.31,complete
2026-08-13T19:04:07.022931+00:00,9086,gillian robertson|mackenzie dern,mackenzie-dern-vs-gillian-robertson-79254,2026-08-15,UFC 330: Makhachev vs. Machado Garry,ufc,gillian robertson,mackenzie dern,ProphetX,exchange,2.8600,1.4762,+186,-210,2026-08-13T18:36:22.922627+00:00,0.46,complete
2026-08-13T19:04:07.022931+00:00,9086,gillian robertson|mackenzie dern,mackenzie-dern-vs-gillian-robertson-79254,2026-08-15,UFC 330: Makhachev vs. Machado Garry,ufc,gillian robertson,mackenzie dern,BetRivers,sportsbook,2.7500,1.4505,+175,-222,2026-08-13T18:17:42.714246+00:00,0.77,complete
2026-08-13T19:04:07.022931+00:00,9086,jalin turner|kaue fernandes,jalin-turner-vs-kaue-fernandes-79619,2026-08-15,UFC 330: Makhachev vs. Machado Garry,ufc,jalin turner,kaue fernandes,4Cx,exchange,1.6897,2.3000,-145,+130,2026-08-13T18:21:21.411889+00:00,0.71,complete
2026-08-13T19:04:07.022931+00:00,9086,jalin turner|kaue fernandes,jalin-turner-vs-kaue-fernandes-79619,2026-08-15,UFC 330: Makhachev vs. Machado Garry,ufc,jalin turner,kaue fernandes,4casters,exchange,1.7042,2.3300,-142,+133,2026-08-13T18:20:28.196423+00:00,0.73,complete
2026-08-13T19:04:07.022931+00:00,9086,jalin turner|kaue fernandes,jalin-turner-vs-kaue-fernandes-79619,2026-08-15,UFC 330: Makhachev vs. Machado Garry,ufc,jalin turner,kaue fernandes,Novig,exchange,1.7246,2.3000,-138,+130,2026-08-13T19:01:01.845896+00:00,0.05,complete
2026-08-13T19:04:07.022931+00:00,9086,dustin stoltzfus|mansur abdul malik,mansur-abdul-malik-vs-dustin-stoltzfus-79270,2026-08-15,UFC 330: Makhachev vs. Machado Garry,ufc,dustin stoltzfus,mansur abdul malik,Novig,exchange,6.0600,1.1695,+506,-590,2026-08-13T18:45:18.004466+00:00,0.31,complete
2026-08-13T19:04:07.022931+00:00,9086,edson barboza|esteban ribovics,esteban-ribovics-vs-edson-barboza-79120,2026-08-15,UFC 330: Makhachev vs. Machado Garry,ufc,edson barboza,esteban ribovics,SXBet,exchange,5.9300,1.1543,+493,-648,2026-08-13T18:20:30.463481+00:00,0.73,complete
2026-08-13T19:04:07.022931+00:00,9086,chidi njokuani|joel alvarez,joel-alvarez-vs-chidi-njokuani-80608,2026-08-15,UFC 330: Makhachev vs. Machado Garry,ufc,chidi njokuani,joel alvarez,Pinnacle,sportsbook,3.5900,1.3155,+259,-317,2026-08-13T18:23:09.157437+00:00,0.68,complete
2026-08-13T19:04:07.022931+00:00,9086,chidi njokuani|joel alvarez,joel-alvarez-vs-chidi-njokuani-80608,2026-08-15,UFC 330: Makhachev vs. Machado Garry,ufc,chidi njokuani,joel alvarez,Bet105,sportsbook,3.6700,1.3058,+267,-327,2026-08-13T18:53:20.928043+00:00,0.18,complete
2026-08-13T19:04:07.022931+00:00,9086,charles johnson|eduardo henrique da silva,charles-johnson-vs-eduardo-henrique-da-silva-80763,2026-08-15,UFC 330: Makhachev vs. Machado Garry,ufc,charles johnson,eduardo henrique da silva,Novig,exchange,1.7519,2.0600,-133,+106,2026-08-13T19:01:02.189278+00:00,0.05,complete
2026-08-13T19:04:07.022931+00:00,9086,charles johnson|eduardo henrique da silva,charles-johnson-vs-eduardo-henrique-da-silva-80763,2026-08-15,UFC 330: Makhachev vs. Machado Garry,ufc,charles johnson,eduardo henrique da silva,BetMGM,sportsbook,1.8333,2.0000,-120,+100,2026-08-13T18:22:40.326663+00:00,0.69,complete
2026-08-13T19:04:07.022931+00:00,9086,charles johnson|eduardo henrique da silva,charles-johnson-vs-eduardo-henrique-da-silva-80763,2026-08-15,UFC 330: Makhachev vs. Machado Garry,ufc,charles johnson,eduardo henrique da silva,BetUS,sportsbook,1.7692,2.1000,-130,+110,2026-08-13T19:01:01.920696+00:00,0.05,complete
2026-08-13T19:04:07.022931+00:00,9086,charles johnson|eduardo henrique da silva,charles-johnson-vs-eduardo-henrique-da-silva-80763,2026-08-15,UFC 330: Makhachev vs. Machado Garry,ufc,charles johnson,eduardo henrique da silva,Bovada,sportsbook,1.8197,2.0200,-122,+102,2026-08-13T18:14:32.148598+00:00,0.83,complete
2026-08-13T19:04:07.022931+00:00,9086,charles johnson|eduardo henrique da silva,charles-johnson-vs-eduardo-henrique-da-silva-80763,2026-08-15,UFC 330: Makhachev vs. Machado Garry,ufc,charles johnson,eduardo henrique da silva,Kalshi,exchange,1.6944,2.3300,-144,+133,2026-08-13T18:59:18.185454+00:00,0.08,complete
2026-08-13T19:04:07.022931+00:00,9086,charles johnson|eduardo henrique da silva,charles-johnson-vs-eduardo-henrique-da-silva-80763,2026-08-15,UFC 330: Makhachev vs. Machado Garry,ufc,charles johnson,eduardo henrique da silva,DraftKings,sportsbook,1.8000,2.0500,-125,+105,2026-08-13T18:41:36.774293+00:00,0.38,complete
2026-08-13T19:04:07.022931+00:00,9086,charles johnson|eduardo henrique da silva,charles-johnson-vs-eduardo-henrique-da-silva-80763,2026-08-15,UFC 330: Makhachev vs. Machado Garry,ufc,charles johnson,eduardo henrique da silva,BetOnline,sportsbook,1.7692,2.1000,-130,+110,2026-08-13T18:59:19.220577+00:00,0.08,complete
2026-08-13T19:04:07.022931+00:00,9086,donte johnson|eric mcconico,donte-johnson-vs-eric-mcconico-80309,2026-08-15,UFC 330: Makhachev vs. Machado Garry,ufc,donte johnson,eric mcconico,4Cx,exchange,1.3876,3.2800,-258,+228,2026-08-13T18:21:21.363319+00:00,0.71,complete
2026-08-13T19:04:07.022931+00:00,9086,donte johnson|eric mcconico,donte-johnson-vs-eric-mcconico-80309,2026-08-15,UFC 330: Makhachev vs. Machado Garry,ufc,donte johnson,eric mcconico,4casters,exchange,1.3953,3.3300,-253,+233,2026-08-13T18:20:28.141215+00:00,0.73,complete
2026-08-13T19:04:07.022931+00:00,9086,donte johnson|eric mcconico,donte-johnson-vs-eric-mcconico-80309,2026-08-15,UFC 330: Makhachev vs. Machado Garry,ufc,donte johnson,eric mcconico,Kalshi,exchange,1.4082,3.3300,-245,+233,2026-08-13T18:24:38.666239+00:00,0.66,complete
2026-08-13T19:04:07.022931+00:00,9086,donte johnson|eric mcconico,donte-johnson-vs-eric-mcconico-80309,2026-08-15,UFC 330: Makhachev vs. Machado Garry,ufc,donte johnson,eric mcconico,Novig,exchange,1.3984,3.3900,-251,+239,2026-08-13T19:01:01.615125+00:00,0.05,complete
2026-08-13T19:04:07.022931+00:00,9086,tresean gore|vicente luque,vicente-luque-vs-tresean-gore-79238,2026-08-15,UFC 330: Makhachev vs. Machado Garry,ufc,tresean gore,vicente luque,SXBet,exchange,1.8547,1.9615,-117,-104,2026-08-13T18:35:20.985770+00:00,0.48,complete
2026-08-13T19:04:07.022931+00:00,9086,tresean gore|vicente luque,vicente-luque-vs-tresean-gore-79238,2026-08-15,UFC 330: Makhachev vs. Machado Garry,ufc,tresean gore,vicente luque,ProphetX,exchange,1.7812,2.0800,-128,+108,2026-08-13T18:16:30.945433+00:00,0.79,complete
2026-08-13T19:04:07.022931+00:00,9086,tresean gore|vicente luque,vicente-luque-vs-tresean-gore-79238,2026-08-15,UFC 330: Makhachev vs. Machado Garry,ufc,tresean gore,vicente luque,Stake,sportsbook,1.9091,1.9434,-110,-106,2026-08-13T18:39:54.709347+00:00,0.4,complete
2026-08-13T19:04:07.022931+00:00,9086,lucas fernando|rafael tobias,lucas-fernando-vs-rafael-tobias-80111,2026-08-15,UFC 330: Makhachev vs. Machado Garry,ufc,lucas fernando,rafael tobias,Novig,exchange,1.3509,3.6400,-285,+264,2026-08-13T18:45:17.896991+00:00,0.31,complete
2026-08-13T19:04:07.022931+00:00,9086,neil magny|ramiz brahimaj,neil-magny-vs-ramiz-brahimaj-79618,2026-08-15,UFC 330: Makhachev vs. Machado Garry,ufc,neil magny,ramiz brahimaj,BetUS,sportsbook,2.2200,1.6897,+122,-145,2026-08-13T18:15:26.803139+00:00,0.81,complete
2026-08-13T19:04:07.022931+00:00,9086,neil magny|ramiz brahimaj,neil-magny-vs-ramiz-brahimaj-79618,2026-08-15,UFC 330: Makhachev vs. Machado Garry,ufc,neil magny,ramiz brahimaj,Bovada,sportsbook,2.2500,1.6897,+125,-145,2026-08-13T18:14:29.252418+00:00,0.83,complete
2026-08-13T19:04:07.022931+00:00,9086,neil magny|ramiz brahimaj,neil-magny-vs-ramiz-brahimaj-79618,2026-08-15,UFC 330: Makhachev vs. Machado Garry,ufc,neil magny,ramiz brahimaj,4casters,exchange,2.2500,1.7299,+125,-137,2026-08-13T18:15:30.953887+00:00,0.81,complete
2026-08-13T19:04:07.022931+00:00,9086,neil magny|ramiz brahimaj,neil-magny-vs-ramiz-brahimaj-79618,2026-08-15,UFC 330: Makhachev vs. Machado Garry,ufc,neil magny,ramiz brahimaj,SXBet,exchange,2.2000,1.7194,+120,-139,2026-08-13T18:15:30.143874+00:00,0.81,complete
2026-08-13T19:04:07.022931+00:00,9086,neil magny|ramiz brahimaj,neil-magny-vs-ramiz-brahimaj-79618,2026-08-15,UFC 330: Makhachev vs. Machado Garry,ufc,neil magny,ramiz brahimaj,ProphetX,exchange,2.2000,1.6849,+120,-146,2026-08-13T18:21:18.872741+00:00,0.71,complete
2026-08-13T19:04:07.022931+00:00,9086,neil magny|ramiz brahimaj,neil-magny-vs-ramiz-brahimaj-79618,2026-08-15,UFC 330: Makhachev vs. Machado Garry,ufc,neil magny,ramiz brahimaj,DraftKings,sportsbook,2.2000,1.7042,+120,-142,2026-08-13T18:41:36.670675+00:00,0.38,complete
2026-08-13T19:04:07.022931+00:00,9086,neil magny|ramiz brahimaj,neil-magny-vs-ramiz-brahimaj-79618,2026-08-15,UFC 330: Makhachev vs. Machado Garry,ufc,neil magny,ramiz brahimaj,Novig,exchange,2.2700,1.7519,+127,-133,2026-08-13T18:15:27.151685+00:00,0.81,complete
2026-08-13T19:04:07.022931+00:00,9086,neil magny|ramiz brahimaj,neil-magny-vs-ramiz-brahimaj-79618,2026-08-15,UFC 330: Makhachev vs. Machado Garry,ufc,neil magny,ramiz brahimaj,Pinnacle,sportsbook,2.2200,1.7042,+122,-142,2026-08-13T18:23:09.019337+00:00,0.68,complete
2026-08-13T19:04:07.022931+00:00,9086,jeremiah wells|myktybek orolbai,jeremiah-wells-vs-myktybek-orolbai-79363,2026-08-15,UFC 330: Makhachev vs. Machado Garry,ufc,jeremiah wells,myktybek orolbai,Bet105,sportsbook,8.2100,1.0909,+721,-1100,2026-08-13T18:43:20.002383+00:00,0.35,complete
2026-08-13T19:04:07.022931+00:00,9656,anthony hernandez|gregory rodrigues,anthony-hernandez-vs-gregory-rodrigues-79524,2026-08-22,UFC Fight Night: Hernandez vs. Rodrigues,ufc,anthony hernandez,gregory rodrigues,Novig,exchange,1.5882,2.4400,-170,+144,2026-08-13T18:15:26.360997+00:00,0.81,complete
2026-08-13T19:04:07.022931+00:00,9656,reinier de ridder|roman dolidze,reinier-de-ridder-vs-roman-dolidze-79690,2026-08-22,UFC Fight Night: Hernandez vs. Rodrigues,ufc,reinier de ridder,roman dolidze,Novig,exchange,1.2907,3.6400,-344,+264,2026-08-13T18:15:25.758914+00:00,0.81,complete
2026-08-13T19:04:07.022931+00:00,9656,sergey spivak|vitor petrino,sergey-spivak-vs-vitor-petrino-79082,2026-08-22,UFC Fight Night: Hernandez vs. Rodrigues,ufc,sergey spivak,vitor petrino,Novig,exchange,2.4700,1.5882,+147,-170,2026-08-13T18:15:26.496775+00:00,0.81,complete
2026-08-13T19:04:07.022931+00:00,9656,jackson mcvey|wesley schultz,wesley-schultz-vs-jackson-mcvey-79119,2026-08-22,UFC Fight Night: Hernandez vs. Rodrigues,ufc,jackson mcvey,wesley schultz,Novig,exchange,1.5495,2.4700,-182,+147,2026-08-13T18:15:26.481034+00:00,0.81,complete
2026-08-13T19:04:07.022931+00:00,9656,kennedy nzechukwu|shamil gaziev,shamil-gaziev-vs-kennedy-nzechukwu-79812,2026-08-22,UFC Fight Night: Hernandez vs. Rodrigues,ufc,kennedy nzechukwu,shamil gaziev,Bet105,sportsbook,1.9615,1.8929,-104,-112,2026-08-13T18:43:20.081855+00:00,0.35,complete
2026-08-13T19:04:07.022931+00:00,9656,kennedy nzechukwu|shamil gaziev,shamil-gaziev-vs-kennedy-nzechukwu-79812,2026-08-22,UFC Fight Night: Hernandez vs. Rodrigues,ufc,kennedy nzechukwu,shamil gaziev,Novig,exchange,2.1100,1.8696,+111,-115,2026-08-13T18:15:26.471226+00:00,0.81,complete
2026-08-13T19:04:07.022931+00:00,9656,chris padilla|nasrat haqparast,nasrat-haqparast-vs-chris-padilla-80255,2026-08-22,UFC Fight Night: Hernandez vs. Rodrigues,ufc,chris padilla,nasrat haqparast,Pinnacle,sportsbook,2.0200,1.8333,+102,-120,2026-08-13T18:23:09.230802+00:00,0.68,complete
2026-08-13T19:04:07.022931+00:00,9656,chris padilla|nasrat haqparast,nasrat-haqparast-vs-chris-padilla-80255,2026-08-22,UFC Fight Night: Hernandez vs. Rodrigues,ufc,chris padilla,nasrat haqparast,Bet105,sportsbook,2.0700,1.8000,+107,-125,2026-08-13T18:43:20.093185+00:00,0.35,complete
2026-08-13T19:04:07.022931+00:00,8869,umar nurmagomedov|yadong song,umar-nurmagomedov-vs-yadong-song-79649,2026-08-29,UFC Fight Night: Nurmagomedov vs. Song,ufc,umar nurmagomedov,yadong song,Polymarket(US),exchange,1.2049,3.8500,-488,+285,2026-08-13T18:30:51.310642+00:00,0.55,complete
2026-08-13T19:04:07.022931+00:00,9648,daniel hooker|salahdine parnasse,daniel-hooker-vs-salahdine-parnasse-80397,2026-09-05,UFC Fight Night: Parnasse vs. Hooker,ufc,daniel hooker,salahdine parnasse,Polymarket(US),exchange,3.3300,1.2347,+233,-426,2026-08-13T19:01:19.253265+00:00,0.05,complete
2026-08-13T19:04:07.022931+00:00,9697,alexandre pantoja|josh van,josh-van-vs-alexandre-pantoja-80557,2026-09-19,UFC 331: Van vs. Pantoja 2,ufc,alexandre pantoja,josh van,BetUS,sportsbook,2.1000,1.7692,+110,-130,2026-08-13T18:20:18.222659+00:00,0.73,complete
2026-08-13T19:04:07.022931+00:00,9697,arman tsarukyan|mauricio ruffy,arman-tsarukyan-vs-mauricio-ruffy-80643,2026-09-19,UFC 331: Van vs. Pantoja 2,ufc,arman tsarukyan,mauricio ruffy,BetUS,sportsbook,1.2632,3.9700,-380,+297,2026-08-13T18:20:18.257463+00:00,0.73,complete
2026-08-13T19:13:34.207923+00:00,9086,edson barboza|esteban ribovics,esteban-ribovics-vs-edson-barboza-79120,2026-08-15,UFC 330: Makhachev vs. Machado Garry,ufc,edson barboza,esteban ribovics,4Cx,exchange,5.8400,1.1546,+484,-647,2026-08-13T19:06:28.112507+00:00,0.12,complete
2026-08-13T19:13:34.207923+00:00,9086,edson barboza|esteban ribovics,esteban-ribovics-vs-edson-barboza-79120,2026-08-15,UFC 330: Makhachev vs. Machado Garry,ufc,edson barboza,esteban ribovics,4casters,exchange,5.9600,1.1575,+496,-635,2026-08-13T19:05:21.846765+00:00,0.14,complete
2026-08-13T19:13:34.207923+00:00,9086,charles johnson|eduardo henrique da silva,charles-johnson-vs-eduardo-henrique-da-silva-80763,2026-08-15,UFC 330: Makhachev vs. Machado Garry,ufc,charles johnson,eduardo henrique da silva,Kalshi,exchange,1.6944,2.2700,-144,+127,2026-08-13T19:09:23.207331+00:00,0.07,complete
2026-08-13T19:13:34.207923+00:00,9086,charles johnson|eduardo henrique da silva,charles-johnson-vs-eduardo-henrique-da-silva-80763,2026-08-15,UFC 330: Makhachev vs. Machado Garry,ufc,charles johnson,eduardo henrique da silva,DraftKings,sportsbook,1.7692,2.1000,-130,+110,2026-08-13T19:11:37.915316+00:00,0.03,complete
2026-08-13T19:13:34.207923+00:00,9086,donte johnson|eric mcconico,donte-johnson-vs-eric-mcconico-80309,2026-08-15,UFC 330: Makhachev vs. Machado Garry,ufc,donte johnson,eric mcconico,Kalshi,exchange,1.3891,3.3300,-257,+233,2026-08-13T19:04:36.599473+00:00,0.15,complete
2026-08-13T19:23:02.061977+00:00,9086,gillian robertson|mackenzie dern,mackenzie-dern-vs-gillian-robertson-79254,2026-08-15,UFC 330: Makhachev vs. Machado Garry,ufc,gillian robertson,mackenzie dern,Novig,exchange,2.8600,1.4926,+186,-203,2026-08-13T19:15:56.699425+00:00,0.12,complete
2026-08-13T19:23:02.061977+00:00,9086,gillian robertson|mackenzie dern,mackenzie-dern-vs-gillian-robertson-79254,2026-08-15,UFC 330: Makhachev vs. Machado Garry,ufc,gillian robertson,mackenzie dern,Pinnacle,sportsbook,2.7800,1.4739,+178,-211,2026-08-13T19:22:40.310724+00:00,0.01,complete
2026-08-13T19:23:02.061977+00:00,9086,jalin turner|kaue fernandes,jalin-turner-vs-kaue-fernandes-79619,2026-08-15,UFC 330: Makhachev vs. Machado Garry,ufc,jalin turner,kaue fernandes,Bovada,sportsbook,1.6667,2.3000,-150,+130,2026-08-13T19:19:11.277234+00:00,0.06,complete
2026-08-13T19:23:02.061977+00:00,9086,jalin turner|kaue fernandes,jalin-turner-vs-kaue-fernandes-79619,2026-08-15,UFC 330: Makhachev vs. Machado Garry,ufc,jalin turner,kaue fernandes,ProphetX,exchange,1.6329,2.2300,-158,+123,2026-08-13T19:16:44.818969+00:00,0.1,complete
2026-08-13T19:23:02.061977+00:00,9086,jalin turner|kaue fernandes,jalin-turner-vs-kaue-fernandes-79619,2026-08-15,UFC 330: Makhachev vs. Machado Garry,ufc,jalin turner,kaue fernandes,Cloudbet,sportsbook,1.6211,2.2000,-161,+120,2026-08-13T19:17:18.797474+00:00,0.1,complete
2026-08-13T19:23:02.061977+00:00,9086,dustin stoltzfus|mansur abdul malik,mansur-abdul-malik-vs-dustin-stoltzfus-79270,2026-08-15,UFC 330: Makhachev vs. Machado Garry,ufc,dustin stoltzfus,mansur abdul malik,ProphetX,exchange,5.4000,1.1613,+440,-620,2026-08-13T19:21:17.215574+00:00,0.03,complete
2026-08-13T19:23:02.061977+00:00,9086,edson barboza|esteban ribovics,esteban-ribovics-vs-edson-barboza-79120,2026-08-15,UFC 330: Makhachev vs. Machado Garry,ufc,edson barboza,esteban ribovics,SXBet,exchange,5.5600,1.1511,+456,-662,2026-08-13T19:20:16.650527+00:00,0.05,complete
2026-08-13T19:23:02.061977+00:00,9086,chidi njokuani|joel alvarez,joel-alvarez-vs-chidi-njokuani-80608,2026-08-15,UFC 330: Makhachev vs. Machado Garry,ufc,chidi njokuani,joel alvarez,Pinnacle,sportsbook,3.5700,1.3195,+257,-313,2026-08-13T19:22:40.541182+00:00,0.01,complete
2026-08-13T19:23:02.061977+00:00,9086,chidi njokuani|joel alvarez,joel-alvarez-vs-chidi-njokuani-80608,2026-08-15,UFC 330: Makhachev vs. Machado Garry,ufc,chidi njokuani,joel alvarez,SXBet,exchange,3.5900,1.2817,+259,-355,2026-08-13T19:20:16.629704+00:00,0.05,complete
2026-08-13T19:23:02.061977+00:00,9086,chidi njokuani|joel alvarez,joel-alvarez-vs-chidi-njokuani-80608,2026-08-15,UFC 330: Makhachev vs. Machado Garry,ufc,chidi njokuani,joel alvarez,ProphetX,exchange,3.3000,1.3922,+230,-255,2026-08-13T19:21:17.270659+00:00,0.03,complete
2026-08-13T19:23:02.061977+00:00,9086,chidi njokuani|joel alvarez,joel-alvarez-vs-chidi-njokuani-80608,2026-08-15,UFC 330: Makhachev vs. Machado Garry,ufc,chidi njokuani,joel alvarez,Kalshi,exchange,3.7000,1.3333,+270,-300,2026-08-13T19:14:22.721964+00:00,0.14,complete
2026-08-13T19:23:02.061977+00:00,9086,chidi njokuani|joel alvarez,joel-alvarez-vs-chidi-njokuani-80608,2026-08-15,UFC 330: Makhachev vs. Machado Garry,ufc,chidi njokuani,joel alvarez,Bookmaker,sportsbook,3.6200,1.3096,+262,-323,2026-08-13T19:16:03.593368+00:00,0.12,complete
2026-08-13T19:23:02.061977+00:00,9086,donte johnson|eric mcconico,donte-johnson-vs-eric-mcconico-80309,2026-08-15,UFC 330: Makhachev vs. Machado Garry,ufc,donte johnson,eric mcconico,SXBet,exchange,1.3861,3.2300,-259,+223,2026-08-13T19:15:59.263411+00:00,0.12,complete
2026-08-13T19:23:02.061977+00:00,9086,tresean gore|vicente luque,vicente-luque-vs-tresean-gore-79238,2026-08-15,UFC 330: Makhachev vs. Machado Garry,ufc,tresean gore,vicente luque,Novig,exchange,1.9009,2.0800,-111,+108,2026-08-13T19:15:56.874120+00:00,0.12,complete
2026-08-13T19:23:02.061977+00:00,9086,lucas fernando|rafael tobias,lucas-fernando-vs-rafael-tobias-80111,2026-08-15,UFC 330: Makhachev vs. Machado Garry,ufc,lucas fernando,rafael tobias,4Cx,exchange,1.3448,3.3700,-290,+237,2026-08-13T19:16:46.544599+00:00,0.1,complete
2026-08-13T19:23:02.061977+00:00,9086,lucas fernando|rafael tobias,lucas-fernando-vs-rafael-tobias-80111,2026-08-15,UFC 330: Makhachev vs. Machado Garry,ufc,lucas fernando,rafael tobias,4casters,exchange,1.3534,3.4200,-283,+242,2026-08-13T19:15:55.232508+00:00,0.12,complete
2026-08-13T19:23:02.061977+00:00,9086,lucas fernando|rafael tobias,lucas-fernando-vs-rafael-tobias-80111,2026-08-15,UFC 330: Makhachev vs. Machado Garry,ufc,lucas fernando,rafael tobias,ProphetX,exchange,1.3279,3.5500,-305,+255,2026-08-13T19:21:17.239654+00:00,0.03,complete
2026-08-13T19:23:02.061977+00:00,9086,neil magny|ramiz brahimaj,neil-magny-vs-ramiz-brahimaj-79618,2026-08-15,UFC 330: Makhachev vs. Machado Garry,ufc,neil magny,ramiz brahimaj,SXBet,exchange,2.1800,1.6993,+118,-143,2026-08-13T19:20:16.612307+00:00,0.05,complete
2026-08-13T19:23:02.061977+00:00,9086,neil magny|ramiz brahimaj,neil-magny-vs-ramiz-brahimaj-79618,2026-08-15,UFC 330: Makhachev vs. Machado Garry,ufc,neil magny,ramiz brahimaj,ProphetX,exchange,2.2000,1.7143,+120,-140,2026-08-13T19:21:17.177283+00:00,0.03,complete
2026-08-13T19:23:02.061977+00:00,9086,jeremiah wells|myktybek orolbai,jeremiah-wells-vs-myktybek-orolbai-79363,2026-08-15,UFC 330: Makhachev vs. Machado Garry,ufc,jeremiah wells,myktybek orolbai,Novig,exchange,8.3300,1.1111,+733,-900,2026-08-13T19:15:56.011549+00:00,0.12,complete
2026-08-13T19:23:02.061977+00:00,9112,roman puga|taner trembley,taner-trembley-vs-roman-puga-79617,2026-08-18,Contender Series 2026: Week 2,dwcs,roman puga,taner trembley,Polymarket,exchange,2.4400,1.4717,+144,-212,2026-08-13T19:14:27.319847+00:00,0.14,complete
2026-08-13T19:23:02.061977+00:00,9656,sergey spivak|vitor petrino,sergey-spivak-vs-vitor-petrino-79082,2026-08-22,UFC Fight Night: Hernandez vs. Rodrigues,ufc,sergey spivak,vitor petrino,Polymarket(US),exchange,2.1300,1.5155,+113,-194,2026-08-13T19:16:13.188961+00:00,0.11,complete
2026-08-13T19:23:02.061977+00:00,8869,umar nurmagomedov|yadong song,umar-nurmagomedov-vs-yadong-song-79649,2026-08-29,UFC Fight Night: Nurmagomedov vs. Song,ufc,umar nurmagomedov,yadong song,Polymarket(US),exchange,1.1764,3.7000,-567,+270,2026-08-13T19:16:13.246270+00:00,0.11,complete
2026-08-13T19:23:02.061977+00:00,8869,denise gomes|xiaonan yan,xiaonan-yan-vs-denise-gomes-79865,2026-08-29,UFC Fight Night: Nurmagomedov vs. Song,ufc,denise gomes,xiaonan yan,Polymarket(US),exchange,1.5882,1.8547,-170,-117,2026-08-13T19:16:13.252414+00:00,0.11,complete
2026-08-13T19:23:02.061977+00:00,9648,kurtis campbell|trevor peek,kurtis-campbell-vs-trevor-peek-80036,2026-09-05,UFC Fight Night: Parnasse vs. Hooker,ufc,kurtis campbell,trevor peek,Polymarket(US),exchange,1.2817,2.9400,-355,+194,2026-08-13T19:16:13.468046+00:00,0.11,complete
2026-08-13T19:32:30.002435+00:00,9086,gillian robertson|mackenzie dern,mackenzie-dern-vs-gillian-robertson-79254,2026-08-15,UFC 330: Makhachev vs. Machado Garry,ufc,gillian robertson,mackenzie dern,Novig,exchange,2.8600,1.5155,+186,-194,2026-08-13T19:30:56.985331+00:00,0.03,complete
2026-08-13T19:32:30.002435+00:00,9086,jalin turner|kaue fernandes,jalin-turner-vs-kaue-fernandes-79619,2026-08-15,UFC 330: Makhachev vs. Machado Garry,ufc,jalin turner,kaue fernandes,ProphetX,exchange,1.6329,2.3800,-158,+138,2026-08-13T19:26:33.462572+00:00,0.1,complete
2026-08-13T19:32:30.002435+00:00,9086,dustin stoltzfus|mansur abdul malik,mansur-abdul-malik-vs-dustin-stoltzfus-79270,2026-08-15,UFC 330: Makhachev vs. Machado Garry,ufc,dustin stoltzfus,mansur abdul malik,ProphetX,exchange,5.4000,1.1429,+440,-700,2026-08-13T19:26:33.434780+00:00,0.1,complete
2026-08-13T19:32:30.002435+00:00,9086,dustin stoltzfus|mansur abdul malik,mansur-abdul-malik-vs-dustin-stoltzfus-79270,2026-08-15,UFC 330: Makhachev vs. Machado Garry,ufc,dustin stoltzfus,mansur abdul malik,Kalshi,exchange,6.6700,1.1495,+567,-669,2026-08-13T19:24:10.828821+00:00,0.14,complete
2026-08-13T19:32:30.002435+00:00,9086,edson barboza|esteban ribovics,esteban-ribovics-vs-edson-barboza-79120,2026-08-15,UFC 330: Makhachev vs. Machado Garry,ufc,edson barboza,esteban ribovics,Polymarket(US),exchange,6.2500,1.1764,+525,-567,2026-08-13T19:31:04.967500+00:00,0.02,complete
2026-08-13T19:32:30.002435+00:00,9086,charles johnson|eduardo henrique da silva,charles-johnson-vs-eduardo-henrique-da-silva-80763,2026-08-15,UFC 330: Makhachev vs. Machado Garry,ufc,charles johnson,eduardo henrique da silva,Kalshi,exchange,1.6410,2.2700,-156,+127,2026-08-13T19:29:33.720649+00:00,0.05,complete
2026-08-13T19:32:30.002435+00:00,9086,tresean gore|vicente luque,vicente-luque-vs-tresean-gore-79238,2026-08-15,UFC 330: Makhachev vs. Machado Garry,ufc,tresean gore,vicente luque,Novig,exchange,1.8547,2.0800,-117,+108,2026-08-13T19:30:57.134512+00:00,0.03,complete
2026-08-13T19:32:30.002435+00:00,9086,lucas fernando|rafael tobias,lucas-fernando-vs-rafael-tobias-80111,2026-08-15,UFC 330: Makhachev vs. Machado Garry,ufc,lucas fernando,rafael tobias,4Cx,exchange,1.3448,3.3400,-290,+234,2026-08-13T19:31:28.627920+00:00,0.02,complete
2026-08-13T19:32:30.002435+00:00,9086,lucas fernando|rafael tobias,lucas-fernando-vs-rafael-tobias-80111,2026-08-15,UFC 330: Makhachev vs. Machado Garry,ufc,lucas fernando,rafael tobias,4casters,exchange,1.3534,3.3900,-283,+239,2026-08-13T19:30:53.624475+00:00,0.03,complete
2026-08-13T19:32:30.002435+00:00,9112,kaik brito|namo fazil,namo-fazil-vs-kaik-brito-80340,2026-08-18,Contender Series 2026: Week 2,dwcs,kaik brito,namo fazil,Polymarket,exchange,1.2500,1.8197,-400,-122,2026-08-13T19:29:37.505409+00:00,0.05,complete
2026-08-13T19:32:30.002435+00:00,9112,douglas rodrigues|trent miller,douglas-rodrigues-vs-trent-miller-80341,2026-08-18,Contender Series 2026: Week 2,dwcs,douglas rodrigues,trent miller,Polymarket,exchange,1.0870,2.7900,-1150,+179,2026-08-13T19:24:17.256654+00:00,0.14,complete
2026-08-13T19:32:30.002435+00:00,9112,cristian perez|logan paxton,logan-paxton-vs-cristian-perez-79310,2026-08-18,Contender Series 2026: Week 2,dwcs,cristian perez,logan paxton,Polymarket,exchange,1.4367,2.3200,-229,+132,2026-08-13T19:24:17.329830+00:00,0.14,complete
2026-08-13T19:32:30.002435+00:00,9112,roman puga|taner trembley,taner-trembley-vs-roman-puga-79617,2026-08-18,Contender Series 2026: Week 2,dwcs,roman puga,taner trembley,Polymarket,exchange,2.4400,1.4926,+144,-203,2026-08-13T19:24:17.528227+00:00,0.14,complete
2026-08-13T19:32:30.002435+00:00,9656,sergey spivak|vitor petrino,sergey-spivak-vs-vitor-petrino-79082,2026-08-22,UFC Fight Night: Hernandez vs. Rodrigues,ufc,sergey spivak,vitor petrino,Polymarket(US),exchange,2.3300,1.5155,+133,-194,2026-08-13T19:31:05.525503+00:00,0.02,complete
2026-08-13T19:32:30.002435+00:00,8869,umar nurmagomedov|yadong song,umar-nurmagomedov-vs-yadong-song-79649,2026-08-29,UFC Fight Night: Nurmagomedov vs. Song,ufc,umar nurmagomedov,yadong song,Polymarket(US),exchange,1.2347,3.8500,-426,+285,2026-08-13T19:31:05.626138+00:00,0.02,complete
2026-08-13T19:32:30.002435+00:00,8869,denise gomes|xiaonan yan,xiaonan-yan-vs-denise-gomes-79865,2026-08-29,UFC Fight Night: Nurmagomedov vs. Song,ufc,denise gomes,xiaonan yan,Polymarket(US),exchange,1.6135,1.8850,-163,-113,2026-08-13T19:31:05.635514+00:00,0.02,complete
2026-08-13T19:32:30.002435+00:00,9648,daniel hooker|salahdine parnasse,daniel-hooker-vs-salahdine-parnasse-80397,2026-09-05,UFC Fight Night: Parnasse vs. Hooker,ufc,daniel hooker,salahdine parnasse,Polymarket(US),exchange,2.7800,1.2985,+178,-335,2026-08-13T19:31:06.279371+00:00,0.02,complete
2026-08-13T19:32:30.002435+00:00,9648,kurtis campbell|trevor peek,kurtis-campbell-vs-trevor-peek-80036,2026-09-05,UFC Fight Night: Parnasse vs. Hooker,ufc,kurtis campbell,trevor peek,Polymarket(US),exchange,1.2985,3.0300,-335,+203,2026-08-13T19:31:06.311826+00:00,0.02,complete
2026-08-13T19:41:56.928269+00:00,9086,ian garry|islam makhachev,islam-makhachev-vs-ian-garry-79253,2026-08-15,UFC 330: Makhachev vs. Machado Garry,ufc,ian garry,islam makhachev,ProphetX,exchange,4.1500,1.2985,+315,-335,2026-08-13T19:41:34.159169+00:00,0.01,complete
2026-08-13T19:41:56.928269+00:00,9086,gillian robertson|mackenzie dern,mackenzie-dern-vs-gillian-robertson-79254,2026-08-15,UFC 330: Makhachev vs. Machado Garry,ufc,gillian robertson,mackenzie dern,4Cx,exchange,2.7300,1.5025,+173,-199,2026-08-13T19:41:34.650931+00:00,0.01,complete
2026-08-13T19:41:56.928269+00:00,9086,gillian robertson|mackenzie dern,mackenzie-dern-vs-gillian-robertson-79254,2026-08-15,UFC 330: Makhachev vs. Machado Garry,ufc,gillian robertson,mackenzie dern,4casters,exchange,2.7600,1.5128,+176,-195,2026-08-13T19:40:54.319646+00:00,0.02,complete
2026-08-13T19:41:56.928269+00:00,9086,edson barboza|esteban ribovics,esteban-ribovics-vs-edson-barboza-79120,2026-08-15,UFC 330: Makhachev vs. Machado Garry,ufc,edson barboza,esteban ribovics,SXBet,exchange,5.9300,1.1577,+493,-634,2026-08-13T19:40:43.426290+00:00,0.02,complete
2026-08-13T19:41:56.928269+00:00,9086,chidi njokuani|joel alvarez,joel-alvarez-vs-chidi-njokuani-80608,2026-08-15,UFC 330: Makhachev vs. Machado Garry,ufc,chidi njokuani,joel alvarez,SXBet,exchange,3.5900,1.3448,+259,-290,2026-08-13T19:40:43.251105+00:00,0.02,complete
2026-08-13T19:41:56.928269+00:00,9086,charles johnson|eduardo henrique da silva,charles-johnson-vs-eduardo-henrique-da-silva-80763,2026-08-15,UFC 330: Makhachev vs. Machado Garry,ufc,charles johnson,eduardo henrique da silva,Kalshi,exchange,1.6944,2.2700,-144,+127,2026-08-13T19:39:27.871781+00:00,0.04,complete
2026-08-13T19:41:56.928269+00:00,9086,tresean gore|vicente luque,vicente-luque-vs-tresean-gore-79238,2026-08-15,UFC 330: Makhachev vs. Machado Garry,ufc,tresean gore,vicente luque,4Cx,exchange,1.8547,2.0300,-117,+103,2026-08-13T19:41:34.582348+00:00,0.01,complete
2026-08-13T19:41:56.928269+00:00,9086,tresean gore|vicente luque,vicente-luque-vs-tresean-gore-79238,2026-08-15,UFC 330: Makhachev vs. Machado Garry,ufc,tresean gore,vicente luque,4casters,exchange,1.8696,2.0500,-115,+105,2026-08-13T19:40:54.211114+00:00,0.02,complete
2026-08-13T19:41:56.928269+00:00,9086,tresean gore|vicente luque,vicente-luque-vs-tresean-gore-79238,2026-08-15,UFC 330: Makhachev vs. Machado Garry,ufc,tresean gore,vicente luque,SXBet,exchange,1.8772,1.9901,-114,-101,2026-08-13T19:40:42.807460+00:00,0.02,complete
2026-08-13T19:41:56.928269+00:00,9086,tresean gore|vicente luque,vicente-luque-vs-tresean-gore-79238,2026-08-15,UFC 330: Makhachev vs. Machado Garry,ufc,tresean gore,vicente luque,ProphetX,exchange,1.8264,2.0800,-121,+108,2026-08-13T19:41:34.114332+00:00,0.01,complete
2026-08-13T19:41:56.928269+00:00,9086,tresean gore|vicente luque,vicente-luque-vs-tresean-gore-79238,2026-08-15,UFC 330: Makhachev vs. Machado Garry,ufc,tresean gore,vicente luque,Cloudbet,sportsbook,1.7692,2.0000,-130,-100,2026-08-13T19:37:14.459448+00:00,0.08,complete
2026-08-13T19:41:56.928269+00:00,9086,neil magny|ramiz brahimaj,neil-magny-vs-ramiz-brahimaj-79618,2026-08-15,UFC 330: Makhachev vs. Machado Garry,ufc,neil magny,ramiz brahimaj,SXBet,exchange,2.2000,1.7194,+120,-139,2026-08-13T19:40:43.098191+00:00,0.02,complete
2026-08-13T19:41:56.928269+00:00,9112,douglas rodrigues|trent miller,douglas-rodrigues-vs-trent-miller-80341,2026-08-18,Contender Series 2026: Week 2,dwcs,douglas rodrigues,trent miller,Polymarket,exchange,1.0989,2.8600,-1011,+186,2026-08-13T19:39:30.418711+00:00,0.04,complete
2026-08-13T19:51:24.908253+00:00,9086,ian garry|islam makhachev,islam-makhachev-vs-ian-garry-79253,2026-08-15,UFC 330: Makhachev vs. Machado Garry,ufc,ian garry,islam makhachev,Novig,exchange,4.0800,1.3067,+308,-326,2026-08-13T19:45:33.340945+00:00,0.1,complete
2026-08-13T19:51:24.908253+00:00,9086,gillian robertson|mackenzie dern,mackenzie-dern-vs-gillian-robertson-79254,2026-08-15,UFC 330: Makhachev vs. Machado Garry,ufc,gillian robertson,mackenzie dern,Novig,exchange,2.8600,1.4926,+186,-203,2026-08-13T19:45:33.914453+00:00,0.1,complete
2026-08-13T19:51:24.908253+00:00,9086,dustin stoltzfus|mansur abdul malik,mansur-abdul-malik-vs-dustin-stoltzfus-79270,2026-08-15,UFC 330: Makhachev vs. Machado Garry,ufc,dustin stoltzfus,mansur abdul malik,Novig,exchange,6.6700,1.1695,+567,-590,2026-08-13T19:45:34.131350+00:00,0.1,complete
2026-08-13T19:51:24.908253+00:00,9086,edson barboza|esteban ribovics,esteban-ribovics-vs-edson-barboza-79120,2026-08-15,UFC 330: Makhachev vs. Machado Garry,ufc,edson barboza,esteban ribovics,Kalshi,exchange,6.2500,1.1629,+525,-614,2026-08-13T19:44:23.562950+00:00,0.12,complete
2026-08-13T19:51:24.908253+00:00,9086,charles johnson|eduardo henrique da silva,charles-johnson-vs-eduardo-henrique-da-silva-80763,2026-08-15,UFC 330: Makhachev vs. Machado Garry,ufc,charles johnson,eduardo henrique da silva,Kalshi,exchange,1.7246,2.2700,-138,+127,2026-08-13T19:44:23.543859+00:00,0.12,complete
2026-08-13T19:51:24.908253+00:00,9086,tresean gore|vicente luque,vicente-luque-vs-tresean-gore-79238,2026-08-15,UFC 330: Makhachev vs. Machado Garry,ufc,tresean gore,vicente luque,Bovada,sportsbook,1.8929,1.9259,-112,-108,2026-08-13T19:44:31.397620+00:00,0.11,complete
2026-08-13T19:51:24.908253+00:00,9086,tresean gore|vicente luque,vicente-luque-vs-tresean-gore-79238,2026-08-15,UFC 330: Makhachev vs. Machado Garry,ufc,tresean gore,vicente luque,Novig,exchange,1.9009,2.0200,-111,+102,2026-08-13T19:45:34.032629+00:00,0.1,complete
2026-08-13T19:51:24.908253+00:00,9086,tresean gore|vicente luque,vicente-luque-vs-tresean-gore-79238,2026-08-15,UFC 330: Makhachev vs. Machado Garry,ufc,tresean gore,vicente luque,Cloudbet,sportsbook,1.8197,1.9524,-122,-105,2026-08-13T19:42:18.592412+00:00,0.15,complete
2026-08-13T19:51:24.908253+00:00,9086,neil magny|ramiz brahimaj,neil-magny-vs-ramiz-brahimaj-79618,2026-08-15,UFC 330: Makhachev vs. Machado Garry,ufc,neil magny,ramiz brahimaj,ProphetX,exchange,2.2000,1.6849,+120,-146,2026-08-13T19:46:22.189599+00:00,0.08,complete
2026-08-13T19:51:24.908253+00:00,9086,neil magny|ramiz brahimaj,neil-magny-vs-ramiz-brahimaj-79618,2026-08-15,UFC 330: Makhachev vs. Machado Garry,ufc,neil magny,ramiz brahimaj,Novig,exchange,2.2500,1.7519,+125,-133,2026-08-13T19:45:34.256886+00:00,0.1,complete
2026-08-13T19:51:24.908253+00:00,9086,jeremiah wells|myktybek orolbai,jeremiah-wells-vs-myktybek-orolbai-79363,2026-08-15,UFC 330: Makhachev vs. Machado Garry,ufc,jeremiah wells,myktybek orolbai,Novig,exchange,8.3300,1.1174,+733,-852,2026-08-13T19:45:33.464512+00:00,0.1,complete
2026-08-13T19:51:24.908253+00:00,9656,sergey spivak|vitor petrino,sergey-spivak-vs-vitor-petrino-79082,2026-08-22,UFC Fight Night: Hernandez vs. Rodrigues,ufc,sergey spivak,vitor petrino,Polymarket(US),exchange,2.2700,1.5155,+127,-194,2026-08-13T19:45:32.556846+00:00,0.1,complete
2026-08-13T19:51:24.908253+00:00,8869,umar nurmagomedov|yadong song,umar-nurmagomedov-vs-yadong-song-79649,2026-08-29,UFC Fight Night: Nurmagomedov vs. Song,ufc,umar nurmagomedov,yadong song,Polymarket(US),exchange,1.2500,3.8500,-400,+285,2026-08-13T19:45:32.600786+00:00,0.1,complete
2026-08-13T19:51:24.908253+00:00,9648,daniel hooker|salahdine parnasse,daniel-hooker-vs-salahdine-parnasse-80397,2026-09-05,UFC Fight Night: Parnasse vs. Hooker,ufc,daniel hooker,salahdine parnasse,Polymarket(US),exchange,3.3300,1.2347,+233,-426,2026-08-13T19:45:32.790785+00:00,0.1,complete
2026-08-13T20:53:27.587488+00:00,9086,ian garry|islam makhachev,islam-makhachev-vs-ian-garry-79253,2026-08-15,UFC 330: Makhachev vs. Machado Garry,ufc,ian garry,islam makhachev,SXBet,exchange,3.8600,1.2882,+286,-347,2026-08-13T20:40:36.525922+00:00,0.21,complete
2026-08-13T20:53:27.587488+00:00,9086,ian garry|islam makhachev,islam-makhachev-vs-ian-garry-79253,2026-08-15,UFC 330: Makhachev vs. Machado Garry,ufc,ian garry,islam makhachev,Circa,sportsbook,1.2941,3.8000,-340,+280,2026-08-13T20:21:29.522105+00:00,0.53,complete
2026-08-13T20:53:27.587488+00:00,9086,ian garry|islam makhachev,islam-makhachev-vs-ian-garry-79253,2026-08-15,UFC 330: Makhachev vs. Machado Garry,ufc,ian garry,islam makhachev,Polymarket(US),exchange,3.8500,1.3333,+285,-300,2026-08-13T20:31:10.084813+00:00,0.37,complete
2026-08-13T20:53:27.587488+00:00,9086,ian garry|islam makhachev,islam-makhachev-vs-ian-garry-79253,2026-08-15,UFC 330: Makhachev vs. Machado Garry,ufc,ian garry,islam makhachev,ProphetX,exchange,3.9000,1.3077,+290,-325,2026-08-13T20:36:19.140482+00:00,0.29,complete
2026-08-13T20:53:27.587488+00:00,9086,gillian robertson|mackenzie dern,mackenzie-dern-vs-gillian-robertson-79254,2026-08-15,UFC 330: Makhachev vs. Machado Garry,ufc,gillian robertson,mackenzie dern,SXBet,exchange,2.7900,1.4785,+179,-209,2026-08-13T20:50:28.018317+00:00,0.05,complete
2026-08-13T20:53:27.587488+00:00,9086,gillian robertson|mackenzie dern,mackenzie-dern-vs-gillian-robertson-79254,2026-08-15,UFC 330: Makhachev vs. Machado Garry,ufc,gillian robertson,mackenzie dern,Circa,sportsbook,1.5128,2.7000,-195,+170,2026-08-13T20:21:29.531770+00:00,0.53,complete
2026-08-13T20:53:27.587488+00:00,9086,gillian robertson|mackenzie dern,mackenzie-dern-vs-gillian-robertson-79254,2026-08-15,UFC 330: Makhachev vs. Machado Garry,ufc,gillian robertson,mackenzie dern,Novig,exchange,2.8200,1.4926,+182,-203,2026-08-13T20:00:53.099903+00:00,0.88,complete
2026-08-13T20:53:27.587488+00:00,9086,gillian robertson|mackenzie dern,mackenzie-dern-vs-gillian-robertson-79254,2026-08-15,UFC 330: Makhachev vs. Machado Garry,ufc,gillian robertson,mackenzie dern,ProphetX,exchange,2.8600,1.4878,+186,-205,2026-08-13T20:11:17.518747+00:00,0.7,complete
2026-08-13T20:53:27.587488+00:00,9086,jalin turner|kaue fernandes,jalin-turner-vs-kaue-fernandes-79619,2026-08-15,UFC 330: Makhachev vs. Machado Garry,ufc,jalin turner,kaue fernandes,BetUS,sportsbook,1.7143,2.1800,-140,+118,2026-08-13T20:25:11.483994+00:00,0.47,complete
2026-08-13T20:53:27.587488+00:00,9086,jalin turner|kaue fernandes,jalin-turner-vs-kaue-fernandes-79619,2026-08-15,UFC 330: Makhachev vs. Machado Garry,ufc,jalin turner,kaue fernandes,Bovada,sportsbook,1.6803,2.2700,-147,+127,2026-08-13T20:19:27.968633+00:00,0.57,complete
2026-08-13T20:53:27.587488+00:00,9086,jalin turner|kaue fernandes,jalin-turner-vs-kaue-fernandes-79619,2026-08-15,UFC 330: Makhachev vs. Machado Garry,ufc,jalin turner,kaue fernandes,4Cx,exchange,1.6897,2.2500,-145,+125,2026-08-13T19:56:48.417911+00:00,0.94,complete
2026-08-13T20:53:27.587488+00:00,9086,jalin turner|kaue fernandes,jalin-turner-vs-kaue-fernandes-79619,2026-08-15,UFC 330: Makhachev vs. Machado Garry,ufc,jalin turner,kaue fernandes,Bet105,sportsbook,2.3000,1.6579,+130,-152,2026-08-13T20:18:54.778710+00:00,0.58,complete
2026-08-13T20:53:27.587488+00:00,9086,jalin turner|kaue fernandes,jalin-turner-vs-kaue-fernandes-79619,2026-08-15,UFC 330: Makhachev vs. Machado Garry,ufc,jalin turner,kaue fernandes,4casters,exchange,1.7042,2.2800,-142,+128,2026-08-13T20:00:49.743666+00:00,0.88,complete
2026-08-13T20:53:27.587488+00:00,9086,jalin turner|kaue fernandes,jalin-turner-vs-kaue-fernandes-79619,2026-08-15,UFC 330: Makhachev vs. Machado Garry,ufc,jalin turner,kaue fernandes,FanDuel,sportsbook,1.5882,2.3200,-170,+132,2026-08-13T20:01:27.528831+00:00,0.87,complete
2026-08-13T20:53:27.587488+00:00,9086,jalin turner|kaue fernandes,jalin-turner-vs-kaue-fernandes-79619,2026-08-15,UFC 330: Makhachev vs. Machado Garry,ufc,jalin turner,kaue fernandes,BetOnline,sportsbook,1.7143,2.2000,-140,+120,2026-08-13T20:15:18.343378+00:00,0.64,complete
2026-08-13T20:53:27.587488+00:00,9086,jalin turner|kaue fernandes,jalin-turner-vs-kaue-fernandes-79619,2026-08-15,UFC 330: Makhachev vs. Machado Garry,ufc,jalin turner,kaue fernandes,DraftKings,sportsbook,1.6757,2.2400,-148,+124,2026-08-13T20:41:42.446054+00:00,0.2,complete
2026-08-13T20:53:27.587488+00:00,9086,jalin turner|kaue fernandes,jalin-turner-vs-kaue-fernandes-79619,2026-08-15,UFC 330: Makhachev vs. Machado Garry,ufc,jalin turner,kaue fernandes,Novig,exchange,1.6944,2.2700,-144,+127,2026-08-13T20:30:59.056839+00:00,0.37,complete
2026-08-13T20:53:27.587488+00:00,9086,jalin turner|kaue fernandes,jalin-turner-vs-kaue-fernandes-79619,2026-08-15,UFC 330: Makhachev vs. Machado Garry,ufc,jalin turner,kaue fernandes,Stake,sportsbook,1.6993,2.2100,-143,+121,2026-08-13T20:41:29.882976+00:00,0.2,complete
2026-08-13T20:53:27.587488+00:00,9086,jalin turner|kaue fernandes,jalin-turner-vs-kaue-fernandes-79619,2026-08-15,UFC 330: Makhachev vs. Machado Garry,ufc,jalin turner,kaue fernandes,Bookmaker,sportsbook,1.6803,2.2700,-147,+127,2026-08-13T20:30:53.224922+00:00,0.38,complete
2026-08-13T20:53:27.587488+00:00,9086,jalin turner|kaue fernandes,jalin-turner-vs-kaue-fernandes-79619,2026-08-15,UFC 330: Makhachev vs. Machado Garry,ufc,jalin turner,kaue fernandes,ReBet,sportsbook,1.6757,2.1600,-148,+116,2026-08-13T20:30:54.445107+00:00,0.38,complete
2026-08-13T20:53:27.587488+00:00,9086,jalin turner|kaue fernandes,jalin-turner-vs-kaue-fernandes-79619,2026-08-15,UFC 330: Makhachev vs. Machado Garry,ufc,jalin turner,kaue fernandes,MyBookie,sportsbook,1.6757,2.1600,-148,+116,2026-08-13T20:29:29.755134+00:00,0.4,complete
2026-08-13T20:53:27.587488+00:00,9086,jalin turner|kaue fernandes,jalin-turner-vs-kaue-fernandes-79619,2026-08-15,UFC 330: Makhachev vs. Machado Garry,ufc,jalin turner,kaue fernandes,Pinnacle,sportsbook,1.6623,2.2900,-151,+129,2026-08-13T19:53:03.409883+00:00,1.01,complete
2026-08-13T20:53:27.587488+00:00,9086,dustin stoltzfus|mansur abdul malik,mansur-abdul-malik-vs-dustin-stoltzfus-79270,2026-08-15,UFC 330: Makhachev vs. Machado Garry,ufc,dustin stoltzfus,mansur abdul malik,Circa,sportsbook,1.1493,6.0000,-670,+500,2026-08-13T20:16:21.742466+00:00,0.62,complete
2026-08-13T20:53:27.587488+00:00,9086,dustin stoltzfus|mansur abdul malik,mansur-abdul-malik-vs-dustin-stoltzfus-79270,2026-08-15,UFC 330: Makhachev vs. Machado Garry,ufc,dustin stoltzfus,mansur abdul malik,Novig,exchange,6.0600,1.1695,+506,-590,2026-08-13T20:00:53.570433+00:00,0.88,complete
2026-08-13T20:53:27.587488+00:00,9086,edson barboza|esteban ribovics,esteban-ribovics-vs-edson-barboza-79120,2026-08-15,UFC 330: Makhachev vs. Machado Garry,ufc,edson barboza,esteban ribovics,SXBet,exchange,5.9300,1.1560,+493,-641,2026-08-13T20:40:36.475749+00:00,0.21,complete
2026-08-13T20:53:27.587488+00:00,9086,edson barboza|esteban ribovics,esteban-ribovics-vs-edson-barboza-79120,2026-08-15,UFC 330: Makhachev vs. Machado Garry,ufc,edson barboza,esteban ribovics,Kalshi,exchange,6.6700,1.1629,+567,-614,2026-08-13T20:44:22.495697+00:00,0.15,complete
2026-08-13T20:53:27.587488+00:00,9086,edson barboza|esteban ribovics,esteban-ribovics-vs-edson-barboza-79120,2026-08-15,UFC 330: Makhachev vs. Machado Garry,ufc,edson barboza,esteban ribovics,Circa,sportsbook,1.1587,5.7500,-630,+475,2026-08-13T20:21:29.561930+00:00,0.53,complete
2026-08-13T20:53:27.587488+00:00,9086,edson barboza|esteban ribovics,esteban-ribovics-vs-edson-barboza-79120,2026-08-15,UFC 330: Makhachev vs. Machado Garry,ufc,edson barboza,esteban ribovics,Novig,exchange,6.0600,1.1629,+506,-614,2026-08-13T20:15:29.903570+00:00,0.63,complete
2026-08-13T20:53:27.587488+00:00,9086,chidi njokuani|joel alvarez,joel-alvarez-vs-chidi-njokuani-80608,2026-08-15,UFC 330: Makhachev vs. Machado Garry,ufc,chidi njokuani,joel alvarez,ProphetX,exchange,3.2000,1.4000,+220,-250,2026-08-13T20:51:24.166162+00:00,0.03,complete
2026-08-13T20:53:27.587488+00:00,9086,donte johnson|eric mcconico,donte-johnson-vs-eric-mcconico-80309,2026-08-15,UFC 330: Makhachev vs. Machado Garry,ufc,donte johnson,eric mcconico,BetUS,sportsbook,1.3390,3.4200,-295,+242,2026-08-13T20:50:28.024456+00:00,0.05,complete
2026-08-13T20:53:27.587488+00:00,9086,donte johnson|eric mcconico,donte-johnson-vs-eric-mcconico-80309,2026-08-15,UFC 330: Makhachev vs. Machado Garry,ufc,donte johnson,eric mcconico,BetAnything,sportsbook,1.3333,3.3000,-300,+230,2026-08-13T20:14:29.351541+00:00,0.65,complete
2026-08-13T20:53:27.587488+00:00,9086,donte johnson|eric mcconico,donte-johnson-vs-eric-mcconico-80309,2026-08-15,UFC 330: Makhachev vs. Machado Garry,ufc,donte johnson,eric mcconico,SXBet,exchange,1.3559,3.3100,-281,+231,2026-08-13T20:30:46.257752+00:00,0.38,complete
2026-08-13T20:53:27.587488+00:00,9086,donte johnson|eric mcconico,donte-johnson-vs-eric-mcconico-80309,2026-08-15,UFC 330: Makhachev vs. Machado Garry,ufc,donte johnson,eric mcconico,4Cx,exchange,1.3546,3.4000,-282,+240,2026-08-13T20:46:44.405255+00:00,0.11,complete
2026-08-13T20:53:27.587488+00:00,9086,donte johnson|eric mcconico,donte-johnson-vs-eric-mcconico-80309,2026-08-15,UFC 330: Makhachev vs. Machado Garry,ufc,donte johnson,eric mcconico,4casters,exchange,1.3636,3.4500,-275,+245,2026-08-13T20:45:53.356983+00:00,0.13,complete
2026-08-13T20:53:27.587488+00:00,9086,donte johnson|eric mcconico,donte-johnson-vs-eric-mcconico-80309,2026-08-15,UFC 330: Makhachev vs. Machado Garry,ufc,donte johnson,eric mcconico,ProphetX,exchange,1.3846,3.3000,-260,+230,2026-08-13T20:31:46.798973+00:00,0.36,complete
2026-08-13T20:53:27.587488+00:00,9086,donte johnson|eric mcconico,donte-johnson-vs-eric-mcconico-80309,2026-08-15,UFC 330: Makhachev vs. Machado Garry,ufc,donte johnson,eric mcconico,Circa,sportsbook,3.5500,1.3279,+255,-305,2026-08-13T20:21:29.625915+00:00,0.53,complete
2026-08-13T20:53:27.587488+00:00,9086,donte johnson|eric mcconico,donte-johnson-vs-eric-mcconico-80309,2026-08-15,UFC 330: Makhachev vs. Machado Garry,ufc,donte johnson,eric mcconico,Cloudbet,sportsbook,1.3096,3.3000,-323,+230,2026-08-13T20:32:28.957301+00:00,0.35,complete
2026-08-13T20:53:27.587488+00:00,9086,donte johnson|eric mcconico,donte-johnson-vs-eric-mcconico-80309,2026-08-15,UFC 330: Makhachev vs. Machado Garry,ufc,donte johnson,eric mcconico,DraftKings,sportsbook,1.3509,3.3000,-285,+230,2026-08-13T20:41:42.312765+00:00,0.2,complete
2026-08-13T20:53:27.587488+00:00,9086,donte johnson|eric mcconico,donte-johnson-vs-eric-mcconico-80309,2026-08-15,UFC 330: Makhachev vs. Machado Garry,ufc,donte johnson,eric mcconico,Novig,exchange,1.3891,3.4500,-257,+245,2026-08-13T20:30:58.830671+00:00,0.37,complete
2026-08-13T20:53:27.587488+00:00,9086,donte johnson|eric mcconico,donte-johnson-vs-eric-mcconico-80309,2026-08-15,UFC 330: Makhachev vs. Machado Garry,ufc,donte johnson,eric mcconico,Bovada,sportsbook,1.3571,3.3000,-280,+230,2026-08-13T20:19:25.806502+00:00,0.57,complete
2026-08-13T20:53:27.587488+00:00,9086,donte johnson|eric mcconico,donte-johnson-vs-eric-mcconico-80309,2026-08-15,UFC 330: Makhachev vs. Machado Garry,ufc,donte johnson,eric mcconico,Bookmaker,sportsbook,1.3448,3.3700,-290,+237,2026-08-13T20:30:53.324813+00:00,0.38,complete
2026-08-13T20:53:27.587488+00:00,9086,donte johnson|eric mcconico,donte-johnson-vs-eric-mcconico-80309,2026-08-15,UFC 330: Makhachev vs. Machado Garry,ufc,donte johnson,eric mcconico,Stake,sportsbook,1.3401,3.4000,-294,+240,2026-08-13T20:41:29.016435+00:00,0.2,complete
2026-08-13T20:53:27.587488+00:00,9086,donte johnson|eric mcconico,donte-johnson-vs-eric-mcconico-80309,2026-08-15,UFC 330: Makhachev vs. Machado Garry,ufc,donte johnson,eric mcconico,MyBookie,sportsbook,1.3226,3.3000,-310,+230,2026-08-13T20:24:15.052013+00:00,0.49,complete
2026-08-13T20:53:27.587488+00:00,9086,donte johnson|eric mcconico,donte-johnson-vs-eric-mcconico-80309,2026-08-15,UFC 330: Makhachev vs. Machado Garry,ufc,donte johnson,eric mcconico,ReBet,sportsbook,1.3226,3.3000,-310,+230,2026-08-13T20:30:51.992491+00:00,0.38,complete
2026-08-13T20:53:27.587488+00:00,9086,donte johnson|eric mcconico,donte-johnson-vs-eric-mcconico-80309,2026-08-15,UFC 330: Makhachev vs. Machado Garry,ufc,donte johnson,eric mcconico,Pinnacle,sportsbook,1.3436,3.4000,-291,+240,2026-08-13T20:53:26.940653+00:00,0.0,complete
2026-08-13T20:53:27.587488+00:00,9086,donte johnson|eric mcconico,donte-johnson-vs-eric-mcconico-80309,2026-08-15,UFC 330: Makhachev vs. Machado Garry,ufc,donte johnson,eric mcconico,BetOnline,sportsbook,1.3333,3.4500,-300,+245,2026-08-13T20:11:17.890489+00:00,0.7,complete
2026-08-13T20:53:27.587488+00:00,9086,tresean gore|vicente luque,vicente-luque-vs-tresean-gore-79238,2026-08-15,UFC 330: Makhachev vs. Machado Garry,ufc,tresean gore,vicente luque,4Cx,exchange,1.8547,1.9804,-117,-102,2026-08-13T20:36:20.297728+00:00,0.29,complete
2026-08-13T20:53:27.587488+00:00,9086,tresean gore|vicente luque,vicente-luque-vs-tresean-gore-79238,2026-08-15,UFC 330: Makhachev vs. Machado Garry,ufc,tresean gore,vicente luque,4casters,exchange,1.8696,2.0000,-115,-100,2026-08-13T20:40:33.188747+00:00,0.22,complete
2026-08-13T20:53:27.587488+00:00,9086,tresean gore|vicente luque,vicente-luque-vs-tresean-gore-79238,2026-08-15,UFC 330: Makhachev vs. Machado Garry,ufc,tresean gore,vicente luque,SXBet,exchange,1.8547,1.9615,-117,-104,2026-08-13T20:40:36.102633+00:00,0.21,complete
2026-08-13T20:53:27.587488+00:00,9086,tresean gore|vicente luque,vicente-luque-vs-tresean-gore-79238,2026-08-15,UFC 330: Makhachev vs. Machado Garry,ufc,tresean gore,vicente luque,ProphetX,exchange,1.8475,2.0800,-118,+108,2026-08-13T20:36:19.060282+00:00,0.29,complete
2026-08-13T20:53:27.587488+00:00,9086,tresean gore|vicente luque,vicente-luque-vs-tresean-gore-79238,2026-08-15,UFC 330: Makhachev vs. Machado Garry,ufc,tresean gore,vicente luque,Caesars,sportsbook,1.9091,1.9091,-110,-110,2026-08-13T20:05:18.992910+00:00,0.8,complete
2026-08-13T20:53:27.587488+00:00,9086,tresean gore|vicente luque,vicente-luque-vs-tresean-gore-79238,2026-08-15,UFC 330: Makhachev vs. Machado Garry,ufc,tresean gore,vicente luque,DraftKings,sportsbook,1.8696,1.9524,-115,-105,2026-08-13T20:11:14.058505+00:00,0.7,complete
2026-08-13T20:53:27.587488+00:00,9086,tresean gore|vicente luque,vicente-luque-vs-tresean-gore-79238,2026-08-15,UFC 330: Makhachev vs. Machado Garry,ufc,tresean gore,vicente luque,Bookmaker,sportsbook,1.8696,1.9524,-115,-105,2026-08-13T20:45:56.920644+00:00,0.13,complete
2026-08-13T20:53:27.587488+00:00,9086,tresean gore|vicente luque,vicente-luque-vs-tresean-gore-79238,2026-08-15,UFC 330: Makhachev vs. Machado Garry,ufc,tresean gore,vicente luque,Novig,exchange,1.8547,2.0200,-117,+102,2026-08-13T20:00:53.369534+00:00,0.88,complete
2026-08-13T20:53:27.587488+00:00,9086,tresean gore|vicente luque,vicente-luque-vs-tresean-gore-79238,2026-08-15,UFC 330: Makhachev vs. Machado Garry,ufc,tresean gore,vicente luque,Pinnacle,sportsbook,1.8696,1.9804,-115,-102,2026-08-13T20:53:26.945618+00:00,0.0,complete
2026-08-13T20:53:27.587488+00:00,9086,tresean gore|vicente luque,vicente-luque-vs-tresean-gore-79238,2026-08-15,UFC 330: Makhachev vs. Machado Garry,ufc,tresean gore,vicente luque,Bet105,sportsbook,2.0600,1.8130,+106,-123,2026-08-13T20:18:54.786606+00:00,0.58,complete
2026-08-13T20:53:27.587488+00:00,9086,tresean gore|vicente luque,vicente-luque-vs-tresean-gore-79238,2026-08-15,UFC 330: Makhachev vs. Machado Garry,ufc,tresean gore,vicente luque,Cloudbet,sportsbook,1.8333,1.9434,-120,-106,2026-08-13T20:37:16.736380+00:00,0.27,complete
2026-08-13T20:53:27.587488+00:00,9086,lucas fernando|rafael tobias,lucas-fernando-vs-rafael-tobias-80111,2026-08-15,UFC 330: Makhachev vs. Machado Garry,ufc,lucas fernando,rafael tobias,ProphetX,exchange,1.2941,3.5500,-340,+255,2026-08-13T20:51:24.262337+00:00,0.03,complete
2026-08-13T20:53:27.587488+00:00,9086,lucas fernando|rafael tobias,lucas-fernando-vs-rafael-tobias-80111,2026-08-15,UFC 330: Makhachev vs. Machado Garry,ufc,lucas fernando,rafael tobias,Cloudbet,sportsbook,1.3096,3.3000,-323,+230,2026-08-13T20:07:12.374747+00:00,0.77,complete
2026-08-13T20:53:27.587488+00:00,9086,lucas fernando|rafael tobias,lucas-fernando-vs-rafael-tobias-80111,2026-08-15,UFC 330: Makhachev vs. Machado Garry,ufc,lucas fernando,rafael tobias,Pinnacle,sportsbook,1.3436,3.4000,-291,+240,2026-08-13T20:22:48.325113+00:00,0.51,complete
2026-08-13T20:53:27.587488+00:00,9086,neil magny|ramiz brahimaj,neil-magny-vs-ramiz-brahimaj-79618,2026-08-15,UFC 330: Makhachev vs. Machado Garry,ufc,neil magny,ramiz brahimaj,ProphetX,exchange,2.2200,1.6849,+122,-146,2026-08-13T20:46:42.389897+00:00,0.11,complete
2026-08-13T20:53:27.587488+00:00,9086,neil magny|ramiz brahimaj,neil-magny-vs-ramiz-brahimaj-79618,2026-08-15,UFC 330: Makhachev vs. Machado Garry,ufc,neil magny,ramiz brahimaj,Novig,exchange,2.2000,1.7692,+120,-130,2026-08-13T20:31:00.538482+00:00,0.37,complete
2026-08-13T20:53:27.587488+00:00,9086,neil magny|ramiz brahimaj,neil-magny-vs-ramiz-brahimaj-79618,2026-08-15,UFC 330: Makhachev vs. Machado Garry,ufc,neil magny,ramiz brahimaj,Bet105,sportsbook,1.7576,2.1300,-132,+113,2026-08-13T20:18:54.782703+00:00,0.58,complete
2026-08-13T20:53:27.587488+00:00,9086,jeremiah wells|myktybek orolbai,jeremiah-wells-vs-myktybek-orolbai-79363,2026-08-15,UFC 330: Makhachev vs. Machado Garry,ufc,jeremiah wells,myktybek orolbai,BetUS,sportsbook,7.6500,1.0909,+665,-1100,2026-08-13T20:35:30.566365+00:00,0.3,complete
2026-08-13T20:53:27.587488+00:00,9086,jeremiah wells|myktybek orolbai,jeremiah-wells-vs-myktybek-orolbai-79363,2026-08-15,UFC 330: Makhachev vs. Machado Garry,ufc,jeremiah wells,myktybek orolbai,BetAnything,sportsbook,6.6500,1.0909,+565,-1100,2026-08-13T20:34:45.199639+00:00,0.31,complete
2026-08-13T20:53:27.587488+00:00,9086,jeremiah wells|myktybek orolbai,jeremiah-wells-vs-myktybek-orolbai-79363,2026-08-15,UFC 330: Makhachev vs. Machado Garry,ufc,jeremiah wells,myktybek orolbai,Bovada,sportsbook,8.5000,1.0833,+750,-1200,2026-08-13T20:34:51.647647+00:00,0.31,complete
2026-08-13T20:53:27.587488+00:00,9086,jeremiah wells|myktybek orolbai,jeremiah-wells-vs-myktybek-orolbai-79363,2026-08-15,UFC 330: Makhachev vs. Machado Garry,ufc,jeremiah wells,myktybek orolbai,Circa,sportsbook,1.0833,8.7500,-1200,+775,2026-08-13T20:21:29.584833+00:00,0.53,complete
2026-08-13T20:53:27.587488+00:00,9086,jeremiah wells|myktybek orolbai,jeremiah-wells-vs-myktybek-orolbai-79363,2026-08-15,UFC 330: Makhachev vs. Machado Garry,ufc,jeremiah wells,myktybek orolbai,DraftKings,sportsbook,8.0000,1.0909,+700,-1100,2026-08-13T20:41:42.187069+00:00,0.2,complete
2026-08-13T20:53:27.587488+00:00,9086,jeremiah wells|myktybek orolbai,jeremiah-wells-vs-myktybek-orolbai-79363,2026-08-15,UFC 330: Makhachev vs. Machado Garry,ufc,jeremiah wells,myktybek orolbai,ReBet,sportsbook,7.4000,1.0830,+640,-1205,2026-08-13T20:45:55.971464+00:00,0.13,complete
2026-08-13T20:53:27.587488+00:00,9086,jeremiah wells|myktybek orolbai,jeremiah-wells-vs-myktybek-orolbai-79363,2026-08-15,UFC 330: Makhachev vs. Machado Garry,ufc,jeremiah wells,myktybek orolbai,Novig,exchange,8.7000,1.1111,+770,-900,2026-08-13T20:15:29.801421+00:00,0.63,complete
2026-08-13T20:53:27.587488+00:00,9086,jeremiah wells|myktybek orolbai,jeremiah-wells-vs-myktybek-orolbai-79363,2026-08-15,UFC 330: Makhachev vs. Machado Garry,ufc,jeremiah wells,myktybek orolbai,MyBookie,sportsbook,7.4000,1.0830,+640,-1205,2026-08-13T20:39:26.206974+00:00,0.23,complete
2026-08-13T20:53:27.587488+00:00,9086,jeremiah wells|myktybek orolbai,jeremiah-wells-vs-myktybek-orolbai-79363,2026-08-15,UFC 330: Makhachev vs. Machado Garry,ufc,jeremiah wells,myktybek orolbai,BetOnline,sportsbook,8.0900,1.0909,+709,-1100,2026-08-13T20:29:27.732573+00:00,0.4,complete
2026-08-13T20:53:27.587488+00:00,9086,jeremiah wells|myktybek orolbai,jeremiah-wells-vs-myktybek-orolbai-79363,2026-08-15,UFC 330: Makhachev vs. Machado Garry,ufc,jeremiah wells,myktybek orolbai,Polymarket(US),exchange,8.3300,1.1236,+733,-809,2026-08-13T20:46:02.255525+00:00,0.12,complete
2026-08-13T20:53:27.587488+00:00,9112,douglas rodrigues|trent miller,douglas-rodrigues-vs-trent-miller-80341,2026-08-18,Contender Series 2026: Week 2,dwcs,douglas rodrigues,trent miller,Polymarket,exchange,1.1111,2.8600,-900,+186,2026-08-13T20:34:47.013887+00:00,0.31,complete
2026-08-13T20:53:27.587488+00:00,9112,cristian perez|logan paxton,logan-paxton-vs-cristian-perez-79310,2026-08-18,Contender Series 2026: Week 2,dwcs,cristian perez,logan paxton,Polymarket,exchange,1.4386,2.3300,-228,+133,2026-08-13T20:44:25.335000+00:00,0.15,complete
2026-08-13T20:53:27.587488+00:00,9656,reinier de ridder|roman dolidze,reinier-de-ridder-vs-roman-dolidze-79690,2026-08-22,UFC Fight Night: Hernandez vs. Rodrigues,ufc,reinier de ridder,roman dolidze,Pinnacle,sportsbook,1.2976,3.7300,-336,+273,2026-08-13T20:53:26.985402+00:00,0.0,complete
2026-08-13T20:53:27.587488+00:00,9656,reinier de ridder|roman dolidze,reinier-de-ridder-vs-roman-dolidze-79690,2026-08-22,UFC Fight Night: Hernandez vs. Rodrigues,ufc,reinier de ridder,roman dolidze,Cloudbet,sportsbook,1.2703,3.6500,-370,+265,2026-08-13T20:52:16.115676+00:00,0.02,complete
2026-08-13T20:53:27.587488+00:00,9656,sergey spivak|vitor petrino,sergey-spivak-vs-vitor-petrino-79082,2026-08-22,UFC Fight Night: Hernandez vs. Rodrigues,ufc,sergey spivak,vitor petrino,Circa,sportsbook,1.5556,2.5500,-180,+155,2026-08-13T20:21:29.652829+00:00,0.53,complete
2026-08-13T20:53:27.587488+00:00,9656,sergey spivak|vitor petrino,sergey-spivak-vs-vitor-petrino-79082,2026-08-22,UFC Fight Night: Hernandez vs. Rodrigues,ufc,sergey spivak,vitor petrino,Polymarket(US),exchange,2.4400,1.5155,+144,-194,2026-08-13T20:46:02.562713+00:00,0.12,complete
2026-08-13T20:53:27.587488+00:00,9656,carli judice|jeisla chaves,carli-judice-vs-jeisla-chaves-79414,2026-08-22,UFC Fight Night: Hernandez vs. Rodrigues,ufc,carli judice,jeisla chaves,Circa,sportsbook,5.0000,1.1961,+400,-510,2026-08-13T20:21:29.674850+00:00,0.53,complete
2026-08-13T20:53:27.587488+00:00,9656,kennedy nzechukwu|shamil gaziev,shamil-gaziev-vs-kennedy-nzechukwu-79812,2026-08-22,UFC Fight Night: Hernandez vs. Rodrigues,ufc,kennedy nzechukwu,shamil gaziev,Bet105,sportsbook,1.8929,1.9615,-112,-104,2026-08-13T20:18:54.803240+00:00,0.58,complete
2026-08-13T20:53:27.587488+00:00,8869,umar nurmagomedov|yadong song,umar-nurmagomedov-vs-yadong-song-79649,2026-08-29,UFC Fight Night: Nurmagomedov vs. Song,ufc,umar nurmagomedov,yadong song,Bet105,sportsbook,4.5000,1.2252,+350,-444,2026-08-13T20:13:18.083506+00:00,0.67,complete
2026-08-13T20:53:27.587488+00:00,8869,umar nurmagomedov|yadong song,umar-nurmagomedov-vs-yadong-song-79649,2026-08-29,UFC Fight Night: Nurmagomedov vs. Song,ufc,umar nurmagomedov,yadong song,Polymarket(US),exchange,1.2347,3.8500,-426,+285,2026-08-13T20:31:11.821120+00:00,0.37,complete
2026-08-13T20:53:27.587488+00:00,9648,daniel hooker|salahdine parnasse,daniel-hooker-vs-salahdine-parnasse-80397,2026-09-05,UFC Fight Night: Parnasse vs. Hooker,ufc,daniel hooker,salahdine parnasse,Polymarket(US),exchange,3.1200,1.2347,+212,-426,2026-08-13T20:46:03.328160+00:00,0.12,complete
2026-08-13T20:53:27.587488+00:00,9697,arman tsarukyan|mauricio ruffy,arman-tsarukyan-vs-mauricio-ruffy-80643,2026-09-19,UFC 331: Van vs. Pantoja 2,ufc,arman tsarukyan,mauricio ruffy,HardRockBet,sportsbook,1.2667,3.7500,-375,+275,2026-08-13T20:12:47.587090+00:00,0.68,complete
2026-08-13T21:05:32.172363+00:00,9086,gillian robertson|mackenzie dern,mackenzie-dern-vs-gillian-robertson-79254,2026-08-15,UFC 330: Makhachev vs. Machado Garry,ufc,gillian robertson,mackenzie dern,BetUS,sportsbook,2.7400,1.4762,+174,-210,2026-08-13T21:00:56.321013+00:00,0.08,complete
2026-08-13T21:05:32.172363+00:00,9086,gillian robertson|mackenzie dern,mackenzie-dern-vs-gillian-robertson-79254,2026-08-15,UFC 330: Makhachev vs. Machado Garry,ufc,gillian robertson,mackenzie dern,BetOnline,sportsbook,2.8000,1.4762,+180,-210,2026-08-13T20:57:28.353565+00:00,0.13,complete
2026-08-13T21:05:32.172363+00:00,9086,gillian robertson|mackenzie dern,mackenzie-dern-vs-gillian-robertson-79254,2026-08-15,UFC 330: Makhachev vs. Machado Garry,ufc,gillian robertson,mackenzie dern,4casters,exchange,2.7700,1.5128,+177,-195,2026-08-13T21:00:57.237257+00:00,0.08,complete
2026-08-13T21:05:32.172363+00:00,9086,gillian robertson|mackenzie dern,mackenzie-dern-vs-gillian-robertson-79254,2026-08-15,UFC 330: Makhachev vs. Machado Garry,ufc,gillian robertson,mackenzie dern,Kalshi,exchange,2.7800,1.5155,+178,-194,2026-08-13T21:04:54.907693+00:00,0.01,complete
2026-08-13T21:05:32.172363+00:00,9086,gillian robertson|mackenzie dern,mackenzie-dern-vs-gillian-robertson-79254,2026-08-15,UFC 330: Makhachev vs. Machado Garry,ufc,gillian robertson,mackenzie dern,Circa,sportsbook,1.5000,2.7500,-200,+175,2026-08-13T21:02:40.628349+00:00,0.05,complete
2026-08-13T21:05:32.172363+00:00,9086,jalin turner|kaue fernandes,jalin-turner-vs-kaue-fernandes-79619,2026-08-15,UFC 330: Makhachev vs. Machado Garry,ufc,jalin turner,kaue fernandes,Bookmaker,sportsbook,1.6897,2.2500,-145,+125,2026-08-13T21:00:51.536877+00:00,0.08,complete
2026-08-13T21:05:32.172363+00:00,9086,edson barboza|esteban ribovics,esteban-ribovics-vs-edson-barboza-79120,2026-08-15,UFC 330: Makhachev vs. Machado Garry,ufc,edson barboza,esteban ribovics,Polymarket(US),exchange,6.6700,1.1629,+567,-614,2026-08-13T21:01:14.373336+00:00,0.07,complete
2026-08-13T21:05:32.172363+00:00,9086,chidi njokuani|joel alvarez,joel-alvarez-vs-chidi-njokuani-80608,2026-08-15,UFC 330: Makhachev vs. Machado Garry,ufc,chidi njokuani,joel alvarez,Bet105,sportsbook,3.6600,1.3067,+266,-326,2026-08-13T21:03:20.530483+00:00,0.04,complete
2026-08-13T21:05:32.172363+00:00,9086,chidi njokuani|joel alvarez,joel-alvarez-vs-chidi-njokuani-80608,2026-08-15,UFC 330: Makhachev vs. Machado Garry,ufc,chidi njokuani,joel alvarez,ProphetX,exchange,3.4500,1.2740,+245,-365,2026-08-13T21:02:32.909352+00:00,0.05,complete
2026-08-13T21:05:32.172363+00:00,9086,charles johnson|eduardo henrique da silva,charles-johnson-vs-eduardo-henrique-da-silva-80763,2026-08-15,UFC 330: Makhachev vs. Machado Garry,ufc,charles johnson,eduardo henrique da silva,Kalshi,exchange,1.7519,2.2700,-133,+127,2026-08-13T20:54:20.305597+00:00,0.19,complete
2026-08-13T21:05:32.172363+00:00,9086,donte johnson|eric mcconico,donte-johnson-vs-eric-mcconico-80309,2026-08-15,UFC 330: Makhachev vs. Machado Garry,ufc,donte johnson,eric mcconico,BetUS,sportsbook,1.3333,3.4600,-300,+246,2026-08-13T21:00:56.819814+00:00,0.08,complete
2026-08-13T21:05:32.172363+00:00,9086,tresean gore|vicente luque,vicente-luque-vs-tresean-gore-79238,2026-08-15,UFC 330: Makhachev vs. Machado Garry,ufc,tresean gore,vicente luque,ProphetX,exchange,1.8547,2.0800,-117,+108,2026-08-13T21:02:33.077535+00:00,0.05,complete
2026-08-13T21:05:32.172363+00:00,9086,neil magny|ramiz brahimaj,neil-magny-vs-ramiz-brahimaj-79618,2026-08-15,UFC 330: Makhachev vs. Machado Garry,ufc,neil magny,ramiz brahimaj,Novig,exchange,2.2200,1.7692,+122,-130,2026-08-13T21:00:57.131937+00:00,0.08,complete
2026-08-13T21:05:32.172363+00:00,9112,cristian perez|logan paxton,logan-paxton-vs-cristian-perez-79310,2026-08-18,Contender Series 2026: Week 2,dwcs,cristian perez,logan paxton,Polymarket,exchange,1.4386,2.3400,-228,+134,2026-08-13T20:54:25.202200+00:00,0.19,complete
2026-08-13T21:05:32.172363+00:00,9112,roman puga|taner trembley,taner-trembley-vs-roman-puga-79617,2026-08-18,Contender Series 2026: Week 2,dwcs,roman puga,taner trembley,Polymarket,exchange,2.4400,1.4717,+144,-212,2026-08-13T21:04:58.332153+00:00,0.01,complete
2026-08-13T21:05:32.172363+00:00,9656,anthony hernandez|gregory rodrigues,anthony-hernandez-vs-gregory-rodrigues-79524,2026-08-22,UFC Fight Night: Hernandez vs. Rodrigues,ufc,anthony hernandez,gregory rodrigues,Novig,exchange,1.5882,2.3300,-170,+133,2026-08-13T21:00:55.089989+00:00,0.08,complete
2026-08-13T21:05:32.172363+00:00,9656,reinier de ridder|roman dolidze,reinier-de-ridder-vs-roman-dolidze-79690,2026-08-22,UFC Fight Night: Hernandez vs. Rodrigues,ufc,reinier de ridder,roman dolidze,Novig,exchange,1.2500,3.6400,-400,+264,2026-08-13T21:00:55.886938+00:00,0.08,complete
2026-08-13T21:05:32.172363+00:00,9656,sergey spivak|vitor petrino,sergey-spivak-vs-vitor-petrino-79082,2026-08-22,UFC Fight Night: Hernandez vs. Rodrigues,ufc,sergey spivak,vitor petrino,Novig,exchange,2.4100,1.5882,+141,-170,2026-08-13T21:00:55.016630+00:00,0.08,complete
2026-08-13T21:05:32.172363+00:00,9656,sergey spivak|vitor petrino,sergey-spivak-vs-vitor-petrino-79082,2026-08-22,UFC Fight Night: Hernandez vs. Rodrigues,ufc,sergey spivak,vitor petrino,Polymarket(US),exchange,2.3800,1.5155,+138,-194,2026-08-13T21:01:15.316774+00:00,0.07,complete
2026-08-13T21:05:32.172363+00:00,9656,jackson mcvey|wesley schultz,wesley-schultz-vs-jackson-mcvey-79119,2026-08-22,UFC Fight Night: Hernandez vs. Rodrigues,ufc,jackson mcvey,wesley schultz,Novig,exchange,1.5155,2.4100,-194,+141,2026-08-13T21:00:55.011779+00:00,0.08,complete
2026-08-13T21:05:32.172363+00:00,9656,jackson mcvey|wesley schultz,wesley-schultz-vs-jackson-mcvey-79119,2026-08-22,UFC Fight Night: Hernandez vs. Rodrigues,ufc,jackson mcvey,wesley schultz,Polymarket,exchange,1.5882,2.6300,-170,+163,2026-08-13T21:04:59.741974+00:00,0.01,complete
2026-08-13T21:05:32.172363+00:00,9656,kennedy nzechukwu|shamil gaziev,shamil-gaziev-vs-kennedy-nzechukwu-79812,2026-08-22,UFC Fight Night: Hernandez vs. Rodrigues,ufc,kennedy nzechukwu,shamil gaziev,Novig,exchange,2.1100,1.7692,+111,-130,2026-08-13T21:00:55.539420+00:00,0.08,complete
2026-08-13T21:05:32.172363+00:00,8869,umar nurmagomedov|yadong song,umar-nurmagomedov-vs-yadong-song-79649,2026-08-29,UFC Fight Night: Nurmagomedov vs. Song,ufc,umar nurmagomedov,yadong song,Polymarket(US),exchange,1.2660,3.8500,-376,+285,2026-08-13T21:01:15.470792+00:00,0.07,complete
2026-08-13T21:05:32.172363+00:00,9648,daniel hooker|salahdine parnasse,daniel-hooker-vs-salahdine-parnasse-80397,2026-09-05,UFC Fight Night: Parnasse vs. Hooker,ufc,daniel hooker,salahdine parnasse,Polymarket(US),exchange,2.5600,1.3155,+156,-317,2026-08-13T21:01:16.051911+00:00,0.07,complete
2026-08-13T21:15:05.672373+00:00,9086,ian garry|islam makhachev,islam-makhachev-vs-ian-garry-79253,2026-08-15,UFC 330: Makhachev vs. Machado Garry,ufc,ian garry,islam makhachev,YouWager,sportsbook,3.8500,1.2817,+285,-355,2026-08-13T21:05:59.453713+00:00,0.15,complete
2026-08-13T21:15:05.672373+00:00,9086,gillian robertson|mackenzie dern,mackenzie-dern-vs-gillian-robertson-79254,2026-08-15,UFC 330: Makhachev vs. Machado Garry,ufc,gillian robertson,mackenzie dern,BetUS,sportsbook,2.7000,1.4878,+170,-205,2026-08-13T21:10:32.234704+00:00,0.08,complete
2026-08-13T21:15:05.672373+00:00,9086,gillian robertson|mackenzie dern,mackenzie-dern-vs-gillian-robertson-79254,2026-08-15,UFC 330: Makhachev vs. Machado Garry,ufc,gillian robertson,mackenzie dern,BetOnline,sportsbook,2.7700,1.4878,+177,-205,2026-08-13T21:08:21.576850+00:00,0.11,complete
2026-08-13T21:15:05.672373+00:00,9086,gillian robertson|mackenzie dern,mackenzie-dern-vs-gillian-robertson-79254,2026-08-15,UFC 330: Makhachev vs. Machado Garry,ufc,gillian robertson,mackenzie dern,Polymarket,exchange,2.7800,1.5376,+178,-186,2026-08-13T21:14:28.112177+00:00,0.01,complete
2026-08-13T21:15:05.672373+00:00,9086,jalin turner|kaue fernandes,jalin-turner-vs-kaue-fernandes-79619,2026-08-15,UFC 330: Makhachev vs. Machado Garry,ufc,jalin turner,kaue fernandes,BetAnything,sportsbook,1.6897,2.1500,-145,+115,2026-08-13T21:09:17.133015+00:00,0.1,complete
2026-08-13T21:15:05.672373+00:00,9086,jalin turner|kaue fernandes,jalin-turner-vs-kaue-fernandes-79619,2026-08-15,UFC 330: Makhachev vs. Machado Garry,ufc,jalin turner,kaue fernandes,YouWager,sportsbook,1.7143,2.2000,-140,+120,2026-08-13T21:05:59.356434+00:00,0.15,complete
2026-08-13T21:15:05.672373+00:00,9086,chidi njokuani|joel alvarez,joel-alvarez-vs-chidi-njokuani-80608,2026-08-15,UFC 330: Makhachev vs. Machado Garry,ufc,chidi njokuani,joel alvarez,YouWager,sportsbook,3.6000,1.3125,+260,-320,2026-08-13T21:05:59.193361+00:00,0.15,complete
2026-08-13T21:15:05.672373+00:00,9086,chidi njokuani|joel alvarez,joel-alvarez-vs-chidi-njokuani-80608,2026-08-15,UFC 330: Makhachev vs. Machado Garry,ufc,chidi njokuani,joel alvarez,ProphetX,exchange,3.4500,1.3077,+245,-325,2026-08-13T21:06:37.439346+00:00,0.14,complete
2026-08-13T21:15:05.672373+00:00,9086,charles johnson|eduardo henrique da silva,charles-johnson-vs-eduardo-henrique-da-silva-80763,2026-08-15,UFC 330: Makhachev vs. Machado Garry,ufc,charles johnson,eduardo henrique da silva,Circa,sportsbook,1.8333,2.0000,-120,+100,2026-08-13T21:11:21.107169+00:00,0.06,complete
2026-08-13T21:15:05.672373+00:00,9086,charles johnson|eduardo henrique da silva,charles-johnson-vs-eduardo-henrique-da-silva-80763,2026-08-15,UFC 330: Makhachev vs. Machado Garry,ufc,charles johnson,eduardo henrique da silva,Polymarket,exchange,1.8547,2.1300,-117,+113,2026-08-13T21:14:31.286105+00:00,0.01,complete
2026-08-13T21:15:05.672373+00:00,9086,donte johnson|eric mcconico,donte-johnson-vs-eric-mcconico-80309,2026-08-15,UFC 330: Makhachev vs. Machado Garry,ufc,donte johnson,eric mcconico,YouWager,sportsbook,1.3333,3.4500,-300,+245,2026-08-13T21:05:59.101197+00:00,0.15,complete
2026-08-13T21:15:05.672373+00:00,9086,donte johnson|eric mcconico,donte-johnson-vs-eric-mcconico-80309,2026-08-15,UFC 330: Makhachev vs. Machado Garry,ufc,donte johnson,eric mcconico,HardRockBet,sportsbook,1.3636,3.2000,-275,+220,2026-08-13T21:12:13.644111+00:00,0.05,complete
2026-08-13T21:15:05.672373+00:00,9086,donte johnson|eric mcconico,donte-johnson-vs-eric-mcconico-80309,2026-08-15,UFC 330: Makhachev vs. Machado Garry,ufc,donte johnson,eric mcconico,Caesars,sportsbook,1.3333,3.4000,-300,+240,2026-08-13T21:06:08.734582+00:00,0.15,complete
2026-08-13T21:15:05.672373+00:00,9086,donte johnson|eric mcconico,donte-johnson-vs-eric-mcconico-80309,2026-08-15,UFC 330: Makhachev vs. Machado Garry,ufc,donte johnson,eric mcconico,DraftKings,sportsbook,1.3448,3.3500,-290,+235,2026-08-13T21:11:22.670185+00:00,0.06,complete
2026-08-13T21:15:05.672373+00:00,9086,tresean gore|vicente luque,vicente-luque-vs-tresean-gore-79238,2026-08-15,UFC 330: Makhachev vs. Machado Garry,ufc,tresean gore,vicente luque,YouWager,sportsbook,1.9091,1.9091,-110,-110,2026-08-13T21:05:59.043938+00:00,0.15,complete
2026-08-13T21:15:05.672373+00:00,9086,tresean gore|vicente luque,vicente-luque-vs-tresean-gore-79238,2026-08-15,UFC 330: Makhachev vs. Machado Garry,ufc,tresean gore,vicente luque,ProphetX,exchange,1.8475,2.0800,-118,+108,2026-08-13T21:11:13.996653+00:00,0.06,complete
2026-08-13T21:15:05.672373+00:00,9086,lucas fernando|rafael tobias,lucas-fernando-vs-rafael-tobias-80111,2026-08-15,UFC 330: Makhachev vs. Machado Garry,ufc,lucas fernando,rafael tobias,ProphetX,exchange,1.3333,3.5500,-300,+255,2026-08-13T21:06:37.488326+00:00,0.14,complete
2026-08-13T21:15:05.672373+00:00,9086,jeremiah wells|myktybek orolbai,jeremiah-wells-vs-myktybek-orolbai-79363,2026-08-15,UFC 330: Makhachev vs. Machado Garry,ufc,jeremiah wells,myktybek orolbai,YouWager,sportsbook,8.0900,1.0909,+709,-1100,2026-08-13T21:05:58.739345+00:00,0.15,complete
2026-08-13T21:15:05.672373+00:00,9112,roman puga|taner trembley,taner-trembley-vs-roman-puga-79617,2026-08-18,Contender Series 2026: Week 2,dwcs,roman puga,taner trembley,Polymarket,exchange,2.4400,1.4926,+144,-203,2026-08-13T21:14:29.552202+00:00,0.01,complete
2026-08-13T21:15:05.672373+00:00,9656,jackson mcvey|wesley schultz,wesley-schultz-vs-jackson-mcvey-79119,2026-08-22,UFC Fight Night: Hernandez vs. Rodrigues,ufc,jackson mcvey,wesley schultz,BetUS,sportsbook,1.5882,2.4200,-170,+142,2026-08-13T21:06:05.406490+00:00,0.15,complete
2026-08-13T21:24:33.811303+00:00,9086,jalin turner|kaue fernandes,jalin-turner-vs-kaue-fernandes-79619,2026-08-15,UFC 330: Makhachev vs. Machado Garry,ufc,jalin turner,kaue fernandes,Novig,exchange,1.6944,2.3000,-144,+130,2026-08-13T21:15:50.996616+00:00,0.15,complete
2026-08-13T21:24:33.811303+00:00,9086,dustin stoltzfus|mansur abdul malik,mansur-abdul-malik-vs-dustin-stoltzfus-79270,2026-08-15,UFC 330: Makhachev vs. Machado Garry,ufc,dustin stoltzfus,mansur abdul malik,SXBet,exchange,5.7600,1.1577,+476,-634,2026-08-13T21:20:20.366111+00:00,0.07,complete
2026-08-13T21:24:33.811303+00:00,9086,edson barboza|esteban ribovics,esteban-ribovics-vs-edson-barboza-79120,2026-08-15,UFC 330: Makhachev vs. Machado Garry,ufc,edson barboza,esteban ribovics,Novig,exchange,6.0600,1.1695,+506,-590,2026-08-13T21:15:50.519204+00:00,0.15,complete
2026-08-13T21:24:33.811303+00:00,9086,chidi njokuani|joel alvarez,joel-alvarez-vs-chidi-njokuani-80608,2026-08-15,UFC 330: Makhachev vs. Machado Garry,ufc,chidi njokuani,joel alvarez,SXBet,exchange,3.4300,1.3448,+243,-290,2026-08-13T21:20:20.287278+00:00,0.07,complete
2026-08-13T21:24:33.811303+00:00,9086,chidi njokuani|joel alvarez,joel-alvarez-vs-chidi-njokuani-80608,2026-08-15,UFC 330: Makhachev vs. Machado Garry,ufc,chidi njokuani,joel alvarez,Polymarket,exchange,3.7000,1.3509,+270,-285,2026-08-13T21:24:32.187670+00:00,0.0,complete
2026-08-13T21:24:33.811303+00:00,9086,donte johnson|eric mcconico,donte-johnson-vs-eric-mcconico-80309,2026-08-15,UFC 330: Makhachev vs. Machado Garry,ufc,donte johnson,eric mcconico,BetRivers,sportsbook,1.3597,3.1500,-278,+215,2026-08-13T21:18:14.427425+00:00,0.11,complete
2026-08-13T21:24:33.811303+00:00,9086,jeremiah wells|myktybek orolbai,jeremiah-wells-vs-myktybek-orolbai-79363,2026-08-15,UFC 330: Makhachev vs. Machado Garry,ufc,jeremiah wells,myktybek orolbai,ProphetX,exchange,7.5000,1.1087,+650,-920,2026-08-13T21:16:48.394411+00:00,0.13,complete
2026-08-13T21:24:33.811303+00:00,9656,anthony hernandez|gregory rodrigues,anthony-hernandez-vs-gregory-rodrigues-79524,2026-08-22,UFC Fight Night: Hernandez vs. Rodrigues,ufc,anthony hernandez,gregory rodrigues,Novig,exchange,1.5882,2.4400,-170,+144,2026-08-13T21:15:50.469450+00:00,0.15,complete
2026-08-13T21:24:33.811303+00:00,9656,reinier de ridder|roman dolidze,reinier-de-ridder-vs-roman-dolidze-79690,2026-08-22,UFC Fight Night: Hernandez vs. Rodrigues,ufc,reinier de ridder,roman dolidze,Novig,exchange,1.2817,3.6400,-355,+264,2026-08-13T21:15:50.291762+00:00,0.15,complete
2026-08-13T21:24:33.811303+00:00,9656,reinier de ridder|roman dolidze,reinier-de-ridder-vs-roman-dolidze-79690,2026-08-22,UFC Fight Night: Hernandez vs. Rodrigues,ufc,reinier de ridder,roman dolidze,Polymarket(US),exchange,1.3333,3.4500,-300,+245,2026-08-13T21:16:05.780442+00:00,0.14,complete
2026-08-13T21:24:33.811303+00:00,9656,sergey spivak|vitor petrino,sergey-spivak-vs-vitor-petrino-79082,2026-08-22,UFC Fight Night: Hernandez vs. Rodrigues,ufc,sergey spivak,vitor petrino,Novig,exchange,2.4700,1.5882,+147,-170,2026-08-13T21:15:50.102795+00:00,0.15,complete
2026-08-13T21:24:33.811303+00:00,9656,sergey spivak|vitor petrino,sergey-spivak-vs-vitor-petrino-79082,2026-08-22,UFC Fight Night: Hernandez vs. Rodrigues,ufc,sergey spivak,vitor petrino,Polymarket(US),exchange,2.1300,1.4926,+113,-203,2026-08-13T21:16:05.789531+00:00,0.14,complete
2026-08-13T21:24:33.811303+00:00,9656,jackson mcvey|wesley schultz,wesley-schultz-vs-jackson-mcvey-79119,2026-08-22,UFC Fight Night: Hernandez vs. Rodrigues,ufc,jackson mcvey,wesley schultz,Novig,exchange,1.5495,2.4700,-182,+147,2026-08-13T21:15:50.067225+00:00,0.15,complete
2026-08-13T21:24:33.811303+00:00,9656,kennedy nzechukwu|shamil gaziev,shamil-gaziev-vs-kennedy-nzechukwu-79812,2026-08-22,UFC Fight Night: Hernandez vs. Rodrigues,ufc,kennedy nzechukwu,shamil gaziev,Novig,exchange,2.1100,1.8696,+111,-115,2026-08-13T21:15:50.744140+00:00,0.15,complete
2026-08-13T21:24:33.811303+00:00,9656,elise reed|shanelle dyer,shanelle-dyer-vs-elise-reed-79813,2026-08-22,UFC Fight Night: Hernandez vs. Rodrigues,ufc,elise reed,shanelle dyer,Polymarket(US),exchange,3.3300,1.2660,+233,-376,2026-08-13T21:16:05.821821+00:00,0.14,complete
2026-08-13T21:24:33.811303+00:00,8869,umar nurmagomedov|yadong song,umar-nurmagomedov-vs-yadong-song-79649,2026-08-29,UFC Fight Night: Nurmagomedov vs. Song,ufc,umar nurmagomedov,yadong song,Polymarket(US),exchange,1.1764,3.5700,-567,+257,2026-08-13T21:16:05.854335+00:00,0.14,complete
2026-08-13T21:24:33.811303+00:00,8869,denise gomes|xiaonan yan,xiaonan-yan-vs-denise-gomes-79865,2026-08-29,UFC Fight Night: Nurmagomedov vs. Song,ufc,denise gomes,xiaonan yan,Polymarket(US),exchange,1.5882,1.8547,-170,-117,2026-08-13T21:16:05.891372+00:00,0.14,complete
2026-08-13T21:24:33.811303+00:00,8869,kevin borjas|rei tsuruya,rei-tsuruya-vs-kevin-borjas-79779,2026-08-29,UFC Fight Night: Nurmagomedov vs. Song,ufc,kevin borjas,rei tsuruya,Polymarket(US),exchange,2.9400,1.2660,+194,-376,2026-08-13T21:16:05.930225+00:00,0.14,complete
2026-08-13T21:24:33.811303+00:00,9648,kurtis campbell|trevor peek,kurtis-campbell-vs-trevor-peek-80036,2026-09-05,UFC Fight Night: Parnasse vs. Hooker,ufc,kurtis campbell,trevor peek,Polymarket(US),exchange,1.2817,2.9400,-355,+194,2026-08-13T21:16:06.186859+00:00,0.14,complete
2026-08-13T21:34:01.168211+00:00,9086,ian garry|islam makhachev,islam-makhachev-vs-ian-garry-79253,2026-08-15,UFC 330: Makhachev vs. Machado Garry,ufc,ian garry,islam makhachev,BetUS,sportsbook,3.7900,1.2857,+279,-350,2026-08-13T21:30:55.728473+00:00,0.05,complete
2026-08-13T21:34:01.168211+00:00,9086,ian garry|islam makhachev,islam-makhachev-vs-ian-garry-79253,2026-08-15,UFC 330: Makhachev vs. Machado Garry,ufc,ian garry,islam makhachev,4Cx,exchange,3.9700,1.2725,+297,-367,2026-08-13T21:31:31.487893+00:00,0.04,complete
2026-08-13T21:34:01.168211+00:00,9086,ian garry|islam makhachev,islam-makhachev-vs-ian-garry-79253,2026-08-15,UFC 330: Makhachev vs. Machado Garry,ufc,ian garry,islam makhachev,4casters,exchange,4.0400,1.2793,+304,-358,2026-08-13T21:30:46.576814+00:00,0.05,complete
2026-08-13T21:34:01.168211+00:00,9086,gillian robertson|mackenzie dern,mackenzie-dern-vs-gillian-robertson-79254,2026-08-15,UFC 330: Makhachev vs. Machado Garry,ufc,gillian robertson,mackenzie dern,Novig,exchange,2.9000,1.4926,+190,-203,2026-08-13T21:30:54.247182+00:00,0.05,complete
2026-08-13T21:34:01.168211+00:00,9086,edson barboza|esteban ribovics,esteban-ribovics-vs-edson-barboza-79120,2026-08-15,UFC 330: Makhachev vs. Machado Garry,ufc,edson barboza,esteban ribovics,Polymarket(US),exchange,6.2500,1.1764,+525,-567,2026-08-13T21:31:07.414576+00:00,0.05,complete
2026-08-13T21:34:01.168211+00:00,9086,charles johnson|eduardo henrique da silva,charles-johnson-vs-eduardo-henrique-da-silva-80763,2026-08-15,UFC 330: Makhachev vs. Machado Garry,ufc,charles johnson,eduardo henrique da silva,Bookmaker,sportsbook,1.8333,2.0000,-120,+100,2026-08-13T21:30:57.348995+00:00,0.05,complete
2026-08-13T21:34:01.168211+00:00,9086,neil magny|ramiz brahimaj,neil-magny-vs-ramiz-brahimaj-79618,2026-08-15,UFC 330: Makhachev vs. Machado Garry,ufc,neil magny,ramiz brahimaj,Novig,exchange,2.2500,1.7692,+125,-130,2026-08-13T21:30:54.552682+00:00,0.05,complete
2026-08-13T21:34:01.168211+00:00,9656,reinier de ridder|roman dolidze,reinier-de-ridder-vs-roman-dolidze-79690,2026-08-22,UFC Fight Night: Hernandez vs. Rodrigues,ufc,reinier de ridder,roman dolidze,Polymarket(US),exchange,1.3333,3.5700,-300,+257,2026-08-13T21:31:08.637701+00:00,0.05,complete
2026-08-13T21:34:01.168211+00:00,9656,sergey spivak|vitor petrino,sergey-spivak-vs-vitor-petrino-79082,2026-08-22,UFC Fight Night: Hernandez vs. Rodrigues,ufc,sergey spivak,vitor petrino,Polymarket(US),exchange,2.4400,1.5155,+144,-194,2026-08-13T21:31:08.659458+00:00,0.05,complete
2026-08-13T21:34:01.168211+00:00,9656,jackson mcvey|wesley schultz,wesley-schultz-vs-jackson-mcvey-79119,2026-08-22,UFC Fight Night: Hernandez vs. Rodrigues,ufc,jackson mcvey,wesley schultz,Polymarket(US),exchange,1.4082,2.7000,-245,+170,2026-08-13T21:31:08.727464+00:00,0.05,complete
2026-08-13T21:34:01.168211+00:00,9656,elise reed|shanelle dyer,shanelle-dyer-vs-elise-reed-79813,2026-08-22,UFC Fight Night: Hernandez vs. Rodrigues,ufc,elise reed,shanelle dyer,Polymarket(US),exchange,3.4500,1.2817,+245,-355,2026-08-13T21:31:08.750463+00:00,0.05,complete
2026-08-13T21:34:01.168211+00:00,8869,umar nurmagomedov|yadong song,umar-nurmagomedov-vs-yadong-song-79649,2026-08-29,UFC Fight Night: Nurmagomedov vs. Song,ufc,umar nurmagomedov,yadong song,Polymarket(US),exchange,1.2347,3.7000,-426,+270,2026-08-13T21:31:08.788378+00:00,0.05,complete
2026-08-13T21:34:01.168211+00:00,8869,denise gomes|xiaonan yan,xiaonan-yan-vs-denise-gomes-79865,2026-08-29,UFC Fight Night: Nurmagomedov vs. Song,ufc,denise gomes,xiaonan yan,Polymarket(US),exchange,1.6135,1.8850,-163,-113,2026-08-13T21:31:08.813478+00:00,0.05,complete
2026-08-13T21:34:01.168211+00:00,8869,kevin borjas|rei tsuruya,rei-tsuruya-vs-kevin-borjas-79779,2026-08-29,UFC Fight Night: Nurmagomedov vs. Song,ufc,kevin borjas,rei tsuruya,Polymarket(US),exchange,3.0300,1.2817,+203,-355,2026-08-13T21:31:08.863514+00:00,0.05,complete
2026-08-13T21:34:01.168211+00:00,9648,daniel hooker|salahdine parnasse,daniel-hooker-vs-salahdine-parnasse-80397,2026-09-05,UFC Fight Night: Parnasse vs. Hooker,ufc,daniel hooker,salahdine parnasse,Polymarket(US),exchange,2.7800,1.2985,+178,-335,2026-08-13T21:31:09.340530+00:00,0.05,complete
2026-08-13T21:34:01.168211+00:00,9648,kurtis campbell|trevor peek,kurtis-campbell-vs-trevor-peek-80036,2026-09-05,UFC Fight Night: Parnasse vs. Hooker,ufc,kurtis campbell,trevor peek,Polymarket(US),exchange,1.2985,3.0300,-335,+203,2026-08-13T21:31:09.559148+00:00,0.05,complete
2026-08-13T21:43:28.651263+00:00,9086,jalin turner|kaue fernandes,jalin-turner-vs-kaue-fernandes-79619,2026-08-15,UFC 330: Makhachev vs. Machado Garry,ufc,jalin turner,kaue fernandes,ProphetX,exchange,1.6667,2.3400,-150,+134,2026-08-13T21:41:47.631641+00:00,0.03,complete
2026-08-13T21:43:28.651263+00:00,9086,dustin stoltzfus|mansur abdul malik,mansur-abdul-malik-vs-dustin-stoltzfus-79270,2026-08-15,UFC 330: Makhachev vs. Machado Garry,ufc,dustin stoltzfus,mansur abdul malik,SXBet,exchange,5.8000,1.1577,+480,-634,2026-08-13T21:40:54.952293+00:00,0.04,complete
2026-08-13T21:43:28.651263+00:00,9086,edson barboza|esteban ribovics,esteban-ribovics-vs-edson-barboza-79120,2026-08-15,UFC 330: Makhachev vs. Machado Garry,ufc,edson barboza,esteban ribovics,SXBet,exchange,5.9300,1.1527,+493,-655,2026-08-13T21:35:54.943644+00:00,0.13,complete
2026-08-13T21:43:28.651263+00:00,9086,edson barboza|esteban ribovics,esteban-ribovics-vs-edson-barboza-79120,2026-08-15,UFC 330: Makhachev vs. Machado Garry,ufc,edson barboza,esteban ribovics,ProphetX,exchange,6.6000,1.1449,+560,-690,2026-08-13T21:36:33.270300+00:00,0.12,complete
2026-08-13T21:43:28.651263+00:00,9086,chidi njokuani|joel alvarez,joel-alvarez-vs-chidi-njokuani-80608,2026-08-15,UFC 330: Makhachev vs. Machado Garry,ufc,chidi njokuani,joel alvarez,SXBet,exchange,3.4600,1.3448,+246,-290,2026-08-13T21:40:54.845272+00:00,0.04,complete
2026-08-13T21:43:28.651263+00:00,9086,tresean gore|vicente luque,vicente-luque-vs-tresean-gore-79238,2026-08-15,UFC 330: Makhachev vs. Machado Garry,ufc,tresean gore,vicente luque,ProphetX,exchange,1.8475,2.1000,-118,+110,2026-08-13T21:36:33.292037+00:00,0.12,complete
2026-08-13T21:43:28.651263+00:00,9086,tresean gore|vicente luque,vicente-luque-vs-tresean-gore-79238,2026-08-15,UFC 330: Makhachev vs. Machado Garry,ufc,tresean gore,vicente luque,Bet105,sportsbook,2.0700,1.8065,+107,-124,2026-08-13T21:43:15.279342+00:00,0.0,complete
2026-08-13T21:43:28.651263+00:00,9086,neil magny|ramiz brahimaj,neil-magny-vs-ramiz-brahimaj-79618,2026-08-15,UFC 330: Makhachev vs. Machado Garry,ufc,neil magny,ramiz brahimaj,ProphetX,exchange,2.2200,1.7143,+122,-140,2026-08-13T21:36:33.249884+00:00,0.12,complete
2026-08-13T21:43:28.651263+00:00,9086,jeremiah wells|myktybek orolbai,jeremiah-wells-vs-myktybek-orolbai-79363,2026-08-15,UFC 330: Makhachev vs. Machado Garry,ufc,jeremiah wells,myktybek orolbai,Stake,sportsbook,8.2000,1.0900,+720,-1111,2026-08-13T21:35:47.600412+00:00,0.13,complete
2026-08-13T21:44:37.799056+00:00,9086,ian garry|islam makhachev,islam-makhachev-vs-ian-garry-79253,2026-08-15,UFC 330: Makhachev vs. Machado Garry,ufc,ian garry,islam makhachev,BetUS,sportsbook,3.7900,1.2857,+279,-350,2026-08-13T21:30:55.728473+00:00,0.23,complete
2026-08-13T21:44:37.799056+00:00,9086,ian garry|islam makhachev,islam-makhachev-vs-ian-garry-79253,2026-08-15,UFC 330: Makhachev vs. Machado Garry,ufc,ian garry,islam makhachev,4Cx,exchange,3.9700,1.2725,+297,-367,2026-08-13T21:31:31.487893+00:00,0.22,complete
2026-08-13T21:44:37.799056+00:00,9086,ian garry|islam makhachev,islam-makhachev-vs-ian-garry-79253,2026-08-15,UFC 330: Makhachev vs. Machado Garry,ufc,ian garry,islam makhachev,4casters,exchange,4.0400,1.2793,+304,-358,2026-08-13T21:30:46.576814+00:00,0.23,complete
2026-08-13T21:44:37.799056+00:00,9086,ian garry|islam makhachev,islam-makhachev-vs-ian-garry-79253,2026-08-15,UFC 330: Makhachev vs. Machado Garry,ufc,ian garry,islam makhachev,YouWager,sportsbook,3.8500,1.2817,+285,-355,2026-08-13T21:05:59.453713+00:00,0.64,complete
2026-08-13T21:44:37.799056+00:00,9086,gillian robertson|mackenzie dern,mackenzie-dern-vs-gillian-robertson-79254,2026-08-15,UFC 330: Makhachev vs. Machado Garry,ufc,gillian robertson,mackenzie dern,BetUS,sportsbook,2.7000,1.4878,+170,-205,2026-08-13T21:10:32.234704+00:00,0.57,complete
2026-08-13T21:44:37.799056+00:00,9086,gillian robertson|mackenzie dern,mackenzie-dern-vs-gillian-robertson-79254,2026-08-15,UFC 330: Makhachev vs. Machado Garry,ufc,gillian robertson,mackenzie dern,BetOnline,sportsbook,2.7700,1.4878,+177,-205,2026-08-13T21:08:21.576850+00:00,0.6,complete
2026-08-13T21:44:37.799056+00:00,9086,gillian robertson|mackenzie dern,mackenzie-dern-vs-gillian-robertson-79254,2026-08-15,UFC 330: Makhachev vs. Machado Garry,ufc,gillian robertson,mackenzie dern,Novig,exchange,2.9000,1.4926,+190,-203,2026-08-13T21:30:54.247182+00:00,0.23,complete
2026-08-13T21:44:37.799056+00:00,9086,gillian robertson|mackenzie dern,mackenzie-dern-vs-gillian-robertson-79254,2026-08-15,UFC 330: Makhachev vs. Machado Garry,ufc,gillian robertson,mackenzie dern,Polymarket,exchange,2.7800,1.5376,+178,-186,2026-08-13T21:14:28.112177+00:00,0.5,complete
2026-08-13T21:44:37.799056+00:00,9086,jalin turner|kaue fernandes,jalin-turner-vs-kaue-fernandes-79619,2026-08-15,UFC 330: Makhachev vs. Machado Garry,ufc,jalin turner,kaue fernandes,BetAnything,sportsbook,1.6897,2.1500,-145,+115,2026-08-13T21:09:17.133015+00:00,0.59,complete
2026-08-13T21:44:37.799056+00:00,9086,jalin turner|kaue fernandes,jalin-turner-vs-kaue-fernandes-79619,2026-08-15,UFC 330: Makhachev vs. Machado Garry,ufc,jalin turner,kaue fernandes,YouWager,sportsbook,1.7143,2.2000,-140,+120,2026-08-13T21:05:59.356434+00:00,0.64,complete
2026-08-13T21:44:37.799056+00:00,9086,jalin turner|kaue fernandes,jalin-turner-vs-kaue-fernandes-79619,2026-08-15,UFC 330: Makhachev vs. Machado Garry,ufc,jalin turner,kaue fernandes,ProphetX,exchange,1.6667,2.3400,-150,+134,2026-08-13T21:41:47.631641+00:00,0.05,complete
2026-08-13T21:44:37.799056+00:00,9086,jalin turner|kaue fernandes,jalin-turner-vs-kaue-fernandes-79619,2026-08-15,UFC 330: Makhachev vs. Machado Garry,ufc,jalin turner,kaue fernandes,Novig,exchange,1.6944,2.3000,-144,+130,2026-08-13T21:15:50.996616+00:00,0.48,complete
2026-08-13T21:44:37.799056+00:00,9086,edson barboza|esteban ribovics,esteban-ribovics-vs-edson-barboza-79120,2026-08-15,UFC 330: Makhachev vs. Machado Garry,ufc,edson barboza,esteban ribovics,SXBet,exchange,5.9300,1.1527,+493,-655,2026-08-13T21:35:54.943644+00:00,0.15,complete
2026-08-13T21:44:37.799056+00:00,9086,edson barboza|esteban ribovics,esteban-ribovics-vs-edson-barboza-79120,2026-08-15,UFC 330: Makhachev vs. Machado Garry,ufc,edson barboza,esteban ribovics,ProphetX,exchange,6.6000,1.1449,+560,-690,2026-08-13T21:36:33.270300+00:00,0.13,complete
2026-08-13T21:44:37.799056+00:00,9086,edson barboza|esteban ribovics,esteban-ribovics-vs-edson-barboza-79120,2026-08-15,UFC 330: Makhachev vs. Machado Garry,ufc,edson barboza,esteban ribovics,Novig,exchange,6.0600,1.1695,+506,-590,2026-08-13T21:15:50.519204+00:00,0.48,complete
2026-08-13T21:44:37.799056+00:00,9086,edson barboza|esteban ribovics,esteban-ribovics-vs-edson-barboza-79120,2026-08-15,UFC 330: Makhachev vs. Machado Garry,ufc,edson barboza,esteban ribovics,Polymarket(US),exchange,6.2500,1.1764,+525,-567,2026-08-13T21:31:07.414576+00:00,0.23,complete
2026-08-13T21:44:37.799056+00:00,9086,chidi njokuani|joel alvarez,joel-alvarez-vs-chidi-njokuani-80608,2026-08-15,UFC 330: Makhachev vs. Machado Garry,ufc,chidi njokuani,joel alvarez,SXBet,exchange,3.4600,1.3448,+246,-290,2026-08-13T21:40:54.845272+00:00,0.06,complete
2026-08-13T21:44:37.799056+00:00,9086,chidi njokuani|joel alvarez,joel-alvarez-vs-chidi-njokuani-80608,2026-08-15,UFC 330: Makhachev vs. Machado Garry,ufc,chidi njokuani,joel alvarez,Polymarket,exchange,3.7000,1.3509,+270,-285,2026-08-13T21:24:32.187670+00:00,0.33,complete
2026-08-13T21:44:37.799056+00:00,9086,chidi njokuani|joel alvarez,joel-alvarez-vs-chidi-njokuani-80608,2026-08-15,UFC 330: Makhachev vs. Machado Garry,ufc,chidi njokuani,joel alvarez,YouWager,sportsbook,3.6000,1.3125,+260,-320,2026-08-13T21:05:59.193361+00:00,0.64,complete
2026-08-13T21:44:37.799056+00:00,9086,chidi njokuani|joel alvarez,joel-alvarez-vs-chidi-njokuani-80608,2026-08-15,UFC 330: Makhachev vs. Machado Garry,ufc,chidi njokuani,joel alvarez,ProphetX,exchange,3.4500,1.3077,+245,-325,2026-08-13T21:06:37.439346+00:00,0.63,complete
2026-08-13T21:44:37.799056+00:00,9086,charles johnson|eduardo henrique da silva,charles-johnson-vs-eduardo-henrique-da-silva-80763,2026-08-15,UFC 330: Makhachev vs. Machado Garry,ufc,charles johnson,eduardo henrique da silva,Circa,sportsbook,1.8333,2.0000,-120,+100,2026-08-13T21:11:21.107169+00:00,0.55,complete
2026-08-13T21:44:37.799056+00:00,9086,charles johnson|eduardo henrique da silva,charles-johnson-vs-eduardo-henrique-da-silva-80763,2026-08-15,UFC 330: Makhachev vs. Machado Garry,ufc,charles johnson,eduardo henrique da silva,Polymarket,exchange,1.8547,2.1300,-117,+113,2026-08-13T21:14:31.286105+00:00,0.5,complete
2026-08-13T21:44:37.799056+00:00,9086,charles johnson|eduardo henrique da silva,charles-johnson-vs-eduardo-henrique-da-silva-80763,2026-08-15,UFC 330: Makhachev vs. Machado Garry,ufc,charles johnson,eduardo henrique da silva,Bookmaker,sportsbook,1.8333,2.0000,-120,+100,2026-08-13T21:30:57.348995+00:00,0.23,complete
2026-08-13T21:44:37.799056+00:00,9086,donte johnson|eric mcconico,donte-johnson-vs-eric-mcconico-80309,2026-08-15,UFC 330: Makhachev vs. Machado Garry,ufc,donte johnson,eric mcconico,YouWager,sportsbook,1.3333,3.4500,-300,+245,2026-08-13T21:05:59.101197+00:00,0.64,complete
2026-08-13T21:44:37.799056+00:00,9086,donte johnson|eric mcconico,donte-johnson-vs-eric-mcconico-80309,2026-08-15,UFC 330: Makhachev vs. Machado Garry,ufc,donte johnson,eric mcconico,HardRockBet,sportsbook,1.3636,3.2000,-275,+220,2026-08-13T21:12:13.644111+00:00,0.54,complete
2026-08-13T21:44:37.799056+00:00,9086,donte johnson|eric mcconico,donte-johnson-vs-eric-mcconico-80309,2026-08-15,UFC 330: Makhachev vs. Machado Garry,ufc,donte johnson,eric mcconico,BetRivers,sportsbook,1.3597,3.1500,-278,+215,2026-08-13T21:18:14.427425+00:00,0.44,complete
2026-08-13T21:44:37.799056+00:00,9086,donte johnson|eric mcconico,donte-johnson-vs-eric-mcconico-80309,2026-08-15,UFC 330: Makhachev vs. Machado Garry,ufc,donte johnson,eric mcconico,Caesars,sportsbook,1.3333,3.4000,-300,+240,2026-08-13T21:06:08.734582+00:00,0.64,complete
2026-08-13T21:44:37.799056+00:00,9086,donte johnson|eric mcconico,donte-johnson-vs-eric-mcconico-80309,2026-08-15,UFC 330: Makhachev vs. Machado Garry,ufc,donte johnson,eric mcconico,DraftKings,sportsbook,1.3448,3.3500,-290,+235,2026-08-13T21:11:22.670185+00:00,0.55,complete
2026-08-13T21:44:37.799056+00:00,9086,tresean gore|vicente luque,vicente-luque-vs-tresean-gore-79238,2026-08-15,UFC 330: Makhachev vs. Machado Garry,ufc,tresean gore,vicente luque,YouWager,sportsbook,1.9091,1.9091,-110,-110,2026-08-13T21:05:59.043938+00:00,0.64,complete
2026-08-13T21:44:37.799056+00:00,9086,tresean gore|vicente luque,vicente-luque-vs-tresean-gore-79238,2026-08-15,UFC 330: Makhachev vs. Machado Garry,ufc,tresean gore,vicente luque,ProphetX,exchange,1.8475,2.1000,-118,+110,2026-08-13T21:36:33.292037+00:00,0.13,complete
2026-08-13T21:44:37.799056+00:00,9086,tresean gore|vicente luque,vicente-luque-vs-tresean-gore-79238,2026-08-15,UFC 330: Makhachev vs. Machado Garry,ufc,tresean gore,vicente luque,Bet105,sportsbook,2.0700,1.8065,+107,-124,2026-08-13T21:43:15.279342+00:00,0.02,complete
2026-08-13T21:44:37.799056+00:00,9086,lucas fernando|rafael tobias,lucas-fernando-vs-rafael-tobias-80111,2026-08-15,UFC 330: Makhachev vs. Machado Garry,ufc,lucas fernando,rafael tobias,ProphetX,exchange,1.3333,3.5500,-300,+255,2026-08-13T21:06:37.488326+00:00,0.63,complete
2026-08-13T21:44:37.799056+00:00,9086,neil magny|ramiz brahimaj,neil-magny-vs-ramiz-brahimaj-79618,2026-08-15,UFC 330: Makhachev vs. Machado Garry,ufc,neil magny,ramiz brahimaj,ProphetX,exchange,2.2200,1.7143,+122,-140,2026-08-13T21:36:33.249884+00:00,0.13,complete
2026-08-13T21:44:37.799056+00:00,9086,neil magny|ramiz brahimaj,neil-magny-vs-ramiz-brahimaj-79618,2026-08-15,UFC 330: Makhachev vs. Machado Garry,ufc,neil magny,ramiz brahimaj,Novig,exchange,2.2500,1.7692,+125,-130,2026-08-13T21:30:54.552682+00:00,0.23,complete
2026-08-13T21:44:37.799056+00:00,9086,jeremiah wells|myktybek orolbai,jeremiah-wells-vs-myktybek-orolbai-79363,2026-08-15,UFC 330: Makhachev vs. Machado Garry,ufc,jeremiah wells,myktybek orolbai,Stake,sportsbook,8.2000,1.0900,+720,-1111,2026-08-13T21:35:47.600412+00:00,0.15,complete
2026-08-13T21:44:37.799056+00:00,9086,jeremiah wells|myktybek orolbai,jeremiah-wells-vs-myktybek-orolbai-79363,2026-08-15,UFC 330: Makhachev vs. Machado Garry,ufc,jeremiah wells,myktybek orolbai,YouWager,sportsbook,8.0900,1.0909,+709,-1100,2026-08-13T21:05:58.739345+00:00,0.64,complete
2026-08-13T21:44:37.799056+00:00,9086,jeremiah wells|myktybek orolbai,jeremiah-wells-vs-myktybek-orolbai-79363,2026-08-15,UFC 330: Makhachev vs. Machado Garry,ufc,jeremiah wells,myktybek orolbai,ProphetX,exchange,7.5000,1.1087,+650,-920,2026-08-13T21:16:48.394411+00:00,0.46,complete
2026-08-13T21:44:37.799056+00:00,9112,roman puga|taner trembley,taner-trembley-vs-roman-puga-79617,2026-08-18,Contender Series 2026: Week 2,dwcs,roman puga,taner trembley,Polymarket,exchange,2.4400,1.4926,+144,-203,2026-08-13T21:14:29.552202+00:00,0.5,complete
2026-08-13T21:44:37.799056+00:00,9656,anthony hernandez|gregory rodrigues,anthony-hernandez-vs-gregory-rodrigues-79524,2026-08-22,UFC Fight Night: Hernandez vs. Rodrigues,ufc,anthony hernandez,gregory rodrigues,Novig,exchange,1.5882,2.4400,-170,+144,2026-08-13T21:15:50.469450+00:00,0.48,complete
2026-08-13T21:44:37.799056+00:00,9656,reinier de ridder|roman dolidze,reinier-de-ridder-vs-roman-dolidze-79690,2026-08-22,UFC Fight Night: Hernandez vs. Rodrigues,ufc,reinier de ridder,roman dolidze,Novig,exchange,1.2817,3.6400,-355,+264,2026-08-13T21:15:50.291762+00:00,0.48,complete
2026-08-13T21:44:37.799056+00:00,9656,sergey spivak|vitor petrino,sergey-spivak-vs-vitor-petrino-79082,2026-08-22,UFC Fight Night: Hernandez vs. Rodrigues,ufc,sergey spivak,vitor petrino,Novig,exchange,2.4700,1.5882,+147,-170,2026-08-13T21:15:50.102795+00:00,0.48,complete
2026-08-13T21:44:37.799056+00:00,9656,sergey spivak|vitor petrino,sergey-spivak-vs-vitor-petrino-79082,2026-08-22,UFC Fight Night: Hernandez vs. Rodrigues,ufc,sergey spivak,vitor petrino,Polymarket(US),exchange,2.4400,1.5155,+144,-194,2026-08-13T21:31:08.659458+00:00,0.22,complete
2026-08-13T21:44:37.799056+00:00,9656,jackson mcvey|wesley schultz,wesley-schultz-vs-jackson-mcvey-79119,2026-08-22,UFC Fight Night: Hernandez vs. Rodrigues,ufc,jackson mcvey,wesley schultz,Novig,exchange,1.5495,2.4700,-182,+147,2026-08-13T21:15:50.067225+00:00,0.48,complete
2026-08-13T21:44:37.799056+00:00,9656,jackson mcvey|wesley schultz,wesley-schultz-vs-jackson-mcvey-79119,2026-08-22,UFC Fight Night: Hernandez vs. Rodrigues,ufc,jackson mcvey,wesley schultz,BetUS,sportsbook,1.5882,2.4200,-170,+142,2026-08-13T21:06:05.406490+00:00,0.64,complete
2026-08-13T21:44:37.799056+00:00,9656,jackson mcvey|wesley schultz,wesley-schultz-vs-jackson-mcvey-79119,2026-08-22,UFC Fight Night: Hernandez vs. Rodrigues,ufc,jackson mcvey,wesley schultz,Polymarket(US),exchange,1.4082,2.7000,-245,+170,2026-08-13T21:31:08.727464+00:00,0.22,complete
2026-08-13T21:44:37.799056+00:00,9656,kennedy nzechukwu|shamil gaziev,shamil-gaziev-vs-kennedy-nzechukwu-79812,2026-08-22,UFC Fight Night: Hernandez vs. Rodrigues,ufc,kennedy nzechukwu,shamil gaziev,Novig,exchange,2.1100,1.8696,+111,-115,2026-08-13T21:15:50.744140+00:00,0.48,complete
2026-08-13T21:44:37.799056+00:00,8869,umar nurmagomedov|yadong song,umar-nurmagomedov-vs-yadong-song-79649,2026-08-29,UFC Fight Night: Nurmagomedov vs. Song,ufc,umar nurmagomedov,yadong song,Polymarket(US),exchange,1.2347,3.7000,-426,+270,2026-08-13T21:31:08.788378+00:00,0.22,complete
2026-08-13T21:44:37.799056+00:00,9648,daniel hooker|salahdine parnasse,daniel-hooker-vs-salahdine-parnasse-80397,2026-09-05,UFC Fight Night: Parnasse vs. Hooker,ufc,daniel hooker,salahdine parnasse,Polymarket(US),exchange,2.7800,1.2985,+178,-335,2026-08-13T21:31:09.340530+00:00,0.22,complete
2026-08-13T21:54:06.630150+00:00,9086,ian garry|islam makhachev,islam-makhachev-vs-ian-garry-79253,2026-08-15,UFC 330: Makhachev vs. Machado Garry,ufc,ian garry,islam makhachev,Novig,exchange,4.0800,1.3155,+308,-317,2026-08-13T21:45:32.366068+00:00,0.14,complete
2026-08-13T21:54:06.630150+00:00,9086,ian garry|islam makhachev,islam-makhachev-vs-ian-garry-79253,2026-08-15,UFC 330: Makhachev vs. Machado Garry,ufc,ian garry,islam makhachev,Bet105,sportsbook,3.8500,1.2841,+285,-352,2026-08-13T21:48:52.525722+00:00,0.09,complete
2026-08-13T21:54:06.630150+00:00,9086,gillian robertson|mackenzie dern,mackenzie-dern-vs-gillian-robertson-79254,2026-08-15,UFC 330: Makhachev vs. Machado Garry,ufc,gillian robertson,mackenzie dern,Novig,exchange,2.9000,1.5155,+190,-194,2026-08-13T21:45:32.759887+00:00,0.14,complete
2026-08-13T21:54:06.630150+00:00,9086,jalin turner|kaue fernandes,jalin-turner-vs-kaue-fernandes-79619,2026-08-15,UFC 330: Makhachev vs. Machado Garry,ufc,jalin turner,kaue fernandes,Kalshi,exchange,1.7246,2.3800,-138,+138,2026-08-13T21:49:23.103749+00:00,0.08,complete
2026-08-13T21:54:06.630150+00:00,9086,dustin stoltzfus|mansur abdul malik,mansur-abdul-malik-vs-dustin-stoltzfus-79270,2026-08-15,UFC 330: Makhachev vs. Machado Garry,ufc,dustin stoltzfus,mansur abdul malik,SXBet,exchange,5.7600,1.1577,+476,-634,2026-08-13T21:45:30.600719+00:00,0.14,complete
2026-08-13T21:54:06.630150+00:00,9086,dustin stoltzfus|mansur abdul malik,mansur-abdul-malik-vs-dustin-stoltzfus-79270,2026-08-15,UFC 330: Makhachev vs. Machado Garry,ufc,dustin stoltzfus,mansur abdul malik,Novig,exchange,6.6700,1.1695,+567,-590,2026-08-13T21:45:33.065568+00:00,0.14,complete
2026-08-13T21:54:06.630150+00:00,9086,edson barboza|esteban ribovics,esteban-ribovics-vs-edson-barboza-79120,2026-08-15,UFC 330: Makhachev vs. Machado Garry,ufc,edson barboza,esteban ribovics,Polymarket(US),exchange,6.6700,1.1629,+567,-614,2026-08-13T21:45:36.577411+00:00,0.14,complete
2026-08-13T21:54:06.630150+00:00,9086,chidi njokuani|joel alvarez,joel-alvarez-vs-chidi-njokuani-80608,2026-08-15,UFC 330: Makhachev vs. Machado Garry,ufc,chidi njokuani,joel alvarez,ProphetX,exchange,3.4500,1.2740,+245,-365,2026-08-13T21:46:34.501769+00:00,0.13,complete
2026-08-13T21:54:06.630150+00:00,9086,lucas fernando|rafael tobias,lucas-fernando-vs-rafael-tobias-80111,2026-08-15,UFC 330: Makhachev vs. Machado Garry,ufc,lucas fernando,rafael tobias,ProphetX,exchange,1.3509,3.5500,-285,+255,2026-08-13T21:46:34.465968+00:00,0.13,complete
2026-08-13T21:54:06.630150+00:00,9086,neil magny|ramiz brahimaj,neil-magny-vs-ramiz-brahimaj-79618,2026-08-15,UFC 330: Makhachev vs. Machado Garry,ufc,neil magny,ramiz brahimaj,ProphetX,exchange,2.2200,1.6849,+122,-146,2026-08-13T21:46:34.494529+00:00,0.13,complete
2026-08-13T21:54:06.630150+00:00,9086,neil magny|ramiz brahimaj,neil-magny-vs-ramiz-brahimaj-79618,2026-08-15,UFC 330: Makhachev vs. Machado Garry,ufc,neil magny,ramiz brahimaj,Kalshi,exchange,2.2700,1.7519,+127,-133,2026-08-13T21:49:23.075476+00:00,0.08,complete
2026-08-13T21:54:06.630150+00:00,9086,neil magny|ramiz brahimaj,neil-magny-vs-ramiz-brahimaj-79618,2026-08-15,UFC 330: Makhachev vs. Machado Garry,ufc,neil magny,ramiz brahimaj,Novig,exchange,2.2500,1.7519,+125,-133,2026-08-13T21:45:33.136779+00:00,0.14,complete
2026-08-13T21:54:06.630150+00:00,9086,jeremiah wells|myktybek orolbai,jeremiah-wells-vs-myktybek-orolbai-79363,2026-08-15,UFC 330: Makhachev vs. Machado Garry,ufc,jeremiah wells,myktybek orolbai,Novig,exchange,8.7000,1.1174,+770,-852,2026-08-13T21:45:32.832847+00:00,0.14,complete
2026-08-13T21:54:06.630150+00:00,9112,douglas rodrigues|trent miller,douglas-rodrigues-vs-trent-miller-80341,2026-08-18,Contender Series 2026: Week 2,dwcs,douglas rodrigues,trent miller,Polymarket,exchange,1.1124,2.8700,-890,+187,2026-08-13T21:49:23.883955+00:00,0.08,complete
2026-08-13T21:54:06.630150+00:00,9656,anthony hernandez|gregory rodrigues,anthony-hernandez-vs-gregory-rodrigues-79524,2026-08-22,UFC Fight Night: Hernandez vs. Rodrigues,ufc,anthony hernandez,gregory rodrigues,Novig,exchange,1.5882,2.3300,-170,+133,2026-08-13T21:45:32.197925+00:00,0.14,complete
2026-08-13T21:54:06.630150+00:00,9656,reinier de ridder|roman dolidze,reinier-de-ridder-vs-roman-dolidze-79690,2026-08-22,UFC Fight Night: Hernandez vs. Rodrigues,ufc,reinier de ridder,roman dolidze,Novig,exchange,1.2500,3.6400,-400,+264,2026-08-13T21:45:32.546410+00:00,0.14,complete
2026-08-13T21:54:06.630150+00:00,9656,sergey spivak|vitor petrino,sergey-spivak-vs-vitor-petrino-79082,2026-08-22,UFC Fight Night: Hernandez vs. Rodrigues,ufc,sergey spivak,vitor petrino,Novig,exchange,2.4100,1.5882,+141,-170,2026-08-13T21:45:32.389236+00:00,0.14,complete
2026-08-13T21:54:06.630150+00:00,9656,jackson mcvey|wesley schultz,wesley-schultz-vs-jackson-mcvey-79119,2026-08-22,UFC Fight Night: Hernandez vs. Rodrigues,ufc,jackson mcvey,wesley schultz,Novig,exchange,1.5155,2.4100,-194,+141,2026-08-13T21:45:32.380306+00:00,0.14,complete
2026-08-13T21:54:06.630150+00:00,9656,jackson mcvey|wesley schultz,wesley-schultz-vs-jackson-mcvey-79119,2026-08-22,UFC Fight Night: Hernandez vs. Rodrigues,ufc,jackson mcvey,wesley schultz,BetUS,sportsbook,1.5405,2.5400,-185,+154,2026-08-13T21:50:31.528530+00:00,0.06,complete
2026-08-13T21:54:06.630150+00:00,9656,jackson mcvey|wesley schultz,wesley-schultz-vs-jackson-mcvey-79119,2026-08-22,UFC Fight Night: Hernandez vs. Rodrigues,ufc,jackson mcvey,wesley schultz,Polymarket(US),exchange,1.4082,2.6300,-245,+163,2026-08-13T21:45:36.792250+00:00,0.14,complete
2026-08-13T21:54:06.630150+00:00,9656,jackson mcvey|wesley schultz,wesley-schultz-vs-jackson-mcvey-79119,2026-08-22,UFC Fight Night: Hernandez vs. Rodrigues,ufc,jackson mcvey,wesley schultz,Bovada,sportsbook,1.5556,2.5500,-180,+155,2026-08-13T21:49:32.232400+00:00,0.08,complete
2026-08-13T21:54:06.630150+00:00,9656,jackson mcvey|wesley schultz,wesley-schultz-vs-jackson-mcvey-79119,2026-08-22,UFC Fight Night: Hernandez vs. Rodrigues,ufc,jackson mcvey,wesley schultz,BetOnline,sportsbook,1.5405,2.6000,-185,+160,2026-08-13T21:47:37.280547+00:00,0.11,complete
2026-08-13T21:54:06.630150+00:00,9656,kennedy nzechukwu|shamil gaziev,shamil-gaziev-vs-kennedy-nzechukwu-79812,2026-08-22,UFC Fight Night: Hernandez vs. Rodrigues,ufc,kennedy nzechukwu,shamil gaziev,Novig,exchange,2.1100,1.7692,+111,-130,2026-08-13T21:45:32.684928+00:00,0.14,complete
2026-08-13T21:54:06.630150+00:00,9656,chris padilla|nasrat haqparast,nasrat-haqparast-vs-chris-padilla-80255,2026-08-22,UFC Fight Night: Hernandez vs. Rodrigues,ufc,chris padilla,nasrat haqparast,BetOnline,sportsbook,1.9091,1.9091,-110,-110,2026-08-13T21:53:17.544145+00:00,0.01,complete
2026-08-13T21:54:06.630150+00:00,8869,umar nurmagomedov|yadong song,umar-nurmagomedov-vs-yadong-song-79649,2026-08-29,UFC Fight Night: Nurmagomedov vs. Song,ufc,umar nurmagomedov,yadong song,Polymarket(US),exchange,1.2500,3.7000,-400,+270,2026-08-13T21:45:36.806572+00:00,0.14,complete
2026-08-13T21:54:06.630150+00:00,9648,daniel hooker|salahdine parnasse,daniel-hooker-vs-salahdine-parnasse-80397,2026-09-05,UFC Fight Night: Parnasse vs. Hooker,ufc,daniel hooker,salahdine parnasse,Polymarket(US),exchange,3.3300,1.2347,+233,-426,2026-08-13T21:45:36.940278+00:00,0.14,complete
2026-08-13T22:03:33.636738+00:00,9086,jalin turner|kaue fernandes,jalin-turner-vs-kaue-fernandes-79619,2026-08-15,UFC 330: Makhachev vs. Machado Garry,ufc,jalin turner,kaue fernandes,Polymarket(US),exchange,1.6944,2.3800,-144,+138,2026-08-13T22:01:45.188345+00:00,0.03,complete
2026-08-13T22:03:33.636738+00:00,9086,dustin stoltzfus|mansur abdul malik,mansur-abdul-malik-vs-dustin-stoltzfus-79270,2026-08-15,UFC 330: Makhachev vs. Machado Garry,ufc,dustin stoltzfus,mansur abdul malik,SXBet,exchange,5.8000,1.1577,+480,-634,2026-08-13T21:55:36.565949+00:00,0.13,complete
2026-08-13T22:03:33.636738+00:00,9086,dustin stoltzfus|mansur abdul malik,mansur-abdul-malik-vs-dustin-stoltzfus-79270,2026-08-15,UFC 330: Makhachev vs. Machado Garry,ufc,dustin stoltzfus,mansur abdul malik,Novig,exchange,6.0600,1.1695,+506,-590,2026-08-13T22:01:36.133199+00:00,0.03,complete
2026-08-13T22:03:33.636738+00:00,9086,chidi njokuani|joel alvarez,joel-alvarez-vs-chidi-njokuani-80608,2026-08-15,UFC 330: Makhachev vs. Machado Garry,ufc,chidi njokuani,joel alvarez,ProphetX,exchange,3.4500,1.3077,+245,-325,2026-08-13T22:02:53.422512+00:00,0.01,complete
2026-08-13T22:03:33.636738+00:00,9086,charles johnson|eduardo henrique da silva,charles-johnson-vs-eduardo-henrique-da-silva-80763,2026-08-15,UFC 330: Makhachev vs. Machado Garry,ufc,charles johnson,eduardo henrique da silva,Polymarket(US),exchange,1.7874,2.2200,-127,+122,2026-08-13T22:01:47.295575+00:00,0.03,complete
2026-08-13T22:03:33.636738+00:00,9086,donte johnson|eric mcconico,donte-johnson-vs-eric-mcconico-80309,2026-08-15,UFC 330: Makhachev vs. Machado Garry,ufc,donte johnson,eric mcconico,SXBet,exchange,1.3559,3.3300,-281,+233,2026-08-13T22:01:35.134591+00:00,0.03,complete
2026-08-13T22:03:33.636738+00:00,9086,neil magny|ramiz brahimaj,neil-magny-vs-ramiz-brahimaj-79618,2026-08-15,UFC 330: Makhachev vs. Machado Garry,ufc,neil magny,ramiz brahimaj,HardRockBet,sportsbook,2.1500,1.6897,+115,-145,2026-08-13T21:57:18.796460+00:00,0.1,complete
2026-08-13T22:03:33.636738+00:00,9086,neil magny|ramiz brahimaj,neil-magny-vs-ramiz-brahimaj-79618,2026-08-15,UFC 330: Makhachev vs. Machado Garry,ufc,neil magny,ramiz brahimaj,Novig,exchange,2.2700,1.7519,+127,-133,2026-08-13T22:01:36.376501+00:00,0.03,complete
2026-08-13T22:03:33.636738+00:00,9086,jeremiah wells|myktybek orolbai,jeremiah-wells-vs-myktybek-orolbai-79363,2026-08-15,UFC 330: Makhachev vs. Machado Garry,ufc,jeremiah wells,myktybek orolbai,Novig,exchange,8.7000,1.1111,+770,-900,2026-08-13T22:01:34.275900+00:00,0.03,complete
2026-08-13T22:03:33.636738+00:00,9112,roman puga|taner trembley,taner-trembley-vs-roman-puga-79617,2026-08-18,Contender Series 2026: Week 2,dwcs,roman puga,taner trembley,Polymarket,exchange,2.4400,1.4717,+144,-212,2026-08-13T21:59:46.027511+00:00,0.06,complete
2026-08-13T22:03:33.636738+00:00,9656,reinier de ridder|roman dolidze,reinier-de-ridder-vs-roman-dolidze-79690,2026-08-22,UFC Fight Night: Hernandez vs. Rodrigues,ufc,reinier de ridder,roman dolidze,Polymarket(US),exchange,1.3333,3.3300,-300,+233,2026-08-13T22:01:46.326616+00:00,0.03,complete
2026-08-13T22:03:33.636738+00:00,9656,sergey spivak|vitor petrino,sergey-spivak-vs-vitor-petrino-79082,2026-08-22,UFC Fight Night: Hernandez vs. Rodrigues,ufc,sergey spivak,vitor petrino,Novig,exchange,2.4400,1.5882,+144,-170,2026-08-13T22:01:34.408578+00:00,0.03,complete
2026-08-13T22:03:33.636738+00:00,9656,sergey spivak|vitor petrino,sergey-spivak-vs-vitor-petrino-79082,2026-08-22,UFC Fight Night: Hernandez vs. Rodrigues,ufc,sergey spivak,vitor petrino,BetUS,sportsbook,2.4600,1.5714,+146,-175,2026-08-13T22:01:34.285228+00:00,0.03,complete
2026-08-13T22:03:33.636738+00:00,9656,sergey spivak|vitor petrino,sergey-spivak-vs-vitor-petrino-79082,2026-08-22,UFC Fight Night: Hernandez vs. Rodrigues,ufc,sergey spivak,vitor petrino,Bovada,sportsbook,2.4700,1.5814,+147,-172,2026-08-13T21:59:55.846013+00:00,0.06,complete
2026-08-13T22:03:33.636738+00:00,9656,sergey spivak|vitor petrino,sergey-spivak-vs-vitor-petrino-79082,2026-08-22,UFC Fight Night: Hernandez vs. Rodrigues,ufc,sergey spivak,vitor petrino,BetOnline,sportsbook,2.5000,1.5714,+150,-175,2026-08-13T21:56:29.178630+00:00,0.12,complete
2026-08-13T22:03:33.636738+00:00,9656,sergey spivak|vitor petrino,sergey-spivak-vs-vitor-petrino-79082,2026-08-22,UFC Fight Night: Hernandez vs. Rodrigues,ufc,sergey spivak,vitor petrino,Polymarket(US),exchange,2.4400,1.5618,+144,-178,2026-08-13T22:01:46.375290+00:00,0.03,complete
2026-08-13T22:03:33.636738+00:00,9656,jackson mcvey|wesley schultz,wesley-schultz-vs-jackson-mcvey-79119,2026-08-22,UFC Fight Night: Hernandez vs. Rodrigues,ufc,jackson mcvey,wesley schultz,Circa,sportsbook,1.5405,2.4000,-185,+140,2026-08-13T21:56:36.892499+00:00,0.12,complete
2026-08-13T22:03:33.636738+00:00,9656,jackson mcvey|wesley schultz,wesley-schultz-vs-jackson-mcvey-79119,2026-08-22,UFC Fight Night: Hernandez vs. Rodrigues,ufc,jackson mcvey,wesley schultz,Novig,exchange,1.4926,2.4700,-203,+147,2026-08-13T22:01:34.479686+00:00,0.03,complete
2026-08-13T22:03:33.636738+00:00,9656,jackson mcvey|wesley schultz,wesley-schultz-vs-jackson-mcvey-79119,2026-08-22,UFC Fight Night: Hernandez vs. Rodrigues,ufc,jackson mcvey,wesley schultz,ReBet,sportsbook,1.5025,2.4700,-199,+147,2026-08-13T22:01:41.551078+00:00,0.03,complete
2026-08-13T22:03:33.636738+00:00,9656,jackson mcvey|wesley schultz,wesley-schultz-vs-jackson-mcvey-79119,2026-08-22,UFC Fight Night: Hernandez vs. Rodrigues,ufc,jackson mcvey,wesley schultz,Polymarket(US),exchange,1.5618,2.6300,-178,+163,2026-08-13T22:01:46.466056+00:00,0.03,complete
2026-08-13T22:03:33.636738+00:00,9656,elise reed|shanelle dyer,shanelle-dyer-vs-elise-reed-79813,2026-08-22,UFC Fight Night: Hernandez vs. Rodrigues,ufc,elise reed,shanelle dyer,Polymarket(US),exchange,3.7000,1.2817,+270,-355,2026-08-13T22:01:46.495524+00:00,0.03,complete
2026-08-13T22:03:33.636738+00:00,9656,chris padilla|nasrat haqparast,nasrat-haqparast-vs-chris-padilla-80255,2026-08-22,UFC Fight Night: Hernandez vs. Rodrigues,ufc,chris padilla,nasrat haqparast,Bet105,sportsbook,2.0600,1.8065,+106,-124,2026-08-13T22:03:24.424112+00:00,0.0,complete
2026-08-13T22:03:33.636738+00:00,8869,umar nurmagomedov|yadong song,umar-nurmagomedov-vs-yadong-song-79649,2026-08-29,UFC Fight Night: Nurmagomedov vs. Song,ufc,umar nurmagomedov,yadong song,Polymarket(US),exchange,1.2049,3.7000,-488,+270,2026-08-13T22:01:46.549555+00:00,0.03,complete
2026-08-13T22:03:33.636738+00:00,8869,kai asakura|qileng aori,kai-asakura-vs-qileng-aori-80038,2026-08-29,UFC Fight Night: Nurmagomedov vs. Song,ufc,kai asakura,qileng aori,Polymarket(US),exchange,1.1495,3.2300,-669,+223,2026-08-13T22:01:46.625545+00:00,0.03,complete
2026-08-13T22:03:33.636738+00:00,9648,daniel hooker|salahdine parnasse,daniel-hooker-vs-salahdine-parnasse-80397,2026-09-05,UFC Fight Night: Parnasse vs. Hooker,ufc,daniel hooker,salahdine parnasse,Polymarket(US),exchange,3.0300,1.2347,+203,-426,2026-08-13T22:01:47.190038+00:00,0.03,complete
2026-08-13T22:13:01.356162+00:00,9086,ian garry|islam makhachev,islam-makhachev-vs-ian-garry-79253,2026-08-15,UFC 330: Makhachev vs. Machado Garry,ufc,ian garry,islam makhachev,ProphetX,exchange,3.9000,1.3226,+290,-310,2026-08-13T22:07:03.852438+00:00,0.1,complete
2026-08-13T22:13:01.356162+00:00,9086,dustin stoltzfus|mansur abdul malik,mansur-abdul-malik-vs-dustin-stoltzfus-79270,2026-08-15,UFC 330: Makhachev vs. Machado Garry,ufc,dustin stoltzfus,mansur abdul malik,SXBet,exchange,5.7600,1.1577,+476,-634,2026-08-13T22:10:35.763613+00:00,0.04,complete
2026-08-13T22:13:01.356162+00:00,9086,charles johnson|eduardo henrique da silva,charles-johnson-vs-eduardo-henrique-da-silva-80763,2026-08-15,UFC 330: Makhachev vs. Machado Garry,ufc,charles johnson,eduardo henrique da silva,Polymarket,exchange,1.8197,2.1700,-122,+117,2026-08-13T22:09:25.592906+00:00,0.06,complete
2026-08-13T22:13:01.356162+00:00,9086,donte johnson|eric mcconico,donte-johnson-vs-eric-mcconico-80309,2026-08-15,UFC 330: Makhachev vs. Machado Garry,ufc,donte johnson,eric mcconico,Polymarket,exchange,1.3704,3.5700,-270,+257,2026-08-13T22:09:24.509072+00:00,0.06,complete
2026-08-13T22:13:01.356162+00:00,9086,neil magny|ramiz brahimaj,neil-magny-vs-ramiz-brahimaj-79618,2026-08-15,UFC 330: Makhachev vs. Machado Garry,ufc,neil magny,ramiz brahimaj,BetRivers,sportsbook,2.1600,1.6993,+116,-143,2026-08-13T22:04:54.482526+00:00,0.14,complete
2026-08-13T22:22:29.056043+00:00,9086,jalin turner|kaue fernandes,jalin-turner-vs-kaue-fernandes-79619,2026-08-15,UFC 330: Makhachev vs. Machado Garry,ufc,jalin turner,kaue fernandes,Kalshi,exchange,1.6944,2.3800,-144,+138,2026-08-13T22:14:41.176063+00:00,0.13,complete
2026-08-13T22:22:29.056043+00:00,9086,jalin turner|kaue fernandes,jalin-turner-vs-kaue-fernandes-79619,2026-08-15,UFC 330: Makhachev vs. Machado Garry,ufc,jalin turner,kaue fernandes,Novig,exchange,1.7092,2.3000,-141,+130,2026-08-13T22:15:54.326226+00:00,0.11,complete
2026-08-13T22:22:29.056043+00:00,9086,dustin stoltzfus|mansur abdul malik,mansur-abdul-malik-vs-dustin-stoltzfus-79270,2026-08-15,UFC 330: Makhachev vs. Machado Garry,ufc,dustin stoltzfus,mansur abdul malik,SXBet,exchange,5.8000,1.1577,+480,-634,2026-08-13T22:20:50.031682+00:00,0.03,complete
2026-08-13T22:22:29.056043+00:00,9086,dustin stoltzfus|mansur abdul malik,mansur-abdul-malik-vs-dustin-stoltzfus-79270,2026-08-15,UFC 330: Makhachev vs. Machado Garry,ufc,dustin stoltzfus,mansur abdul malik,Novig,exchange,6.6700,1.1695,+567,-590,2026-08-13T22:15:55.846238+00:00,0.11,complete
2026-08-13T22:22:29.056043+00:00,9086,chidi njokuani|joel alvarez,joel-alvarez-vs-chidi-njokuani-80608,2026-08-15,UFC 330: Makhachev vs. Machado Garry,ufc,chidi njokuani,joel alvarez,Novig,exchange,3.7000,1.3333,+270,-300,2026-08-13T22:15:54.731648+00:00,0.11,complete
2026-08-13T22:22:29.056043+00:00,9086,tresean gore|vicente luque,vicente-luque-vs-tresean-gore-79238,2026-08-15,UFC 330: Makhachev vs. Machado Garry,ufc,tresean gore,vicente luque,Novig,exchange,1.9009,2.0200,-111,+102,2026-08-13T22:15:55.634417+00:00,0.11,complete
2026-08-13T22:22:29.056043+00:00,9086,neil magny|ramiz brahimaj,neil-magny-vs-ramiz-brahimaj-79618,2026-08-15,UFC 330: Makhachev vs. Machado Garry,ufc,neil magny,ramiz brahimaj,Novig,exchange,2.2700,1.7407,+127,-135,2026-08-13T22:15:56.114519+00:00,0.11,complete
2026-08-13T22:22:29.056043+00:00,9112,roman puga|taner trembley,taner-trembley-vs-roman-puga-79617,2026-08-18,Contender Series 2026: Week 2,dwcs,roman puga,taner trembley,Polymarket,exchange,2.4400,1.4926,+144,-203,2026-08-13T22:14:40.990161+00:00,0.13,complete
2026-08-13T22:22:29.056043+00:00,9656,anthony hernandez|gregory rodrigues,anthony-hernandez-vs-gregory-rodrigues-79524,2026-08-22,UFC Fight Night: Hernandez vs. Rodrigues,ufc,anthony hernandez,gregory rodrigues,Novig,exchange,1.5882,2.4400,-170,+144,2026-08-13T22:15:53.486653+00:00,0.11,complete
2026-08-13T22:22:29.056043+00:00,9656,reinier de ridder|roman dolidze,reinier-de-ridder-vs-roman-dolidze-79690,2026-08-22,UFC Fight Night: Hernandez vs. Rodrigues,ufc,reinier de ridder,roman dolidze,Novig,exchange,1.2817,3.6400,-355,+264,2026-08-13T22:15:54.779146+00:00,0.11,complete
2026-08-13T22:22:29.056043+00:00,9656,sergey spivak|vitor petrino,sergey-spivak-vs-vitor-petrino-79082,2026-08-22,UFC Fight Night: Hernandez vs. Rodrigues,ufc,sergey spivak,vitor petrino,Novig,exchange,2.4700,1.5882,+147,-170,2026-08-13T22:15:54.056522+00:00,0.11,complete
2026-08-13T22:22:29.056043+00:00,9656,jackson mcvey|wesley schultz,wesley-schultz-vs-jackson-mcvey-79119,2026-08-22,UFC Fight Night: Hernandez vs. Rodrigues,ufc,jackson mcvey,wesley schultz,Novig,exchange,1.5495,2.4700,-182,+147,2026-08-13T22:15:54.103046+00:00,0.11,complete
2026-08-13T22:22:29.056043+00:00,9656,kennedy nzechukwu|shamil gaziev,shamil-gaziev-vs-kennedy-nzechukwu-79812,2026-08-22,UFC Fight Night: Hernandez vs. Rodrigues,ufc,kennedy nzechukwu,shamil gaziev,Novig,exchange,2.1100,1.8696,+111,-115,2026-08-13T22:15:55.234668+00:00,0.11,complete
2026-08-13T22:22:29.056043+00:00,9656,chris padilla|nasrat haqparast,nasrat-haqparast-vs-chris-padilla-80255,2026-08-22,UFC Fight Night: Hernandez vs. Rodrigues,ufc,chris padilla,nasrat haqparast,Cloudbet,sportsbook,1.9709,1.8130,-103,-123,2026-08-13T22:17:20.708321+00:00,0.09,complete
2026-08-13T22:31:56.353529+00:00,9086,ian garry|islam makhachev,islam-makhachev-vs-ian-garry-79253,2026-08-15,UFC 330: Makhachev vs. Machado Garry,ufc,ian garry,islam makhachev,4Cx,exchange,3.9700,1.2732,+297,-366,2026-08-13T22:31:41.805773+00:00,0.0,complete
2026-08-13T22:31:56.353529+00:00,9086,ian garry|islam makhachev,islam-makhachev-vs-ian-garry-79253,2026-08-15,UFC 330: Makhachev vs. Machado Garry,ufc,ian garry,islam makhachev,4casters,exchange,4.0400,1.2801,+304,-357,2026-08-13T22:30:38.876486+00:00,0.02,complete
2026-08-13T22:31:56.353529+00:00,9086,ian garry|islam makhachev,islam-makhachev-vs-ian-garry-79253,2026-08-15,UFC 330: Makhachev vs. Machado Garry,ufc,ian garry,islam makhachev,Bookmaker,sportsbook,3.7100,1.2985,+271,-335,2026-08-13T22:30:46.295820+00:00,0.02,complete
2026-08-13T22:31:56.353529+00:00,9086,gillian robertson|mackenzie dern,mackenzie-dern-vs-gillian-robertson-79254,2026-08-15,UFC 330: Makhachev vs. Machado Garry,ufc,gillian robertson,mackenzie dern,Kalshi,exchange,2.8600,1.5155,+186,-194,2026-08-13T22:29:20.785861+00:00,0.04,complete
2026-08-13T22:31:56.353529+00:00,9086,gillian robertson|mackenzie dern,mackenzie-dern-vs-gillian-robertson-79254,2026-08-15,UFC 330: Makhachev vs. Machado Garry,ufc,gillian robertson,mackenzie dern,Novig,exchange,2.9000,1.4926,+190,-203,2026-08-13T22:31:17.528129+00:00,0.01,complete
2026-08-13T22:31:56.353529+00:00,9086,jalin turner|kaue fernandes,jalin-turner-vs-kaue-fernandes-79619,2026-08-15,UFC 330: Makhachev vs. Machado Garry,ufc,jalin turner,kaue fernandes,Kalshi,exchange,1.7246,2.3800,-138,+138,2026-08-13T22:29:20.778305+00:00,0.04,complete
2026-08-13T22:31:56.353529+00:00,9086,jalin turner|kaue fernandes,jalin-turner-vs-kaue-fernandes-79619,2026-08-15,UFC 330: Makhachev vs. Machado Garry,ufc,jalin turner,kaue fernandes,HardRockBet,sportsbook,1.6250,2.3000,-160,+130,2026-08-13T22:27:25.982537+00:00,0.08,complete
2026-08-13T22:31:56.353529+00:00,9086,dustin stoltzfus|mansur abdul malik,mansur-abdul-malik-vs-dustin-stoltzfus-79270,2026-08-15,UFC 330: Makhachev vs. Machado Garry,ufc,dustin stoltzfus,mansur abdul malik,SXBet,exchange,5.7600,1.1577,+476,-634,2026-08-13T22:25:30.514366+00:00,0.11,complete
2026-08-13T22:31:56.353529+00:00,9086,dustin stoltzfus|mansur abdul malik,mansur-abdul-malik-vs-dustin-stoltzfus-79270,2026-08-15,UFC 330: Makhachev vs. Machado Garry,ufc,dustin stoltzfus,mansur abdul malik,Kalshi,exchange,6.6700,1.1629,+567,-614,2026-08-13T22:24:46.893048+00:00,0.12,complete
2026-08-13T22:31:56.353529+00:00,9086,dustin stoltzfus|mansur abdul malik,mansur-abdul-malik-vs-dustin-stoltzfus-79270,2026-08-15,UFC 330: Makhachev vs. Machado Garry,ufc,dustin stoltzfus,mansur abdul malik,Novig,exchange,6.0600,1.1695,+506,-590,2026-08-13T22:31:18.153365+00:00,0.01,complete
2026-08-13T22:31:56.353529+00:00,9086,chidi njokuani|joel alvarez,joel-alvarez-vs-chidi-njokuani-80608,2026-08-15,UFC 330: Makhachev vs. Machado Garry,ufc,chidi njokuani,joel alvarez,Kalshi,exchange,3.7000,1.3509,+270,-285,2026-08-13T22:29:20.740300+00:00,0.04,complete
2026-08-13T22:31:56.353529+00:00,9086,tresean gore|vicente luque,vicente-luque-vs-tresean-gore-79238,2026-08-15,UFC 330: Makhachev vs. Machado Garry,ufc,tresean gore,vicente luque,Novig,exchange,1.8547,2.0200,-117,+102,2026-08-13T22:31:17.933736+00:00,0.01,complete
2026-08-13T22:32:59.325398+00:00,9086,ian garry|islam makhachev,islam-makhachev-vs-ian-garry-79253,2026-08-15,UFC 330: Makhachev vs. Machado Garry,ufc,ian garry,islam makhachev,4Cx,exchange,3.9700,1.2732,+297,-366,2026-08-13T22:31:41.805773+00:00,0.02,complete
2026-08-13T22:32:59.325398+00:00,9086,ian garry|islam makhachev,islam-makhachev-vs-ian-garry-79253,2026-08-15,UFC 330: Makhachev vs. Machado Garry,ufc,ian garry,islam makhachev,4casters,exchange,4.0400,1.2801,+304,-357,2026-08-13T22:30:38.876486+00:00,0.04,complete
2026-08-13T22:32:59.325398+00:00,9086,ian garry|islam makhachev,islam-makhachev-vs-ian-garry-79253,2026-08-15,UFC 330: Makhachev vs. Machado Garry,ufc,ian garry,islam makhachev,Bookmaker,sportsbook,3.7100,1.2985,+271,-335,2026-08-13T22:30:46.295820+00:00,0.04,complete
2026-08-13T22:32:59.325398+00:00,9086,ian garry|islam makhachev,islam-makhachev-vs-ian-garry-79253,2026-08-15,UFC 330: Makhachev vs. Machado Garry,ufc,ian garry,islam makhachev,ProphetX,exchange,3.9000,1.3226,+290,-310,2026-08-13T22:07:03.852438+00:00,0.43,complete
2026-08-13T22:32:59.325398+00:00,9086,gillian robertson|mackenzie dern,mackenzie-dern-vs-gillian-robertson-79254,2026-08-15,UFC 330: Makhachev vs. Machado Garry,ufc,gillian robertson,mackenzie dern,Kalshi,exchange,2.8600,1.5155,+186,-194,2026-08-13T22:29:20.785861+00:00,0.06,complete
2026-08-13T22:32:59.325398+00:00,9086,gillian robertson|mackenzie dern,mackenzie-dern-vs-gillian-robertson-79254,2026-08-15,UFC 330: Makhachev vs. Machado Garry,ufc,gillian robertson,mackenzie dern,Novig,exchange,2.9000,1.4926,+190,-203,2026-08-13T22:31:17.528129+00:00,0.03,complete
2026-08-13T22:32:59.325398+00:00,9086,jalin turner|kaue fernandes,jalin-turner-vs-kaue-fernandes-79619,2026-08-15,UFC 330: Makhachev vs. Machado Garry,ufc,jalin turner,kaue fernandes,HardRockBet,sportsbook,1.6250,2.3000,-160,+130,2026-08-13T22:27:25.982537+00:00,0.09,complete
2026-08-13T22:32:59.325398+00:00,9086,jalin turner|kaue fernandes,jalin-turner-vs-kaue-fernandes-79619,2026-08-15,UFC 330: Makhachev vs. Machado Garry,ufc,jalin turner,kaue fernandes,Novig,exchange,1.7092,2.3000,-141,+130,2026-08-13T22:15:54.326226+00:00,0.28,complete
2026-08-13T22:32:59.325398+00:00,9086,dustin stoltzfus|mansur abdul malik,mansur-abdul-malik-vs-dustin-stoltzfus-79270,2026-08-15,UFC 330: Makhachev vs. Machado Garry,ufc,dustin stoltzfus,mansur abdul malik,SXBet,exchange,5.7600,1.1577,+476,-634,2026-08-13T22:25:30.514366+00:00,0.12,complete
2026-08-13T22:32:59.325398+00:00,9086,dustin stoltzfus|mansur abdul malik,mansur-abdul-malik-vs-dustin-stoltzfus-79270,2026-08-15,UFC 330: Makhachev vs. Machado Garry,ufc,dustin stoltzfus,mansur abdul malik,Kalshi,exchange,6.6700,1.1629,+567,-614,2026-08-13T22:24:46.893048+00:00,0.14,complete
2026-08-13T22:32:59.325398+00:00,9086,chidi njokuani|joel alvarez,joel-alvarez-vs-chidi-njokuani-80608,2026-08-15,UFC 330: Makhachev vs. Machado Garry,ufc,chidi njokuani,joel alvarez,Kalshi,exchange,3.7000,1.3509,+270,-285,2026-08-13T22:29:20.740300+00:00,0.06,complete
2026-08-13T22:32:59.325398+00:00,9086,chidi njokuani|joel alvarez,joel-alvarez-vs-chidi-njokuani-80608,2026-08-15,UFC 330: Makhachev vs. Machado Garry,ufc,chidi njokuani,joel alvarez,Novig,exchange,3.7000,1.3333,+270,-300,2026-08-13T22:15:54.731648+00:00,0.28,complete
2026-08-13T22:32:59.325398+00:00,9086,charles johnson|eduardo henrique da silva,charles-johnson-vs-eduardo-henrique-da-silva-80763,2026-08-15,UFC 330: Makhachev vs. Machado Garry,ufc,charles johnson,eduardo henrique da silva,Polymarket,exchange,1.8197,2.1700,-122,+117,2026-08-13T22:09:25.592906+00:00,0.39,complete
2026-08-13T22:32:59.325398+00:00,9086,donte johnson|eric mcconico,donte-johnson-vs-eric-mcconico-80309,2026-08-15,UFC 330: Makhachev vs. Machado Garry,ufc,donte johnson,eric mcconico,Polymarket,exchange,1.3704,3.5700,-270,+257,2026-08-13T22:09:24.509072+00:00,0.39,complete
2026-08-13T22:32:59.325398+00:00,9086,neil magny|ramiz brahimaj,neil-magny-vs-ramiz-brahimaj-79618,2026-08-15,UFC 330: Makhachev vs. Machado Garry,ufc,neil magny,ramiz brahimaj,BetRivers,sportsbook,2.1600,1.6993,+116,-143,2026-08-13T22:04:54.482526+00:00,0.47,complete
2026-08-13T22:32:59.325398+00:00,9086,neil magny|ramiz brahimaj,neil-magny-vs-ramiz-brahimaj-79618,2026-08-15,UFC 330: Makhachev vs. Machado Garry,ufc,neil magny,ramiz brahimaj,Novig,exchange,2.2700,1.7407,+127,-135,2026-08-13T22:15:56.114519+00:00,0.28,complete
2026-08-13T22:32:59.325398+00:00,9112,roman puga|taner trembley,taner-trembley-vs-roman-puga-79617,2026-08-18,Contender Series 2026: Week 2,dwcs,roman puga,taner trembley,Polymarket,exchange,2.4400,1.4926,+144,-203,2026-08-13T22:14:40.990161+00:00,0.31,complete
2026-08-13T22:32:59.325398+00:00,9656,anthony hernandez|gregory rodrigues,anthony-hernandez-vs-gregory-rodrigues-79524,2026-08-22,UFC Fight Night: Hernandez vs. Rodrigues,ufc,anthony hernandez,gregory rodrigues,Novig,exchange,1.5882,2.4400,-170,+144,2026-08-13T22:15:53.486653+00:00,0.28,complete
2026-08-13T22:32:59.325398+00:00,9656,reinier de ridder|roman dolidze,reinier-de-ridder-vs-roman-dolidze-79690,2026-08-22,UFC Fight Night: Hernandez vs. Rodrigues,ufc,reinier de ridder,roman dolidze,Novig,exchange,1.2817,3.6400,-355,+264,2026-08-13T22:15:54.779146+00:00,0.28,complete
2026-08-13T22:32:59.325398+00:00,9656,sergey spivak|vitor petrino,sergey-spivak-vs-vitor-petrino-79082,2026-08-22,UFC Fight Night: Hernandez vs. Rodrigues,ufc,sergey spivak,vitor petrino,Novig,exchange,2.4700,1.5882,+147,-170,2026-08-13T22:15:54.056522+00:00,0.28,complete
2026-08-13T22:32:59.325398+00:00,9656,jackson mcvey|wesley schultz,wesley-schultz-vs-jackson-mcvey-79119,2026-08-22,UFC Fight Night: Hernandez vs. Rodrigues,ufc,jackson mcvey,wesley schultz,Novig,exchange,1.5495,2.4700,-182,+147,2026-08-13T22:15:54.103046+00:00,0.28,complete
2026-08-13T22:32:59.325398+00:00,9656,kennedy nzechukwu|shamil gaziev,shamil-gaziev-vs-kennedy-nzechukwu-79812,2026-08-22,UFC Fight Night: Hernandez vs. Rodrigues,ufc,kennedy nzechukwu,shamil gaziev,Novig,exchange,2.1100,1.8696,+111,-115,2026-08-13T22:15:55.234668+00:00,0.28,complete
2026-08-13T22:32:59.325398+00:00,9656,chris padilla|nasrat haqparast,nasrat-haqparast-vs-chris-padilla-80255,2026-08-22,UFC Fight Night: Hernandez vs. Rodrigues,ufc,chris padilla,nasrat haqparast,Cloudbet,sportsbook,1.9709,1.8130,-103,-123,2026-08-13T22:17:20.708321+00:00,0.26,complete
2026-08-13T22:42:27.509049+00:00,9086,jalin turner|kaue fernandes,jalin-turner-vs-kaue-fernandes-79619,2026-08-15,UFC 330: Makhachev vs. Machado Garry,ufc,jalin turner,kaue fernandes,BetRivers,sportsbook,1.6211,2.3000,-161,+130,2026-08-13T22:32:35.500622+00:00,0.16,complete
2026-08-13T22:42:27.509049+00:00,9086,dustin stoltzfus|mansur abdul malik,mansur-abdul-malik-vs-dustin-stoltzfus-79270,2026-08-15,UFC 330: Makhachev vs. Machado Garry,ufc,dustin stoltzfus,mansur abdul malik,Kalshi,exchange,7.1400,1.1629,+614,-614,2026-08-13T22:39:25.666710+00:00,0.05,complete
2026-08-13T22:42:27.509049+00:00,9086,donte johnson|eric mcconico,donte-johnson-vs-eric-mcconico-80309,2026-08-15,UFC 330: Makhachev vs. Machado Garry,ufc,donte johnson,eric mcconico,ProphetX,exchange,1.3774,3.3500,-265,+235,2026-08-13T22:41:50.525867+00:00,0.01,complete
2026-08-13T22:42:27.509049+00:00,9086,donte johnson|eric mcconico,donte-johnson-vs-eric-mcconico-80309,2026-08-15,UFC 330: Makhachev vs. Machado Garry,ufc,donte johnson,eric mcconico,Kalshi,exchange,1.3704,3.3300,-270,+233,2026-08-13T22:39:25.632060+00:00,0.05,complete
2026-08-13T22:42:27.509049+00:00,9086,donte johnson|eric mcconico,donte-johnson-vs-eric-mcconico-80309,2026-08-15,UFC 330: Makhachev vs. Machado Garry,ufc,donte johnson,eric mcconico,Bet105,sportsbook,1.3817,3.1800,-262,+218,2026-08-13T22:33:20.188306+00:00,0.15,complete
2026-08-13T22:42:27.509049+00:00,9086,tresean gore|vicente luque,vicente-luque-vs-tresean-gore-79238,2026-08-15,UFC 330: Makhachev vs. Machado Garry,ufc,tresean gore,vicente luque,SXBet,exchange,1.9174,1.9901,-109,-101,2026-08-13T22:40:54.387635+00:00,0.03,complete
2026-08-13T22:42:27.509049+00:00,9112,douglas rodrigues|trent miller,douglas-rodrigues-vs-trent-miller-80341,2026-08-18,Contender Series 2026: Week 2,dwcs,douglas rodrigues,trent miller,Polymarket,exchange,1.1236,2.9400,-809,+194,2026-08-13T22:34:41.028243+00:00,0.13,complete
2026-08-13T22:42:27.509049+00:00,9656,jackson mcvey|wesley schultz,wesley-schultz-vs-jackson-mcvey-79119,2026-08-22,UFC Fight Night: Hernandez vs. Rodrigues,ufc,jackson mcvey,wesley schultz,Stake,sportsbook,1.5208,2.5500,-192,+155,2026-08-13T22:38:20.800296+00:00,0.07,complete
2026-08-13T22:51:55.441201+00:00,9086,gillian robertson|mackenzie dern,mackenzie-dern-vs-gillian-robertson-79254,2026-08-15,UFC 330: Makhachev vs. Machado Garry,ufc,gillian robertson,mackenzie dern,Novig,exchange,2.8600,1.5025,+186,-199,2026-08-13T22:45:36.451219+00:00,0.11,complete
2026-08-13T22:51:55.441201+00:00,9086,jalin turner|kaue fernandes,jalin-turner-vs-kaue-fernandes-79619,2026-08-15,UFC 330: Makhachev vs. Machado Garry,ufc,jalin turner,kaue fernandes,Kalshi,exchange,1.6944,2.3800,-144,+138,2026-08-13T22:44:35.865895+00:00,0.12,complete
2026-08-13T22:51:55.441201+00:00,9086,dustin stoltzfus|mansur abdul malik,mansur-abdul-malik-vs-dustin-stoltzfus-79270,2026-08-15,UFC 330: Makhachev vs. Machado Garry,ufc,dustin stoltzfus,mansur abdul malik,Novig,exchange,6.6700,1.1695,+567,-590,2026-08-13T22:45:36.641861+00:00,0.11,complete
2026-08-13T22:51:55.441201+00:00,9086,chidi njokuani|joel alvarez,joel-alvarez-vs-chidi-njokuani-80608,2026-08-15,UFC 330: Makhachev vs. Machado Garry,ufc,chidi njokuani,joel alvarez,Novig,exchange,3.7000,1.3247,+270,-308,2026-08-13T22:45:35.772557+00:00,0.11,complete
2026-08-13T22:51:55.441201+00:00,9086,donte johnson|eric mcconico,donte-johnson-vs-eric-mcconico-80309,2026-08-15,UFC 330: Makhachev vs. Machado Garry,ufc,donte johnson,eric mcconico,Novig,exchange,1.3788,3.4500,-264,+245,2026-08-13T22:45:35.853443+00:00,0.11,complete
2026-08-13T22:51:55.441201+00:00,9086,tresean gore|vicente luque,vicente-luque-vs-tresean-gore-79238,2026-08-15,UFC 330: Makhachev vs. Machado Garry,ufc,tresean gore,vicente luque,Novig,exchange,1.8850,2.0200,-113,+102,2026-08-13T22:45:36.593892+00:00,0.11,complete
2026-08-13T22:51:55.441201+00:00,9086,neil magny|ramiz brahimaj,neil-magny-vs-ramiz-brahimaj-79618,2026-08-15,UFC 330: Makhachev vs. Machado Garry,ufc,neil magny,ramiz brahimaj,Novig,exchange,2.2500,1.7407,+125,-135,2026-08-13T22:45:36.762715+00:00,0.11,complete
2026-08-13T22:51:55.441201+00:00,9086,jeremiah wells|myktybek orolbai,jeremiah-wells-vs-myktybek-orolbai-79363,2026-08-15,UFC 330: Makhachev vs. Machado Garry,ufc,jeremiah wells,myktybek orolbai,BetRivers,sportsbook,7.5000,1.0900,+650,-1111,2026-08-13T22:47:37.317073+00:00,0.07,complete
2026-08-13T22:51:55.441201+00:00,9112,kaik brito|namo fazil,namo-fazil-vs-kaik-brito-80340,2026-08-18,Contender Series 2026: Week 2,dwcs,kaik brito,namo fazil,Polymarket,exchange,1.2660,1.8547,-376,-117,2026-08-13T22:44:37.370602+00:00,0.12,complete
2026-08-13T22:51:55.441201+00:00,9112,roman puga|taner trembley,taner-trembley-vs-roman-puga-79617,2026-08-18,Contender Series 2026: Week 2,dwcs,roman puga,taner trembley,Polymarket,exchange,2.5000,1.5155,+150,-194,2026-08-13T22:44:37.601243+00:00,0.12,complete
2026-08-13T23:01:23.202531+00:00,9086,gillian robertson|mackenzie dern,mackenzie-dern-vs-gillian-robertson-79254,2026-08-15,UFC 330: Makhachev vs. Machado Garry,ufc,gillian robertson,mackenzie dern,Kalshi,exchange,2.7800,1.5155,+178,-194,2026-08-13T22:54:23.293980+00:00,0.12,complete
2026-08-13T23:01:23.202531+00:00,9086,chidi njokuani|joel alvarez,joel-alvarez-vs-chidi-njokuani-80608,2026-08-15,UFC 330: Makhachev vs. Machado Garry,ufc,chidi njokuani,joel alvarez,SXBet,exchange,3.4300,1.3448,+243,-290,2026-08-13T23:00:52.397734+00:00,0.01,complete
2026-08-13T23:01:23.202531+00:00,9086,chidi njokuani|joel alvarez,joel-alvarez-vs-chidi-njokuani-80608,2026-08-15,UFC 330: Makhachev vs. Machado Garry,ufc,chidi njokuani,joel alvarez,Novig,exchange,3.7000,1.3333,+270,-300,2026-08-13T23:01:21.991590+00:00,0.0,complete
2026-08-13T23:01:23.202531+00:00,9086,charles johnson|eduardo henrique da silva,charles-johnson-vs-eduardo-henrique-da-silva-80763,2026-08-15,UFC 330: Makhachev vs. Machado Garry,ufc,charles johnson,eduardo henrique da silva,Novig,exchange,1.8000,2.0000,-125,+100,2026-08-13T23:01:22.085300+00:00,0.0,complete
2026-08-13T23:01:23.202531+00:00,9086,charles johnson|eduardo henrique da silva,charles-johnson-vs-eduardo-henrique-da-silva-80763,2026-08-15,UFC 330: Makhachev vs. Machado Garry,ufc,charles johnson,eduardo henrique da silva,BetUS,sportsbook,1.8333,2.0000,-120,+100,2026-08-13T22:55:16.680362+00:00,0.1,complete
2026-08-13T23:01:23.202531+00:00,9086,charles johnson|eduardo henrique da silva,charles-johnson-vs-eduardo-henrique-da-silva-80763,2026-08-15,UFC 330: Makhachev vs. Machado Garry,ufc,charles johnson,eduardo henrique da silva,Bovada,sportsbook,1.8333,2.0000,-120,+100,2026-08-13T22:54:28.518333+00:00,0.12,complete
2026-08-13T23:01:23.202531+00:00,9086,charles johnson|eduardo henrique da silva,charles-johnson-vs-eduardo-henrique-da-silva-80763,2026-08-15,UFC 330: Makhachev vs. Machado Garry,ufc,charles johnson,eduardo henrique da silva,BetOnline,sportsbook,1.8333,2.0000,-120,+100,2026-08-13T22:53:13.879236+00:00,0.14,complete
2026-08-13T23:01:23.202531+00:00,9086,donte johnson|eric mcconico,donte-johnson-vs-eric-mcconico-80309,2026-08-15,UFC 330: Makhachev vs. Machado Garry,ufc,donte johnson,eric mcconico,Novig,exchange,1.3891,3.4500,-257,+245,2026-08-13T23:01:21.508495+00:00,0.0,complete
2026-08-13T23:01:23.202531+00:00,9086,tresean gore|vicente luque,vicente-luque-vs-tresean-gore-79238,2026-08-15,UFC 330: Makhachev vs. Machado Garry,ufc,tresean gore,vicente luque,Novig,exchange,1.9009,2.0200,-111,+102,2026-08-13T23:01:23.598812+00:00,-0.0,complete
2026-08-13T23:01:23.202531+00:00,9086,jeremiah wells|myktybek orolbai,jeremiah-wells-vs-myktybek-orolbai-79363,2026-08-15,UFC 330: Makhachev vs. Machado Garry,ufc,jeremiah wells,myktybek orolbai,Novig,exchange,8.7000,1.1174,+770,-852,2026-08-13T23:01:21.023941+00:00,0.0,complete
2026-08-13T23:01:23.202531+00:00,9656,chris padilla|nasrat haqparast,nasrat-haqparast-vs-chris-padilla-80255,2026-08-22,UFC Fight Night: Hernandez vs. Rodrigues,ufc,chris padilla,nasrat haqparast,Pinnacle,sportsbook,2.0100,1.8475,+101,-118,2026-08-13T22:52:19.543306+00:00,0.15,complete
2026-08-13T23:10:50.710059+00:00,9086,ian garry|islam makhachev,islam-makhachev-vs-ian-garry-79253,2026-08-15,UFC 330: Makhachev vs. Machado Garry,ufc,ian garry,islam makhachev,Bovada,sportsbook,3.8000,1.2857,+280,-350,2026-08-13T23:05:09.963405+00:00,0.09,complete
2026-08-13T23:10:50.710059+00:00,9086,dustin stoltzfus|mansur abdul malik,mansur-abdul-malik-vs-dustin-stoltzfus-79270,2026-08-15,UFC 330: Makhachev vs. Machado Garry,ufc,dustin stoltzfus,mansur abdul malik,Kalshi,exchange,6.6700,1.1629,+567,-614,2026-08-13T23:09:19.790024+00:00,0.03,complete
2026-08-13T23:10:50.710059+00:00,9086,chidi njokuani|joel alvarez,joel-alvarez-vs-chidi-njokuani-80608,2026-08-15,UFC 330: Makhachev vs. Machado Garry,ufc,chidi njokuani,joel alvarez,4Cx,exchange,3.6100,1.3125,+261,-320,2026-08-13T23:06:43.110032+00:00,0.07,complete
2026-08-13T23:10:50.710059+00:00,9086,chidi njokuani|joel alvarez,joel-alvarez-vs-chidi-njokuani-80608,2026-08-15,UFC 330: Makhachev vs. Machado Garry,ufc,chidi njokuani,joel alvarez,4casters,exchange,3.6800,1.3195,+268,-313,2026-08-13T23:05:37.141437+00:00,0.09,complete
2026-08-13T23:10:50.710059+00:00,9086,chidi njokuani|joel alvarez,joel-alvarez-vs-chidi-njokuani-80608,2026-08-15,UFC 330: Makhachev vs. Machado Garry,ufc,chidi njokuani,joel alvarez,SXBet,exchange,3.5900,1.3205,+259,-312,2026-08-13T23:05:34.019215+00:00,0.09,complete
2026-08-13T23:10:50.710059+00:00,9086,chidi njokuani|joel alvarez,joel-alvarez-vs-chidi-njokuani-80608,2026-08-15,UFC 330: Makhachev vs. Machado Garry,ufc,chidi njokuani,joel alvarez,Polymarket,exchange,3.8500,1.3333,+285,-300,2026-08-13T23:09:20.609017+00:00,0.03,complete
2026-08-13T23:10:50.710059+00:00,9086,charles johnson|eduardo henrique da silva,charles-johnson-vs-eduardo-henrique-da-silva-80763,2026-08-15,UFC 330: Makhachev vs. Machado Garry,ufc,charles johnson,eduardo henrique da silva,ProphetX,exchange,1.7692,1.9804,-130,-102,2026-08-13T23:01:39.225254+00:00,0.15,complete
2026-08-13T23:10:50.710059+00:00,9086,charles johnson|eduardo henrique da silva,charles-johnson-vs-eduardo-henrique-da-silva-80763,2026-08-15,UFC 330: Makhachev vs. Machado Garry,ufc,charles johnson,eduardo henrique da silva,Kalshi,exchange,1.7519,2.2200,-133,+122,2026-08-13T23:09:19.780509+00:00,0.03,complete
2026-08-13T23:10:50.710059+00:00,9086,tresean gore|vicente luque,vicente-luque-vs-tresean-gore-79238,2026-08-15,UFC 330: Makhachev vs. Machado Garry,ufc,tresean gore,vicente luque,SXBet,exchange,1.8772,1.9901,-114,-101,2026-08-13T23:05:33.887753+00:00,0.09,complete
2026-08-13T23:20:18.260325+00:00,9086,gillian robertson|mackenzie dern,mackenzie-dern-vs-gillian-robertson-79254,2026-08-15,UFC 330: Makhachev vs. Machado Garry,ufc,gillian robertson,mackenzie dern,Novig,exchange,2.9000,1.5155,+190,-194,2026-08-13T23:15:31.756811+00:00,0.08,complete
2026-08-13T23:20:18.260325+00:00,9086,jalin turner|kaue fernandes,jalin-turner-vs-kaue-fernandes-79619,2026-08-15,UFC 330: Makhachev vs. Machado Garry,ufc,jalin turner,kaue fernandes,4casters,exchange,1.7042,2.2900,-142,+129,2026-08-13T23:20:20.624360+00:00,-0.0,complete
2026-08-13T23:20:18.260325+00:00,9086,jalin turner|kaue fernandes,jalin-turner-vs-kaue-fernandes-79619,2026-08-15,UFC 330: Makhachev vs. Machado Garry,ufc,jalin turner,kaue fernandes,BetOnline,sportsbook,1.7299,2.1700,-137,+117,2026-08-13T23:16:30.002442+00:00,0.06,complete
2026-08-13T23:20:18.260325+00:00,9086,dustin stoltzfus|mansur abdul malik,mansur-abdul-malik-vs-dustin-stoltzfus-79270,2026-08-15,UFC 330: Makhachev vs. Machado Garry,ufc,dustin stoltzfus,mansur abdul malik,SXBet,exchange,5.8000,1.1577,+480,-634,2026-08-13T23:15:29.140214+00:00,0.08,complete
2026-08-13T23:20:18.260325+00:00,9086,edson barboza|esteban ribovics,esteban-ribovics-vs-edson-barboza-79120,2026-08-15,UFC 330: Makhachev vs. Machado Garry,ufc,edson barboza,esteban ribovics,ProphetX,exchange,6.4000,1.1449,+540,-690,2026-08-13T23:16:29.916340+00:00,0.06,complete
2026-08-13T23:20:18.260325+00:00,9086,edson barboza|esteban ribovics,esteban-ribovics-vs-edson-barboza-79120,2026-08-15,UFC 330: Makhachev vs. Machado Garry,ufc,edson barboza,esteban ribovics,Kalshi,exchange,6.6700,1.1495,+567,-669,2026-08-13T23:19:19.158215+00:00,0.02,complete
2026-08-13T23:20:18.260325+00:00,9086,edson barboza|esteban ribovics,esteban-ribovics-vs-edson-barboza-79120,2026-08-15,UFC 330: Makhachev vs. Machado Garry,ufc,edson barboza,esteban ribovics,Novig,exchange,6.6700,1.1695,+567,-590,2026-08-13T23:15:31.431095+00:00,0.08,complete
2026-08-13T23:20:18.260325+00:00,9086,chidi njokuani|joel alvarez,joel-alvarez-vs-chidi-njokuani-80608,2026-08-15,UFC 330: Makhachev vs. Machado Garry,ufc,chidi njokuani,joel alvarez,SXBet,exchange,3.6000,1.3205,+260,-312,2026-08-13T23:15:29.041310+00:00,0.08,complete
2026-08-13T23:20:18.260325+00:00,9086,chidi njokuani|joel alvarez,joel-alvarez-vs-chidi-njokuani-80608,2026-08-15,UFC 330: Makhachev vs. Machado Garry,ufc,chidi njokuani,joel alvarez,Bovada,sportsbook,3.7000,1.3030,+270,-330,2026-08-13T23:14:33.366219+00:00,0.1,complete
2026-08-13T23:20:18.260325+00:00,9086,chidi njokuani|joel alvarez,joel-alvarez-vs-chidi-njokuani-80608,2026-08-15,UFC 330: Makhachev vs. Machado Garry,ufc,chidi njokuani,joel alvarez,ProphetX,exchange,3.4500,1.3030,+245,-330,2026-08-13T23:11:23.177357+00:00,0.15,complete
2026-08-13T23:20:18.260325+00:00,9086,charles johnson|eduardo henrique da silva,charles-johnson-vs-eduardo-henrique-da-silva-80763,2026-08-15,UFC 330: Makhachev vs. Machado Garry,ufc,charles johnson,eduardo henrique da silva,Novig,exchange,1.7519,2.0600,-133,+106,2026-08-13T23:15:30.555387+00:00,0.08,complete
2026-08-13T23:20:18.260325+00:00,9086,charles johnson|eduardo henrique da silva,charles-johnson-vs-eduardo-henrique-da-silva-80763,2026-08-15,UFC 330: Makhachev vs. Machado Garry,ufc,charles johnson,eduardo henrique da silva,BetUS,sportsbook,1.7692,2.1000,-130,+110,2026-08-13T23:15:35.684678+00:00,0.08,complete
2026-08-13T23:20:18.260325+00:00,9086,charles johnson|eduardo henrique da silva,charles-johnson-vs-eduardo-henrique-da-silva-80763,2026-08-15,UFC 330: Makhachev vs. Machado Garry,ufc,charles johnson,eduardo henrique da silva,Bookmaker,sportsbook,1.9091,1.9091,-110,-110,2026-08-13T23:15:54.274638+00:00,0.07,complete
2026-08-13T23:20:18.260325+00:00,9086,charles johnson|eduardo henrique da silva,charles-johnson-vs-eduardo-henrique-da-silva-80763,2026-08-15,UFC 330: Makhachev vs. Machado Garry,ufc,charles johnson,eduardo henrique da silva,Bovada,sportsbook,1.8197,2.0200,-122,+102,2026-08-13T23:14:33.803407+00:00,0.1,complete
2026-08-13T23:20:18.260325+00:00,9086,charles johnson|eduardo henrique da silva,charles-johnson-vs-eduardo-henrique-da-silva-80763,2026-08-15,UFC 330: Makhachev vs. Machado Garry,ufc,charles johnson,eduardo henrique da silva,DraftKings,sportsbook,1.8197,2.0200,-122,+102,2026-08-13T23:11:13.399536+00:00,0.15,complete
2026-08-13T23:20:18.260325+00:00,9086,donte johnson|eric mcconico,donte-johnson-vs-eric-mcconico-80309,2026-08-15,UFC 330: Makhachev vs. Machado Garry,ufc,donte johnson,eric mcconico,BetAnything,sportsbook,1.3448,3.2000,-290,+220,2026-08-13T23:14:25.293626+00:00,0.1,complete
2026-08-13T23:20:18.260325+00:00,9086,donte johnson|eric mcconico,donte-johnson-vs-eric-mcconico-80309,2026-08-15,UFC 330: Makhachev vs. Machado Garry,ufc,donte johnson,eric mcconico,YouWager,sportsbook,1.3448,3.3700,-290,+237,2026-08-13T23:15:31.427439+00:00,0.08,complete
2026-08-13T23:20:18.260325+00:00,9086,donte johnson|eric mcconico,donte-johnson-vs-eric-mcconico-80309,2026-08-15,UFC 330: Makhachev vs. Machado Garry,ufc,donte johnson,eric mcconico,Novig,exchange,1.3704,3.4500,-270,+245,2026-08-13T23:15:30.992289+00:00,0.08,complete
2026-08-13T23:20:18.260325+00:00,9086,donte johnson|eric mcconico,donte-johnson-vs-eric-mcconico-80309,2026-08-15,UFC 330: Makhachev vs. Machado Garry,ufc,donte johnson,eric mcconico,BetOnline,sportsbook,1.3448,3.3700,-290,+237,2026-08-13T23:13:29.034055+00:00,0.11,complete
2026-08-13T23:20:18.260325+00:00,9086,tresean gore|vicente luque,vicente-luque-vs-tresean-gore-79238,2026-08-15,UFC 330: Makhachev vs. Machado Garry,ufc,tresean gore,vicente luque,BetAnything,sportsbook,1.8929,1.8475,-112,-118,2026-08-13T23:14:25.277931+00:00,0.1,complete
2026-08-13T23:20:18.260325+00:00,9086,tresean gore|vicente luque,vicente-luque-vs-tresean-gore-79238,2026-08-15,UFC 330: Makhachev vs. Machado Garry,ufc,tresean gore,vicente luque,YouWager,sportsbook,1.8929,1.9259,-112,-108,2026-08-13T23:15:31.358791+00:00,0.08,complete
2026-08-13T23:20:18.260325+00:00,9086,tresean gore|vicente luque,vicente-luque-vs-tresean-gore-79238,2026-08-15,UFC 330: Makhachev vs. Machado Garry,ufc,tresean gore,vicente luque,BetOnline,sportsbook,1.8929,1.9259,-112,-108,2026-08-13T23:12:40.825318+00:00,0.13,complete
2026-08-13T23:20:18.260325+00:00,9086,neil magny|ramiz brahimaj,neil-magny-vs-ramiz-brahimaj-79618,2026-08-15,UFC 330: Makhachev vs. Machado Garry,ufc,neil magny,ramiz brahimaj,BetAnything,sportsbook,2.1200,1.7042,+112,-142,2026-08-13T23:14:25.261179+00:00,0.1,complete
2026-08-13T23:20:18.260325+00:00,9086,neil magny|ramiz brahimaj,neil-magny-vs-ramiz-brahimaj-79618,2026-08-15,UFC 330: Makhachev vs. Machado Garry,ufc,neil magny,ramiz brahimaj,Bovada,sportsbook,2.2200,1.7042,+122,-142,2026-08-13T23:19:14.793878+00:00,0.02,complete
2026-08-13T23:20:18.260325+00:00,9086,neil magny|ramiz brahimaj,neil-magny-vs-ramiz-brahimaj-79618,2026-08-15,UFC 330: Makhachev vs. Machado Garry,ufc,neil magny,ramiz brahimaj,YouWager,sportsbook,2.2200,1.7042,+122,-142,2026-08-13T23:15:31.281213+00:00,0.08,complete
2026-08-13T23:20:18.260325+00:00,9086,neil magny|ramiz brahimaj,neil-magny-vs-ramiz-brahimaj-79618,2026-08-15,UFC 330: Makhachev vs. Machado Garry,ufc,neil magny,ramiz brahimaj,BetOnline,sportsbook,2.2200,1.7042,+122,-142,2026-08-13T23:13:29.001485+00:00,0.11,complete
2026-08-13T23:21:20.343140+00:00,9086,ian garry|islam makhachev,islam-makhachev-vs-ian-garry-79253,2026-08-15,UFC 330: Makhachev vs. Machado Garry,ufc,ian garry,islam makhachev,Bovada,sportsbook,3.8000,1.2857,+280,-350,2026-08-13T23:05:09.963405+00:00,0.27,complete
2026-08-13T23:21:20.343140+00:00,9086,gillian robertson|mackenzie dern,mackenzie-dern-vs-gillian-robertson-79254,2026-08-15,UFC 330: Makhachev vs. Machado Garry,ufc,gillian robertson,mackenzie dern,Novig,exchange,2.9000,1.5155,+190,-194,2026-08-13T23:15:31.756811+00:00,0.1,complete
2026-08-13T23:21:20.343140+00:00,9086,jalin turner|kaue fernandes,jalin-turner-vs-kaue-fernandes-79619,2026-08-15,UFC 330: Makhachev vs. Machado Garry,ufc,jalin turner,kaue fernandes,4casters,exchange,1.7042,2.2900,-142,+129,2026-08-13T23:20:20.624360+00:00,0.02,complete
2026-08-13T23:21:20.343140+00:00,9086,jalin turner|kaue fernandes,jalin-turner-vs-kaue-fernandes-79619,2026-08-15,UFC 330: Makhachev vs. Machado Garry,ufc,jalin turner,kaue fernandes,BetOnline,sportsbook,1.7299,2.1700,-137,+117,2026-08-13T23:16:30.002442+00:00,0.08,complete
2026-08-13T23:21:20.343140+00:00,9086,dustin stoltzfus|mansur abdul malik,mansur-abdul-malik-vs-dustin-stoltzfus-79270,2026-08-15,UFC 330: Makhachev vs. Machado Garry,ufc,dustin stoltzfus,mansur abdul malik,SXBet,exchange,5.8000,1.1577,+480,-634,2026-08-13T23:15:29.140214+00:00,0.1,complete
2026-08-13T23:21:20.343140+00:00,9086,dustin stoltzfus|mansur abdul malik,mansur-abdul-malik-vs-dustin-stoltzfus-79270,2026-08-15,UFC 330: Makhachev vs. Machado Garry,ufc,dustin stoltzfus,mansur abdul malik,Kalshi,exchange,6.6700,1.1629,+567,-614,2026-08-13T23:09:19.790024+00:00,0.2,complete
2026-08-13T23:21:20.343140+00:00,9086,edson barboza|esteban ribovics,esteban-ribovics-vs-edson-barboza-79120,2026-08-15,UFC 330: Makhachev vs. Machado Garry,ufc,edson barboza,esteban ribovics,ProphetX,exchange,6.4000,1.1449,+540,-690,2026-08-13T23:16:29.916340+00:00,0.08,complete
2026-08-13T23:21:20.343140+00:00,9086,edson barboza|esteban ribovics,esteban-ribovics-vs-edson-barboza-79120,2026-08-15,UFC 330: Makhachev vs. Machado Garry,ufc,edson barboza,esteban ribovics,Kalshi,exchange,6.6700,1.1495,+567,-669,2026-08-13T23:19:19.158215+00:00,0.03,complete
2026-08-13T23:21:20.343140+00:00,9086,edson barboza|esteban ribovics,esteban-ribovics-vs-edson-barboza-79120,2026-08-15,UFC 330: Makhachev vs. Machado Garry,ufc,edson barboza,esteban ribovics,Novig,exchange,6.6700,1.1695,+567,-590,2026-08-13T23:15:31.431095+00:00,0.1,complete
2026-08-13T23:21:20.343140+00:00,9086,chidi njokuani|joel alvarez,joel-alvarez-vs-chidi-njokuani-80608,2026-08-15,UFC 330: Makhachev vs. Machado Garry,ufc,chidi njokuani,joel alvarez,4Cx,exchange,3.6100,1.3125,+261,-320,2026-08-13T23:06:43.110032+00:00,0.24,complete
2026-08-13T23:21:20.343140+00:00,9086,chidi njokuani|joel alvarez,joel-alvarez-vs-chidi-njokuani-80608,2026-08-15,UFC 330: Makhachev vs. Machado Garry,ufc,chidi njokuani,joel alvarez,4casters,exchange,3.6800,1.3195,+268,-313,2026-08-13T23:05:37.141437+00:00,0.26,complete
2026-08-13T23:21:20.343140+00:00,9086,chidi njokuani|joel alvarez,joel-alvarez-vs-chidi-njokuani-80608,2026-08-15,UFC 330: Makhachev vs. Machado Garry,ufc,chidi njokuani,joel alvarez,SXBet,exchange,3.6000,1.3205,+260,-312,2026-08-13T23:15:29.041310+00:00,0.1,complete
2026-08-13T23:21:20.343140+00:00,9086,chidi njokuani|joel alvarez,joel-alvarez-vs-chidi-njokuani-80608,2026-08-15,UFC 330: Makhachev vs. Machado Garry,ufc,chidi njokuani,joel alvarez,Bovada,sportsbook,3.7000,1.3030,+270,-330,2026-08-13T23:14:33.366219+00:00,0.11,complete
2026-08-13T23:21:20.343140+00:00,9086,chidi njokuani|joel alvarez,joel-alvarez-vs-chidi-njokuani-80608,2026-08-15,UFC 330: Makhachev vs. Machado Garry,ufc,chidi njokuani,joel alvarez,Polymarket,exchange,3.8500,1.3333,+285,-300,2026-08-13T23:09:20.609017+00:00,0.2,complete
2026-08-13T23:21:20.343140+00:00,9086,chidi njokuani|joel alvarez,joel-alvarez-vs-chidi-njokuani-80608,2026-08-15,UFC 330: Makhachev vs. Machado Garry,ufc,chidi njokuani,joel alvarez,ProphetX,exchange,3.4500,1.3030,+245,-330,2026-08-13T23:11:23.177357+00:00,0.17,complete
2026-08-13T23:21:20.343140+00:00,9086,charles johnson|eduardo henrique da silva,charles-johnson-vs-eduardo-henrique-da-silva-80763,2026-08-15,UFC 330: Makhachev vs. Machado Garry,ufc,charles johnson,eduardo henrique da silva,ProphetX,exchange,1.7692,1.9804,-130,-102,2026-08-13T23:01:39.225254+00:00,0.33,complete
2026-08-13T23:21:20.343140+00:00,9086,charles johnson|eduardo henrique da silva,charles-johnson-vs-eduardo-henrique-da-silva-80763,2026-08-15,UFC 330: Makhachev vs. Machado Garry,ufc,charles johnson,eduardo henrique da silva,Novig,exchange,1.7519,2.0600,-133,+106,2026-08-13T23:15:30.555387+00:00,0.1,complete
2026-08-13T23:21:20.343140+00:00,9086,charles johnson|eduardo henrique da silva,charles-johnson-vs-eduardo-henrique-da-silva-80763,2026-08-15,UFC 330: Makhachev vs. Machado Garry,ufc,charles johnson,eduardo henrique da silva,BetUS,sportsbook,1.7692,2.1000,-130,+110,2026-08-13T23:15:35.684678+00:00,0.1,complete
2026-08-13T23:21:20.343140+00:00,9086,charles johnson|eduardo henrique da silva,charles-johnson-vs-eduardo-henrique-da-silva-80763,2026-08-15,UFC 330: Makhachev vs. Machado Garry,ufc,charles johnson,eduardo henrique da silva,Bookmaker,sportsbook,1.9091,1.9091,-110,-110,2026-08-13T23:15:54.274638+00:00,0.09,complete
2026-08-13T23:21:20.343140+00:00,9086,charles johnson|eduardo henrique da silva,charles-johnson-vs-eduardo-henrique-da-silva-80763,2026-08-15,UFC 330: Makhachev vs. Machado Garry,ufc,charles johnson,eduardo henrique da silva,Bovada,sportsbook,1.8197,2.0200,-122,+102,2026-08-13T23:14:33.803407+00:00,0.11,complete
2026-08-13T23:21:20.343140+00:00,9086,charles johnson|eduardo henrique da silva,charles-johnson-vs-eduardo-henrique-da-silva-80763,2026-08-15,UFC 330: Makhachev vs. Machado Garry,ufc,charles johnson,eduardo henrique da silva,Kalshi,exchange,1.7519,2.2200,-133,+122,2026-08-13T23:09:19.780509+00:00,0.2,complete
2026-08-13T23:21:20.343140+00:00,9086,charles johnson|eduardo henrique da silva,charles-johnson-vs-eduardo-henrique-da-silva-80763,2026-08-15,UFC 330: Makhachev vs. Machado Garry,ufc,charles johnson,eduardo henrique da silva,DraftKings,sportsbook,1.8197,2.0200,-122,+102,2026-08-13T23:11:13.399536+00:00,0.17,complete
2026-08-13T23:21:20.343140+00:00,9086,donte johnson|eric mcconico,donte-johnson-vs-eric-mcconico-80309,2026-08-15,UFC 330: Makhachev vs. Machado Garry,ufc,donte johnson,eric mcconico,BetAnything,sportsbook,1.3448,3.2000,-290,+220,2026-08-13T23:14:25.293626+00:00,0.12,complete
2026-08-13T23:21:20.343140+00:00,9086,donte johnson|eric mcconico,donte-johnson-vs-eric-mcconico-80309,2026-08-15,UFC 330: Makhachev vs. Machado Garry,ufc,donte johnson,eric mcconico,YouWager,sportsbook,1.3448,3.3700,-290,+237,2026-08-13T23:15:31.427439+00:00,0.1,complete
2026-08-13T23:21:20.343140+00:00,9086,donte johnson|eric mcconico,donte-johnson-vs-eric-mcconico-80309,2026-08-15,UFC 330: Makhachev vs. Machado Garry,ufc,donte johnson,eric mcconico,Novig,exchange,1.3704,3.4500,-270,+245,2026-08-13T23:15:30.992289+00:00,0.1,complete
2026-08-13T23:21:20.343140+00:00,9086,donte johnson|eric mcconico,donte-johnson-vs-eric-mcconico-80309,2026-08-15,UFC 330: Makhachev vs. Machado Garry,ufc,donte johnson,eric mcconico,BetOnline,sportsbook,1.3448,3.3700,-290,+237,2026-08-13T23:13:29.034055+00:00,0.13,complete
2026-08-13T23:21:20.343140+00:00,9086,tresean gore|vicente luque,vicente-luque-vs-tresean-gore-79238,2026-08-15,UFC 330: Makhachev vs. Machado Garry,ufc,tresean gore,vicente luque,BetAnything,sportsbook,1.8929,1.8475,-112,-118,2026-08-13T23:14:25.277931+00:00,0.12,complete
2026-08-13T23:21:20.343140+00:00,9086,tresean gore|vicente luque,vicente-luque-vs-tresean-gore-79238,2026-08-15,UFC 330: Makhachev vs. Machado Garry,ufc,tresean gore,vicente luque,SXBet,exchange,1.8772,1.9901,-114,-101,2026-08-13T23:05:33.887753+00:00,0.26,complete
2026-08-13T23:21:20.343140+00:00,9086,tresean gore|vicente luque,vicente-luque-vs-tresean-gore-79238,2026-08-15,UFC 330: Makhachev vs. Machado Garry,ufc,tresean gore,vicente luque,YouWager,sportsbook,1.8929,1.9259,-112,-108,2026-08-13T23:15:31.358791+00:00,0.1,complete
2026-08-13T23:21:20.343140+00:00,9086,tresean gore|vicente luque,vicente-luque-vs-tresean-gore-79238,2026-08-15,UFC 330: Makhachev vs. Machado Garry,ufc,tresean gore,vicente luque,BetOnline,sportsbook,1.8929,1.9259,-112,-108,2026-08-13T23:12:40.825318+00:00,0.14,complete
2026-08-13T23:21:20.343140+00:00,9086,neil magny|ramiz brahimaj,neil-magny-vs-ramiz-brahimaj-79618,2026-08-15,UFC 330: Makhachev vs. Machado Garry,ufc,neil magny,ramiz brahimaj,BetAnything,sportsbook,2.1200,1.7042,+112,-142,2026-08-13T23:14:25.261179+00:00,0.12,complete
2026-08-13T23:21:20.343140+00:00,9086,neil magny|ramiz brahimaj,neil-magny-vs-ramiz-brahimaj-79618,2026-08-15,UFC 330: Makhachev vs. Machado Garry,ufc,neil magny,ramiz brahimaj,Bovada,sportsbook,2.2200,1.7042,+122,-142,2026-08-13T23:19:14.793878+00:00,0.03,complete
2026-08-13T23:21:20.343140+00:00,9086,neil magny|ramiz brahimaj,neil-magny-vs-ramiz-brahimaj-79618,2026-08-15,UFC 330: Makhachev vs. Machado Garry,ufc,neil magny,ramiz brahimaj,YouWager,sportsbook,2.2200,1.7042,+122,-142,2026-08-13T23:15:31.281213+00:00,0.1,complete
2026-08-13T23:21:20.343140+00:00,9086,neil magny|ramiz brahimaj,neil-magny-vs-ramiz-brahimaj-79618,2026-08-15,UFC 330: Makhachev vs. Machado Garry,ufc,neil magny,ramiz brahimaj,BetOnline,sportsbook,2.2200,1.7042,+122,-142,2026-08-13T23:13:29.001485+00:00,0.13,complete
2026-08-13T23:30:47.573161+00:00,9086,jalin turner|kaue fernandes,jalin-turner-vs-kaue-fernandes-79619,2026-08-15,UFC 330: Makhachev vs. Machado Garry,ufc,jalin turner,kaue fernandes,BetUS,sportsbook,1.7299,2.1600,-137,+116,2026-08-13T23:20:37.375094+00:00,0.17,complete
2026-08-13T23:30:47.573161+00:00,9086,jalin turner|kaue fernandes,jalin-turner-vs-kaue-fernandes-79619,2026-08-15,UFC 330: Makhachev vs. Machado Garry,ufc,jalin turner,kaue fernandes,4Cx,exchange,1.6897,2.2600,-145,+126,2026-08-13T23:21:21.494872+00:00,0.16,complete
2026-08-13T23:30:47.573161+00:00,9086,jalin turner|kaue fernandes,jalin-turner-vs-kaue-fernandes-79619,2026-08-15,UFC 330: Makhachev vs. Machado Garry,ufc,jalin turner,kaue fernandes,YouWager,sportsbook,1.7299,2.1700,-137,+117,2026-08-13T23:20:38.002412+00:00,0.17,complete
2026-08-13T23:30:47.573161+00:00,9086,chidi njokuani|joel alvarez,joel-alvarez-vs-chidi-njokuani-80608,2026-08-15,UFC 330: Makhachev vs. Machado Garry,ufc,chidi njokuani,joel alvarez,Pinnacle,sportsbook,3.6200,1.3115,+262,-321,2026-08-13T23:22:38.445901+00:00,0.14,complete
2026-08-13T23:30:47.573161+00:00,9086,charles johnson|eduardo henrique da silva,charles-johnson-vs-eduardo-henrique-da-silva-80763,2026-08-15,UFC 330: Makhachev vs. Machado Garry,ufc,charles johnson,eduardo henrique da silva,BetUS,sportsbook,1.8333,2.0000,-120,+100,2026-08-13T23:20:37.453796+00:00,0.17,complete
2026-08-13T23:30:47.573161+00:00,9086,charles johnson|eduardo henrique da silva,charles-johnson-vs-eduardo-henrique-da-silva-80763,2026-08-15,UFC 330: Makhachev vs. Machado Garry,ufc,charles johnson,eduardo henrique da silva,Bovada,sportsbook,1.8333,2.0000,-120,+100,2026-08-13T23:24:30.902520+00:00,0.1,complete
2026-08-13T23:30:47.573161+00:00,9086,neil magny|ramiz brahimaj,neil-magny-vs-ramiz-brahimaj-79618,2026-08-15,UFC 330: Makhachev vs. Machado Garry,ufc,neil magny,ramiz brahimaj,ProphetX,exchange,2.2700,1.6849,+127,-146,2026-08-13T23:26:57.439352+00:00,0.06,complete
2026-08-13T23:30:47.573161+00:00,9656,sergey spivak|vitor petrino,sergey-spivak-vs-vitor-petrino-79082,2026-08-22,UFC Fight Night: Hernandez vs. Rodrigues,ufc,sergey spivak,vitor petrino,BetUS,sportsbook,2.5000,1.5556,+150,-180,2026-08-13T23:30:42.771889+00:00,0.0,complete
2026-08-13T23:30:47.573161+00:00,9656,sergey spivak|vitor petrino,sergey-spivak-vs-vitor-petrino-79082,2026-08-22,UFC Fight Night: Hernandez vs. Rodrigues,ufc,sergey spivak,vitor petrino,BetOnline,sportsbook,2.5700,1.5556,+157,-180,2026-08-13T23:29:17.526586+00:00,0.03,complete
2026-08-13T23:30:47.573161+00:00,9697,alexandre pantoja|josh van,josh-van-vs-alexandre-pantoja-80557,2026-09-19,UFC 331: Van vs. Pantoja 2,ufc,alexandre pantoja,josh van,BetOnline,sportsbook,2.0000,1.8333,+100,-120,2026-08-13T23:27:28.143274+00:00,0.06,complete
2026-08-13T23:30:47.573161+00:00,9697,alexandre pantoja|josh van,josh-van-vs-alexandre-pantoja-80557,2026-09-19,UFC 331: Van vs. Pantoja 2,ufc,alexandre pantoja,josh van,BetUS,sportsbook,2.0000,1.8333,+100,-120,2026-08-13T23:30:42.733470+00:00,0.0,complete
2026-08-13T23:30:47.573161+00:00,9697,robelis despaigne|tai tuivasa,tai-tuivasa-vs-robelis-despaigne-80632,2026-09-19,UFC 331: Van vs. Pantoja 2,ufc,robelis despaigne,tai tuivasa,BetOnline,sportsbook,1.2000,4.8300,-500,+383,2026-08-13T23:27:45.110583+00:00,0.05,complete
2026-08-13T23:49:21.189615+00:00,9086,jalin turner|kaue fernandes,jalin-turner-vs-kaue-fernandes-79619,2026-08-15,UFC 330: Makhachev vs. Machado Garry,ufc,jalin turner,kaue fernandes,Novig,exchange,1.7246,2.3000,-138,+130,2026-08-13T23:31:09.337838+00:00,0.3,complete
2026-08-13T23:49:21.189615+00:00,9086,jalin turner|kaue fernandes,jalin-turner-vs-kaue-fernandes-79619,2026-08-15,UFC 330: Makhachev vs. Machado Garry,ufc,jalin turner,kaue fernandes,ReBet,sportsbook,1.6944,2.1300,-144,+113,2026-08-13T23:31:12.642964+00:00,0.3,complete
2026-08-13T23:49:21.189615+00:00,9086,jalin turner|kaue fernandes,jalin-turner-vs-kaue-fernandes-79619,2026-08-15,UFC 330: Makhachev vs. Machado Garry,ufc,jalin turner,kaue fernandes,MyBookie,sportsbook,1.6944,2.1300,-144,+113,2026-08-13T23:34:24.731349+00:00,0.25,complete
2026-08-13T23:49:21.189615+00:00,9086,dustin stoltzfus|mansur abdul malik,mansur-abdul-malik-vs-dustin-stoltzfus-79270,2026-08-15,UFC 330: Makhachev vs. Machado Garry,ufc,dustin stoltzfus,mansur abdul malik,SXBet,exchange,5.7600,1.1577,+476,-634,2026-08-13T23:45:33.099609+00:00,0.06,complete
2026-08-13T23:49:21.189615+00:00,9086,dustin stoltzfus|mansur abdul malik,mansur-abdul-malik-vs-dustin-stoltzfus-79270,2026-08-15,UFC 330: Makhachev vs. Machado Garry,ufc,dustin stoltzfus,mansur abdul malik,Novig,exchange,6.0600,1.1695,+506,-590,2026-08-13T23:45:35.428844+00:00,0.06,complete
2026-08-13T23:49:21.189615+00:00,9086,chidi njokuani|joel alvarez,joel-alvarez-vs-chidi-njokuani-80608,2026-08-15,UFC 330: Makhachev vs. Machado Garry,ufc,chidi njokuani,joel alvarez,Bookmaker,sportsbook,3.6100,1.3106,+261,-322,2026-08-13T23:31:07.077684+00:00,0.3,complete
2026-08-13T23:49:21.189615+00:00,9086,charles johnson|eduardo henrique da silva,charles-johnson-vs-eduardo-henrique-da-silva-80763,2026-08-15,UFC 330: Makhachev vs. Machado Garry,ufc,charles johnson,eduardo henrique da silva,Novig,exchange,1.8000,2.0200,-125,+102,2026-08-13T23:31:10.088476+00:00,0.3,complete
2026-08-13T23:49:21.189615+00:00,9086,charles johnson|eduardo henrique da silva,charles-johnson-vs-eduardo-henrique-da-silva-80763,2026-08-15,UFC 330: Makhachev vs. Machado Garry,ufc,charles johnson,eduardo henrique da silva,Bookmaker,sportsbook,1.8929,1.9259,-112,-108,2026-08-13T23:31:07.116523+00:00,0.3,complete
2026-08-13T23:49:21.189615+00:00,9086,donte johnson|eric mcconico,donte-johnson-vs-eric-mcconico-80309,2026-08-15,UFC 330: Makhachev vs. Machado Garry,ufc,donte johnson,eric mcconico,Novig,exchange,1.3891,3.4500,-257,+245,2026-08-13T23:45:34.857496+00:00,0.06,complete
2026-08-13T23:49:21.189615+00:00,9086,donte johnson|eric mcconico,donte-johnson-vs-eric-mcconico-80309,2026-08-15,UFC 330: Makhachev vs. Machado Garry,ufc,donte johnson,eric mcconico,Bet365,sportsbook,1.3597,3.2500,-278,+225,2026-08-13T23:31:05.063207+00:00,0.3,complete
2026-08-13T23:49:21.189615+00:00,9086,tresean gore|vicente luque,vicente-luque-vs-tresean-gore-79238,2026-08-15,UFC 330: Makhachev vs. Machado Garry,ufc,tresean gore,vicente luque,4Cx,exchange,1.8929,1.9524,-112,-105,2026-08-13T23:31:35.442533+00:00,0.3,complete
2026-08-13T23:49:21.189615+00:00,9086,tresean gore|vicente luque,vicente-luque-vs-tresean-gore-79238,2026-08-15,UFC 330: Makhachev vs. Machado Garry,ufc,tresean gore,vicente luque,4casters,exchange,1.9091,1.9709,-110,-103,2026-08-13T23:31:04.201204+00:00,0.3,complete
2026-08-13T23:49:21.189615+00:00,9112,kaik brito|namo fazil,namo-fazil-vs-kaik-brito-80340,2026-08-18,Contender Series 2026: Week 2,dwcs,kaik brito,namo fazil,Polymarket,exchange,1.2817,1.8850,-355,-113,2026-08-13T23:34:23.206860+00:00,0.25,complete
2026-08-13T23:49:21.189615+00:00,9112,douglas rodrigues|trent miller,douglas-rodrigues-vs-trent-miller-80341,2026-08-18,Contender Series 2026: Week 2,dwcs,douglas rodrigues,trent miller,Polymarket,exchange,1.1364,2.9400,-733,+194,2026-08-13T23:34:23.288144+00:00,0.25,complete
2026-08-13T23:49:21.189615+00:00,9656,sergey spivak|vitor petrino,sergey-spivak-vs-vitor-petrino-79082,2026-08-22,UFC Fight Night: Hernandez vs. Rodrigues,ufc,sergey spivak,vitor petrino,BetUS,sportsbook,2.3800,1.6061,+138,-165,2026-08-13T23:45:33.731157+00:00,0.06,complete
2026-08-13T23:49:21.189615+00:00,9656,sergey spivak|vitor petrino,sergey-spivak-vs-vitor-petrino-79082,2026-08-22,UFC Fight Night: Hernandez vs. Rodrigues,ufc,sergey spivak,vitor petrino,Bovada,sportsbook,2.4500,1.5882,+145,-170,2026-08-13T23:44:32.043905+00:00,0.08,complete
2026-08-13T23:49:21.189615+00:00,9656,sergey spivak|vitor petrino,sergey-spivak-vs-vitor-petrino-79082,2026-08-22,UFC Fight Night: Hernandez vs. Rodrigues,ufc,sergey spivak,vitor petrino,BetOnline,sportsbook,2.4500,1.6061,+145,-165,2026-08-13T23:41:23.849243+00:00,0.13,complete
2026-08-13T23:49:21.189615+00:00,9697,alexandre pantoja|josh van,josh-van-vs-alexandre-pantoja-80557,2026-09-19,UFC 331: Van vs. Pantoja 2,ufc,alexandre pantoja,josh van,MyBookie,sportsbook,1.9346,1.7752,-107,-129,2026-08-13T23:39:07.708965+00:00,0.17,complete
2026-08-13T23:49:21.189615+00:00,9697,alexandre pantoja|josh van,josh-van-vs-alexandre-pantoja-80557,2026-09-19,UFC 331: Van vs. Pantoja 2,ufc,alexandre pantoja,josh van,DraftKings,sportsbook,1.9804,1.8475,-102,-118,2026-08-13T23:41:03.311963+00:00,0.14,complete
