poll_time,event_pk,pair,fight_slug,event_date,event_name,promotion,side1_key,side2_key,book,book_role,dec1,dec2,amer1,amer2,source_offer_ts,source_change_age_h,cycle_status
2026-10-01T00:04:29.051202+00:00,9743,cong wang|natalia cristina da silva,natalia-cristina-da-silva-vs-cong-wang-81444,2026-10-03,UFC 332: Silva vs. Wang,ufc,cong wang,natalia cristina da silva,Caesars,sportsbook,2.7000,1.4878,+170,-205,2026-09-30T17:06:15.913503+00:00,6.97,complete
2026-10-01T00:04:29.051202+00:00,9743,cong wang|natalia cristina da silva,natalia-cristina-da-silva-vs-cong-wang-81444,2026-10-03,UFC 332: Silva vs. Wang,ufc,cong wang,natalia cristina da silva,BetAnything,sportsbook,2.7500,1.4762,+175,-210,2026-09-30T19:14:34.002965+00:00,4.83,complete
2026-10-01T00:04:29.051202+00:00,9743,cong wang|natalia cristina da silva,natalia-cristina-da-silva-vs-cong-wang-81444,2026-10-03,UFC 332: Silva vs. Wang,ufc,cong wang,natalia cristina da silva,BetUS,sportsbook,2.7400,1.4762,+174,-210,2026-09-30T19:11:18.276637+00:00,4.89,complete
2026-10-01T00:04:29.051202+00:00,9743,cong wang|natalia cristina da silva,natalia-cristina-da-silva-vs-cong-wang-81444,2026-10-03,UFC 332: Silva vs. Wang,ufc,cong wang,natalia cristina da silva,Bet105,sportsbook,2.8000,1.4673,+180,-214,2026-09-30T23:23:21.482079+00:00,0.69,complete
2026-10-01T00:04:29.051202+00:00,9743,cong wang|natalia cristina da silva,natalia-cristina-da-silva-vs-cong-wang-81444,2026-10-03,UFC 332: Silva vs. Wang,ufc,cong wang,natalia cristina da silva,SXBet,exchange,2.6900,1.5236,+169,-191,2026-09-30T23:25:27.447004+00:00,0.65,complete
2026-10-01T00:04:29.051202+00:00,9743,cong wang|natalia cristina da silva,natalia-cristina-da-silva-vs-cong-wang-81444,2026-10-03,UFC 332: Silva vs. Wang,ufc,cong wang,natalia cristina da silva,Bookmaker,sportsbook,2.7600,1.4762,+176,-210,2026-09-30T13:00:48.789559+00:00,11.06,complete
2026-10-01T00:04:29.051202+00:00,9743,cong wang|natalia cristina da silva,natalia-cristina-da-silva-vs-cong-wang-81444,2026-10-03,UFC 332: Silva vs. Wang,ufc,cong wang,natalia cristina da silva,4Cx,exchange,2.7100,1.4854,+171,-206,2026-09-30T22:46:34.185076+00:00,1.3,complete
2026-10-01T00:04:29.051202+00:00,9743,cong wang|natalia cristina da silva,natalia-cristina-da-silva-vs-cong-wang-81444,2026-10-03,UFC 332: Silva vs. Wang,ufc,cong wang,natalia cristina da silva,4casters,exchange,2.7400,1.4950,+174,-202,2026-09-30T22:45:35.640997+00:00,1.31,complete
2026-10-01T00:04:29.051202+00:00,9743,cong wang|natalia cristina da silva,natalia-cristina-da-silva-vs-cong-wang-81444,2026-10-03,UFC 332: Silva vs. Wang,ufc,cong wang,natalia cristina da silva,Bet365,sportsbook,2.7000,1.4808,+170,-208,2026-09-29T18:01:11.857275+00:00,30.05,complete
2026-10-01T00:04:29.051202+00:00,9743,cong wang|natalia cristina da silva,natalia-cristina-da-silva-vs-cong-wang-81444,2026-10-03,UFC 332: Silva vs. Wang,ufc,cong wang,natalia cristina da silva,Bovada,sportsbook,2.6800,1.5051,+168,-198,2026-09-30T20:04:22.527538+00:00,4.0,complete
2026-10-01T00:04:29.051202+00:00,9743,cong wang|natalia cristina da silva,natalia-cristina-da-silva-vs-cong-wang-81444,2026-10-03,UFC 332: Silva vs. Wang,ufc,cong wang,natalia cristina da silva,BetMGM,sportsbook,2.7000,1.4762,+170,-210,2026-09-30T13:07:31.450496+00:00,10.95,complete
2026-10-01T00:04:29.051202+00:00,9743,cong wang|natalia cristina da silva,natalia-cristina-da-silva-vs-cong-wang-81444,2026-10-03,UFC 332: Silva vs. Wang,ufc,cong wang,natalia cristina da silva,ProphetX,exchange,2.7000,1.4651,+170,-215,2026-09-30T23:21:26.774985+00:00,0.72,complete
2026-10-01T00:04:29.051202+00:00,9743,cong wang|natalia cristina da silva,natalia-cristina-da-silva-vs-cong-wang-81444,2026-10-03,UFC 332: Silva vs. Wang,ufc,cong wang,natalia cristina da silva,Pinnacle,sportsbook,2.8000,1.4673,+180,-214,2026-09-30T23:50:36.411608+00:00,0.23,complete
2026-10-01T00:04:29.051202+00:00,9743,cong wang|natalia cristina da silva,natalia-cristina-da-silva-vs-cong-wang-81444,2026-10-03,UFC 332: Silva vs. Wang,ufc,cong wang,natalia cristina da silva,Cloudbet,sportsbook,2.7000,1.4292,+170,-233,2026-09-30T23:22:30.839726+00:00,0.7,complete
2026-10-01T00:04:29.051202+00:00,9743,cong wang|natalia cristina da silva,natalia-cristina-da-silva-vs-cong-wang-81444,2026-10-03,UFC 332: Silva vs. Wang,ufc,cong wang,natalia cristina da silva,Kalshi,exchange,2.8600,1.5155,+186,-194,2026-09-30T05:39:07.597158+00:00,18.42,complete
2026-10-01T00:04:29.051202+00:00,9743,cong wang|natalia cristina da silva,natalia-cristina-da-silva-vs-cong-wang-81444,2026-10-03,UFC 332: Silva vs. Wang,ufc,cong wang,natalia cristina da silva,Novig,exchange,2.8600,1.4926,+186,-203,2026-09-30T23:31:12.403754+00:00,0.55,complete
2026-10-01T00:04:29.051202+00:00,9743,cong wang|natalia cristina da silva,natalia-cristina-da-silva-vs-cong-wang-81444,2026-10-03,UFC 332: Silva vs. Wang,ufc,cong wang,natalia cristina da silva,Polymarket,exchange,2.8600,1.5155,+186,-194,2026-09-30T17:44:16.468170+00:00,6.34,complete
2026-10-01T00:04:29.051202+00:00,9743,cong wang|natalia cristina da silva,natalia-cristina-da-silva-vs-cong-wang-81444,2026-10-03,UFC 332: Silva vs. Wang,ufc,cong wang,natalia cristina da silva,Polymarket(US),exchange,2.8600,1.5155,+186,-194,2026-09-29T01:31:30.587860+00:00,46.55,complete
2026-10-01T00:04:29.051202+00:00,9743,cong wang|natalia cristina da silva,natalia-cristina-da-silva-vs-cong-wang-81444,2026-10-03,UFC 332: Silva vs. Wang,ufc,cong wang,natalia cristina da silva,Circa,sportsbook,2.8000,1.4762,+180,-210,2026-09-22T01:32:35.261449+00:00,214.53,complete
2026-10-01T00:04:29.051202+00:00,9743,cong wang|natalia cristina da silva,natalia-cristina-da-silva-vs-cong-wang-81444,2026-10-03,UFC 332: Silva vs. Wang,ufc,cong wang,natalia cristina da silva,YouWager,sportsbook,2.6900,1.5000,+169,-200,2026-09-30T21:01:06.265706+00:00,3.06,complete
2026-10-01T00:04:29.051202+00:00,9743,cong wang|natalia cristina da silva,natalia-cristina-da-silva-vs-cong-wang-81444,2026-10-03,UFC 332: Silva vs. Wang,ufc,cong wang,natalia cristina da silva,Stake,sportsbook,2.6500,1.4902,+165,-204,2026-09-30T21:25:36.939832+00:00,2.65,complete
2026-10-01T00:04:29.051202+00:00,9743,cong wang|natalia cristina da silva,natalia-cristina-da-silva-vs-cong-wang-81444,2026-10-03,UFC 332: Silva vs. Wang,ufc,cong wang,natalia cristina da silva,MyBookie,sportsbook,2.6100,1.4762,+161,-210,2026-09-30T21:04:21.722727+00:00,3.0,complete
2026-10-01T00:04:29.051202+00:00,9743,cong wang|natalia cristina da silva,natalia-cristina-da-silva-vs-cong-wang-81444,2026-10-03,UFC 332: Silva vs. Wang,ufc,cong wang,natalia cristina da silva,ReBet,sportsbook,2.6100,1.4762,+161,-210,2026-09-30T21:03:06.549960+00:00,3.02,complete
2026-10-01T00:04:29.051202+00:00,9743,cong wang|natalia cristina da silva,natalia-cristina-da-silva-vs-cong-wang-81444,2026-10-03,UFC 332: Silva vs. Wang,ufc,cong wang,natalia cristina da silva,HardRockBet,sportsbook,2.6500,1.5000,+165,-200,2026-09-22T10:12:16.391623+00:00,205.87,complete
2026-10-01T00:04:29.051202+00:00,9743,cong wang|natalia cristina da silva,natalia-cristina-da-silva-vs-cong-wang-81444,2026-10-03,UFC 332: Silva vs. Wang,ufc,cong wang,natalia cristina da silva,Betway,sportsbook,2.7500,1.4444,+175,-225,2026-09-08T19:01:39.507626+00:00,533.05,complete
2026-10-01T00:04:29.051202+00:00,9743,cong wang|natalia cristina da silva,natalia-cristina-da-silva-vs-cong-wang-81444,2026-10-03,UFC 332: Silva vs. Wang,ufc,cong wang,natalia cristina da silva,FanDuel,sportsbook,2.6400,1.4651,+164,-215,2026-09-30T13:15:51.848831+00:00,10.81,complete
2026-10-01T00:04:29.051202+00:00,9743,cong wang|natalia cristina da silva,natalia-cristina-da-silva-vs-cong-wang-81444,2026-10-03,UFC 332: Silva vs. Wang,ufc,cong wang,natalia cristina da silva,BetRivers,sportsbook,2.6300,1.4902,+163,-204,2026-09-22T10:15:41.904559+00:00,205.81,complete
2026-10-01T00:04:29.051202+00:00,9743,cong wang|natalia cristina da silva,natalia-cristina-da-silva-vs-cong-wang-81444,2026-10-03,UFC 332: Silva vs. Wang,ufc,cong wang,natalia cristina da silva,BetOnline,sportsbook,2.6900,1.5000,+169,-200,2026-09-30T20:56:32.138632+00:00,3.13,complete
2026-10-01T00:04:29.051202+00:00,9743,cong wang|natalia cristina da silva,natalia-cristina-da-silva-vs-cong-wang-81444,2026-10-03,UFC 332: Silva vs. Wang,ufc,cong wang,natalia cristina da silva,DraftKings,sportsbook,2.7000,1.4878,+170,-205,2026-09-28T19:10:39.059435+00:00,52.9,complete
2026-10-01T00:04:29.051202+00:00,9743,deiveson figueiredo|payton talbott,payton-talbott-vs-deiveson-figueiredo-80750,2026-10-03,UFC 332: Silva vs. Wang,ufc,deiveson figueiredo,payton talbott,BetAnything,sportsbook,5.2500,1.1333,+425,-750,2026-09-30T23:19:17.914212+00:00,0.75,complete
2026-10-01T00:04:29.051202+00:00,9743,deiveson figueiredo|payton talbott,payton-talbott-vs-deiveson-figueiredo-80750,2026-10-03,UFC 332: Silva vs. Wang,ufc,deiveson figueiredo,payton talbott,BetUS,sportsbook,5.7500,1.1429,+475,-700,2026-09-30T23:20:35.660508+00:00,0.73,complete
2026-10-01T00:04:29.051202+00:00,9743,deiveson figueiredo|payton talbott,payton-talbott-vs-deiveson-figueiredo-80750,2026-10-03,UFC 332: Silva vs. Wang,ufc,deiveson figueiredo,payton talbott,4Cx,exchange,6.4200,1.1524,+542,-656,2026-09-30T23:06:33.380062+00:00,0.97,complete
2026-10-01T00:04:29.051202+00:00,9743,deiveson figueiredo|payton talbott,payton-talbott-vs-deiveson-figueiredo-80750,2026-10-03,UFC 332: Silva vs. Wang,ufc,deiveson figueiredo,payton talbott,4casters,exchange,6.5400,1.1543,+554,-648,2026-09-30T23:15:30.985383+00:00,0.82,complete
2026-10-01T00:04:29.051202+00:00,9743,deiveson figueiredo|payton talbott,payton-talbott-vs-deiveson-figueiredo-80750,2026-10-03,UFC 332: Silva vs. Wang,ufc,deiveson figueiredo,payton talbott,SXBet,exchange,6.6100,1.1560,+561,-641,2026-09-30T23:05:17.974452+00:00,0.99,complete
2026-10-01T00:04:29.051202+00:00,9743,deiveson figueiredo|payton talbott,payton-talbott-vs-deiveson-figueiredo-80750,2026-10-03,UFC 332: Silva vs. Wang,ufc,deiveson figueiredo,payton talbott,Bookmaker,sportsbook,6.1700,1.1389,+517,-720,2026-09-30T22:15:56.067783+00:00,1.81,complete
2026-10-01T00:04:29.051202+00:00,9743,deiveson figueiredo|payton talbott,payton-talbott-vs-deiveson-figueiredo-80750,2026-10-03,UFC 332: Silva vs. Wang,ufc,deiveson figueiredo,payton talbott,BetMGM,sportsbook,5.7500,1.1538,+475,-650,2026-09-27T03:07:22.081640+00:00,92.95,complete
2026-10-01T00:04:29.051202+00:00,9743,deiveson figueiredo|payton talbott,payton-talbott-vs-deiveson-figueiredo-80750,2026-10-03,UFC 332: Silva vs. Wang,ufc,deiveson figueiredo,payton talbott,Bet105,sportsbook,5.9400,1.1493,+494,-670,2026-09-30T23:08:44.122605+00:00,0.93,complete
2026-10-01T00:04:29.051202+00:00,9743,deiveson figueiredo|payton talbott,payton-talbott-vs-deiveson-figueiredo-80750,2026-10-03,UFC 332: Silva vs. Wang,ufc,deiveson figueiredo,payton talbott,Circa,sportsbook,6.7500,1.1250,+575,-800,2026-09-30T23:06:38.051775+00:00,0.96,complete
2026-10-01T00:04:29.051202+00:00,9743,deiveson figueiredo|payton talbott,payton-talbott-vs-deiveson-figueiredo-80750,2026-10-03,UFC 332: Silva vs. Wang,ufc,deiveson figueiredo,payton talbott,Bet365,sportsbook,6.2500,1.1300,+525,-769,2026-09-30T09:01:13.037757+00:00,15.05,complete
2026-10-01T00:04:29.051202+00:00,9743,deiveson figueiredo|payton talbott,payton-talbott-vs-deiveson-figueiredo-80750,2026-10-03,UFC 332: Silva vs. Wang,ufc,deiveson figueiredo,payton talbott,Bovada,sportsbook,6.2500,1.1333,+525,-750,2026-09-30T22:59:25.191522+00:00,1.08,complete
2026-10-01T00:04:29.051202+00:00,9743,deiveson figueiredo|payton talbott,payton-talbott-vs-deiveson-figueiredo-80750,2026-10-03,UFC 332: Silva vs. Wang,ufc,deiveson figueiredo,payton talbott,ProphetX,exchange,5.8000,1.1587,+480,-630,2026-09-30T23:21:26.789654+00:00,0.72,complete
2026-10-01T00:04:29.051202+00:00,9743,deiveson figueiredo|payton talbott,payton-talbott-vs-deiveson-figueiredo-80750,2026-10-03,UFC 332: Silva vs. Wang,ufc,deiveson figueiredo,payton talbott,Pinnacle,sportsbook,5.9400,1.1493,+494,-670,2026-09-30T23:20:59.279287+00:00,0.72,complete
2026-10-01T00:04:29.051202+00:00,9743,deiveson figueiredo|payton talbott,payton-talbott-vs-deiveson-figueiredo-80750,2026-10-03,UFC 332: Silva vs. Wang,ufc,deiveson figueiredo,payton talbott,Cloudbet,sportsbook,5.8000,1.1200,+480,-833,2026-09-30T23:07:24.440460+00:00,0.95,complete
2026-10-01T00:04:29.051202+00:00,9743,deiveson figueiredo|payton talbott,payton-talbott-vs-deiveson-figueiredo-80750,2026-10-03,UFC 332: Silva vs. Wang,ufc,deiveson figueiredo,payton talbott,Kalshi,exchange,5.8800,1.1905,+488,-525,2026-09-30T22:24:23.756413+00:00,1.67,complete
2026-10-01T00:04:29.051202+00:00,9743,deiveson figueiredo|payton talbott,payton-talbott-vs-deiveson-figueiredo-80750,2026-10-03,UFC 332: Silva vs. Wang,ufc,deiveson figueiredo,payton talbott,Polymarket,exchange,5.8800,1.1905,+488,-525,2026-09-29T21:09:15.505413+00:00,26.92,complete
2026-10-01T00:04:29.051202+00:00,9743,deiveson figueiredo|payton talbott,payton-talbott-vs-deiveson-figueiredo-80750,2026-10-03,UFC 332: Silva vs. Wang,ufc,deiveson figueiredo,payton talbott,Polymarket(US),exchange,5.8800,1.1905,+488,-525,2026-09-30T23:15:44.322891+00:00,0.81,complete
2026-10-01T00:04:29.051202+00:00,9743,deiveson figueiredo|payton talbott,payton-talbott-vs-deiveson-figueiredo-80750,2026-10-03,UFC 332: Silva vs. Wang,ufc,deiveson figueiredo,payton talbott,Novig,exchange,6.0600,1.1764,+506,-567,2026-09-30T23:45:37.717804+00:00,0.31,complete
2026-10-01T00:04:29.051202+00:00,9743,deiveson figueiredo|payton talbott,payton-talbott-vs-deiveson-figueiredo-80750,2026-10-03,UFC 332: Silva vs. Wang,ufc,deiveson figueiredo,payton talbott,HardRockBet,sportsbook,5.5000,1.1429,+450,-700,2026-09-21T16:12:18.458308+00:00,223.87,complete
2026-10-01T00:04:29.051202+00:00,9743,deiveson figueiredo|payton talbott,payton-talbott-vs-deiveson-figueiredo-80750,2026-10-03,UFC 332: Silva vs. Wang,ufc,deiveson figueiredo,payton talbott,Caesars,sportsbook,5.6000,1.1538,+460,-650,2026-09-30T23:05:33.953929+00:00,0.98,complete
2026-10-01T00:04:29.051202+00:00,9743,deiveson figueiredo|payton talbott,payton-talbott-vs-deiveson-figueiredo-80750,2026-10-03,UFC 332: Silva vs. Wang,ufc,deiveson figueiredo,payton talbott,BetRivers,sportsbook,5.6000,1.1401,+460,-714,2026-09-21T16:01:47.590674+00:00,224.04,complete
2026-10-01T00:04:29.051202+00:00,9743,deiveson figueiredo|payton talbott,payton-talbott-vs-deiveson-figueiredo-80750,2026-10-03,UFC 332: Silva vs. Wang,ufc,deiveson figueiredo,payton talbott,Betway,sportsbook,5.5000,1.1541,+450,-649,2026-09-28T18:36:23.043088+00:00,53.47,complete
2026-10-01T00:04:29.051202+00:00,9743,deiveson figueiredo|payton talbott,payton-talbott-vs-deiveson-figueiredo-80750,2026-10-03,UFC 332: Silva vs. Wang,ufc,deiveson figueiredo,payton talbott,MyBookie,sportsbook,5.7000,1.1330,+470,-752,2026-09-30T23:24:40.664491+00:00,0.66,complete
2026-10-01T00:04:29.051202+00:00,9743,deiveson figueiredo|payton talbott,payton-talbott-vs-deiveson-figueiredo-80750,2026-10-03,UFC 332: Silva vs. Wang,ufc,deiveson figueiredo,payton talbott,FanDuel,sportsbook,5.2000,1.1538,+420,-650,2026-09-30T13:46:01.736202+00:00,10.31,complete
2026-10-01T00:04:29.051202+00:00,9743,deiveson figueiredo|payton talbott,payton-talbott-vs-deiveson-figueiredo-80750,2026-10-03,UFC 332: Silva vs. Wang,ufc,deiveson figueiredo,payton talbott,Stake,sportsbook,6.0000,1.1401,+500,-714,2026-09-30T23:25:43.989219+00:00,0.65,complete
2026-10-01T00:04:29.051202+00:00,9743,deiveson figueiredo|payton talbott,payton-talbott-vs-deiveson-figueiredo-80750,2026-10-03,UFC 332: Silva vs. Wang,ufc,deiveson figueiredo,payton talbott,DraftKings,sportsbook,5.9000,1.1481,+490,-675,2026-09-30T23:42:41.340896+00:00,0.36,complete
2026-10-01T00:04:29.051202+00:00,9743,deiveson figueiredo|payton talbott,payton-talbott-vs-deiveson-figueiredo-80750,2026-10-03,UFC 332: Silva vs. Wang,ufc,deiveson figueiredo,payton talbott,ReBet,sportsbook,5.7000,1.1330,+470,-752,2026-09-30T23:32:33.855343+00:00,0.53,complete
2026-10-01T00:04:29.051202+00:00,9743,deiveson figueiredo|payton talbott,payton-talbott-vs-deiveson-figueiredo-80750,2026-10-03,UFC 332: Silva vs. Wang,ufc,deiveson figueiredo,payton talbott,YouWager,sportsbook,6.1200,1.1429,+512,-700,2026-09-30T23:20:35.176440+00:00,0.73,complete
2026-10-01T00:04:29.051202+00:00,9743,deiveson figueiredo|payton talbott,payton-talbott-vs-deiveson-figueiredo-80750,2026-10-03,UFC 332: Silva vs. Wang,ufc,deiveson figueiredo,payton talbott,BetOnline,sportsbook,6.1200,1.1429,+512,-700,2026-09-30T23:16:29.888450+00:00,0.8,complete
2026-10-01T00:04:29.051202+00:00,9743,bobby green|esteban ribovics,bobby-green-vs-esteban-ribovics-81445,2026-10-03,UFC 332: Silva vs. Wang,ufc,bobby green,esteban ribovics,BetAnything,sportsbook,2.8500,1.4255,+185,-235,2026-09-30T23:24:39.217162+00:00,0.66,complete
2026-10-01T00:04:29.051202+00:00,9743,bobby green|esteban ribovics,bobby-green-vs-esteban-ribovics-81445,2026-10-03,UFC 332: Silva vs. Wang,ufc,bobby green,esteban ribovics,BetUS,sportsbook,2.9400,1.4255,+194,-235,2026-09-30T23:25:25.682072+00:00,0.65,complete
2026-10-01T00:04:29.051202+00:00,9743,bobby green|esteban ribovics,bobby-green-vs-esteban-ribovics-81445,2026-10-03,UFC 332: Silva vs. Wang,ufc,bobby green,esteban ribovics,Pinnacle,sportsbook,2.9500,1.4292,+195,-233,2026-09-30T19:20:40.424525+00:00,4.73,complete
2026-10-01T00:04:29.051202+00:00,9743,bobby green|esteban ribovics,bobby-green-vs-esteban-ribovics-81445,2026-10-03,UFC 332: Silva vs. Wang,ufc,bobby green,esteban ribovics,ProphetX,exchange,2.8400,1.4255,+184,-235,2026-09-30T20:46:25.426629+00:00,3.3,complete
2026-10-01T00:04:29.051202+00:00,9743,bobby green|esteban ribovics,bobby-green-vs-esteban-ribovics-81445,2026-10-03,UFC 332: Silva vs. Wang,ufc,bobby green,esteban ribovics,SXBet,exchange,2.9300,1.4717,+193,-212,2026-09-30T21:20:32.187770+00:00,2.73,complete
2026-10-01T00:04:29.051202+00:00,9743,bobby green|esteban ribovics,bobby-green-vs-esteban-ribovics-81445,2026-10-03,UFC 332: Silva vs. Wang,ufc,bobby green,esteban ribovics,Bet105,sportsbook,2.9400,1.4329,+194,-231,2026-09-30T18:58:38.706604+00:00,5.1,complete
2026-10-01T00:04:29.051202+00:00,9743,bobby green|esteban ribovics,bobby-green-vs-esteban-ribovics-81445,2026-10-03,UFC 332: Silva vs. Wang,ufc,bobby green,esteban ribovics,Cloudbet,sportsbook,2.8500,1.4000,+185,-250,2026-09-30T18:57:36.768938+00:00,5.11,complete
2026-10-01T00:04:29.051202+00:00,9743,bobby green|esteban ribovics,bobby-green-vs-esteban-ribovics-81445,2026-10-03,UFC 332: Silva vs. Wang,ufc,bobby green,esteban ribovics,Bookmaker,sportsbook,2.7700,1.4717,+177,-212,2026-09-30T22:15:56.161690+00:00,1.81,complete
2026-10-01T00:04:29.051202+00:00,9743,bobby green|esteban ribovics,bobby-green-vs-esteban-ribovics-81445,2026-10-03,UFC 332: Silva vs. Wang,ufc,bobby green,esteban ribovics,YouWager,sportsbook,2.9200,1.4348,+192,-230,2026-09-30T19:15:29.132645+00:00,4.82,complete
2026-10-01T00:04:29.051202+00:00,9743,bobby green|esteban ribovics,bobby-green-vs-esteban-ribovics-81445,2026-10-03,UFC 332: Silva vs. Wang,ufc,bobby green,esteban ribovics,HardRockBet,sportsbook,2.9500,1.4000,+195,-250,2026-09-29T13:57:20.730377+00:00,34.12,complete
2026-10-01T00:04:29.051202+00:00,9743,bobby green|esteban ribovics,bobby-green-vs-esteban-ribovics-81445,2026-10-03,UFC 332: Silva vs. Wang,ufc,bobby green,esteban ribovics,FanDuel,sportsbook,3.0000,1.3774,+200,-265,2026-09-30T13:46:01.925040+00:00,10.31,complete
2026-10-01T00:04:29.051202+00:00,9743,bobby green|esteban ribovics,bobby-green-vs-esteban-ribovics-81445,2026-10-03,UFC 332: Silva vs. Wang,ufc,bobby green,esteban ribovics,DraftKings,sportsbook,2.9500,1.4202,+195,-238,2026-09-30T19:11:29.212380+00:00,4.88,complete
2026-10-01T00:04:29.051202+00:00,9743,bobby green|esteban ribovics,bobby-green-vs-esteban-ribovics-81445,2026-10-03,UFC 332: Silva vs. Wang,ufc,bobby green,esteban ribovics,4Cx,exchange,2.8500,1.4505,+185,-222,2026-09-30T22:16:48.050689+00:00,1.79,complete
2026-10-01T00:04:29.051202+00:00,9743,bobby green|esteban ribovics,bobby-green-vs-esteban-ribovics-81445,2026-10-03,UFC 332: Silva vs. Wang,ufc,bobby green,esteban ribovics,4casters,exchange,2.8900,1.4608,+189,-217,2026-09-30T21:20:32.963783+00:00,2.73,complete
2026-10-01T00:04:29.051202+00:00,9743,bobby green|esteban ribovics,bobby-green-vs-esteban-ribovics-81445,2026-10-03,UFC 332: Silva vs. Wang,ufc,bobby green,esteban ribovics,BetMGM,sportsbook,3.0000,1.4000,+200,-250,2026-09-29T12:37:17.590140+00:00,35.45,complete
2026-10-01T00:04:29.051202+00:00,9743,bobby green|esteban ribovics,bobby-green-vs-esteban-ribovics-81445,2026-10-03,UFC 332: Silva vs. Wang,ufc,bobby green,esteban ribovics,BetRivers,sportsbook,2.9500,1.4000,+195,-250,2026-09-29T13:46:21.031215+00:00,34.3,complete
2026-10-01T00:04:29.051202+00:00,9743,bobby green|esteban ribovics,bobby-green-vs-esteban-ribovics-81445,2026-10-03,UFC 332: Silva vs. Wang,ufc,bobby green,esteban ribovics,Bovada,sportsbook,2.9500,1.4255,+195,-235,2026-09-30T19:04:20.911786+00:00,5.0,complete
2026-10-01T00:04:29.051202+00:00,9743,bobby green|esteban ribovics,bobby-green-vs-esteban-ribovics-81445,2026-10-03,UFC 332: Silva vs. Wang,ufc,bobby green,esteban ribovics,Caesars,sportsbook,2.9000,1.4348,+190,-230,2026-09-30T23:05:33.948636+00:00,0.98,complete
2026-10-01T00:04:29.051202+00:00,9743,bobby green|esteban ribovics,bobby-green-vs-esteban-ribovics-81445,2026-10-03,UFC 332: Silva vs. Wang,ufc,bobby green,esteban ribovics,Circa,sportsbook,3.3500,1.4255,+235,-235,2026-09-30T23:21:34.441683+00:00,0.72,complete
2026-10-01T00:04:29.051202+00:00,9743,bobby green|esteban ribovics,bobby-green-vs-esteban-ribovics-81445,2026-10-03,UFC 332: Silva vs. Wang,ufc,bobby green,esteban ribovics,Bet365,sportsbook,3.0000,1.4000,+200,-250,2026-09-30T17:30:45.591474+00:00,6.56,complete
2026-10-01T00:04:29.051202+00:00,9743,bobby green|esteban ribovics,bobby-green-vs-esteban-ribovics-81445,2026-10-03,UFC 332: Silva vs. Wang,ufc,bobby green,esteban ribovics,BetOnline,sportsbook,2.9200,1.4348,+192,-230,2026-09-30T19:14:24.716206+00:00,4.83,complete
2026-10-01T00:04:29.051202+00:00,9743,bobby green|esteban ribovics,bobby-green-vs-esteban-ribovics-81445,2026-10-03,UFC 332: Silva vs. Wang,ufc,bobby green,esteban ribovics,Stake,sportsbook,2.8500,1.4292,+185,-233,2026-09-30T19:25:23.911292+00:00,4.65,complete
2026-10-01T00:04:29.051202+00:00,9743,bobby green|esteban ribovics,bobby-green-vs-esteban-ribovics-81445,2026-10-03,UFC 332: Silva vs. Wang,ufc,bobby green,esteban ribovics,Betway,sportsbook,2.7500,1.4444,+175,-225,2026-09-28T21:46:20.029660+00:00,50.3,complete
2026-10-01T00:04:29.051202+00:00,9743,bobby green|esteban ribovics,bobby-green-vs-esteban-ribovics-81445,2026-10-03,UFC 332: Silva vs. Wang,ufc,bobby green,esteban ribovics,MyBookie,sportsbook,2.8300,1.4167,+183,-240,2026-09-30T19:24:27.060947+00:00,4.67,complete
2026-10-01T00:04:29.051202+00:00,9743,bobby green|esteban ribovics,bobby-green-vs-esteban-ribovics-81445,2026-10-03,UFC 332: Silva vs. Wang,ufc,bobby green,esteban ribovics,ReBet,sportsbook,2.8300,1.4167,+183,-240,2026-09-30T19:15:57.436083+00:00,4.81,complete
2026-10-01T00:04:29.051202+00:00,9743,bobby green|esteban ribovics,bobby-green-vs-esteban-ribovics-81445,2026-10-03,UFC 332: Silva vs. Wang,ufc,bobby green,esteban ribovics,Novig,exchange,2.9400,1.4695,+194,-213,2026-09-30T23:45:37.603740+00:00,0.31,complete
2026-10-01T00:04:29.051202+00:00,9743,bobby green|esteban ribovics,bobby-green-vs-esteban-ribovics-81445,2026-10-03,UFC 332: Silva vs. Wang,ufc,bobby green,esteban ribovics,Kalshi,exchange,2.9400,1.4695,+194,-213,2026-09-29T18:44:32.811060+00:00,29.33,complete
2026-10-01T00:04:29.051202+00:00,9743,bobby green|esteban ribovics,bobby-green-vs-esteban-ribovics-81445,2026-10-03,UFC 332: Silva vs. Wang,ufc,bobby green,esteban ribovics,Polymarket,exchange,3.1200,1.4484,+212,-223,2026-09-30T19:04:19.557986+00:00,5.0,complete
2026-10-01T00:04:29.051202+00:00,9743,bobby green|esteban ribovics,bobby-green-vs-esteban-ribovics-81445,2026-10-03,UFC 332: Silva vs. Wang,ufc,bobby green,esteban ribovics,Polymarket(US),exchange,3.0300,1.4695,+203,-213,2026-09-28T01:31:00.857146+00:00,70.56,complete
2026-10-01T00:04:29.051202+00:00,9743,khaos williams|roberto soldic,khaos-williams-vs-roberto-soldic-81446,2026-10-03,UFC 332: Silva vs. Wang,ufc,khaos williams,roberto soldic,BetAnything,sportsbook,3.0000,1.3846,+200,-260,2026-09-30T20:29:20.341696+00:00,3.59,complete
2026-10-01T00:04:29.051202+00:00,9743,khaos williams|roberto soldic,khaos-williams-vs-roberto-soldic-81446,2026-10-03,UFC 332: Silva vs. Wang,ufc,khaos williams,roberto soldic,BetUS,sportsbook,3.1800,1.3774,+218,-265,2026-09-30T20:31:15.415682+00:00,3.55,complete
2026-10-01T00:04:29.051202+00:00,9743,khaos williams|roberto soldic,khaos-williams-vs-roberto-soldic-81446,2026-10-03,UFC 332: Silva vs. Wang,ufc,khaos williams,roberto soldic,Pinnacle,sportsbook,3.1000,1.3968,+210,-252,2026-09-30T20:50:37.177969+00:00,3.23,complete
2026-10-01T00:04:29.051202+00:00,9743,khaos williams|roberto soldic,khaos-williams-vs-roberto-soldic-81446,2026-10-03,UFC 332: Silva vs. Wang,ufc,khaos williams,roberto soldic,ProphetX,exchange,2.9600,1.3846,+196,-260,2026-09-30T22:06:23.216071+00:00,1.97,complete
2026-10-01T00:04:29.051202+00:00,9743,khaos williams|roberto soldic,khaos-williams-vs-roberto-soldic-81446,2026-10-03,UFC 332: Silva vs. Wang,ufc,khaos williams,roberto soldic,4casters,exchange,3.2400,1.4184,+224,-239,2026-09-30T23:10:57.414492+00:00,0.89,complete
2026-10-01T00:04:29.051202+00:00,9743,khaos williams|roberto soldic,khaos-williams-vs-roberto-soldic-81446,2026-10-03,UFC 332: Silva vs. Wang,ufc,khaos williams,roberto soldic,Bet105,sportsbook,3.1000,1.3968,+210,-252,2026-09-30T20:28:29.585720+00:00,3.6,complete
2026-10-01T00:04:29.051202+00:00,9743,khaos williams|roberto soldic,khaos-williams-vs-roberto-soldic-81446,2026-10-03,UFC 332: Silva vs. Wang,ufc,khaos williams,roberto soldic,Cloudbet,sportsbook,3.0000,1.3597,+200,-278,2026-09-30T20:32:21.199205+00:00,3.54,complete
2026-10-01T00:04:29.051202+00:00,9743,khaos williams|roberto soldic,khaos-williams-vs-roberto-soldic-81446,2026-10-03,UFC 332: Silva vs. Wang,ufc,khaos williams,roberto soldic,Bookmaker,sportsbook,2.9900,1.4167,+199,-240,2026-09-30T23:15:31.195512+00:00,0.82,complete
2026-10-01T00:04:29.051202+00:00,9743,khaos williams|roberto soldic,khaos-williams-vs-roberto-soldic-81446,2026-10-03,UFC 332: Silva vs. Wang,ufc,khaos williams,roberto soldic,4Cx,exchange,3.2000,1.4098,+220,-244,2026-09-30T23:11:07.164247+00:00,0.89,complete
2026-10-01T00:04:29.051202+00:00,9743,khaos williams|roberto soldic,khaos-williams-vs-roberto-soldic-81446,2026-10-03,UFC 332: Silva vs. Wang,ufc,khaos williams,roberto soldic,YouWager,sportsbook,3.1500,1.3846,+215,-260,2026-09-30T20:31:14.084698+00:00,3.55,complete
2026-10-01T00:04:29.051202+00:00,9743,khaos williams|roberto soldic,khaos-williams-vs-roberto-soldic-81446,2026-10-03,UFC 332: Silva vs. Wang,ufc,khaos williams,roberto soldic,HardRockBet,sportsbook,3.2500,1.3333,+225,-300,2026-09-30T20:42:23.067773+00:00,3.37,complete
2026-10-01T00:04:29.051202+00:00,9743,khaos williams|roberto soldic,khaos-williams-vs-roberto-soldic-81446,2026-10-03,UFC 332: Silva vs. Wang,ufc,khaos williams,roberto soldic,FanDuel,sportsbook,3.1000,1.3571,+210,-280,2026-09-30T20:45:44.631867+00:00,3.31,complete
2026-10-01T00:04:29.051202+00:00,9743,khaos williams|roberto soldic,khaos-williams-vs-roberto-soldic-81446,2026-10-03,UFC 332: Silva vs. Wang,ufc,khaos williams,roberto soldic,DraftKings,sportsbook,3.1500,1.3774,+215,-265,2026-09-30T20:41:28.004805+00:00,3.38,complete
2026-10-01T00:04:29.051202+00:00,9743,khaos williams|roberto soldic,khaos-williams-vs-roberto-soldic-81446,2026-10-03,UFC 332: Silva vs. Wang,ufc,khaos williams,roberto soldic,BetMGM,sportsbook,3.2500,1.3636,+225,-275,2026-09-30T22:22:29.311592+00:00,1.7,complete
2026-10-01T00:04:29.051202+00:00,9743,khaos williams|roberto soldic,khaos-williams-vs-roberto-soldic-81446,2026-10-03,UFC 332: Silva vs. Wang,ufc,khaos williams,roberto soldic,BetRivers,sportsbook,3.2500,1.3401,+225,-294,2026-09-30T20:46:23.140764+00:00,3.3,complete
2026-10-01T00:04:29.051202+00:00,9743,khaos williams|roberto soldic,khaos-williams-vs-roberto-soldic-81446,2026-10-03,UFC 332: Silva vs. Wang,ufc,khaos williams,roberto soldic,Bovada,sportsbook,3.2000,1.3704,+220,-270,2026-09-30T22:14:20.801354+00:00,1.84,complete
2026-10-01T00:04:29.051202+00:00,9743,khaos williams|roberto soldic,khaos-williams-vs-roberto-soldic-81446,2026-10-03,UFC 332: Silva vs. Wang,ufc,khaos williams,roberto soldic,Caesars,sportsbook,3.0500,1.4000,+205,-250,2026-09-30T23:05:33.943125+00:00,0.98,complete
2026-10-01T00:04:29.051202+00:00,9743,khaos williams|roberto soldic,khaos-williams-vs-roberto-soldic-81446,2026-10-03,UFC 332: Silva vs. Wang,ufc,khaos williams,roberto soldic,Circa,sportsbook,3.2000,1.3846,+220,-260,2026-09-30T20:33:01.221854+00:00,3.52,complete
2026-10-01T00:04:29.051202+00:00,9743,khaos williams|roberto soldic,khaos-williams-vs-roberto-soldic-81446,2026-10-03,UFC 332: Silva vs. Wang,ufc,khaos williams,roberto soldic,Bet365,sportsbook,3.4000,1.3300,+240,-303,2026-09-29T17:30:58.260425+00:00,30.56,complete
2026-10-01T00:04:29.051202+00:00,9743,khaos williams|roberto soldic,khaos-williams-vs-roberto-soldic-81446,2026-10-03,UFC 332: Silva vs. Wang,ufc,khaos williams,roberto soldic,BetOnline,sportsbook,3.1500,1.3846,+215,-260,2026-09-30T20:31:13.155832+00:00,3.55,complete
2026-10-01T00:04:29.051202+00:00,9743,khaos williams|roberto soldic,khaos-williams-vs-roberto-soldic-81446,2026-10-03,UFC 332: Silva vs. Wang,ufc,khaos williams,roberto soldic,Stake,sportsbook,3.1000,1.3704,+210,-270,2026-09-30T21:25:38.383484+00:00,2.65,complete
2026-10-01T00:04:29.051202+00:00,9743,khaos williams|roberto soldic,khaos-williams-vs-roberto-soldic-81446,2026-10-03,UFC 332: Silva vs. Wang,ufc,khaos williams,roberto soldic,MyBookie,sportsbook,3.1500,1.3472,+215,-288,2026-09-30T20:39:17.549228+00:00,3.42,complete
2026-10-01T00:04:29.051202+00:00,9743,khaos williams|roberto soldic,khaos-williams-vs-roberto-soldic-81446,2026-10-03,UFC 332: Silva vs. Wang,ufc,khaos williams,roberto soldic,ReBet,sportsbook,3.0800,1.3636,+208,-275,2026-09-30T20:46:10.422222+00:00,3.31,complete
2026-10-01T00:04:29.051202+00:00,9743,khaos williams|roberto soldic,khaos-williams-vs-roberto-soldic-81446,2026-10-03,UFC 332: Silva vs. Wang,ufc,khaos williams,roberto soldic,Betway,sportsbook,3.1000,1.3636,+210,-275,2026-09-29T15:26:41.332451+00:00,32.63,complete
2026-10-01T00:04:29.051202+00:00,9743,khaos williams|roberto soldic,khaos-williams-vs-roberto-soldic-81446,2026-10-03,UFC 332: Silva vs. Wang,ufc,khaos williams,roberto soldic,MyBookie,sportsbook,3.1600,1.3135,+216,-319,2026-09-25T03:54:18.088128+00:00,140.17,complete
2026-10-01T00:04:29.051202+00:00,9743,khaos williams|roberto soldic,khaos-williams-vs-roberto-soldic-81446,2026-10-03,UFC 332: Silva vs. Wang,ufc,khaos williams,roberto soldic,Novig,exchange,3.3300,1.4082,+233,-245,2026-09-30T23:15:29.997418+00:00,0.82,complete
2026-10-01T00:04:29.051202+00:00,9743,khaos williams|roberto soldic,khaos-williams-vs-roberto-soldic-81446,2026-10-03,UFC 332: Silva vs. Wang,ufc,khaos williams,roberto soldic,Polymarket(US),exchange,3.1200,1.4484,+212,-223,2026-09-30T22:15:53.707344+00:00,1.81,complete
2026-10-01T00:04:29.051202+00:00,9743,khaos williams|roberto soldic,khaos-williams-vs-roberto-soldic-81446,2026-10-03,UFC 332: Silva vs. Wang,ufc,khaos williams,roberto soldic,Kalshi,exchange,3.1200,1.4484,+212,-223,2026-09-30T22:09:21.367516+00:00,1.92,complete
2026-10-01T00:04:29.051202+00:00,9743,khaos williams|roberto soldic,khaos-williams-vs-roberto-soldic-81446,2026-10-03,UFC 332: Silva vs. Wang,ufc,khaos williams,roberto soldic,Polymarket,exchange,3.3300,1.4082,+233,-245,2026-09-30T20:09:17.844659+00:00,3.92,complete
2026-10-01T00:04:29.051202+00:00,9743,ateba gautier|roman kopylov,roman-kopylov-vs-ateba-gautier-80718,2026-10-03,UFC 332: Silva vs. Wang,ufc,ateba gautier,roman kopylov,BetAnything,sportsbook,1.4762,2.7500,-210,+175,2026-09-30T19:14:35.260411+00:00,4.83,complete
2026-10-01T00:04:29.051202+00:00,9743,ateba gautier|roman kopylov,roman-kopylov-vs-ateba-gautier-80718,2026-10-03,UFC 332: Silva vs. Wang,ufc,ateba gautier,roman kopylov,BetUS,sportsbook,1.4762,2.7400,-210,+174,2026-09-30T19:11:23.076039+00:00,4.88,complete
2026-10-01T00:04:29.051202+00:00,9743,ateba gautier|roman kopylov,roman-kopylov-vs-ateba-gautier-80718,2026-10-03,UFC 332: Silva vs. Wang,ufc,ateba gautier,roman kopylov,SXBet,exchange,1.4566,2.9900,-219,+199,2026-09-30T16:05:56.275412+00:00,7.98,complete
2026-10-01T00:04:29.051202+00:00,9743,ateba gautier|roman kopylov,roman-kopylov-vs-ateba-gautier-80718,2026-10-03,UFC 332: Silva vs. Wang,ufc,ateba gautier,roman kopylov,4Cx,exchange,1.4762,2.8700,-210,+187,2026-09-30T21:02:50.141964+00:00,3.03,complete
2026-10-01T00:04:29.051202+00:00,9743,ateba gautier|roman kopylov,roman-kopylov-vs-ateba-gautier-80718,2026-10-03,UFC 332: Silva vs. Wang,ufc,ateba gautier,roman kopylov,4casters,exchange,1.4854,2.9100,-206,+191,2026-09-30T21:01:01.004698+00:00,3.06,complete
2026-10-01T00:04:29.051202+00:00,9743,ateba gautier|roman kopylov,roman-kopylov-vs-ateba-gautier-80718,2026-10-03,UFC 332: Silva vs. Wang,ufc,ateba gautier,roman kopylov,Pinnacle,sportsbook,1.4545,2.8500,-220,+185,2026-09-30T10:51:14.579337+00:00,13.22,complete
2026-10-01T00:04:29.051202+00:00,9743,ateba gautier|roman kopylov,roman-kopylov-vs-ateba-gautier-80718,2026-10-03,UFC 332: Silva vs. Wang,ufc,ateba gautier,roman kopylov,ProphetX,exchange,1.4348,2.8600,-230,+186,2026-09-30T23:21:26.752258+00:00,0.72,complete
2026-10-01T00:04:29.051202+00:00,9743,ateba gautier|roman kopylov,roman-kopylov-vs-ateba-gautier-80718,2026-10-03,UFC 332: Silva vs. Wang,ufc,ateba gautier,roman kopylov,Bet105,sportsbook,1.4545,2.8500,-220,+185,2026-09-30T10:28:31.943533+00:00,13.6,complete
2026-10-01T00:04:29.051202+00:00,9743,ateba gautier|roman kopylov,roman-kopylov-vs-ateba-gautier-80718,2026-10-03,UFC 332: Silva vs. Wang,ufc,ateba gautier,roman kopylov,Cloudbet,sportsbook,1.4202,2.7500,-238,+175,2026-09-30T10:27:14.400566+00:00,13.62,complete
2026-10-01T00:04:29.051202+00:00,9743,ateba gautier|roman kopylov,roman-kopylov-vs-ateba-gautier-80718,2026-10-03,UFC 332: Silva vs. Wang,ufc,ateba gautier,roman kopylov,Bookmaker,sportsbook,1.4651,2.8000,-215,+180,2026-09-29T15:15:40.999435+00:00,32.81,complete
2026-10-01T00:04:29.051202+00:00,9743,ateba gautier|roman kopylov,roman-kopylov-vs-ateba-gautier-80718,2026-10-03,UFC 332: Silva vs. Wang,ufc,ateba gautier,roman kopylov,YouWager,sportsbook,1.4762,2.8000,-210,+180,2026-09-30T19:50:42.778003+00:00,4.23,complete
2026-10-01T00:04:29.051202+00:00,9743,ateba gautier|roman kopylov,roman-kopylov-vs-ateba-gautier-80718,2026-10-03,UFC 332: Silva vs. Wang,ufc,ateba gautier,roman kopylov,HardRockBet,sportsbook,1.4545,2.7000,-220,+170,2026-09-29T14:27:16.991957+00:00,33.62,complete
2026-10-01T00:04:29.051202+00:00,9743,ateba gautier|roman kopylov,roman-kopylov-vs-ateba-gautier-80718,2026-10-03,UFC 332: Silva vs. Wang,ufc,ateba gautier,roman kopylov,FanDuel,sportsbook,1.4255,2.8000,-235,+180,2026-09-30T14:16:14.656808+00:00,9.8,complete
2026-10-01T00:04:29.051202+00:00,9743,ateba gautier|roman kopylov,roman-kopylov-vs-ateba-gautier-80718,2026-10-03,UFC 332: Silva vs. Wang,ufc,ateba gautier,roman kopylov,DraftKings,sportsbook,1.4587,2.8000,-218,+180,2026-09-30T10:41:45.350393+00:00,13.38,complete
2026-10-01T00:04:29.051202+00:00,9743,ateba gautier|roman kopylov,roman-kopylov-vs-ateba-gautier-80718,2026-10-03,UFC 332: Silva vs. Wang,ufc,ateba gautier,roman kopylov,BetMGM,sportsbook,1.4762,2.7000,-210,+170,2026-09-30T13:07:31.395361+00:00,10.95,complete
2026-10-01T00:04:29.051202+00:00,9743,ateba gautier|roman kopylov,roman-kopylov-vs-ateba-gautier-80718,2026-10-03,UFC 332: Silva vs. Wang,ufc,ateba gautier,roman kopylov,BetRivers,sportsbook,1.4608,2.7000,-217,+170,2026-09-29T14:31:16.627487+00:00,33.55,complete
2026-10-01T00:04:29.051202+00:00,9743,ateba gautier|roman kopylov,roman-kopylov-vs-ateba-gautier-80718,2026-10-03,UFC 332: Silva vs. Wang,ufc,ateba gautier,roman kopylov,Bovada,sportsbook,1.4878,2.7300,-205,+173,2026-09-30T10:29:20.924608+00:00,13.59,complete
2026-10-01T00:04:29.051202+00:00,9743,ateba gautier|roman kopylov,roman-kopylov-vs-ateba-gautier-80718,2026-10-03,UFC 332: Silva vs. Wang,ufc,ateba gautier,roman kopylov,Caesars,sportsbook,1.4444,2.8500,-225,+185,2026-09-30T17:05:51.505316+00:00,6.98,complete
2026-10-01T00:04:29.051202+00:00,9743,ateba gautier|roman kopylov,roman-kopylov-vs-ateba-gautier-80718,2026-10-03,UFC 332: Silva vs. Wang,ufc,ateba gautier,roman kopylov,Circa,sportsbook,1.4762,2.8000,-210,+180,2026-09-27T23:32:38.319577+00:00,72.53,complete
2026-10-01T00:04:29.051202+00:00,9743,ateba gautier|roman kopylov,roman-kopylov-vs-ateba-gautier-80718,2026-10-03,UFC 332: Silva vs. Wang,ufc,ateba gautier,roman kopylov,Bet365,sportsbook,1.4695,2.7500,-213,+175,2026-09-28T18:31:28.417590+00:00,53.55,complete
2026-10-01T00:04:29.051202+00:00,9743,ateba gautier|roman kopylov,roman-kopylov-vs-ateba-gautier-80718,2026-10-03,UFC 332: Silva vs. Wang,ufc,ateba gautier,roman kopylov,BetOnline,sportsbook,1.4762,2.8000,-210,+180,2026-09-30T19:50:48.171441+00:00,4.23,complete
2026-10-01T00:04:29.051202+00:00,9743,ateba gautier|roman kopylov,roman-kopylov-vs-ateba-gautier-80718,2026-10-03,UFC 332: Silva vs. Wang,ufc,ateba gautier,roman kopylov,ReBet,sportsbook,1.4545,2.6800,-220,+168,2026-09-29T04:46:06.677441+00:00,43.31,complete
2026-10-01T00:04:29.051202+00:00,9743,ateba gautier|roman kopylov,roman-kopylov-vs-ateba-gautier-80718,2026-10-03,UFC 332: Silva vs. Wang,ufc,ateba gautier,roman kopylov,Betway,sportsbook,1.4444,2.7500,-225,+175,2026-09-28T16:21:57.375880+00:00,55.71,complete
2026-10-01T00:04:29.051202+00:00,9743,ateba gautier|roman kopylov,roman-kopylov-vs-ateba-gautier-80718,2026-10-03,UFC 332: Silva vs. Wang,ufc,ateba gautier,roman kopylov,Stake,sportsbook,1.4695,2.7000,-213,+170,2026-09-29T05:25:26.513041+00:00,42.65,complete
2026-10-01T00:04:29.051202+00:00,9743,ateba gautier|roman kopylov,roman-kopylov-vs-ateba-gautier-80718,2026-10-03,UFC 332: Silva vs. Wang,ufc,ateba gautier,roman kopylov,MyBookie,sportsbook,1.4545,2.6800,-220,+168,2026-09-29T04:39:18.196820+00:00,43.42,complete
2026-10-01T00:04:29.051202+00:00,9743,ateba gautier|roman kopylov,roman-kopylov-vs-ateba-gautier-80718,2026-10-03,UFC 332: Silva vs. Wang,ufc,ateba gautier,roman kopylov,Novig,exchange,1.4695,2.9400,-213,+194,2026-09-30T23:15:29.950396+00:00,0.82,complete
2026-10-01T00:04:29.051202+00:00,9743,ateba gautier|roman kopylov,roman-kopylov-vs-ateba-gautier-80718,2026-10-03,UFC 332: Silva vs. Wang,ufc,ateba gautier,roman kopylov,Polymarket,exchange,1.4717,3.0300,-212,+203,2026-09-30T21:14:19.378737+00:00,2.84,complete
2026-10-01T00:04:29.051202+00:00,9743,ateba gautier|roman kopylov,roman-kopylov-vs-ateba-gautier-80718,2026-10-03,UFC 332: Silva vs. Wang,ufc,ateba gautier,roman kopylov,Kalshi,exchange,1.4695,3.0300,-213,+203,2026-09-30T23:29:16.781755+00:00,0.59,complete
2026-10-01T00:04:29.051202+00:00,9743,ateba gautier|roman kopylov,roman-kopylov-vs-ateba-gautier-80718,2026-10-03,UFC 332: Silva vs. Wang,ufc,ateba gautier,roman kopylov,Polymarket(US),exchange,1.5155,2.8600,-194,+186,2026-09-29T03:46:01.444454+00:00,44.31,complete
2026-10-01T00:04:29.051202+00:00,9743,alden coria|imanol rodriguez,alden-coria-vs-imanol-rodriguez-80719,2026-10-03,UFC 332: Silva vs. Wang,ufc,alden coria,imanol rodriguez,BetAnything,sportsbook,2.1500,1.6897,+115,-145,2026-09-30T20:49:22.470362+00:00,3.25,complete
2026-10-01T00:04:29.051202+00:00,9743,alden coria|imanol rodriguez,alden-coria-vs-imanol-rodriguez-80719,2026-10-03,UFC 332: Silva vs. Wang,ufc,alden coria,imanol rodriguez,BetUS,sportsbook,2.2200,1.6897,+122,-145,2026-09-30T20:31:15.499837+00:00,3.55,complete
2026-10-01T00:04:29.051202+00:00,9743,alden coria|imanol rodriguez,alden-coria-vs-imanol-rodriguez-80719,2026-10-03,UFC 332: Silva vs. Wang,ufc,alden coria,imanol rodriguez,Bookmaker,sportsbook,2.2000,1.7143,+120,-140,2026-09-30T21:01:09.700498+00:00,3.06,complete
2026-10-01T00:04:29.051202+00:00,9743,alden coria|imanol rodriguez,alden-coria-vs-imanol-rodriguez-80719,2026-10-03,UFC 332: Silva vs. Wang,ufc,alden coria,imanol rodriguez,Pinnacle,sportsbook,2.2800,1.6667,+128,-150,2026-09-30T21:21:11.612047+00:00,2.72,complete
2026-10-01T00:04:29.051202+00:00,9743,alden coria|imanol rodriguez,alden-coria-vs-imanol-rodriguez-80719,2026-10-03,UFC 332: Silva vs. Wang,ufc,alden coria,imanol rodriguez,ProphetX,exchange,2.2300,1.6667,+123,-150,2026-09-30T23:32:31.502688+00:00,0.53,complete
2026-10-01T00:04:29.051202+00:00,9743,alden coria|imanol rodriguez,alden-coria-vs-imanol-rodriguez-80719,2026-10-03,UFC 332: Silva vs. Wang,ufc,alden coria,imanol rodriguez,Bet105,sportsbook,2.2800,1.6667,+128,-150,2026-09-30T20:48:26.627245+00:00,3.27,complete
2026-10-01T00:04:29.051202+00:00,9743,alden coria|imanol rodriguez,alden-coria-vs-imanol-rodriguez-80719,2026-10-03,UFC 332: Silva vs. Wang,ufc,alden coria,imanol rodriguez,Cloudbet,sportsbook,2.2000,1.6289,+120,-159,2026-09-30T20:47:19.342871+00:00,3.29,complete
2026-10-01T00:04:29.051202+00:00,9743,alden coria|imanol rodriguez,alden-coria-vs-imanol-rodriguez-80719,2026-10-03,UFC 332: Silva vs. Wang,ufc,alden coria,imanol rodriguez,4casters,exchange,2.2700,1.7042,+127,-142,2026-09-30T23:10:57.449485+00:00,0.89,complete
2026-10-01T00:04:29.051202+00:00,9743,alden coria|imanol rodriguez,alden-coria-vs-imanol-rodriguez-80719,2026-10-03,UFC 332: Silva vs. Wang,ufc,alden coria,imanol rodriguez,SXBet,exchange,2.4000,1.6993,+140,-143,2026-09-30T23:20:36.342580+00:00,0.73,complete
2026-10-01T00:04:29.051202+00:00,9743,alden coria|imanol rodriguez,alden-coria-vs-imanol-rodriguez-80719,2026-10-03,UFC 332: Silva vs. Wang,ufc,alden coria,imanol rodriguez,YouWager,sportsbook,2.2500,1.6897,+125,-145,2026-09-30T20:31:13.939021+00:00,3.55,complete
2026-10-01T00:04:29.051202+00:00,9743,alden coria|imanol rodriguez,alden-coria-vs-imanol-rodriguez-80719,2026-10-03,UFC 332: Silva vs. Wang,ufc,alden coria,imanol rodriguez,HardRockBet,sportsbook,2.2000,1.6667,+120,-150,2026-09-30T21:57:17.795045+00:00,2.12,complete
2026-10-01T00:04:29.051202+00:00,9743,alden coria|imanol rodriguez,alden-coria-vs-imanol-rodriguez-80719,2026-10-03,UFC 332: Silva vs. Wang,ufc,alden coria,imanol rodriguez,FanDuel,sportsbook,2.3000,1.6024,+130,-166,2026-09-30T22:15:48.474651+00:00,1.81,complete
2026-10-01T00:04:29.051202+00:00,9743,alden coria|imanol rodriguez,alden-coria-vs-imanol-rodriguez-80719,2026-10-03,UFC 332: Silva vs. Wang,ufc,alden coria,imanol rodriguez,DraftKings,sportsbook,2.3000,1.6452,+130,-155,2026-09-30T20:41:27.906089+00:00,3.38,complete
2026-10-01T00:04:29.051202+00:00,9743,alden coria|imanol rodriguez,alden-coria-vs-imanol-rodriguez-80719,2026-10-03,UFC 332: Silva vs. Wang,ufc,alden coria,imanol rodriguez,Novig,exchange,2.2700,1.7246,+127,-138,2026-09-30T20:45:58.548600+00:00,3.31,complete
2026-10-01T00:04:29.051202+00:00,9743,alden coria|imanol rodriguez,alden-coria-vs-imanol-rodriguez-80719,2026-10-03,UFC 332: Silva vs. Wang,ufc,alden coria,imanol rodriguez,4Cx,exchange,2.2400,1.6897,+124,-145,2026-09-30T23:06:33.368192+00:00,0.97,complete
2026-10-01T00:04:29.051202+00:00,9743,alden coria|imanol rodriguez,alden-coria-vs-imanol-rodriguez-80719,2026-10-03,UFC 332: Silva vs. Wang,ufc,alden coria,imanol rodriguez,BetMGM,sportsbook,2.3500,1.6061,+135,-165,2026-09-29T12:52:23.841376+00:00,35.2,complete
2026-10-01T00:04:29.051202+00:00,9743,alden coria|imanol rodriguez,alden-coria-vs-imanol-rodriguez-80719,2026-10-03,UFC 332: Silva vs. Wang,ufc,alden coria,imanol rodriguez,BetRivers,sportsbook,2.2000,1.6711,+120,-149,2026-09-30T21:45:56.183410+00:00,2.31,complete
2026-10-01T00:04:29.051202+00:00,9743,alden coria|imanol rodriguez,alden-coria-vs-imanol-rodriguez-80719,2026-10-03,UFC 332: Silva vs. Wang,ufc,alden coria,imanol rodriguez,Bovada,sportsbook,2.3300,1.6452,+133,-155,2026-09-30T20:29:11.147597+00:00,3.59,complete
2026-10-01T00:04:29.051202+00:00,9743,alden coria|imanol rodriguez,alden-coria-vs-imanol-rodriguez-80719,2026-10-03,UFC 332: Silva vs. Wang,ufc,alden coria,imanol rodriguez,Bet365,sportsbook,2.3500,1.6211,+135,-161,2026-09-29T15:30:52.502364+00:00,32.56,complete
2026-10-01T00:04:29.051202+00:00,9743,alden coria|imanol rodriguez,alden-coria-vs-imanol-rodriguez-80719,2026-10-03,UFC 332: Silva vs. Wang,ufc,alden coria,imanol rodriguez,Caesars,sportsbook,2.1800,1.7143,+118,-140,2026-09-30T23:05:33.928395+00:00,0.98,complete
2026-10-01T00:04:29.051202+00:00,9743,alden coria|imanol rodriguez,alden-coria-vs-imanol-rodriguez-80719,2026-10-03,UFC 332: Silva vs. Wang,ufc,alden coria,imanol rodriguez,Circa,sportsbook,2.2000,1.7143,+120,-140,2026-09-30T20:51:46.802543+00:00,3.21,complete
2026-10-01T00:04:29.051202+00:00,9743,alden coria|imanol rodriguez,alden-coria-vs-imanol-rodriguez-80719,2026-10-03,UFC 332: Silva vs. Wang,ufc,alden coria,imanol rodriguez,BetOnline,sportsbook,2.2500,1.6897,+125,-145,2026-09-30T20:28:23.894008+00:00,3.6,complete
2026-10-01T00:04:29.051202+00:00,9743,alden coria|imanol rodriguez,alden-coria-vs-imanol-rodriguez-80719,2026-10-03,UFC 332: Silva vs. Wang,ufc,alden coria,imanol rodriguez,ReBet,sportsbook,2.2000,1.6536,+120,-153,2026-09-30T20:31:16.633988+00:00,3.55,complete
2026-10-01T00:04:29.051202+00:00,9743,alden coria|imanol rodriguez,alden-coria-vs-imanol-rodriguez-80719,2026-10-03,UFC 332: Silva vs. Wang,ufc,alden coria,imanol rodriguez,Stake,sportsbook,2.2200,1.6711,+122,-149,2026-09-30T21:25:37.710628+00:00,2.65,complete
2026-10-01T00:04:29.051202+00:00,9743,alden coria|imanol rodriguez,alden-coria-vs-imanol-rodriguez-80719,2026-10-03,UFC 332: Silva vs. Wang,ufc,alden coria,imanol rodriguez,Betway,sportsbook,2.3000,1.6135,+130,-163,2026-09-25T09:21:25.756483+00:00,134.72,complete
2026-10-01T00:04:29.051202+00:00,9743,alden coria|imanol rodriguez,alden-coria-vs-imanol-rodriguez-80719,2026-10-03,UFC 332: Silva vs. Wang,ufc,alden coria,imanol rodriguez,MyBookie,sportsbook,2.2000,1.6536,+120,-153,2026-09-30T20:34:22.249891+00:00,3.5,complete
2026-10-01T00:04:29.051202+00:00,9743,alden coria|imanol rodriguez,alden-coria-vs-imanol-rodriguez-80719,2026-10-03,UFC 332: Silva vs. Wang,ufc,alden coria,imanol rodriguez,Kalshi,exchange,2.3800,1.6944,+138,-144,2026-09-30T23:04:16.282450+00:00,1.0,complete
2026-10-01T00:04:29.051202+00:00,9743,alden coria|imanol rodriguez,alden-coria-vs-imanol-rodriguez-80719,2026-10-03,UFC 332: Silva vs. Wang,ufc,alden coria,imanol rodriguez,Polymarket,exchange,2.3300,1.7246,+133,-138,2026-09-30T23:09:34.031223+00:00,0.92,complete
2026-10-01T00:04:29.051202+00:00,9743,alden coria|imanol rodriguez,alden-coria-vs-imanol-rodriguez-80719,2026-10-03,UFC 332: Silva vs. Wang,ufc,alden coria,imanol rodriguez,Polymarket(US),exchange,2.4400,1.6667,+144,-150,2026-09-28T23:15:29.057832+00:00,48.82,complete
2026-10-01T00:04:29.051202+00:00,9743,andrey pulyaev|damian pinas,damian-pinas-vs-andrey-pulyaev-80903,2026-10-03,UFC 332: Silva vs. Wang,ufc,andrey pulyaev,damian pinas,BetAnything,sportsbook,3.8500,1.2174,+285,-460,2026-09-30T19:14:36.377778+00:00,4.83,complete
2026-10-01T00:04:29.051202+00:00,9743,andrey pulyaev|damian pinas,damian-pinas-vs-andrey-pulyaev-80903,2026-10-03,UFC 332: Silva vs. Wang,ufc,andrey pulyaev,damian pinas,BetUS,sportsbook,4.7400,1.1980,+374,-505,2026-09-30T21:45:34.431060+00:00,2.32,complete
2026-10-01T00:04:29.051202+00:00,9743,andrey pulyaev|damian pinas,damian-pinas-vs-andrey-pulyaev-80903,2026-10-03,UFC 332: Silva vs. Wang,ufc,andrey pulyaev,damian pinas,Pinnacle,sportsbook,5.4300,1.1706,+443,-586,2026-09-30T23:20:59.519799+00:00,0.72,complete
2026-10-01T00:04:29.051202+00:00,9743,andrey pulyaev|damian pinas,damian-pinas-vs-andrey-pulyaev-80903,2026-10-03,UFC 332: Silva vs. Wang,ufc,andrey pulyaev,damian pinas,ProphetX,exchange,4.9500,1.1724,+395,-580,2026-09-30T23:26:23.515681+00:00,0.63,complete
2026-10-01T00:04:29.051202+00:00,9743,andrey pulyaev|damian pinas,damian-pinas-vs-andrey-pulyaev-80903,2026-10-03,UFC 332: Silva vs. Wang,ufc,andrey pulyaev,damian pinas,Bet105,sportsbook,5.4300,1.1706,+443,-586,2026-09-30T22:43:31.327382+00:00,1.35,complete
2026-10-01T00:04:29.051202+00:00,9743,andrey pulyaev|damian pinas,damian-pinas-vs-andrey-pulyaev-80903,2026-10-03,UFC 332: Silva vs. Wang,ufc,andrey pulyaev,damian pinas,Cloudbet,sportsbook,5.3000,1.1401,+430,-714,2026-09-30T22:47:21.412845+00:00,1.29,complete
2026-10-01T00:04:29.051202+00:00,9743,andrey pulyaev|damian pinas,damian-pinas-vs-andrey-pulyaev-80903,2026-10-03,UFC 332: Silva vs. Wang,ufc,andrey pulyaev,damian pinas,Bookmaker,sportsbook,5.1600,1.1818,+416,-550,2026-09-30T00:00:54.590743+00:00,24.06,complete
2026-10-01T00:04:29.051202+00:00,9743,andrey pulyaev|damian pinas,damian-pinas-vs-andrey-pulyaev-80903,2026-10-03,UFC 332: Silva vs. Wang,ufc,andrey pulyaev,damian pinas,4casters,exchange,5.0300,1.2137,+403,-468,2026-09-30T22:15:58.327037+00:00,1.81,complete
2026-10-01T00:04:29.051202+00:00,9743,andrey pulyaev|damian pinas,damian-pinas-vs-andrey-pulyaev-80903,2026-10-03,UFC 332: Silva vs. Wang,ufc,andrey pulyaev,damian pinas,4Cx,exchange,4.9400,1.2083,+394,-480,2026-09-30T22:16:48.151015+00:00,1.79,complete
2026-10-01T00:04:29.051202+00:00,9743,andrey pulyaev|damian pinas,damian-pinas-vs-andrey-pulyaev-80903,2026-10-03,UFC 332: Silva vs. Wang,ufc,andrey pulyaev,damian pinas,SXBet,exchange,4.9700,1.1976,+397,-506,2026-09-30T23:55:21.622468+00:00,0.15,complete
2026-10-01T00:04:29.051202+00:00,9743,andrey pulyaev|damian pinas,damian-pinas-vs-andrey-pulyaev-80903,2026-10-03,UFC 332: Silva vs. Wang,ufc,andrey pulyaev,damian pinas,YouWager,sportsbook,4.8300,1.2000,+383,-500,2026-09-29T20:31:25.713050+00:00,27.55,complete
2026-10-01T00:04:29.051202+00:00,9743,andrey pulyaev|damian pinas,damian-pinas-vs-andrey-pulyaev-80903,2026-10-03,UFC 332: Silva vs. Wang,ufc,andrey pulyaev,damian pinas,HardRockBet,sportsbook,4.7500,1.1818,+375,-550,2026-09-30T13:27:22.078309+00:00,10.62,complete
2026-10-01T00:04:29.051202+00:00,9743,andrey pulyaev|damian pinas,damian-pinas-vs-andrey-pulyaev-80903,2026-10-03,UFC 332: Silva vs. Wang,ufc,andrey pulyaev,damian pinas,FanDuel,sportsbook,4.6000,1.1887,+360,-530,2026-09-30T14:16:14.776999+00:00,9.8,complete
2026-10-01T00:04:29.051202+00:00,9743,andrey pulyaev|damian pinas,damian-pinas-vs-andrey-pulyaev-80903,2026-10-03,UFC 332: Silva vs. Wang,ufc,andrey pulyaev,damian pinas,DraftKings,sportsbook,5.2500,1.1739,+425,-575,2026-09-30T23:11:47.645212+00:00,0.88,complete
2026-10-01T00:04:29.051202+00:00,9743,andrey pulyaev|damian pinas,damian-pinas-vs-andrey-pulyaev-80903,2026-10-03,UFC 332: Silva vs. Wang,ufc,andrey pulyaev,damian pinas,BetMGM,sportsbook,5.0000,1.1818,+400,-550,2026-09-30T13:07:31.385914+00:00,10.95,complete
2026-10-01T00:04:29.051202+00:00,9743,andrey pulyaev|damian pinas,damian-pinas-vs-andrey-pulyaev-80903,2026-10-03,UFC 332: Silva vs. Wang,ufc,andrey pulyaev,damian pinas,BetRivers,sportsbook,4.8000,1.1799,+380,-556,2026-09-30T13:32:56.477478+00:00,10.53,complete
2026-10-01T00:04:29.051202+00:00,9743,andrey pulyaev|damian pinas,damian-pinas-vs-andrey-pulyaev-80903,2026-10-03,UFC 332: Silva vs. Wang,ufc,andrey pulyaev,damian pinas,Bovada,sportsbook,5.2500,1.1739,+425,-575,2026-09-30T07:24:21.050000+00:00,16.67,complete
2026-10-01T00:04:29.051202+00:00,9743,andrey pulyaev|damian pinas,damian-pinas-vs-andrey-pulyaev-80903,2026-10-03,UFC 332: Silva vs. Wang,ufc,andrey pulyaev,damian pinas,Bet365,sportsbook,5.0000,1.1799,+400,-556,2026-09-30T15:01:06.953345+00:00,9.06,complete
2026-10-01T00:04:29.051202+00:00,9743,andrey pulyaev|damian pinas,damian-pinas-vs-andrey-pulyaev-80903,2026-10-03,UFC 332: Silva vs. Wang,ufc,andrey pulyaev,damian pinas,Caesars,sportsbook,5.0000,1.1818,+400,-550,2026-09-30T17:05:51.415727+00:00,6.98,complete
2026-10-01T00:04:29.051202+00:00,9743,andrey pulyaev|damian pinas,damian-pinas-vs-andrey-pulyaev-80903,2026-10-03,UFC 332: Silva vs. Wang,ufc,andrey pulyaev,damian pinas,Circa,sportsbook,4.7000,1.2174,+370,-460,2026-09-29T18:51:37.944208+00:00,29.21,complete
2026-10-01T00:04:29.051202+00:00,9743,andrey pulyaev|damian pinas,damian-pinas-vs-andrey-pulyaev-80903,2026-10-03,UFC 332: Silva vs. Wang,ufc,andrey pulyaev,damian pinas,ReBet,sportsbook,4.6000,1.1901,+360,-526,2026-09-29T20:32:33.663025+00:00,27.53,complete
2026-10-01T00:04:29.051202+00:00,9743,andrey pulyaev|damian pinas,damian-pinas-vs-andrey-pulyaev-80903,2026-10-03,UFC 332: Silva vs. Wang,ufc,andrey pulyaev,damian pinas,BetOnline,sportsbook,4.8300,1.2000,+383,-500,2026-09-29T20:30:14.218335+00:00,27.57,complete
2026-10-01T00:04:29.051202+00:00,9743,andrey pulyaev|damian pinas,damian-pinas-vs-andrey-pulyaev-80903,2026-10-03,UFC 332: Silva vs. Wang,ufc,andrey pulyaev,damian pinas,Betway,sportsbook,4.5000,1.2000,+350,-500,2026-09-25T09:21:31.503687+00:00,134.72,complete
2026-10-01T00:04:29.051202+00:00,9743,andrey pulyaev|damian pinas,damian-pinas-vs-andrey-pulyaev-80903,2026-10-03,UFC 332: Silva vs. Wang,ufc,andrey pulyaev,damian pinas,Stake,sportsbook,4.7000,1.1901,+370,-526,2026-09-29T21:25:32.039787+00:00,26.65,complete
2026-10-01T00:04:29.051202+00:00,9743,andrey pulyaev|damian pinas,damian-pinas-vs-andrey-pulyaev-80903,2026-10-03,UFC 332: Silva vs. Wang,ufc,andrey pulyaev,damian pinas,MyBookie,sportsbook,4.6000,1.1901,+360,-526,2026-09-29T20:39:15.867340+00:00,27.42,complete
2026-10-01T00:04:29.051202+00:00,9743,andrey pulyaev|damian pinas,damian-pinas-vs-andrey-pulyaev-80903,2026-10-03,UFC 332: Silva vs. Wang,ufc,andrey pulyaev,damian pinas,Novig,exchange,5.4100,1.2193,+441,-456,2026-09-30T23:31:10.727595+00:00,0.56,complete
2026-10-01T00:04:29.051202+00:00,9743,andrey pulyaev|damian pinas,damian-pinas-vs-andrey-pulyaev-80903,2026-10-03,UFC 332: Silva vs. Wang,ufc,andrey pulyaev,damian pinas,Kalshi,exchange,5.2600,1.2193,+426,-456,2026-09-30T10:19:18.800500+00:00,13.75,complete
2026-10-01T00:04:29.051202+00:00,9743,andrey pulyaev|damian pinas,damian-pinas-vs-andrey-pulyaev-80903,2026-10-03,UFC 332: Silva vs. Wang,ufc,andrey pulyaev,damian pinas,Polymarket,exchange,5.2600,1.2193,+426,-456,2026-09-30T08:44:14.964380+00:00,15.34,complete
2026-10-01T00:04:29.051202+00:00,9743,andrey pulyaev|damian pinas,damian-pinas-vs-andrey-pulyaev-80903,2026-10-03,UFC 332: Silva vs. Wang,ufc,andrey pulyaev,damian pinas,Polymarket(US),exchange,5.0000,1.2347,+400,-426,2026-09-27T22:45:41.932282+00:00,73.31,complete
2026-10-01T00:04:29.051202+00:00,9743,anthony romero|marcus mcghee,marcus-mcghee-vs-anthony-romero-82159,2026-10-03,UFC 332: Silva vs. Wang,ufc,anthony romero,marcus mcghee,DraftKings,sportsbook,4.5000,1.2198,+350,-455,2026-09-30T22:41:51.684601+00:00,1.38,complete
2026-10-01T00:04:29.051202+00:00,9743,anthony romero|marcus mcghee,marcus-mcghee-vs-anthony-romero-82159,2026-10-03,UFC 332: Silva vs. Wang,ufc,anthony romero,marcus mcghee,Stake,sportsbook,4.7000,1.1901,+370,-526,2026-09-30T23:25:50.382003+00:00,0.64,complete
2026-10-01T00:04:29.051202+00:00,9743,anthony romero|marcus mcghee,marcus-mcghee-vs-anthony-romero-82159,2026-10-03,UFC 332: Silva vs. Wang,ufc,anthony romero,marcus mcghee,ReBet,sportsbook,4.6000,1.1901,+360,-526,2026-09-30T22:45:35.332695+00:00,1.31,complete
2026-10-01T00:04:29.051202+00:00,9743,anthony romero|marcus mcghee,marcus-mcghee-vs-anthony-romero-82159,2026-10-03,UFC 332: Silva vs. Wang,ufc,anthony romero,marcus mcghee,Bookmaker,sportsbook,4.1300,1.2299,+313,-435,2026-09-30T22:01:12.279369+00:00,2.05,complete
2026-10-01T00:04:29.051202+00:00,9743,anthony romero|marcus mcghee,marcus-mcghee-vs-anthony-romero-82159,2026-10-03,UFC 332: Silva vs. Wang,ufc,anthony romero,marcus mcghee,Pinnacle,sportsbook,4.5400,1.2222,+354,-450,2026-09-30T21:50:36.102502+00:00,2.23,complete
2026-10-01T00:04:29.051202+00:00,9743,anthony romero|marcus mcghee,marcus-mcghee-vs-anthony-romero-82159,2026-10-03,UFC 332: Silva vs. Wang,ufc,anthony romero,marcus mcghee,BetOnline,sportsbook,4.8700,1.2000,+387,-500,2026-09-30T22:36:28.889363+00:00,1.47,complete
2026-10-01T00:04:29.051202+00:00,9743,anthony wint|lucas armand,anthony-wint-vs-lucas-armand-81550,2026-10-03,UFC 332: Silva vs. Wang,ufc,anthony wint,lucas armand,BetAnything,sportsbook,1.2020,4.1500,-495,+315,2026-09-30T19:14:38.205823+00:00,4.83,complete
2026-10-01T00:04:29.051202+00:00,9743,anthony wint|lucas armand,anthony-wint-vs-lucas-armand-81550,2026-10-03,UFC 332: Silva vs. Wang,ufc,anthony wint,lucas armand,BetUS,sportsbook,1.2020,4.6600,-495,+366,2026-09-30T19:11:29.445342+00:00,4.88,complete
2026-10-01T00:04:29.051202+00:00,9743,anthony wint|lucas armand,anthony-wint-vs-lucas-armand-81550,2026-10-03,UFC 332: Silva vs. Wang,ufc,anthony wint,lucas armand,YouWager,sportsbook,1.1818,5.1500,-550,+415,2026-09-29T18:21:11.011965+00:00,29.72,complete
2026-10-01T00:04:29.051202+00:00,9743,anthony wint|lucas armand,anthony-wint-vs-lucas-armand-81550,2026-10-03,UFC 332: Silva vs. Wang,ufc,anthony wint,lucas armand,Bookmaker,sportsbook,1.1976,4.8800,-506,+388,2026-09-29T22:45:48.550754+00:00,25.31,complete
2026-10-01T00:04:29.051202+00:00,9743,anthony wint|lucas armand,anthony-wint-vs-lucas-armand-81550,2026-10-03,UFC 332: Silva vs. Wang,ufc,anthony wint,lucas armand,BetMGM,sportsbook,1.1667,5.2500,-600,+425,2026-09-30T13:07:31.358906+00:00,10.95,complete
2026-10-01T00:04:29.051202+00:00,9743,anthony wint|lucas armand,anthony-wint-vs-lucas-armand-81550,2026-10-03,UFC 332: Silva vs. Wang,ufc,anthony wint,lucas armand,HardRockBet,sportsbook,1.1818,4.7500,-550,+375,2026-09-30T22:27:28.886083+00:00,1.62,complete
2026-10-01T00:04:29.051202+00:00,9743,anthony wint|lucas armand,anthony-wint-vs-lucas-armand-81550,2026-10-03,UFC 332: Silva vs. Wang,ufc,anthony wint,lucas armand,DraftKings,sportsbook,1.1869,5.0000,-535,+400,2026-09-30T23:11:47.573127+00:00,0.88,complete
2026-10-01T00:04:29.051202+00:00,9743,anthony wint|lucas armand,anthony-wint-vs-lucas-armand-81550,2026-10-03,UFC 332: Silva vs. Wang,ufc,anthony wint,lucas armand,Stake,sportsbook,1.1901,4.7000,-526,+370,2026-09-30T17:25:31.620307+00:00,6.65,complete
2026-10-01T00:04:29.051202+00:00,9743,anthony wint|lucas armand,anthony-wint-vs-lucas-armand-81550,2026-10-03,UFC 332: Silva vs. Wang,ufc,anthony wint,lucas armand,Caesars,sportsbook,1.1818,5.0000,-550,+400,2026-09-30T17:05:51.298432+00:00,6.98,complete
2026-10-01T00:04:29.051202+00:00,9743,anthony wint|lucas armand,anthony-wint-vs-lucas-armand-81550,2026-10-03,UFC 332: Silva vs. Wang,ufc,anthony wint,lucas armand,ReBet,sportsbook,1.1901,4.6000,-526,+360,2026-09-30T16:46:02.245634+00:00,7.31,complete
2026-10-01T00:04:29.051202+00:00,9743,anthony wint|lucas armand,anthony-wint-vs-lucas-armand-81550,2026-10-03,UFC 332: Silva vs. Wang,ufc,anthony wint,lucas armand,MyBookie,sportsbook,1.1443,5.4400,-693,+444,2026-09-30T16:39:45.907412+00:00,7.41,complete
2026-10-01T00:04:29.051202+00:00,9743,anthony wint|lucas armand,anthony-wint-vs-lucas-armand-81550,2026-10-03,UFC 332: Silva vs. Wang,ufc,anthony wint,lucas armand,Bet365,sportsbook,1.1799,5.0000,-556,+400,2026-09-30T15:01:07.128442+00:00,9.06,complete
2026-10-01T00:04:29.051202+00:00,9743,anthony wint|lucas armand,anthony-wint-vs-lucas-armand-81550,2026-10-03,UFC 332: Silva vs. Wang,ufc,anthony wint,lucas armand,Pinnacle,sportsbook,1.1908,5.0300,-524,+403,2026-09-30T23:20:59.410462+00:00,0.72,complete
2026-10-01T00:04:29.051202+00:00,9743,anthony wint|lucas armand,anthony-wint-vs-lucas-armand-81550,2026-10-03,UFC 332: Silva vs. Wang,ufc,anthony wint,lucas armand,ProphetX,exchange,1.1923,4.6500,-520,+365,2026-09-30T22:46:28.219285+00:00,1.3,complete
2026-10-01T00:04:29.051202+00:00,9743,anthony wint|lucas armand,anthony-wint-vs-lucas-armand-81550,2026-10-03,UFC 332: Silva vs. Wang,ufc,anthony wint,lucas armand,4casters,exchange,1.1980,5.2500,-505,+425,2026-09-30T17:00:53.026437+00:00,7.06,complete
2026-10-01T00:04:29.051202+00:00,9743,anthony wint|lucas armand,anthony-wint-vs-lucas-armand-81550,2026-10-03,UFC 332: Silva vs. Wang,ufc,anthony wint,lucas armand,Bet105,sportsbook,1.1908,5.0300,-524,+403,2026-09-30T22:43:31.376727+00:00,1.35,complete
2026-10-01T00:04:29.051202+00:00,9743,anthony wint|lucas armand,anthony-wint-vs-lucas-armand-81550,2026-10-03,UFC 332: Silva vs. Wang,ufc,anthony wint,lucas armand,Cloudbet,sportsbook,1.1600,4.9000,-625,+390,2026-09-30T22:47:21.517091+00:00,1.29,complete
2026-10-01T00:04:29.051202+00:00,9743,anthony wint|lucas armand,anthony-wint-vs-lucas-armand-81550,2026-10-03,UFC 332: Silva vs. Wang,ufc,anthony wint,lucas armand,4Cx,exchange,1.1934,5.1700,-517,+417,2026-09-30T17:01:33.614133+00:00,7.05,complete
2026-10-01T00:04:29.051202+00:00,9743,anthony wint|lucas armand,anthony-wint-vs-lucas-armand-81550,2026-10-03,UFC 332: Silva vs. Wang,ufc,anthony wint,lucas armand,Bovada,sportsbook,1.1667,5.5000,-600,+450,2026-09-30T17:04:40.353744+00:00,7.0,complete
2026-10-01T00:04:29.051202+00:00,9743,anthony wint|lucas armand,anthony-wint-vs-lucas-armand-81550,2026-10-03,UFC 332: Silva vs. Wang,ufc,anthony wint,lucas armand,BetRivers,sportsbook,1.1799,4.8000,-556,+380,2026-09-30T22:16:23.748262+00:00,1.8,complete
2026-10-01T00:04:29.051202+00:00,9743,anthony wint|lucas armand,anthony-wint-vs-lucas-armand-81550,2026-10-03,UFC 332: Silva vs. Wang,ufc,anthony wint,lucas armand,Novig,exchange,1.1905,4.8800,-525,+388,2026-09-30T22:30:56.934618+00:00,1.56,complete
2026-10-01T00:04:29.051202+00:00,9743,anthony wint|lucas armand,anthony-wint-vs-lucas-armand-81550,2026-10-03,UFC 332: Silva vs. Wang,ufc,anthony wint,lucas armand,BetOnline,sportsbook,1.1818,5.1500,-550,+415,2026-09-29T18:11:12.507707+00:00,29.89,complete
2026-10-01T00:04:29.051202+00:00,9743,anthony wint|lucas armand,anthony-wint-vs-lucas-armand-81550,2026-10-03,UFC 332: Silva vs. Wang,ufc,anthony wint,lucas armand,Betway,sportsbook,1.2000,4.5000,-500,+350,2026-09-29T15:26:40.956819+00:00,32.63,complete
2026-10-01T00:04:29.051202+00:00,9743,anthony wint|lucas armand,anthony-wint-vs-lucas-armand-81550,2026-10-03,UFC 332: Silva vs. Wang,ufc,anthony wint,lucas armand,FanDuel,sportsbook,1.1695,4.9000,-590,+390,2026-09-30T06:45:49.178172+00:00,17.31,complete
2026-10-01T00:04:29.051202+00:00,9743,anthony wint|lucas armand,anthony-wint-vs-lucas-armand-81550,2026-10-03,UFC 332: Silva vs. Wang,ufc,anthony wint,lucas armand,SXBet,exchange,1.2066,5.2300,-484,+423,2026-09-30T21:25:27.306554+00:00,2.65,complete
2026-10-01T00:04:29.051202+00:00,9743,anthony wint|lucas armand,anthony-wint-vs-lucas-armand-81550,2026-10-03,UFC 332: Silva vs. Wang,ufc,anthony wint,lucas armand,Circa,sportsbook,1.2020,4.9000,-495,+390,2026-09-29T19:32:39.113615+00:00,28.53,complete
2026-10-01T00:04:29.051202+00:00,9743,anthony wint|lucas armand,anthony-wint-vs-lucas-armand-81550,2026-10-03,UFC 332: Silva vs. Wang,ufc,anthony wint,lucas armand,Kalshi,exchange,1.2193,5.0000,-456,+400,2026-09-30T23:39:21.816036+00:00,0.42,complete
2026-10-01T00:04:29.051202+00:00,9743,anthony wint|lucas armand,anthony-wint-vs-lucas-armand-81550,2026-10-03,UFC 332: Silva vs. Wang,ufc,anthony wint,lucas armand,Polymarket,exchange,1.2347,5.0000,-426,+400,2026-09-29T12:54:23.896423+00:00,35.17,complete
2026-10-01T00:04:29.051202+00:00,9743,anthony wint|lucas armand,anthony-wint-vs-lucas-armand-81550,2026-10-03,UFC 332: Silva vs. Wang,ufc,anthony wint,lucas armand,Polymarket(US),exchange,1.2193,5.2600,-456,+426,2026-09-30T22:00:49.953873+00:00,2.06,complete
2026-10-01T00:04:29.051202+00:00,9743,johnny walker|michael parkin,michael-parkin-vs-johnny-walker-80556,2026-10-03,UFC 332: Silva vs. Wang,ufc,johnny walker,michael parkin,BetAnything,sportsbook,1.7143,2.1000,-140,+110,2026-09-30T19:14:37.309815+00:00,4.83,complete
2026-10-01T00:04:29.051202+00:00,9743,johnny walker|michael parkin,michael-parkin-vs-johnny-walker-80556,2026-10-03,UFC 332: Silva vs. Wang,ufc,johnny walker,michael parkin,ProphetX,exchange,1.7752,2.1100,-129,+111,2026-09-30T19:41:22.025489+00:00,4.39,complete
2026-10-01T00:04:29.051202+00:00,9743,johnny walker|michael parkin,michael-parkin-vs-johnny-walker-80556,2026-10-03,UFC 332: Silva vs. Wang,ufc,johnny walker,michael parkin,BetUS,sportsbook,1.7407,2.1400,-135,+114,2026-09-30T19:11:31.212545+00:00,4.88,complete
2026-10-01T00:04:29.051202+00:00,9743,johnny walker|michael parkin,michael-parkin-vs-johnny-walker-80556,2026-10-03,UFC 332: Silva vs. Wang,ufc,johnny walker,michael parkin,4Cx,exchange,1.7634,2.1300,-131,+113,2026-09-30T20:36:16.554662+00:00,3.47,complete
2026-10-01T00:04:29.051202+00:00,9743,johnny walker|michael parkin,michael-parkin-vs-johnny-walker-80556,2026-10-03,UFC 332: Silva vs. Wang,ufc,johnny walker,michael parkin,Pinnacle,sportsbook,1.7353,2.1600,-136,+116,2026-09-30T04:21:22.998536+00:00,19.72,complete
2026-10-01T00:04:29.051202+00:00,9743,johnny walker|michael parkin,michael-parkin-vs-johnny-walker-80556,2026-10-03,UFC 332: Silva vs. Wang,ufc,johnny walker,michael parkin,Bet105,sportsbook,1.7353,2.1600,-136,+116,2026-09-30T04:18:50.357962+00:00,19.76,complete
2026-10-01T00:04:29.051202+00:00,9743,johnny walker|michael parkin,michael-parkin-vs-johnny-walker-80556,2026-10-03,UFC 332: Silva vs. Wang,ufc,johnny walker,michael parkin,Cloudbet,sportsbook,1.6993,2.1100,-143,+111,2026-09-30T10:22:18.994450+00:00,13.7,complete
2026-10-01T00:04:29.051202+00:00,9743,johnny walker|michael parkin,michael-parkin-vs-johnny-walker-80556,2026-10-03,UFC 332: Silva vs. Wang,ufc,johnny walker,michael parkin,4casters,exchange,1.7812,2.1500,-128,+115,2026-09-30T23:50:56.511418+00:00,0.23,complete
2026-10-01T00:04:29.051202+00:00,9743,johnny walker|michael parkin,michael-parkin-vs-johnny-walker-80556,2026-10-03,UFC 332: Silva vs. Wang,ufc,johnny walker,michael parkin,Bookmaker,sportsbook,1.7692,2.1000,-130,+110,2026-09-30T20:45:59.813950+00:00,3.31,complete
2026-10-01T00:04:29.051202+00:00,9743,johnny walker|michael parkin,michael-parkin-vs-johnny-walker-80556,2026-10-03,UFC 332: Silva vs. Wang,ufc,johnny walker,michael parkin,YouWager,sportsbook,1.7407,2.1500,-135,+115,2026-09-30T11:40:32.716017+00:00,12.4,complete
2026-10-01T00:04:29.051202+00:00,9743,johnny walker|michael parkin,michael-parkin-vs-johnny-walker-80556,2026-10-03,UFC 332: Silva vs. Wang,ufc,johnny walker,michael parkin,HardRockBet,sportsbook,1.6897,2.1500,-145,+115,2026-09-27T14:13:00.602885+00:00,81.86,complete
2026-10-01T00:04:29.051202+00:00,9743,johnny walker|michael parkin,michael-parkin-vs-johnny-walker-80556,2026-10-03,UFC 332: Silva vs. Wang,ufc,johnny walker,michael parkin,FanDuel,sportsbook,1.6667,2.1800,-150,+118,2026-09-27T08:46:00.350499+00:00,87.31,complete
2026-10-01T00:04:29.051202+00:00,9743,johnny walker|michael parkin,michael-parkin-vs-johnny-walker-80556,2026-10-03,UFC 332: Silva vs. Wang,ufc,johnny walker,michael parkin,DraftKings,sportsbook,1.7407,2.1400,-135,+114,2026-09-28T04:40:37.312822+00:00,67.4,complete
2026-10-01T00:04:29.051202+00:00,9743,johnny walker|michael parkin,michael-parkin-vs-johnny-walker-80556,2026-10-03,UFC 332: Silva vs. Wang,ufc,johnny walker,michael parkin,BetMGM,sportsbook,1.7407,2.1000,-135,+110,2026-09-30T17:37:15.538206+00:00,6.45,complete
2026-10-01T00:04:29.051202+00:00,9743,johnny walker|michael parkin,michael-parkin-vs-johnny-walker-80556,2026-10-03,UFC 332: Silva vs. Wang,ufc,johnny walker,michael parkin,BetRivers,sportsbook,1.6993,2.1600,-143,+116,2026-09-27T03:01:58.456342+00:00,93.04,complete
2026-10-01T00:04:29.051202+00:00,9743,johnny walker|michael parkin,michael-parkin-vs-johnny-walker-80556,2026-10-03,UFC 332: Silva vs. Wang,ufc,johnny walker,michael parkin,Bovada,sportsbook,1.7812,2.0800,-128,+108,2026-09-30T23:54:16.697253+00:00,0.17,complete
2026-10-01T00:04:29.051202+00:00,9743,johnny walker|michael parkin,michael-parkin-vs-johnny-walker-80556,2026-10-03,UFC 332: Silva vs. Wang,ufc,johnny walker,michael parkin,Bet365,sportsbook,1.7407,2.1500,-135,+115,2026-09-29T15:30:52.540400+00:00,32.56,complete
2026-10-01T00:04:29.051202+00:00,9743,johnny walker|michael parkin,michael-parkin-vs-johnny-walker-80556,2026-10-03,UFC 332: Silva vs. Wang,ufc,johnny walker,michael parkin,Novig,exchange,1.8000,2.1700,-125,+117,2026-09-30T23:45:36.907607+00:00,0.31,complete
2026-10-01T00:04:29.051202+00:00,9743,johnny walker|michael parkin,michael-parkin-vs-johnny-walker-80556,2026-10-03,UFC 332: Silva vs. Wang,ufc,johnny walker,michael parkin,Caesars,sportsbook,1.7143,2.1800,-140,+118,2026-09-30T18:05:17.297401+00:00,5.99,complete
2026-10-01T00:04:29.051202+00:00,9743,johnny walker|michael parkin,michael-parkin-vs-johnny-walker-80556,2026-10-03,UFC 332: Silva vs. Wang,ufc,johnny walker,michael parkin,Circa,sportsbook,1.7143,2.2000,-140,+120,2026-09-25T20:36:44.319172+00:00,123.46,complete
2026-10-01T00:04:29.051202+00:00,9743,johnny walker|michael parkin,michael-parkin-vs-johnny-walker-80556,2026-10-03,UFC 332: Silva vs. Wang,ufc,johnny walker,michael parkin,BetOnline,sportsbook,1.7407,2.1500,-135,+115,2026-09-30T11:40:43.919438+00:00,12.4,complete
2026-10-01T00:04:29.051202+00:00,9743,johnny walker|michael parkin,michael-parkin-vs-johnny-walker-80556,2026-10-03,UFC 332: Silva vs. Wang,ufc,johnny walker,michael parkin,MyBookie,sportsbook,1.7092,2.1000,-141,+110,2026-09-30T11:49:18.476223+00:00,12.25,complete
2026-10-01T00:04:29.051202+00:00,9743,johnny walker|michael parkin,michael-parkin-vs-johnny-walker-80556,2026-10-03,UFC 332: Silva vs. Wang,ufc,johnny walker,michael parkin,Betway,sportsbook,1.7246,2.1000,-138,+110,2026-09-28T16:21:57.607236+00:00,55.71,complete
2026-10-01T00:04:29.051202+00:00,9743,johnny walker|michael parkin,michael-parkin-vs-johnny-walker-80556,2026-10-03,UFC 332: Silva vs. Wang,ufc,johnny walker,michael parkin,Stake,sportsbook,1.7194,2.1300,-139,+113,2026-09-30T12:25:31.712246+00:00,11.65,complete
2026-10-01T00:04:29.051202+00:00,9743,johnny walker|michael parkin,michael-parkin-vs-johnny-walker-80556,2026-10-03,UFC 332: Silva vs. Wang,ufc,johnny walker,michael parkin,ReBet,sportsbook,1.7092,2.1000,-141,+110,2026-09-30T11:45:58.417488+00:00,12.31,complete
2026-10-01T00:04:29.051202+00:00,9743,johnny walker|michael parkin,michael-parkin-vs-johnny-walker-80556,2026-10-03,UFC 332: Silva vs. Wang,ufc,johnny walker,michael parkin,Kalshi,exchange,1.7874,2.2200,-127,+122,2026-09-30T23:04:16.270340+00:00,1.0,complete
2026-10-01T00:04:29.051202+00:00,9743,johnny walker|michael parkin,michael-parkin-vs-johnny-walker-80556,2026-10-03,UFC 332: Silva vs. Wang,ufc,johnny walker,michael parkin,Polymarket,exchange,1.8197,2.1700,-122,+117,2026-09-30T23:09:34.366208+00:00,0.92,complete
2026-10-01T00:04:29.051202+00:00,9743,johnny walker|michael parkin,michael-parkin-vs-johnny-walker-80556,2026-10-03,UFC 332: Silva vs. Wang,ufc,johnny walker,michael parkin,Polymarket(US),exchange,1.8197,2.1700,-122,+117,2026-09-29T22:15:28.606322+00:00,25.82,complete
2026-10-01T00:04:29.051202+00:00,9743,alexander hernandez|rafael dos anjos,rafael-dos-anjos-vs-alexander-hernandez-80981,2026-10-03,UFC 332: Silva vs. Wang,ufc,alexander hernandez,rafael dos anjos,BetAnything,sportsbook,1.3922,3.0500,-255,+205,2026-09-30T19:14:37.707943+00:00,4.83,complete
2026-10-01T00:04:29.051202+00:00,9743,alexander hernandez|rafael dos anjos,rafael-dos-anjos-vs-alexander-hernandez-80981,2026-10-03,UFC 332: Silva vs. Wang,ufc,alexander hernandez,rafael dos anjos,BetUS,sportsbook,1.3922,3.1000,-255,+210,2026-09-30T19:11:32.490770+00:00,4.88,complete
2026-10-01T00:04:29.051202+00:00,9743,alexander hernandez|rafael dos anjos,rafael-dos-anjos-vs-alexander-hernandez-80981,2026-10-03,UFC 332: Silva vs. Wang,ufc,alexander hernandez,rafael dos anjos,ProphetX,exchange,1.3509,3.2500,-285,+225,2026-09-30T19:21:40.166071+00:00,4.71,complete
2026-10-01T00:04:29.051202+00:00,9743,alexander hernandez|rafael dos anjos,rafael-dos-anjos-vs-alexander-hernandez-80981,2026-10-03,UFC 332: Silva vs. Wang,ufc,alexander hernandez,rafael dos anjos,Pinnacle,sportsbook,1.3497,3.3600,-286,+236,2026-09-30T19:20:40.479620+00:00,4.73,complete
2026-10-01T00:04:29.051202+00:00,9743,alexander hernandez|rafael dos anjos,rafael-dos-anjos-vs-alexander-hernandez-80981,2026-10-03,UFC 332: Silva vs. Wang,ufc,alexander hernandez,rafael dos anjos,Bet105,sportsbook,1.3497,3.3600,-286,+236,2026-09-30T18:58:38.892601+00:00,5.1,complete
2026-10-01T00:04:29.051202+00:00,9743,alexander hernandez|rafael dos anjos,rafael-dos-anjos-vs-alexander-hernandez-80981,2026-10-03,UFC 332: Silva vs. Wang,ufc,alexander hernandez,rafael dos anjos,Cloudbet,sportsbook,1.3205,3.2500,-312,+225,2026-09-30T18:57:36.108978+00:00,5.11,complete
2026-10-01T00:04:29.051202+00:00,9743,alexander hernandez|rafael dos anjos,rafael-dos-anjos-vs-alexander-hernandez-80981,2026-10-03,UFC 332: Silva vs. Wang,ufc,alexander hernandez,rafael dos anjos,Bet365,sportsbook,1.3704,3.2000,-270,+220,2026-09-30T17:30:47.572528+00:00,6.56,complete
2026-10-01T00:04:29.051202+00:00,9743,alexander hernandez|rafael dos anjos,rafael-dos-anjos-vs-alexander-hernandez-80981,2026-10-03,UFC 332: Silva vs. Wang,ufc,alexander hernandez,rafael dos anjos,4casters,exchange,1.3922,3.3700,-255,+237,2026-09-30T22:15:58.366683+00:00,1.81,complete
2026-10-01T00:04:29.051202+00:00,9743,alexander hernandez|rafael dos anjos,rafael-dos-anjos-vs-alexander-hernandez-80981,2026-10-03,UFC 332: Silva vs. Wang,ufc,alexander hernandez,rafael dos anjos,Bookmaker,sportsbook,1.3636,3.2600,-275,+226,2026-09-29T15:15:41.254643+00:00,32.81,complete
2026-10-01T00:04:29.051202+00:00,9743,alexander hernandez|rafael dos anjos,rafael-dos-anjos-vs-alexander-hernandez-80981,2026-10-03,UFC 332: Silva vs. Wang,ufc,alexander hernandez,rafael dos anjos,YouWager,sportsbook,1.3922,3.1100,-255,+211,2026-09-28T11:30:51.028359+00:00,60.56,complete
2026-10-01T00:04:29.051202+00:00,9743,alexander hernandez|rafael dos anjos,rafael-dos-anjos-vs-alexander-hernandez-80981,2026-10-03,UFC 332: Silva vs. Wang,ufc,alexander hernandez,rafael dos anjos,HardRockBet,sportsbook,1.3846,3.0000,-260,+200,2026-09-30T13:57:34.391872+00:00,10.12,complete
2026-10-01T00:04:29.051202+00:00,9743,alexander hernandez|rafael dos anjos,rafael-dos-anjos-vs-alexander-hernandez-80981,2026-10-03,UFC 332: Silva vs. Wang,ufc,alexander hernandez,rafael dos anjos,FanDuel,sportsbook,1.3774,3.0000,-265,+200,2026-09-27T08:45:55.949245+00:00,87.31,complete
2026-10-01T00:04:29.051202+00:00,9743,alexander hernandez|rafael dos anjos,rafael-dos-anjos-vs-alexander-hernandez-80981,2026-10-03,UFC 332: Silva vs. Wang,ufc,alexander hernandez,rafael dos anjos,DraftKings,sportsbook,1.3509,3.3000,-285,+230,2026-09-28T23:40:51.276840+00:00,48.39,complete
2026-10-01T00:04:29.051202+00:00,9743,alexander hernandez|rafael dos anjos,rafael-dos-anjos-vs-alexander-hernandez-80981,2026-10-03,UFC 332: Silva vs. Wang,ufc,alexander hernandez,rafael dos anjos,4Cx,exchange,1.3846,3.3200,-260,+232,2026-09-30T22:16:48.235172+00:00,1.79,complete
2026-10-01T00:04:29.051202+00:00,9743,alexander hernandez|rafael dos anjos,rafael-dos-anjos-vs-alexander-hernandez-80981,2026-10-03,UFC 332: Silva vs. Wang,ufc,alexander hernandez,rafael dos anjos,BetMGM,sportsbook,1.4000,3.0000,-250,+200,2026-09-27T03:22:40.750738+00:00,92.7,complete
2026-10-01T00:04:29.051202+00:00,9743,alexander hernandez|rafael dos anjos,rafael-dos-anjos-vs-alexander-hernandez-80981,2026-10-03,UFC 332: Silva vs. Wang,ufc,alexander hernandez,rafael dos anjos,BetRivers,sportsbook,1.3802,3.0000,-263,+200,2026-09-30T14:01:25.697176+00:00,10.05,complete
2026-10-01T00:04:29.051202+00:00,9743,alexander hernandez|rafael dos anjos,rafael-dos-anjos-vs-alexander-hernandez-80981,2026-10-03,UFC 332: Silva vs. Wang,ufc,alexander hernandez,rafael dos anjos,SXBet,exchange,1.3774,3.4200,-265,+242,2026-09-30T16:31:04.574199+00:00,7.56,complete
2026-10-01T00:04:29.051202+00:00,9743,alexander hernandez|rafael dos anjos,rafael-dos-anjos-vs-alexander-hernandez-80981,2026-10-03,UFC 332: Silva vs. Wang,ufc,alexander hernandez,rafael dos anjos,Bovada,sportsbook,1.3846,3.1500,-260,+215,2026-09-28T18:34:25.785995+00:00,53.5,complete
2026-10-01T00:04:29.051202+00:00,9743,alexander hernandez|rafael dos anjos,rafael-dos-anjos-vs-alexander-hernandez-80981,2026-10-03,UFC 332: Silva vs. Wang,ufc,alexander hernandez,rafael dos anjos,Novig,exchange,1.4082,3.3300,-245,+233,2026-09-30T23:15:29.674589+00:00,0.82,complete
2026-10-01T00:04:29.051202+00:00,9743,alexander hernandez|rafael dos anjos,rafael-dos-anjos-vs-alexander-hernandez-80981,2026-10-03,UFC 332: Silva vs. Wang,ufc,alexander hernandez,rafael dos anjos,Caesars,sportsbook,1.4000,3.0500,-250,+205,2026-09-26T04:05:25.703787+00:00,115.98,complete
2026-10-01T00:04:29.051202+00:00,9743,alexander hernandez|rafael dos anjos,rafael-dos-anjos-vs-alexander-hernandez-80981,2026-10-03,UFC 332: Silva vs. Wang,ufc,alexander hernandez,rafael dos anjos,Circa,sportsbook,1.4082,3.1000,-245,+210,2026-09-25T20:36:45.029728+00:00,123.46,complete
2026-10-01T00:04:29.051202+00:00,9743,alexander hernandez|rafael dos anjos,rafael-dos-anjos-vs-alexander-hernandez-80981,2026-10-03,UFC 332: Silva vs. Wang,ufc,alexander hernandez,rafael dos anjos,BetOnline,sportsbook,1.3922,3.1100,-255,+211,2026-09-28T11:28:16.082459+00:00,60.6,complete
2026-10-01T00:04:29.051202+00:00,9743,alexander hernandez|rafael dos anjos,rafael-dos-anjos-vs-alexander-hernandez-80981,2026-10-03,UFC 332: Silva vs. Wang,ufc,alexander hernandez,rafael dos anjos,MyBookie,sportsbook,1.3704,3.0400,-270,+204,2026-09-28T23:24:58.708860+00:00,48.66,complete
2026-10-01T00:04:29.051202+00:00,9743,alexander hernandez|rafael dos anjos,rafael-dos-anjos-vs-alexander-hernandez-80981,2026-10-03,UFC 332: Silva vs. Wang,ufc,alexander hernandez,rafael dos anjos,Betway,sportsbook,1.3636,3.1000,-275,+210,2026-09-28T16:21:57.132996+00:00,55.71,complete
2026-10-01T00:04:29.051202+00:00,9743,alexander hernandez|rafael dos anjos,rafael-dos-anjos-vs-alexander-hernandez-80981,2026-10-03,UFC 332: Silva vs. Wang,ufc,alexander hernandez,rafael dos anjos,Stake,sportsbook,1.3802,3.1000,-263,+210,2026-09-28T23:25:33.604352+00:00,48.65,complete
2026-10-01T00:04:29.051202+00:00,9743,alexander hernandez|rafael dos anjos,rafael-dos-anjos-vs-alexander-hernandez-80981,2026-10-03,UFC 332: Silva vs. Wang,ufc,alexander hernandez,rafael dos anjos,ReBet,sportsbook,1.3704,3.0400,-270,+204,2026-09-28T23:31:02.138703+00:00,48.56,complete
2026-10-01T00:04:29.051202+00:00,9743,alexander hernandez|rafael dos anjos,rafael-dos-anjos-vs-alexander-hernandez-80981,2026-10-03,UFC 332: Silva vs. Wang,ufc,alexander hernandez,rafael dos anjos,Kalshi,exchange,1.3891,3.3300,-257,+233,2026-09-30T23:29:16.766338+00:00,0.59,complete
2026-10-01T00:04:29.051202+00:00,9743,alexander hernandez|rafael dos anjos,rafael-dos-anjos-vs-alexander-hernandez-80981,2026-10-03,UFC 332: Silva vs. Wang,ufc,alexander hernandez,rafael dos anjos,Polymarket,exchange,1.3891,3.4500,-257,+245,2026-09-30T09:04:21.986493+00:00,15.0,complete
2026-10-01T00:04:29.051202+00:00,9743,alexander hernandez|rafael dos anjos,rafael-dos-anjos-vs-alexander-hernandez-80981,2026-10-03,UFC 332: Silva vs. Wang,ufc,alexander hernandez,rafael dos anjos,Polymarket(US),exchange,1.3891,3.4500,-257,+245,2026-09-30T23:15:44.820269+00:00,0.81,complete
2026-10-01T00:04:29.051202+00:00,9743,ismael naurdiev|marvin vettori,ismael-naurdiev-vs-marvin-vettori-80905,2026-10-03,UFC 332: Silva vs. Wang,ufc,ismael naurdiev,marvin vettori,BetUS,sportsbook,1.6897,2.2200,-145,+122,2026-09-30T19:11:34.110660+00:00,4.88,complete
2026-10-01T00:04:29.051202+00:00,9743,ismael naurdiev|marvin vettori,ismael-naurdiev-vs-marvin-vettori-80905,2026-10-03,UFC 332: Silva vs. Wang,ufc,ismael naurdiev,marvin vettori,BetAnything,sportsbook,1.7143,2.1000,-140,+110,2026-09-30T19:09:22.324043+00:00,4.92,complete
2026-10-01T00:04:29.051202+00:00,9743,ismael naurdiev|marvin vettori,ismael-naurdiev-vs-marvin-vettori-80905,2026-10-03,UFC 332: Silva vs. Wang,ufc,ismael naurdiev,marvin vettori,Cloudbet,sportsbook,1.7194,2.0800,-139,+108,2026-09-30T23:02:55.578156+00:00,1.03,complete
2026-10-01T00:04:29.051202+00:00,9743,ismael naurdiev|marvin vettori,ismael-naurdiev-vs-marvin-vettori-80905,2026-10-03,UFC 332: Silva vs. Wang,ufc,ismael naurdiev,marvin vettori,ProphetX,exchange,1.7246,2.2000,-138,+120,2026-09-30T23:26:23.400712+00:00,0.63,complete
2026-10-01T00:04:29.051202+00:00,9743,ismael naurdiev|marvin vettori,ismael-naurdiev-vs-marvin-vettori-80905,2026-10-03,UFC 332: Silva vs. Wang,ufc,ismael naurdiev,marvin vettori,Pinnacle,sportsbook,1.7576,2.1300,-132,+113,2026-09-30T23:20:59.656080+00:00,0.72,complete
2026-10-01T00:04:29.051202+00:00,9743,ismael naurdiev|marvin vettori,ismael-naurdiev-vs-marvin-vettori-80905,2026-10-03,UFC 332: Silva vs. Wang,ufc,ismael naurdiev,marvin vettori,Bookmaker,sportsbook,1.7299,2.1700,-137,+117,2026-09-29T16:31:02.696099+00:00,31.56,complete
2026-10-01T00:04:29.051202+00:00,9743,ismael naurdiev|marvin vettori,ismael-naurdiev-vs-marvin-vettori-80905,2026-10-03,UFC 332: Silva vs. Wang,ufc,ismael naurdiev,marvin vettori,Bet105,sportsbook,1.7576,2.1300,-132,+113,2026-09-30T23:03:15.835168+00:00,1.02,complete
2026-10-01T00:04:29.051202+00:00,9743,ismael naurdiev|marvin vettori,ismael-naurdiev-vs-marvin-vettori-80905,2026-10-03,UFC 332: Silva vs. Wang,ufc,ismael naurdiev,marvin vettori,Bet365,sportsbook,1.7407,2.1500,-135,+115,2026-09-30T18:31:29.355566+00:00,5.55,complete
2026-10-01T00:04:29.051202+00:00,9743,ismael naurdiev|marvin vettori,ismael-naurdiev-vs-marvin-vettori-80905,2026-10-03,UFC 332: Silva vs. Wang,ufc,ismael naurdiev,marvin vettori,4casters,exchange,1.7407,2.1700,-135,+117,2026-09-30T23:01:16.886899+00:00,1.05,complete
2026-10-01T00:04:29.051202+00:00,9743,ismael naurdiev|marvin vettori,ismael-naurdiev-vs-marvin-vettori-80905,2026-10-03,UFC 332: Silva vs. Wang,ufc,ismael naurdiev,marvin vettori,YouWager,sportsbook,1.7463,2.1400,-134,+114,2026-09-30T11:20:46.236912+00:00,12.73,complete
2026-10-01T00:04:29.051202+00:00,9743,ismael naurdiev|marvin vettori,ismael-naurdiev-vs-marvin-vettori-80905,2026-10-03,UFC 332: Silva vs. Wang,ufc,ismael naurdiev,marvin vettori,HardRockBet,sportsbook,1.7692,2.0500,-130,+105,2026-09-30T18:27:18.890364+00:00,5.62,complete
2026-10-01T00:04:29.051202+00:00,9743,ismael naurdiev|marvin vettori,ismael-naurdiev-vs-marvin-vettori-80905,2026-10-03,UFC 332: Silva vs. Wang,ufc,ismael naurdiev,marvin vettori,FanDuel,sportsbook,1.7143,2.1000,-140,+110,2026-09-29T17:15:52.929646+00:00,30.81,complete
2026-10-01T00:04:29.051202+00:00,9743,ismael naurdiev|marvin vettori,ismael-naurdiev-vs-marvin-vettori-80905,2026-10-03,UFC 332: Silva vs. Wang,ufc,ismael naurdiev,marvin vettori,DraftKings,sportsbook,1.7042,2.2000,-142,+120,2026-09-30T18:41:31.830251+00:00,5.38,complete
2026-10-01T00:04:29.051202+00:00,9743,ismael naurdiev|marvin vettori,ismael-naurdiev-vs-marvin-vettori-80905,2026-10-03,UFC 332: Silva vs. Wang,ufc,ismael naurdiev,marvin vettori,4Cx,exchange,1.7246,2.1600,-138,+116,2026-09-30T23:02:16.024456+00:00,1.04,complete
2026-10-01T00:04:29.051202+00:00,9743,ismael naurdiev|marvin vettori,ismael-naurdiev-vs-marvin-vettori-80905,2026-10-03,UFC 332: Silva vs. Wang,ufc,ismael naurdiev,marvin vettori,BetMGM,sportsbook,1.6897,2.2000,-145,+120,2026-09-27T19:37:38.214046+00:00,76.45,complete
2026-10-01T00:04:29.051202+00:00,9743,ismael naurdiev|marvin vettori,ismael-naurdiev-vs-marvin-vettori-80905,2026-10-03,UFC 332: Silva vs. Wang,ufc,ismael naurdiev,marvin vettori,BetRivers,sportsbook,1.7576,2.0700,-132,+107,2026-09-30T18:31:45.526067+00:00,5.55,complete
2026-10-01T00:04:29.051202+00:00,9743,ismael naurdiev|marvin vettori,ismael-naurdiev-vs-marvin-vettori-80905,2026-10-03,UFC 332: Silva vs. Wang,ufc,ismael naurdiev,marvin vettori,SXBet,exchange,1.7353,2.2000,-136,+120,2026-09-30T21:20:31.967846+00:00,2.73,complete
2026-10-01T00:04:29.051202+00:00,9743,ismael naurdiev|marvin vettori,ismael-naurdiev-vs-marvin-vettori-80905,2026-10-03,UFC 332: Silva vs. Wang,ufc,ismael naurdiev,marvin vettori,Bovada,sportsbook,1.7407,2.1500,-135,+115,2026-09-30T23:04:17.898458+00:00,1.0,complete
2026-10-01T00:04:29.051202+00:00,9743,ismael naurdiev|marvin vettori,ismael-naurdiev-vs-marvin-vettori-80905,2026-10-03,UFC 332: Silva vs. Wang,ufc,ismael naurdiev,marvin vettori,Caesars,sportsbook,1.7143,2.1800,-140,+118,2026-09-30T17:05:51.226368+00:00,6.98,complete
2026-10-01T00:04:29.051202+00:00,9743,ismael naurdiev|marvin vettori,ismael-naurdiev-vs-marvin-vettori-80905,2026-10-03,UFC 332: Silva vs. Wang,ufc,ismael naurdiev,marvin vettori,Circa,sportsbook,1.7143,2.2000,-140,+120,2026-09-29T19:41:28.828770+00:00,28.38,complete
2026-10-01T00:04:29.051202+00:00,9743,ismael naurdiev|marvin vettori,ismael-naurdiev-vs-marvin-vettori-80905,2026-10-03,UFC 332: Silva vs. Wang,ufc,ismael naurdiev,marvin vettori,BetOnline,sportsbook,1.7463,2.1400,-134,+114,2026-09-30T11:20:43.751925+00:00,12.73,complete
2026-10-01T00:04:29.051202+00:00,9743,ismael naurdiev|marvin vettori,ismael-naurdiev-vs-marvin-vettori-80905,2026-10-03,UFC 332: Silva vs. Wang,ufc,ismael naurdiev,marvin vettori,Stake,sportsbook,1.7194,2.1300,-139,+113,2026-09-28T12:25:33.025245+00:00,59.65,complete
2026-10-01T00:04:29.051202+00:00,9743,ismael naurdiev|marvin vettori,ismael-naurdiev-vs-marvin-vettori-80905,2026-10-03,UFC 332: Silva vs. Wang,ufc,ismael naurdiev,marvin vettori,Betway,sportsbook,1.7246,2.1000,-138,+110,2026-09-28T16:21:57.345822+00:00,55.71,complete
2026-10-01T00:04:29.051202+00:00,9743,ismael naurdiev|marvin vettori,ismael-naurdiev-vs-marvin-vettori-80905,2026-10-03,UFC 332: Silva vs. Wang,ufc,ismael naurdiev,marvin vettori,Novig,exchange,1.7692,2.2500,-130,+125,2026-09-30T21:15:30.720891+00:00,2.82,complete
2026-10-01T00:04:29.051202+00:00,9743,ismael naurdiev|marvin vettori,ismael-naurdiev-vs-marvin-vettori-80905,2026-10-03,UFC 332: Silva vs. Wang,ufc,ismael naurdiev,marvin vettori,ReBet,sportsbook,1.7092,2.1000,-141,+110,2026-09-28T11:45:30.719213+00:00,60.32,complete
2026-10-01T00:04:29.051202+00:00,9743,ismael naurdiev|marvin vettori,ismael-naurdiev-vs-marvin-vettori-80905,2026-10-03,UFC 332: Silva vs. Wang,ufc,ismael naurdiev,marvin vettori,MyBookie,sportsbook,1.7092,2.1000,-141,+110,2026-09-28T11:39:12.704768+00:00,60.42,complete
2026-10-01T00:04:29.051202+00:00,9743,ismael naurdiev|marvin vettori,ismael-naurdiev-vs-marvin-vettori-80905,2026-10-03,UFC 332: Silva vs. Wang,ufc,ismael naurdiev,marvin vettori,Polymarket(US),exchange,1.7519,2.2700,-133,+127,2026-09-30T23:15:44.878059+00:00,0.81,complete
2026-10-01T00:04:29.051202+00:00,9743,ismael naurdiev|marvin vettori,ismael-naurdiev-vs-marvin-vettori-80905,2026-10-03,UFC 332: Silva vs. Wang,ufc,ismael naurdiev,marvin vettori,Kalshi,exchange,1.7246,2.3300,-138,+133,2026-09-30T19:49:42.833809+00:00,4.25,complete
2026-10-01T00:04:29.051202+00:00,9743,ismael naurdiev|marvin vettori,ismael-naurdiev-vs-marvin-vettori-80905,2026-10-03,UFC 332: Silva vs. Wang,ufc,ismael naurdiev,marvin vettori,Polymarket,exchange,1.7874,2.2200,-127,+122,2026-09-29T19:34:21.303760+00:00,28.5,complete
2026-10-01T00:04:29.051202+00:00,9743,bruce whitehead|jacobe smith,jacobe-smith-vs-bruce-whitehead-82017,2026-10-03,UFC 332: Silva vs. Wang,ufc,bruce whitehead,jacobe smith,YouWager,sportsbook,7.6100,1.1000,+661,-1000,2026-09-30T21:20:37.615509+00:00,2.73,complete
2026-10-01T00:04:29.051202+00:00,9743,bruce whitehead|jacobe smith,jacobe-smith-vs-bruce-whitehead-82017,2026-10-03,UFC 332: Silva vs. Wang,ufc,bruce whitehead,jacobe smith,BetUS,sportsbook,7.2500,1.1000,+625,-1000,2026-09-30T19:11:36.793926+00:00,4.88,complete
2026-10-01T00:04:29.051202+00:00,9743,bruce whitehead|jacobe smith,jacobe-smith-vs-bruce-whitehead-82017,2026-10-03,UFC 332: Silva vs. Wang,ufc,bruce whitehead,jacobe smith,BetAnything,sportsbook,6.2500,1.1000,+525,-1000,2026-09-30T19:09:23.047577+00:00,4.92,complete
2026-10-01T00:04:29.051202+00:00,9743,bruce whitehead|jacobe smith,jacobe-smith-vs-bruce-whitehead-82017,2026-10-03,UFC 332: Silva vs. Wang,ufc,bruce whitehead,jacobe smith,HardRockBet,sportsbook,6.7500,1.1111,+575,-900,2026-09-30T15:42:49.218467+00:00,8.36,complete
2026-10-01T00:04:29.051202+00:00,9743,bruce whitehead|jacobe smith,jacobe-smith-vs-bruce-whitehead-82017,2026-10-03,UFC 332: Silva vs. Wang,ufc,bruce whitehead,jacobe smith,SXBet,exchange,7.5500,1.1080,+655,-926,2026-09-30T19:40:34.676160+00:00,4.4,complete
2026-10-01T00:04:29.051202+00:00,9743,bruce whitehead|jacobe smith,jacobe-smith-vs-bruce-whitehead-82017,2026-10-03,UFC 332: Silva vs. Wang,ufc,bruce whitehead,jacobe smith,BetMGM,sportsbook,7.2500,1.1000,+625,-1000,2026-09-30T13:07:33.090043+00:00,10.95,complete
2026-10-01T00:04:29.051202+00:00,9743,bruce whitehead|jacobe smith,jacobe-smith-vs-bruce-whitehead-82017,2026-10-03,UFC 332: Silva vs. Wang,ufc,bruce whitehead,jacobe smith,Pinnacle,sportsbook,8.0100,1.0945,+701,-1058,2026-09-30T22:51:10.669569+00:00,1.22,complete
2026-10-01T00:04:29.051202+00:00,9743,bruce whitehead|jacobe smith,jacobe-smith-vs-bruce-whitehead-82017,2026-10-03,UFC 332: Silva vs. Wang,ufc,bruce whitehead,jacobe smith,ProphetX,exchange,7.0000,1.1000,+600,-1000,2026-10-01T00:03:14.355389+00:00,0.02,complete
2026-10-01T00:04:29.051202+00:00,9743,bruce whitehead|jacobe smith,jacobe-smith-vs-bruce-whitehead-82017,2026-10-03,UFC 332: Silva vs. Wang,ufc,bruce whitehead,jacobe smith,Polymarket,exchange,7.6900,1.1236,+669,-809,2026-09-30T22:54:44.860179+00:00,1.16,complete
2026-10-01T00:04:29.051202+00:00,9743,bruce whitehead|jacobe smith,jacobe-smith-vs-bruce-whitehead-82017,2026-10-03,UFC 332: Silva vs. Wang,ufc,bruce whitehead,jacobe smith,Circa,sportsbook,7.2500,1.1111,+625,-900,2026-09-29T16:46:50.596513+00:00,31.29,complete
2026-10-01T00:04:29.051202+00:00,9743,bruce whitehead|jacobe smith,jacobe-smith-vs-bruce-whitehead-82017,2026-10-03,UFC 332: Silva vs. Wang,ufc,bruce whitehead,jacobe smith,BetRivers,sportsbook,6.7500,1.1100,+575,-909,2026-09-29T13:46:52.861517+00:00,34.29,complete
2026-10-01T00:04:29.051202+00:00,9743,bruce whitehead|jacobe smith,jacobe-smith-vs-bruce-whitehead-82017,2026-10-03,UFC 332: Silva vs. Wang,ufc,bruce whitehead,jacobe smith,Bet365,sportsbook,7.5000,1.1000,+650,-1000,2026-09-30T18:31:29.458723+00:00,5.55,complete
2026-10-01T00:04:29.051202+00:00,9743,bruce whitehead|jacobe smith,jacobe-smith-vs-bruce-whitehead-82017,2026-10-03,UFC 332: Silva vs. Wang,ufc,bruce whitehead,jacobe smith,Polymarket(US),exchange,7.6900,1.1364,+669,-733,2026-09-30T20:31:11.093992+00:00,3.55,complete
2026-10-01T00:04:29.051202+00:00,9743,bruce whitehead|jacobe smith,jacobe-smith-vs-bruce-whitehead-82017,2026-10-03,UFC 332: Silva vs. Wang,ufc,bruce whitehead,jacobe smith,Novig,exchange,7.6900,1.1236,+669,-809,2026-09-30T23:15:29.699495+00:00,0.82,complete
2026-10-01T00:04:29.051202+00:00,9743,bruce whitehead|jacobe smith,jacobe-smith-vs-bruce-whitehead-82017,2026-10-03,UFC 332: Silva vs. Wang,ufc,bruce whitehead,jacobe smith,4casters,exchange,8.3000,1.1058,+730,-945,2026-09-30T17:00:53.038878+00:00,7.06,complete
2026-10-01T00:04:29.051202+00:00,9743,bruce whitehead|jacobe smith,jacobe-smith-vs-bruce-whitehead-82017,2026-10-03,UFC 332: Silva vs. Wang,ufc,bruce whitehead,jacobe smith,4Cx,exchange,8.1300,1.1030,+713,-971,2026-09-30T17:01:33.627481+00:00,7.05,complete
2026-10-01T00:04:29.051202+00:00,9743,bruce whitehead|jacobe smith,jacobe-smith-vs-bruce-whitehead-82017,2026-10-03,UFC 332: Silva vs. Wang,ufc,bruce whitehead,jacobe smith,Kalshi,exchange,7.6900,1.1364,+669,-733,2026-09-30T23:04:16.259435+00:00,1.0,complete
2026-10-01T00:04:29.051202+00:00,9743,bruce whitehead|jacobe smith,jacobe-smith-vs-bruce-whitehead-82017,2026-10-03,UFC 332: Silva vs. Wang,ufc,bruce whitehead,jacobe smith,Stake,sportsbook,7.2000,1.1000,+620,-1000,2026-09-29T00:25:46.007403+00:00,47.65,complete
2026-10-01T00:04:29.051202+00:00,9743,bruce whitehead|jacobe smith,jacobe-smith-vs-bruce-whitehead-82017,2026-10-03,UFC 332: Silva vs. Wang,ufc,bruce whitehead,jacobe smith,ReBet,sportsbook,7.0000,1.0910,+600,-1099,2026-09-30T17:45:35.079619+00:00,6.31,complete
2026-10-01T00:04:29.051202+00:00,9743,bruce whitehead|jacobe smith,jacobe-smith-vs-bruce-whitehead-82017,2026-10-03,UFC 332: Silva vs. Wang,ufc,bruce whitehead,jacobe smith,MyBookie,sportsbook,7.0000,1.0910,+600,-1099,2026-09-30T17:49:20.138583+00:00,6.25,complete
2026-10-01T00:04:29.051202+00:00,9743,bruce whitehead|jacobe smith,jacobe-smith-vs-bruce-whitehead-82017,2026-10-03,UFC 332: Silva vs. Wang,ufc,bruce whitehead,jacobe smith,DraftKings,sportsbook,7.7500,1.0952,+675,-1050,2026-09-30T23:11:47.417872+00:00,0.88,complete
2026-10-01T00:04:29.051202+00:00,9743,bruce whitehead|jacobe smith,jacobe-smith-vs-bruce-whitehead-82017,2026-10-03,UFC 332: Silva vs. Wang,ufc,bruce whitehead,jacobe smith,Cloudbet,sportsbook,7.8500,1.0700,+685,-1429,2026-09-30T22:47:21.668107+00:00,1.29,complete
2026-10-01T00:04:29.051202+00:00,9743,bruce whitehead|jacobe smith,jacobe-smith-vs-bruce-whitehead-82017,2026-10-03,UFC 332: Silva vs. Wang,ufc,bruce whitehead,jacobe smith,Caesars,sportsbook,7.0000,1.1000,+600,-1000,2026-09-28T21:05:26.510367+00:00,50.98,complete
2026-10-01T00:04:29.051202+00:00,9743,bruce whitehead|jacobe smith,jacobe-smith-vs-bruce-whitehead-82017,2026-10-03,UFC 332: Silva vs. Wang,ufc,bruce whitehead,jacobe smith,Bovada,sportsbook,7.5000,1.1000,+650,-1000,2026-09-30T16:44:25.423196+00:00,7.33,complete
2026-10-01T00:04:29.051202+00:00,9743,bruce whitehead|jacobe smith,jacobe-smith-vs-bruce-whitehead-82017,2026-10-03,UFC 332: Silva vs. Wang,ufc,bruce whitehead,jacobe smith,FanDuel,sportsbook,6.6000,1.1000,+560,-1000,2026-09-28T16:16:03.956857+00:00,55.81,complete
2026-10-01T00:04:29.051202+00:00,9743,bruce whitehead|jacobe smith,jacobe-smith-vs-bruce-whitehead-82017,2026-10-03,UFC 332: Silva vs. Wang,ufc,bruce whitehead,jacobe smith,Betway,sportsbook,7.0000,1.1000,+600,-1000,2026-09-28T16:21:57.232018+00:00,55.71,complete
2026-10-01T00:04:29.051202+00:00,9743,bruce whitehead|jacobe smith,jacobe-smith-vs-bruce-whitehead-82017,2026-10-03,UFC 332: Silva vs. Wang,ufc,bruce whitehead,jacobe smith,Bookmaker,sportsbook,7.3900,1.1053,+639,-950,2026-09-29T15:15:41.458308+00:00,32.81,complete
2026-10-01T00:04:29.051202+00:00,9743,bruce whitehead|jacobe smith,jacobe-smith-vs-bruce-whitehead-82017,2026-10-03,UFC 332: Silva vs. Wang,ufc,bruce whitehead,jacobe smith,Bet105,sportsbook,8.0100,1.0945,+701,-1058,2026-09-30T22:43:31.397550+00:00,1.35,complete
2026-10-01T00:04:29.051202+00:00,9743,bruce whitehead|jacobe smith,jacobe-smith-vs-bruce-whitehead-82017,2026-10-03,UFC 332: Silva vs. Wang,ufc,bruce whitehead,jacobe smith,BetOnline,sportsbook,7.6100,1.1000,+661,-1000,2026-09-30T17:40:08.764147+00:00,6.41,complete
2026-10-01T00:04:29.051202+00:00,9743,court mcgee|eric nolan,court-mcgee-vs-eric-nolan-80904,2026-10-03,UFC 332: Silva vs. Wang,ufc,court mcgee,eric nolan,BetUS,sportsbook,2.7500,1.4739,+175,-211,2026-09-30T23:45:32.982452+00:00,0.32,complete
2026-10-01T00:04:29.051202+00:00,9743,court mcgee|eric nolan,court-mcgee-vs-eric-nolan-80904,2026-10-03,UFC 332: Silva vs. Wang,ufc,court mcgee,eric nolan,BetAnything,sportsbook,2.7500,1.4444,+175,-225,2026-09-30T23:39:21.433235+00:00,0.42,complete
2026-10-01T00:04:29.051202+00:00,9743,court mcgee|eric nolan,court-mcgee-vs-eric-nolan-80904,2026-10-03,UFC 332: Silva vs. Wang,ufc,court mcgee,eric nolan,ProphetX,exchange,2.8200,1.4444,+182,-225,2026-09-30T22:02:32.697972+00:00,2.03,complete
2026-10-01T00:04:29.051202+00:00,9743,court mcgee|eric nolan,court-mcgee-vs-eric-nolan-80904,2026-10-03,UFC 332: Silva vs. Wang,ufc,court mcgee,eric nolan,Pinnacle,sportsbook,2.8800,1.4464,+188,-224,2026-09-30T22:21:27.198524+00:00,1.72,complete
2026-10-01T00:04:29.051202+00:00,9743,court mcgee|eric nolan,court-mcgee-vs-eric-nolan-80904,2026-10-03,UFC 332: Silva vs. Wang,ufc,court mcgee,eric nolan,Bet105,sportsbook,2.8800,1.4444,+188,-225,2026-09-30T22:03:16.765926+00:00,2.02,complete
2026-10-01T00:04:29.051202+00:00,9743,court mcgee|eric nolan,court-mcgee-vs-eric-nolan-80904,2026-10-03,UFC 332: Silva vs. Wang,ufc,court mcgee,eric nolan,Cloudbet,sportsbook,2.8000,1.4098,+180,-244,2026-09-30T22:03:01.152876+00:00,2.02,complete
2026-10-01T00:04:29.051202+00:00,9743,court mcgee|eric nolan,court-mcgee-vs-eric-nolan-80904,2026-10-03,UFC 332: Silva vs. Wang,ufc,court mcgee,eric nolan,Bet365,sportsbook,3.1000,1.3802,+210,-263,2026-09-29T15:30:52.561538+00:00,32.56,complete
2026-10-01T00:04:29.051202+00:00,9743,court mcgee|eric nolan,court-mcgee-vs-eric-nolan-80904,2026-10-03,UFC 332: Silva vs. Wang,ufc,court mcgee,eric nolan,Bookmaker,sportsbook,2.8800,1.4444,+188,-225,2026-09-30T20:31:10.282559+00:00,3.56,complete
2026-10-01T00:04:29.051202+00:00,9743,court mcgee|eric nolan,court-mcgee-vs-eric-nolan-80904,2026-10-03,UFC 332: Silva vs. Wang,ufc,court mcgee,eric nolan,YouWager,sportsbook,2.8100,1.4739,+181,-211,2026-09-30T23:41:38.195885+00:00,0.38,complete
2026-10-01T00:04:29.051202+00:00,9743,court mcgee|eric nolan,court-mcgee-vs-eric-nolan-80904,2026-10-03,UFC 332: Silva vs. Wang,ufc,court mcgee,eric nolan,HardRockBet,sportsbook,3.1000,1.3846,+210,-260,2026-09-30T14:12:09.891538+00:00,9.87,complete
2026-10-01T00:04:29.051202+00:00,9743,court mcgee|eric nolan,court-mcgee-vs-eric-nolan-80904,2026-10-03,UFC 332: Silva vs. Wang,ufc,court mcgee,eric nolan,FanDuel,sportsbook,3.0000,1.3774,+200,-265,2026-09-27T08:45:53.860313+00:00,87.31,complete
2026-10-01T00:04:29.051202+00:00,9743,court mcgee|eric nolan,court-mcgee-vs-eric-nolan-80904,2026-10-03,UFC 332: Silva vs. Wang,ufc,court mcgee,eric nolan,DraftKings,sportsbook,2.9000,1.4348,+190,-230,2026-09-30T22:11:54.657127+00:00,1.88,complete
2026-10-01T00:04:29.051202+00:00,9743,court mcgee|eric nolan,court-mcgee-vs-eric-nolan-80904,2026-10-03,UFC 332: Silva vs. Wang,ufc,court mcgee,eric nolan,4Cx,exchange,2.9600,1.4425,+196,-226,2026-09-30T22:02:33.857062+00:00,2.03,complete
2026-10-01T00:04:29.051202+00:00,9743,court mcgee|eric nolan,court-mcgee-vs-eric-nolan-80904,2026-10-03,UFC 332: Silva vs. Wang,ufc,court mcgee,eric nolan,4casters,exchange,3.0000,1.4484,+200,-223,2026-09-30T23:45:33.133839+00:00,0.32,complete
2026-10-01T00:04:29.051202+00:00,9743,court mcgee|eric nolan,court-mcgee-vs-eric-nolan-80904,2026-10-03,UFC 332: Silva vs. Wang,ufc,court mcgee,eric nolan,BetMGM,sportsbook,3.0000,1.4000,+200,-250,2026-09-30T22:22:29.224279+00:00,1.7,complete
2026-10-01T00:04:29.051202+00:00,9743,court mcgee|eric nolan,court-mcgee-vs-eric-nolan-80904,2026-10-03,UFC 332: Silva vs. Wang,ufc,court mcgee,eric nolan,BetRivers,sportsbook,3.0500,1.3802,+205,-263,2026-09-30T14:16:15.826912+00:00,9.8,complete
2026-10-01T00:04:29.051202+00:00,9743,court mcgee|eric nolan,court-mcgee-vs-eric-nolan-80904,2026-10-03,UFC 332: Silva vs. Wang,ufc,court mcgee,eric nolan,SXBet,exchange,3.1300,1.4525,+213,-221,2026-09-30T22:02:51.055480+00:00,2.03,complete
2026-10-01T00:04:29.051202+00:00,9743,court mcgee|eric nolan,court-mcgee-vs-eric-nolan-80904,2026-10-03,UFC 332: Silva vs. Wang,ufc,court mcgee,eric nolan,Bovada,sportsbook,2.9000,1.4348,+190,-230,2026-09-30T23:44:21.045651+00:00,0.34,complete
2026-10-01T00:04:29.051202+00:00,9743,court mcgee|eric nolan,court-mcgee-vs-eric-nolan-80904,2026-10-03,UFC 332: Silva vs. Wang,ufc,court mcgee,eric nolan,Caesars,sportsbook,2.9000,1.4348,+190,-230,2026-09-30T23:05:33.885693+00:00,0.98,complete
2026-10-01T00:04:29.051202+00:00,9743,court mcgee|eric nolan,court-mcgee-vs-eric-nolan-80904,2026-10-03,UFC 332: Silva vs. Wang,ufc,court mcgee,eric nolan,Circa,sportsbook,3.0000,1.4255,+200,-235,2026-09-27T15:03:45.467087+00:00,81.01,complete
2026-10-01T00:04:29.051202+00:00,9743,court mcgee|eric nolan,court-mcgee-vs-eric-nolan-80904,2026-10-03,UFC 332: Silva vs. Wang,ufc,court mcgee,eric nolan,BetOnline,sportsbook,2.8100,1.4739,+181,-211,2026-09-30T23:38:37.103818+00:00,0.43,complete
2026-10-01T00:04:29.051202+00:00,9743,court mcgee|eric nolan,court-mcgee-vs-eric-nolan-80904,2026-10-03,UFC 332: Silva vs. Wang,ufc,court mcgee,eric nolan,Betway,sportsbook,3.1000,1.3636,+210,-275,2026-09-29T15:26:41.606404+00:00,32.63,complete
2026-10-01T00:04:29.051202+00:00,9743,court mcgee|eric nolan,court-mcgee-vs-eric-nolan-80904,2026-10-03,UFC 332: Silva vs. Wang,ufc,court mcgee,eric nolan,Stake,sportsbook,2.9000,1.4202,+190,-238,2026-09-30T21:25:36.457279+00:00,2.65,complete
2026-10-01T00:04:29.051202+00:00,9743,court mcgee|eric nolan,court-mcgee-vs-eric-nolan-80904,2026-10-03,UFC 332: Silva vs. Wang,ufc,court mcgee,eric nolan,ReBet,sportsbook,2.7300,1.4425,+173,-226,2026-09-30T23:45:50.236463+00:00,0.31,complete
2026-10-01T00:04:29.051202+00:00,9743,court mcgee|eric nolan,court-mcgee-vs-eric-nolan-80904,2026-10-03,UFC 332: Silva vs. Wang,ufc,court mcgee,eric nolan,MyBookie,sportsbook,2.7300,1.4425,+173,-226,2026-09-30T23:49:12.616779+00:00,0.25,complete
2026-10-01T00:04:29.051202+00:00,9743,court mcgee|eric nolan,court-mcgee-vs-eric-nolan-80904,2026-10-03,UFC 332: Silva vs. Wang,ufc,court mcgee,eric nolan,Novig,exchange,2.9400,1.4695,+194,-213,2026-09-30T22:02:44.070106+00:00,2.03,complete
2026-10-01T00:04:29.051202+00:00,9743,court mcgee|eric nolan,court-mcgee-vs-eric-nolan-80904,2026-10-03,UFC 332: Silva vs. Wang,ufc,court mcgee,eric nolan,Polymarket(US),exchange,3.2300,1.4292,+223,-233,2026-09-30T22:45:41.940525+00:00,1.31,complete
2026-10-01T00:04:29.051202+00:00,9743,court mcgee|eric nolan,court-mcgee-vs-eric-nolan-80904,2026-10-03,UFC 332: Silva vs. Wang,ufc,court mcgee,eric nolan,Kalshi,exchange,3.1200,1.4484,+212,-223,2026-09-30T20:39:14.568383+00:00,3.42,complete
2026-10-01T00:04:29.051202+00:00,9743,court mcgee|eric nolan,court-mcgee-vs-eric-nolan-80904,2026-10-03,UFC 332: Silva vs. Wang,ufc,court mcgee,eric nolan,Polymarket,exchange,3.0300,1.4717,+203,-212,2026-09-30T22:09:26.569540+00:00,1.92,complete
2026-10-01T00:04:29.051202+00:00,9736,brendan allen|christian leroy duncan,brendan-allen-vs-christian-leroy-duncan-81348,2026-10-10,UFC Fight Night: Allen vs. Duncan,ufc,brendan allen,christian leroy duncan,Polymarket(US),exchange,1.7246,2.3300,-138,+133,2026-09-27T01:15:18.887142+00:00,94.82,complete
2026-10-01T00:04:29.051202+00:00,9736,brendan allen|christian leroy duncan,brendan-allen-vs-christian-leroy-duncan-81348,2026-10-10,UFC Fight Night: Allen vs. Duncan,ufc,brendan allen,christian leroy duncan,Polymarket,exchange,1.6667,1.3704,-150,-270,2026-09-30T15:29:33.784332+00:00,8.58,complete
2026-10-01T00:04:29.051202+00:00,9736,jai herbert|matheus camilo,matheus-camilo-vs-jai-herbert-80442,2026-10-10,UFC Fight Night: Allen vs. Duncan,ufc,jai herbert,matheus camilo,Polymarket(US),exchange,2.4400,1.6667,+144,-150,2026-09-30T23:30:55.343376+00:00,0.56,complete
2026-10-01T00:04:29.051202+00:00,9736,gerald meerschaert|julius walker,julius-walker-vs-gerald-meerschaert-80766,2026-10-10,UFC Fight Night: Allen vs. Duncan,ufc,gerald meerschaert,julius walker,Polymarket(US),exchange,3.3300,1.4082,+233,-245,2026-09-28T04:30:57.005817+00:00,67.56,complete
2026-10-01T00:04:29.051202+00:00,9736,ketlen souza|lupita godinez,lupita-godinez-vs-ketlen-souza-80938,2026-10-10,UFC Fight Night: Allen vs. Duncan,ufc,ketlen souza,lupita godinez,Polymarket(US),exchange,2.3300,1.7246,+133,-138,2026-09-27T16:30:49.028601+00:00,79.56,complete
2026-10-01T00:04:29.051202+00:00,9736,malcolm wellmaker|otar tanzilov,malcolm-wellmaker-vs-otar-tanzilov-80443,2026-10-10,UFC Fight Night: Allen vs. Duncan,ufc,malcolm wellmaker,otar tanzilov,Polymarket(US),exchange,1.4484,3.1200,-223,+212,2026-09-28T01:15:42.414052+00:00,70.81,complete
2026-10-01T00:04:29.051202+00:00,9736,alice pereira|dariya zheleznyakova,dariya-zheleznyakova-vs-alice-pereira-80581,2026-10-10,UFC Fight Night: Allen vs. Duncan,ufc,alice pereira,dariya zheleznyakova,Polymarket(US),exchange,1.8850,2.0800,-113,+108,2026-09-30T10:15:49.406753+00:00,13.81,complete
2026-10-01T00:04:29.051202+00:00,9736,ernesta kareckaite|melissa gatto,ernesta-kareckaite-vs-melissa-gatto-80690,2026-10-10,UFC Fight Night: Allen vs. Duncan,ufc,ernesta kareckaite,melissa gatto,Polymarket(US),exchange,3.2300,1.4292,+223,-233,2026-09-30T18:00:56.679656+00:00,6.06,complete
2026-10-01T00:04:29.051202+00:00,9736,allen frye|rj harris,rj-harris-vs-allen-frye-80767,2026-10-10,UFC Fight Night: Allen vs. Duncan,ufc,allen frye,rj harris,Polymarket(US),exchange,3.5700,1.3704,+257,-270,2026-09-30T16:30:52.546491+00:00,7.56,complete
2026-10-01T00:04:29.051202+00:00,9736,andre fili|kai kamaka iii,andre-fili-vs-kai-kamaka-iii-80979,2026-10-10,UFC Fight Night: Allen vs. Duncan,ufc,andre fili,kai kamaka iii,Polymarket(US),exchange,1.8197,2.1700,-122,+117,2026-10-01T00:00:51.885605+00:00,0.06,complete
2026-10-01T00:04:29.051202+00:00,9736,francisco prado|ismael bonfim,francisco-prado-vs-ismael-bonfim-81521,2026-10-10,UFC Fight Night: Allen vs. Duncan,ufc,francisco prado,ismael bonfim,Polymarket(US),exchange,1.5618,2.7000,-178,+170,2026-09-30T23:45:47.623365+00:00,0.31,complete
2026-10-01T00:04:29.051202+00:00,9736,leon shahbazyan|niko price,niko-price-vs-leon-shahbazyan-81547,2026-10-10,UFC Fight Night: Allen vs. Duncan,ufc,leon shahbazyan,niko price,Polymarket(US),exchange,2.0800,1.8850,+108,-113,2026-09-30T16:30:52.522185+00:00,7.56,complete
2026-10-01T00:04:29.051202+00:00,9736,brendson ribeiro|felipe franco,felipe-franco-vs-brendson-ribeiro-81977,2026-10-10,UFC Fight Night: Allen vs. Duncan,ufc,brendson ribeiro,felipe franco,Polymarket(US),exchange,5.0000,1.2347,+400,-426,2026-09-30T20:15:32.573177+00:00,3.82,complete
2026-10-01T00:04:29.051202+00:00,9733,alex volkanovski|movsar evloev,alex-volkanovski-vs-movsar-evloev-80805,2026-10-24,UFC 333: Volkanovski vs. Evloev,ufc,alex volkanovski,movsar evloev,Bovada,sportsbook,1.8929,1.9259,-112,-108,2026-09-30T04:24:31.781224+00:00,19.67,complete
2026-10-01T00:04:29.051202+00:00,9733,alex volkanovski|movsar evloev,alex-volkanovski-vs-movsar-evloev-80805,2026-10-24,UFC 333: Volkanovski vs. Evloev,ufc,alex volkanovski,movsar evloev,Cloudbet,sportsbook,1.9009,1.8696,-111,-115,2026-09-30T10:22:19.972457+00:00,13.7,complete
2026-10-01T00:04:29.051202+00:00,9733,alex volkanovski|movsar evloev,alex-volkanovski-vs-movsar-evloev-80805,2026-10-24,UFC 333: Volkanovski vs. Evloev,ufc,alex volkanovski,movsar evloev,Bet365,sportsbook,1.9524,1.8621,-105,-116,2026-09-29T01:31:09.246881+00:00,46.56,complete
2026-10-01T00:04:29.051202+00:00,9733,alex volkanovski|movsar evloev,alex-volkanovski-vs-movsar-evloev-80805,2026-10-24,UFC 333: Volkanovski vs. Evloev,ufc,alex volkanovski,movsar evloev,Pinnacle,sportsbook,1.9434,1.9091,-106,-110,2026-09-30T09:20:30.508871+00:00,14.73,complete
2026-10-01T00:04:29.051202+00:00,9733,alex volkanovski|movsar evloev,alex-volkanovski-vs-movsar-evloev-80805,2026-10-24,UFC 333: Volkanovski vs. Evloev,ufc,alex volkanovski,movsar evloev,Bet105,sportsbook,1.9434,1.9091,-106,-110,2026-09-30T09:03:19.237913+00:00,15.02,complete
2026-10-01T00:04:29.051202+00:00,9733,alex volkanovski|movsar evloev,alex-volkanovski-vs-movsar-evloev-80805,2026-10-24,UFC 333: Volkanovski vs. Evloev,ufc,alex volkanovski,movsar evloev,Circa,sportsbook,1.8696,1.9524,-115,-105,2026-09-19T15:06:23.064663+00:00,272.97,complete
2026-10-01T00:04:29.051202+00:00,9733,alex volkanovski|movsar evloev,alex-volkanovski-vs-movsar-evloev-80805,2026-10-24,UFC 333: Volkanovski vs. Evloev,ufc,alex volkanovski,movsar evloev,MyBookie,sportsbook,1.9346,1.7752,-107,-129,2026-09-30T20:24:54.051711+00:00,3.66,complete
2026-10-01T00:04:29.051202+00:00,9733,alex volkanovski|movsar evloev,alex-volkanovski-vs-movsar-evloev-80805,2026-10-24,UFC 333: Volkanovski vs. Evloev,ufc,alex volkanovski,movsar evloev,HardRockBet,sportsbook,1.8696,1.9524,-115,-105,2026-09-22T10:12:16.447468+00:00,205.87,complete
2026-10-01T00:04:29.051202+00:00,9733,alex volkanovski|movsar evloev,alex-volkanovski-vs-movsar-evloev-80805,2026-10-24,UFC 333: Volkanovski vs. Evloev,ufc,alex volkanovski,movsar evloev,YouWager,sportsbook,2.0300,1.8333,+103,-120,2026-09-30T20:15:38.114547+00:00,3.81,complete
2026-10-01T00:04:29.051202+00:00,9733,alex volkanovski|movsar evloev,alex-volkanovski-vs-movsar-evloev-80805,2026-10-24,UFC 333: Volkanovski vs. Evloev,ufc,alex volkanovski,movsar evloev,Betway,sportsbook,1.9091,1.9091,-110,-110,2026-08-25T20:46:30.942010+00:00,867.3,complete
2026-10-01T00:04:29.051202+00:00,9733,alex volkanovski|movsar evloev,alex-volkanovski-vs-movsar-evloev-80805,2026-10-24,UFC 333: Volkanovski vs. Evloev,ufc,alex volkanovski,movsar evloev,BetMGM,sportsbook,1.8000,1.9524,-125,-105,2026-08-18T04:52:49.357847+00:00,1051.19,complete
2026-10-01T00:04:29.051202+00:00,9733,alex volkanovski|movsar evloev,alex-volkanovski-vs-movsar-evloev-80805,2026-10-24,UFC 333: Volkanovski vs. Evloev,ufc,alex volkanovski,movsar evloev,Stake,sportsbook,2.0000,1.8197,+100,-122,2026-09-30T20:25:40.700983+00:00,3.65,complete
2026-10-01T00:04:29.051202+00:00,9733,alex volkanovski|movsar evloev,alex-volkanovski-vs-movsar-evloev-80805,2026-10-24,UFC 333: Volkanovski vs. Evloev,ufc,alex volkanovski,movsar evloev,ReBet,sportsbook,1.9524,1.7874,-105,-127,2026-09-30T20:31:20.963489+00:00,3.55,complete
2026-10-01T00:04:29.051202+00:00,9733,alex volkanovski|movsar evloev,alex-volkanovski-vs-movsar-evloev-80805,2026-10-24,UFC 333: Volkanovski vs. Evloev,ufc,alex volkanovski,movsar evloev,FanDuel,sportsbook,1.8850,1.8850,-113,-113,2026-08-17T12:10:57.679912+00:00,1067.89,complete
2026-10-01T00:04:29.051202+00:00,9733,alex volkanovski|movsar evloev,alex-volkanovski-vs-movsar-evloev-80805,2026-10-24,UFC 333: Volkanovski vs. Evloev,ufc,alex volkanovski,movsar evloev,BetUS,sportsbook,1.9091,1.9091,-110,-110,2026-09-30T09:05:21.387830+00:00,14.99,complete
2026-10-01T00:04:29.051202+00:00,9733,alex volkanovski|movsar evloev,alex-volkanovski-vs-movsar-evloev-80805,2026-10-24,UFC 333: Volkanovski vs. Evloev,ufc,alex volkanovski,movsar evloev,Novig,exchange,1.9259,1.8333,-108,-120,2026-09-30T20:15:32.447170+00:00,3.82,complete
2026-10-01T00:04:29.051202+00:00,9733,alex volkanovski|movsar evloev,alex-volkanovski-vs-movsar-evloev-80805,2026-10-24,UFC 333: Volkanovski vs. Evloev,ufc,alex volkanovski,movsar evloev,BetOnline,sportsbook,2.0300,1.8333,+103,-120,2026-09-30T20:13:08.384461+00:00,3.86,complete
2026-10-01T00:04:29.051202+00:00,9733,alex volkanovski|movsar evloev,alex-volkanovski-vs-movsar-evloev-80805,2026-10-24,UFC 333: Volkanovski vs. Evloev,ufc,alex volkanovski,movsar evloev,BetRivers,sportsbook,1.8621,1.9434,-116,-106,2026-09-22T10:15:41.917605+00:00,205.81,complete
2026-10-01T00:04:29.051202+00:00,9733,alex volkanovski|movsar evloev,alex-volkanovski-vs-movsar-evloev-80805,2026-10-24,UFC 333: Volkanovski vs. Evloev,ufc,alex volkanovski,movsar evloev,Caesars,sportsbook,1.8696,1.8696,-115,-115,2026-09-18T23:05:27.431897+00:00,288.98,complete
2026-10-01T00:04:29.051202+00:00,9733,alex volkanovski|movsar evloev,alex-volkanovski-vs-movsar-evloev-80805,2026-10-24,UFC 333: Volkanovski vs. Evloev,ufc,alex volkanovski,movsar evloev,DraftKings,sportsbook,1.9259,1.8929,-108,-112,2026-09-27T04:10:50.622212+00:00,91.89,complete
2026-10-01T00:04:29.051202+00:00,9733,merab dvalishvili|petr yan,petr-yan-vs-merab-dvalishvili-80806,2026-10-24,UFC 333: Volkanovski vs. Evloev,ufc,merab dvalishvili,petr yan,Cloudbet,sportsbook,2.4500,1.5291,+145,-189,2026-09-30T10:22:19.975153+00:00,13.7,complete
2026-10-01T00:04:29.051202+00:00,9733,merab dvalishvili|petr yan,petr-yan-vs-merab-dvalishvili-80806,2026-10-24,UFC 333: Volkanovski vs. Evloev,ufc,merab dvalishvili,petr yan,Bet365,sportsbook,2.4500,1.5714,+145,-175,2026-09-22T03:31:22.140561+00:00,212.55,complete
2026-10-01T00:04:29.051202+00:00,9733,merab dvalishvili|petr yan,petr-yan-vs-merab-dvalishvili-80806,2026-10-24,UFC 333: Volkanovski vs. Evloev,ufc,merab dvalishvili,petr yan,Pinnacle,sportsbook,2.5000,1.5682,+150,-176,2026-09-30T00:50:25.559777+00:00,23.23,complete
2026-10-01T00:04:29.051202+00:00,9733,merab dvalishvili|petr yan,petr-yan-vs-merab-dvalishvili-80806,2026-10-24,UFC 333: Volkanovski vs. Evloev,ufc,merab dvalishvili,petr yan,Bet105,sportsbook,2.5000,1.5682,+150,-176,2026-09-30T00:23:47.495421+00:00,23.68,complete
2026-10-01T00:04:29.051202+00:00,9733,merab dvalishvili|petr yan,petr-yan-vs-merab-dvalishvili-80806,2026-10-24,UFC 333: Volkanovski vs. Evloev,ufc,merab dvalishvili,petr yan,Circa,sportsbook,2.6000,1.5405,+160,-185,2026-09-19T15:06:23.454152+00:00,272.97,complete
2026-10-01T00:04:29.051202+00:00,9733,merab dvalishvili|petr yan,petr-yan-vs-merab-dvalishvili-80806,2026-10-24,UFC 333: Volkanovski vs. Evloev,ufc,merab dvalishvili,petr yan,MyBookie,sportsbook,2.3700,1.5208,+137,-192,2026-09-27T18:04:20.877955+00:00,78.0,complete
2026-10-01T00:04:29.051202+00:00,9733,merab dvalishvili|petr yan,petr-yan-vs-merab-dvalishvili-80806,2026-10-24,UFC 333: Volkanovski vs. Evloev,ufc,merab dvalishvili,petr yan,BetMGM,sportsbook,2.4500,1.5263,+145,-190,2026-09-20T18:07:16.096590+00:00,245.95,complete
2026-10-01T00:04:29.051202+00:00,9733,merab dvalishvili|petr yan,petr-yan-vs-merab-dvalishvili-80806,2026-10-24,UFC 333: Volkanovski vs. Evloev,ufc,merab dvalishvili,petr yan,HardRockBet,sportsbook,2.4500,1.5556,+145,-180,2026-08-23T15:12:25.819159+00:00,920.87,complete
2026-10-01T00:04:29.051202+00:00,9733,merab dvalishvili|petr yan,petr-yan-vs-merab-dvalishvili-80806,2026-10-24,UFC 333: Volkanovski vs. Evloev,ufc,merab dvalishvili,petr yan,YouWager,sportsbook,2.4900,1.5714,+149,-175,2026-09-27T18:00:58.738501+00:00,78.06,complete
2026-10-01T00:04:29.051202+00:00,9733,merab dvalishvili|petr yan,petr-yan-vs-merab-dvalishvili-80806,2026-10-24,UFC 333: Volkanovski vs. Evloev,ufc,merab dvalishvili,petr yan,Stake,sportsbook,2.4600,1.5587,+146,-179,2026-09-27T18:25:54.840685+00:00,77.64,complete
2026-10-01T00:04:29.051202+00:00,9733,merab dvalishvili|petr yan,petr-yan-vs-merab-dvalishvili-80806,2026-10-24,UFC 333: Volkanovski vs. Evloev,ufc,merab dvalishvili,petr yan,ReBet,sportsbook,2.4000,1.5319,+140,-188,2026-09-27T18:01:14.911087+00:00,78.05,complete
2026-10-01T00:04:29.051202+00:00,9733,merab dvalishvili|petr yan,petr-yan-vs-merab-dvalishvili-80806,2026-10-24,UFC 333: Volkanovski vs. Evloev,ufc,merab dvalishvili,petr yan,Betway,sportsbook,2.5000,1.5319,+150,-188,2026-09-08T19:01:39.079705+00:00,533.05,complete
2026-10-01T00:04:29.051202+00:00,9733,merab dvalishvili|petr yan,petr-yan-vs-merab-dvalishvili-80806,2026-10-24,UFC 333: Volkanovski vs. Evloev,ufc,merab dvalishvili,petr yan,FanDuel,sportsbook,2.4000,1.5814,+140,-172,2026-09-06T00:03:19.964679+00:00,600.02,complete
2026-10-01T00:04:29.051202+00:00,9733,merab dvalishvili|petr yan,petr-yan-vs-merab-dvalishvili-80806,2026-10-24,UFC 333: Volkanovski vs. Evloev,ufc,merab dvalishvili,petr yan,BetUS,sportsbook,2.5000,1.5556,+150,-180,2026-09-29T19:01:16.966760+00:00,29.05,complete
2026-10-01T00:04:29.051202+00:00,9733,merab dvalishvili|petr yan,petr-yan-vs-merab-dvalishvili-80806,2026-10-24,UFC 333: Volkanovski vs. Evloev,ufc,merab dvalishvili,petr yan,BetRivers,sportsbook,2.4500,1.5495,+145,-182,2026-08-23T15:04:19.505616+00:00,921.0,complete
2026-10-01T00:04:29.051202+00:00,9733,merab dvalishvili|petr yan,petr-yan-vs-merab-dvalishvili-80806,2026-10-24,UFC 333: Volkanovski vs. Evloev,ufc,merab dvalishvili,petr yan,Caesars,sportsbook,2.4500,1.5263,+145,-190,2026-08-27T10:05:30.057373+00:00,829.98,complete
2026-10-01T00:04:29.051202+00:00,9733,merab dvalishvili|petr yan,petr-yan-vs-merab-dvalishvili-80806,2026-10-24,UFC 333: Volkanovski vs. Evloev,ufc,merab dvalishvili,petr yan,Novig,exchange,2.4400,1.5376,+144,-186,2026-09-30T21:30:59.343717+00:00,2.56,complete
2026-10-01T00:04:29.051202+00:00,9733,merab dvalishvili|petr yan,petr-yan-vs-merab-dvalishvili-80806,2026-10-24,UFC 333: Volkanovski vs. Evloev,ufc,merab dvalishvili,petr yan,BetOnline,sportsbook,2.4900,1.5714,+149,-175,2026-09-27T17:57:33.027014+00:00,78.12,complete
2026-10-01T00:04:29.051202+00:00,9733,merab dvalishvili|petr yan,petr-yan-vs-merab-dvalishvili-80806,2026-10-24,UFC 333: Volkanovski vs. Evloev,ufc,merab dvalishvili,petr yan,DraftKings,sportsbook,2.5000,1.5556,+150,-180,2026-09-27T03:41:07.544138+00:00,92.39,complete
2026-10-01T00:04:29.051202+00:00,9765,cyril gane|josh hokit,cyril-gane-vs-josh-hokit-81849,2026-11-14,UFC 334: Gane vs. Hokit,ufc,cyril gane,josh hokit,BetUS,sportsbook,1.3906,3.1100,-256,+211,2026-09-30T14:05:15.139294+00:00,9.99,complete
2026-10-01T00:04:29.051202+00:00,9765,cyril gane|josh hokit,cyril-gane-vs-josh-hokit-81849,2026-11-14,UFC 334: Gane vs. Hokit,ufc,cyril gane,josh hokit,Circa,sportsbook,1.3448,3.4500,-290,+245,2026-09-25T20:56:59.441580+00:00,123.12,complete
2026-10-01T00:04:29.051202+00:00,9765,cyril gane|josh hokit,cyril-gane-vs-josh-hokit-81849,2026-11-14,UFC 334: Gane vs. Hokit,ufc,cyril gane,josh hokit,Betway,sportsbook,1.3636,3.1000,-275,+210,2026-09-26T09:06:38.150422+00:00,110.96,complete
2026-10-01T00:04:29.051202+00:00,9765,cyril gane|josh hokit,cyril-gane-vs-josh-hokit-81849,2026-11-14,UFC 334: Gane vs. Hokit,ufc,cyril gane,josh hokit,FanDuel,sportsbook,1.3774,3.0000,-265,+200,2026-09-23T17:45:43.906545+00:00,174.31,complete
2026-10-01T00:04:29.051202+00:00,9765,cyril gane|josh hokit,cyril-gane-vs-josh-hokit-81849,2026-11-14,UFC 334: Gane vs. Hokit,ufc,cyril gane,josh hokit,Bet365,sportsbook,1.3597,3.2500,-278,+225,2026-09-25T00:00:50.364645+00:00,144.06,complete
2026-10-01T00:04:29.051202+00:00,9765,cyril gane|josh hokit,cyril-gane-vs-josh-hokit-81849,2026-11-14,UFC 334: Gane vs. Hokit,ufc,cyril gane,josh hokit,Bovada,sportsbook,1.3922,3.1000,-255,+210,2026-09-30T04:24:31.797600+00:00,19.67,complete
2026-10-01T00:04:29.051202+00:00,9765,cyril gane|josh hokit,cyril-gane-vs-josh-hokit-81849,2026-11-14,UFC 334: Gane vs. Hokit,ufc,cyril gane,josh hokit,MyBookie,sportsbook,1.3509,2.9400,-285,+194,2026-09-28T01:19:27.926068+00:00,70.75,complete
2026-10-01T00:04:29.051202+00:00,9765,cyril gane|josh hokit,cyril-gane-vs-josh-hokit-81849,2026-11-14,UFC 334: Gane vs. Hokit,ufc,cyril gane,josh hokit,Bet105,sportsbook,1.3906,3.1300,-256,+213,2026-09-30T14:08:19.162379+00:00,9.94,complete
2026-10-01T00:04:29.051202+00:00,9765,cyril gane|josh hokit,cyril-gane-vs-josh-hokit-81849,2026-11-14,UFC 334: Gane vs. Hokit,ufc,cyril gane,josh hokit,Pinnacle,sportsbook,1.3906,3.1300,-256,+213,2026-09-30T14:21:15.487893+00:00,9.72,complete
2026-10-01T00:04:29.051202+00:00,9765,cyril gane|josh hokit,cyril-gane-vs-josh-hokit-81849,2026-11-14,UFC 334: Gane vs. Hokit,ufc,cyril gane,josh hokit,Stake,sportsbook,1.3802,3.1000,-263,+210,2026-09-28T01:25:35.603045+00:00,70.65,complete
2026-10-01T00:04:29.051202+00:00,9765,cyril gane|josh hokit,cyril-gane-vs-josh-hokit-81849,2026-11-14,UFC 334: Gane vs. Hokit,ufc,cyril gane,josh hokit,HardRockBet,sportsbook,1.3846,3.1000,-260,+210,2026-09-29T04:12:35.936106+00:00,43.86,complete
2026-10-01T00:04:29.051202+00:00,9765,cyril gane|josh hokit,cyril-gane-vs-josh-hokit-81849,2026-11-14,UFC 334: Gane vs. Hokit,ufc,cyril gane,josh hokit,Caesars,sportsbook,1.3636,3.0000,-275,+200,2026-09-24T09:05:20.470551+00:00,158.99,complete
2026-10-01T00:04:29.051202+00:00,9765,cyril gane|josh hokit,cyril-gane-vs-josh-hokit-81849,2026-11-14,UFC 334: Gane vs. Hokit,ufc,cyril gane,josh hokit,BetMGM,sportsbook,1.3390,3.1000,-295,+210,2026-09-20T18:07:18.981969+00:00,245.95,complete
2026-10-01T00:04:29.051202+00:00,9765,cyril gane|josh hokit,cyril-gane-vs-josh-hokit-81849,2026-11-14,UFC 334: Gane vs. Hokit,ufc,cyril gane,josh hokit,BetRivers,sportsbook,1.3802,3.0500,-263,+205,2026-09-29T04:16:14.836984+00:00,43.8,complete
2026-10-01T00:04:29.051202+00:00,9765,cyril gane|josh hokit,cyril-gane-vs-josh-hokit-81849,2026-11-14,UFC 334: Gane vs. Hokit,ufc,cyril gane,josh hokit,Novig,exchange,1.3788,3.1200,-264,+212,2026-09-29T08:31:08.757243+00:00,39.56,complete
2026-10-01T00:04:29.051202+00:00,9765,cyril gane|josh hokit,cyril-gane-vs-josh-hokit-81849,2026-11-14,UFC 334: Gane vs. Hokit,ufc,cyril gane,josh hokit,DraftKings,sportsbook,1.3774,3.1500,-265,+215,2026-09-29T08:41:06.471734+00:00,39.39,complete
2026-10-01T00:04:29.051202+00:00,9765,cyril gane|josh hokit,cyril-gane-vs-josh-hokit-81849,2026-11-14,UFC 334: Gane vs. Hokit,ufc,cyril gane,josh hokit,BetOnline,sportsbook,1.3922,3.1200,-255,+212,2026-09-28T01:11:44.872160+00:00,70.88,complete
2026-10-01T00:04:29.051202+00:00,9765,amanda nunes|kayla harrison,kayla-harrison-vs-amanda-nunes-81850,2026-11-14,UFC 334: Gane vs. Hokit,ufc,amanda nunes,kayla harrison,BetUS,sportsbook,2.6600,1.5000,+166,-200,2026-09-27T14:10:44.437864+00:00,81.9,complete
2026-10-01T00:04:29.051202+00:00,9765,amanda nunes|kayla harrison,kayla-harrison-vs-amanda-nunes-81850,2026-11-14,UFC 334: Gane vs. Hokit,ufc,amanda nunes,kayla harrison,Circa,sportsbook,2.7500,1.5000,+175,-200,2026-09-25T20:57:00.126505+00:00,123.12,complete
2026-10-01T00:04:29.051202+00:00,9765,amanda nunes|kayla harrison,kayla-harrison-vs-amanda-nunes-81850,2026-11-14,UFC 334: Gane vs. Hokit,ufc,amanda nunes,kayla harrison,Betway,sportsbook,2.6300,1.5000,+163,-200,2026-09-25T09:11:42.055758+00:00,134.88,complete
2026-10-01T00:04:29.051202+00:00,9765,amanda nunes|kayla harrison,kayla-harrison-vs-amanda-nunes-81850,2026-11-14,UFC 334: Gane vs. Hokit,ufc,amanda nunes,kayla harrison,FanDuel,sportsbook,2.6200,1.4762,+162,-210,2026-09-23T17:45:44.516959+00:00,174.31,complete
2026-10-01T00:04:29.051202+00:00,9765,amanda nunes|kayla harrison,kayla-harrison-vs-amanda-nunes-81850,2026-11-14,UFC 334: Gane vs. Hokit,ufc,amanda nunes,kayla harrison,Bet365,sportsbook,2.6000,1.5208,+160,-192,2026-09-23T00:31:21.784749+00:00,191.55,complete
2026-10-01T00:04:29.051202+00:00,9765,amanda nunes|kayla harrison,kayla-harrison-vs-amanda-nunes-81850,2026-11-14,UFC 334: Gane vs. Hokit,ufc,amanda nunes,kayla harrison,Bovada,sportsbook,2.6800,1.5051,+168,-198,2026-09-30T04:24:31.812692+00:00,19.67,complete
2026-10-01T00:04:29.051202+00:00,9765,amanda nunes|kayla harrison,kayla-harrison-vs-amanda-nunes-81850,2026-11-14,UFC 334: Gane vs. Hokit,ufc,amanda nunes,kayla harrison,MyBookie,sportsbook,2.5400,1.4587,+154,-218,2026-09-22T05:34:09.624661+00:00,210.51,complete
2026-10-01T00:04:29.051202+00:00,9765,amanda nunes|kayla harrison,kayla-harrison-vs-amanda-nunes-81850,2026-11-14,UFC 334: Gane vs. Hokit,ufc,amanda nunes,kayla harrison,Bet105,sportsbook,2.5900,1.5319,+159,-188,2026-09-21T18:13:51.293063+00:00,221.84,complete
2026-10-01T00:04:29.051202+00:00,9765,amanda nunes|kayla harrison,kayla-harrison-vs-amanda-nunes-81850,2026-11-14,UFC 334: Gane vs. Hokit,ufc,amanda nunes,kayla harrison,Stake,sportsbook,2.6500,1.4902,+165,-204,2026-09-22T00:25:33.932093+00:00,215.65,complete
2026-10-01T00:04:29.051202+00:00,9765,amanda nunes|kayla harrison,kayla-harrison-vs-amanda-nunes-81850,2026-11-14,UFC 334: Gane vs. Hokit,ufc,amanda nunes,kayla harrison,HardRockBet,sportsbook,2.6500,1.5000,+165,-200,2026-09-21T09:12:26.243793+00:00,230.87,complete
2026-10-01T00:04:29.051202+00:00,9765,amanda nunes|kayla harrison,kayla-harrison-vs-amanda-nunes-81850,2026-11-14,UFC 334: Gane vs. Hokit,ufc,amanda nunes,kayla harrison,Caesars,sportsbook,2.5000,1.5000,+150,-200,2026-09-24T09:05:20.460299+00:00,158.99,complete
2026-10-01T00:04:29.051202+00:00,9765,amanda nunes|kayla harrison,kayla-harrison-vs-amanda-nunes-81850,2026-11-14,UFC 334: Gane vs. Hokit,ufc,amanda nunes,kayla harrison,BetMGM,sportsbook,2.4500,1.5263,+145,-190,2026-09-20T18:07:19.453692+00:00,245.95,complete
2026-10-01T00:04:29.051202+00:00,9765,amanda nunes|kayla harrison,kayla-harrison-vs-amanda-nunes-81850,2026-11-14,UFC 334: Gane vs. Hokit,ufc,amanda nunes,kayla harrison,Pinnacle,sportsbook,2.5900,1.5319,+159,-188,2026-09-21T00:20:48.677943+00:00,239.73,complete
2026-10-01T00:04:29.051202+00:00,9765,amanda nunes|kayla harrison,kayla-harrison-vs-amanda-nunes-81850,2026-11-14,UFC 334: Gane vs. Hokit,ufc,amanda nunes,kayla harrison,BetRivers,sportsbook,2.6300,1.4902,+163,-204,2026-09-20T13:31:07.423219+00:00,250.56,complete
2026-10-01T00:04:29.051202+00:00,9765,amanda nunes|kayla harrison,kayla-harrison-vs-amanda-nunes-81850,2026-11-14,UFC 334: Gane vs. Hokit,ufc,amanda nunes,kayla harrison,Novig,exchange,2.6000,1.4608,+160,-217,2026-09-29T09:30:56.710242+00:00,38.56,complete
2026-10-01T00:04:29.051202+00:00,9765,amanda nunes|kayla harrison,kayla-harrison-vs-amanda-nunes-81850,2026-11-14,UFC 334: Gane vs. Hokit,ufc,amanda nunes,kayla harrison,BetOnline,sportsbook,2.6900,1.5000,+169,-200,2026-09-21T23:38:36.292508+00:00,216.43,complete
2026-10-01T00:04:29.051202+00:00,9765,amanda nunes|kayla harrison,kayla-harrison-vs-amanda-nunes-81850,2026-11-14,UFC 334: Gane vs. Hokit,ufc,amanda nunes,kayla harrison,DraftKings,sportsbook,2.6000,1.5208,+160,-192,2026-09-22T17:41:00.983582+00:00,198.39,complete
2026-10-01T00:15:17.764049+00:00,9743,khaos williams|roberto soldic,khaos-williams-vs-roberto-soldic-81446,2026-10-03,UFC 332: Silva vs. Wang,ufc,khaos williams,roberto soldic,MyBookie,sportsbook,3.1500,1.3472,+215,-288,2026-09-30T20:39:17.549228+00:00,3.6,complete
2026-10-01T00:15:17.764049+00:00,9743,ismael naurdiev|marvin vettori,ismael-naurdiev-vs-marvin-vettori-80905,2026-10-03,UFC 332: Silva vs. Wang,ufc,ismael naurdiev,marvin vettori,ProphetX,exchange,1.7246,2.2300,-138,+123,2026-10-01T00:11:39.521303+00:00,0.06,complete
2026-10-01T00:15:17.764049+00:00,9743,bruce whitehead|jacobe smith,jacobe-smith-vs-bruce-whitehead-82017,2026-10-03,UFC 332: Silva vs. Wang,ufc,bruce whitehead,jacobe smith,Caesars,sportsbook,7.5000,1.1000,+650,-1000,2026-10-01T00:05:21.780346+00:00,0.17,complete
2026-10-01T00:15:17.764049+00:00,9743,court mcgee|eric nolan,court-mcgee-vs-eric-nolan-80904,2026-10-03,UFC 332: Silva vs. Wang,ufc,court mcgee,eric nolan,SXBet,exchange,3.1300,1.4367,+213,-229,2026-10-01T00:10:43.335920+00:00,0.08,complete
