poll_time,event_pk,event_date,event_name,promotion,fight_slug,offer_id,outcome_id,book,book_role,type_id,category,subcategory,description,not_description,offer_value,type_value,outcome_name,outcome_fighter_slug,is_not,american,american_open,american_best,american_worst,source_offer_ts,source_created_at,source_change_age_h,offer_status,disabled,cycle_status
2026-08-23T23:29:09.145038+00:00,9111,2026-08-25,Dana White's Contender Series: Contender Series 2026: Week 3,dwcs,bella-mir-vs-alex-apodaca-80595,T2ZmZXJOb2RlOjEwMzY3NDg0NA==,T3V0Y29tZU5vZGU6Njc4NzM2Ng==,Polymarket,exchange,KO,A_5,A_13,wins by TKO/KO,doesn't win by TKO/KO,,2.0,Will Alex Apodaca win by KO or TKO? - Yes,alex-apodaca-51401,0,-3233,-3233,-1567,-4900,2026-08-23T19:15:37.934857+00:00,2026-08-12T22:10:40.687588+00:00,4.23,O,0,complete
2026-08-23T23:29:09.145038+00:00,9111,2026-08-25,Dana White's Contender Series: Contender Series 2026: Week 3,dwcs,bella-mir-vs-alex-apodaca-80595,T2ZmZXJOb2RlOjEwMzY3NDg0NA==,T3V0Y29tZU5vZGU6Njc4NzM2Nw==,Polymarket,exchange,KO,A_5,A_13,wins by TKO/KO,doesn't win by TKO/KO,,2.0,Will Alex Apodaca win by KO or TKO? - No,alex-apodaca-51401,1,-3233,-3233,-1900,-4900,2026-08-23T19:15:37.934857+00:00,2026-08-12T22:10:40.687588+00:00,4.23,O,0,complete
2026-08-23T23:29:09.145038+00:00,9111,2026-08-25,Dana White's Contender Series: Contender Series 2026: Week 3,dwcs,bella-mir-vs-alex-apodaca-80595,T2ZmZXJOb2RlOjEwMzY3NDg0OA==,T3V0Y29tZU5vZGU6Njc4NzM3NA==,Polymarket,exchange,OVERUNDER_2.5,A_4,A_1,Over 2.5 rounds,Under 2.5 rounds,,2.5,Over 2.5,,0,-900,-9900,-900,-9900,2026-08-23T20:10:09.414882+00:00,2026-08-12T22:10:40.750575+00:00,3.32,O,0,complete
2026-08-23T23:29:09.145038+00:00,9111,2026-08-25,Dana White's Contender Series: Contender Series 2026: Week 3,dwcs,bella-mir-vs-alex-apodaca-80595,T2ZmZXJOb2RlOjEwMzY3NDg0OA==,T3V0Y29tZU5vZGU6Njc4NzM3NQ==,Polymarket,exchange,OVERUNDER_2.5,A_4,A_1,Over 2.5 rounds,Under 2.5 rounds,,2.5,Under 2.5,,1,-3233,-9900,-1900,-9900,2026-08-23T20:10:09.414882+00:00,2026-08-12T22:10:40.750575+00:00,3.32,O,0,complete
2026-08-23T23:29:09.145038+00:00,9111,2026-08-25,Dana White's Contender Series: Contender Series 2026: Week 3,dwcs,bella-mir-vs-alex-apodaca-80595,T2ZmZXJOb2RlOjEwMzY3NDg0NQ==,T3V0Y29tZU5vZGU6Njc4NzM2OA==,Polymarket,exchange,END_SUB,A_4,A_5,Fight ends in submission,Fight doesn't end in submission,,,Will the fight be won by submission? - Yes,,0,-1900,-4900,-1567,-4900,2026-08-23T22:40:02.423030+00:00,2026-08-12T22:10:40.703955+00:00,0.82,O,0,complete
2026-08-23T23:29:09.145038+00:00,9111,2026-08-25,Dana White's Contender Series: Contender Series 2026: Week 3,dwcs,bella-mir-vs-alex-apodaca-80595,T2ZmZXJOb2RlOjEwMzY3NDg0NQ==,T3V0Y29tZU5vZGU6Njc4NzM2OQ==,Polymarket,exchange,END_SUB,A_4,A_5,Fight ends in submission,Fight doesn't end in submission,,,Will the fight be won by submission? - No,,1,-300,-4900,-203,-4900,2026-08-23T22:40:02.423030+00:00,2026-08-12T22:10:40.703955+00:00,0.82,O,0,complete
2026-08-23T23:29:09.145038+00:00,9111,2026-08-25,Dana White's Contender Series: Contender Series 2026: Week 3,dwcs,bella-mir-vs-alex-apodaca-80595,T2ZmZXJOb2RlOjEwMzY3NDg0Nw==,T3V0Y29tZU5vZGU6Njc4NzM3Mg==,Polymarket,exchange,OVERUNDER_1.5,A_4,A_1,Over 1.5 rounds,Under 1.5 rounds,,1.5,Over 1.5,,0,-1567,-4900,-1567,-9900,2026-08-23T20:10:09.365784+00:00,2026-08-12T22:10:40.737079+00:00,3.32,O,0,complete
2026-08-23T23:29:09.145038+00:00,9111,2026-08-25,Dana White's Contender Series: Contender Series 2026: Week 3,dwcs,bella-mir-vs-alex-apodaca-80595,T2ZmZXJOb2RlOjEwMzY3NDg0Nw==,T3V0Y29tZU5vZGU6Njc4NzM3Mw==,Polymarket,exchange,OVERUNDER_1.5,A_4,A_1,Over 1.5 rounds,Under 1.5 rounds,,1.5,Under 1.5,,1,-3233,-4900,-1900,-9900,2026-08-23T20:10:09.365784+00:00,2026-08-12T22:10:40.737079+00:00,3.32,O,0,complete
2026-08-23T23:29:09.145038+00:00,9111,2026-08-25,Dana White's Contender Series: Contender Series 2026: Week 3,dwcs,bella-mir-vs-alex-apodaca-80595,T2ZmZXJOb2RlOjEwMzY3NDg0Ng==,T3V0Y29tZU5vZGU6Njc4NzM3MA==,Polymarket,exchange,OVERUNDER_0.5,A_4,A_1,Over 0.5 rounds,Under 0.5 rounds,,0.5,Over 0.5,,0,-2400,-3233,-1900,-4900,2026-08-23T23:25:56.471314+00:00,2026-08-12T22:10:40.724063+00:00,0.05,O,0,complete
2026-08-23T23:29:09.145038+00:00,9111,2026-08-25,Dana White's Contender Series: Contender Series 2026: Week 3,dwcs,bella-mir-vs-alex-apodaca-80595,T2ZmZXJOb2RlOjEwMzY3NDg0Ng==,T3V0Y29tZU5vZGU6Njc4NzM3MQ==,Polymarket,exchange,OVERUNDER_0.5,A_4,A_1,Over 0.5 rounds,Under 0.5 rounds,,0.5,Under 0.5,,1,-3233,-3233,-1900,-4900,2026-08-23T23:25:56.471314+00:00,2026-08-12T22:10:40.724063+00:00,0.05,O,0,complete
2026-08-23T23:29:09.145038+00:00,9111,2026-08-25,Dana White's Contender Series: Contender Series 2026: Week 3,dwcs,bella-mir-vs-alex-apodaca-80595,T2ZmZXJOb2RlOjEwMzY3NDg0Mw==,T3V0Y29tZU5vZGU6Njc4NzM2NA==,Polymarket,exchange,KO,A_5,A_13,wins by TKO/KO,doesn't win by TKO/KO,,2.0,Will Bella Mir win by KO or TKO? - Yes,bella-mir-56048,0,-3233,-3233,-1900,-4900,2026-08-23T17:05:02.450642+00:00,2026-08-12T22:10:40.673037+00:00,6.4,O,0,complete
2026-08-23T23:29:09.145038+00:00,9111,2026-08-25,Dana White's Contender Series: Contender Series 2026: Week 3,dwcs,bella-mir-vs-alex-apodaca-80595,T2ZmZXJOb2RlOjEwMzY3NDg0Mw==,T3V0Y29tZU5vZGU6Njc4NzM2NQ==,Polymarket,exchange,KO,A_5,A_13,wins by TKO/KO,doesn't win by TKO/KO,,2.0,Will Bella Mir win by KO or TKO? - No,bella-mir-56048,1,-3233,-3233,-2400,-4900,2026-08-23T17:05:02.450642+00:00,2026-08-12T22:10:40.673037+00:00,6.4,O,0,complete
2026-08-23T23:29:09.145038+00:00,9111,2026-08-25,Dana White's Contender Series: Contender Series 2026: Week 3,dwcs,bella-mir-vs-alex-apodaca-80595,T2ZmZXJOb2RlOjEwMzY3NDg0Mg==,T3V0Y29tZU5vZGU6Njc4NzM2Mg==,Polymarket,exchange,END_KO,A_4,A_5,"Fight ends by KO, TKO or DQ","Fight doesn't end by KO, TKO or DQ",,,Will the fight be won by KO or TKO? - Yes,,0,-2400,-3233,-1567,-4900,2026-08-23T20:10:09.146241+00:00,2026-08-12T22:10:40.657933+00:00,3.32,O,0,complete
2026-08-23T23:29:09.145038+00:00,9111,2026-08-25,Dana White's Contender Series: Contender Series 2026: Week 3,dwcs,bella-mir-vs-alex-apodaca-80595,T2ZmZXJOb2RlOjEwMzY3NDg0Mg==,T3V0Y29tZU5vZGU6Njc4NzM2Mw==,Polymarket,exchange,END_KO,A_4,A_5,"Fight ends by KO, TKO or DQ","Fight doesn't end by KO, TKO or DQ",,,Will the fight be won by KO or TKO? - No,,1,-3233,-3233,-1900,-4900,2026-08-23T20:10:09.146241+00:00,2026-08-12T22:10:40.657933+00:00,3.32,O,0,complete
2026-08-23T23:29:09.145038+00:00,9111,2026-08-25,Dana White's Contender Series: Contender Series 2026: Week 3,dwcs,bella-mir-vs-alex-apodaca-80595,T2ZmZXJOb2RlOjEwMzY3NDg0MQ==,T3V0Y29tZU5vZGU6Njc4NzM2MA==,Polymarket,exchange,DISTANCE,A_4,A_2,Fight goes the distance,Fight ends inside distance,,,Fight to Go the Distance? - Yes,,0,-400,-9900,-400,-9900,2026-08-23T20:00:30.025980+00:00,2026-08-12T22:10:40.638397+00:00,3.48,O,0,complete
2026-08-23T23:29:09.145038+00:00,9111,2026-08-25,Dana White's Contender Series: Contender Series 2026: Week 3,dwcs,bella-mir-vs-alex-apodaca-80595,T2ZmZXJOb2RlOjEwMzY3NDg0MQ==,T3V0Y29tZU5vZGU6Njc4NzM2MQ==,Polymarket,exchange,DISTANCE,A_4,A_2,Fight goes the distance,Fight ends inside distance,,,Fight to Go the Distance? - No,,1,-3233,-9900,-2400,-9900,2026-08-23T20:00:30.025980+00:00,2026-08-12T22:10:40.638397+00:00,3.48,O,0,complete
2026-08-23T23:29:09.145038+00:00,9111,2026-08-25,Dana White's Contender Series: Contender Series 2026: Week 3,dwcs,mario-piazzon-vs-guilherme-uriel-silva-costa-78018,T2ZmZXJOb2RlOjEwMzY3NDg1Mw==,T3V0Y29tZU5vZGU6Njc4NzM4NA==,Polymarket,exchange,KO,A_5,A_13,wins by TKO/KO,doesn't win by TKO/KO,,2.0,Will Guilherme Uriel win by KO or TKO? - Yes,guilherme-uriel-silva-costa-50652,0,-1900,-3233,-1900,-4900,2026-08-23T23:25:56.497184+00:00,2026-08-12T22:10:40.807102+00:00,0.05,O,0,complete
2026-08-23T23:29:09.145038+00:00,9111,2026-08-25,Dana White's Contender Series: Contender Series 2026: Week 3,dwcs,mario-piazzon-vs-guilherme-uriel-silva-costa-78018,T2ZmZXJOb2RlOjEwMzY3NDg1Mw==,T3V0Y29tZU5vZGU6Njc4NzM4NQ==,Polymarket,exchange,KO,A_5,A_13,wins by TKO/KO,doesn't win by TKO/KO,,2.0,Will Guilherme Uriel win by KO or TKO? - No,guilherme-uriel-silva-costa-50652,1,-809,-3233,-669,-4900,2026-08-23T23:25:56.497184+00:00,2026-08-12T22:10:40.807102+00:00,0.05,O,0,complete
2026-08-23T23:29:09.145038+00:00,9111,2026-08-25,Dana White's Contender Series: Contender Series 2026: Week 3,dwcs,mario-piazzon-vs-guilherme-uriel-silva-costa-78018,T2ZmZXJOb2RlOjEwMzY3NDg1NQ==,T3V0Y29tZU5vZGU6Njc4NzM4OA==,Polymarket,exchange,OVERUNDER_0.5,A_4,A_1,Over 0.5 rounds,Under 0.5 rounds,,0.5,Over 0.5,,0,-1567,-3233,+488,-4900,2026-08-23T23:25:56.505669+00:00,2026-08-12T22:10:40.832031+00:00,0.05,O,0,complete
2026-08-23T23:29:09.145038+00:00,9111,2026-08-25,Dana White's Contender Series: Contender Series 2026: Week 3,dwcs,mario-piazzon-vs-guilherme-uriel-silva-costa-78018,T2ZmZXJOb2RlOjEwMzY3NDg1NQ==,T3V0Y29tZU5vZGU6Njc4NzM4OQ==,Polymarket,exchange,OVERUNDER_0.5,A_4,A_1,Over 0.5 rounds,Under 0.5 rounds,,0.5,Under 0.5,,1,-1567,-3233,-488,-4900,2026-08-23T23:25:56.505669+00:00,2026-08-12T22:10:40.832031+00:00,0.05,O,0,complete
2026-08-23T23:29:09.145038+00:00,9111,2026-08-25,Dana White's Contender Series: Contender Series 2026: Week 3,dwcs,mario-piazzon-vs-guilherme-uriel-silva-costa-78018,T2ZmZXJOb2RlOjEwMzY3NDg1NA==,T3V0Y29tZU5vZGU6Njc4NzM4Ng==,Polymarket,exchange,END_SUB,A_4,A_5,Fight ends in submission,Fight doesn't end in submission,,,Will the fight be won by submission? - Yes,,0,-3233,-3233,-2400,-4900,2026-08-23T18:54:46.390004+00:00,2026-08-12T22:10:40.818281+00:00,4.57,O,0,complete
2026-08-23T23:29:09.145038+00:00,9111,2026-08-25,Dana White's Contender Series: Contender Series 2026: Week 3,dwcs,mario-piazzon-vs-guilherme-uriel-silva-costa-78018,T2ZmZXJOb2RlOjEwMzY3NDg1NA==,T3V0Y29tZU5vZGU6Njc4NzM4Nw==,Polymarket,exchange,END_SUB,A_4,A_5,Fight ends in submission,Fight doesn't end in submission,,,Will the fight be won by submission? - No,,1,-3233,-3233,-2400,-4900,2026-08-23T18:54:46.390004+00:00,2026-08-12T22:10:40.818281+00:00,4.57,O,0,complete
2026-08-23T23:29:09.145038+00:00,9111,2026-08-25,Dana White's Contender Series: Contender Series 2026: Week 3,dwcs,mario-piazzon-vs-guilherme-uriel-silva-costa-78018,T2ZmZXJOb2RlOjEwMzY3NDg1Ng==,T3V0Y29tZU5vZGU6Njc4NzM5MA==,Polymarket,exchange,OVERUNDER_1.5,A_4,A_1,Over 1.5 rounds,Under 1.5 rounds,,1.5,Over 1.5,,0,-3233,-4900,-1011,-9900,2026-08-23T23:25:56.508553+00:00,2026-08-12T22:10:40.845538+00:00,0.05,O,0,complete
2026-08-23T23:29:09.145038+00:00,9111,2026-08-25,Dana White's Contender Series: Contender Series 2026: Week 3,dwcs,mario-piazzon-vs-guilherme-uriel-silva-costa-78018,T2ZmZXJOb2RlOjEwMzY3NDg1Ng==,T3V0Y29tZU5vZGU6Njc4NzM5MQ==,Polymarket,exchange,OVERUNDER_1.5,A_4,A_1,Over 1.5 rounds,Under 1.5 rounds,,1.5,Under 1.5,,1,-3233,-4900,-1900,-4900,2026-08-23T23:25:56.508553+00:00,2026-08-12T22:10:40.845538+00:00,0.05,O,0,complete
2026-08-23T23:29:09.145038+00:00,9111,2026-08-25,Dana White's Contender Series: Contender Series 2026: Week 3,dwcs,mario-piazzon-vs-guilherme-uriel-silva-costa-78018,T2ZmZXJOb2RlOjEwMzY3NDg1MA==,T3V0Y29tZU5vZGU6Njc4NzM3OA==,Polymarket,exchange,DISTANCE,A_4,A_2,Fight goes the distance,Fight ends inside distance,,,Fight to Go the Distance? - Yes,,0,-900,-9900,-900,-9900,2026-08-23T23:25:56.484872+00:00,2026-08-12T22:10:40.773730+00:00,0.05,O,0,complete
2026-08-23T23:29:09.145038+00:00,9111,2026-08-25,Dana White's Contender Series: Contender Series 2026: Week 3,dwcs,mario-piazzon-vs-guilherme-uriel-silva-costa-78018,T2ZmZXJOb2RlOjEwMzY3NDg1MA==,T3V0Y29tZU5vZGU6Njc4NzM3OQ==,Polymarket,exchange,DISTANCE,A_4,A_2,Fight goes the distance,Fight ends inside distance,,,Fight to Go the Distance? - No,,1,-2400,-4900,-2400,-9900,2026-08-23T23:25:56.484872+00:00,2026-08-12T22:10:40.773730+00:00,0.05,O,0,complete
2026-08-23T23:29:09.145038+00:00,9111,2026-08-25,Dana White's Contender Series: Contender Series 2026: Week 3,dwcs,mario-piazzon-vs-guilherme-uriel-silva-costa-78018,T2ZmZXJOb2RlOjEwMzY3NDg1Nw==,T3V0Y29tZU5vZGU6Njc4NzM5Mg==,Polymarket,exchange,OVERUNDER_2.5,A_4,A_1,Over 2.5 rounds,Under 2.5 rounds,,2.5,Over 2.5,,0,-3233,-4900,-1150,-4900,2026-08-23T18:54:46.396279+00:00,2026-08-12T22:10:40.859809+00:00,4.57,O,0,complete
2026-08-23T23:29:09.145038+00:00,9111,2026-08-25,Dana White's Contender Series: Contender Series 2026: Week 3,dwcs,mario-piazzon-vs-guilherme-uriel-silva-costa-78018,T2ZmZXJOb2RlOjEwMzY3NDg1Nw==,T3V0Y29tZU5vZGU6Njc4NzM5Mw==,Polymarket,exchange,OVERUNDER_2.5,A_4,A_1,Over 2.5 rounds,Under 2.5 rounds,,2.5,Under 2.5,,1,-3233,-4900,-1900,-4900,2026-08-23T18:54:46.396279+00:00,2026-08-12T22:10:40.859809+00:00,4.57,O,0,complete
2026-08-23T23:29:09.145038+00:00,9111,2026-08-25,Dana White's Contender Series: Contender Series 2026: Week 3,dwcs,mario-piazzon-vs-guilherme-uriel-silva-costa-78018,T2ZmZXJOb2RlOjEwMzY3NDg1Mg==,T3V0Y29tZU5vZGU6Njc4NzM4Mg==,Polymarket,exchange,KO,A_5,A_13,wins by TKO/KO,doesn't win by TKO/KO,,2.0,Will Mario Piazzon win by KO or TKO? - Yes,mario-piazzon-54556,0,-3233,-3233,-1900,-4900,2026-08-23T18:59:42.118019+00:00,2026-08-12T22:10:40.794899+00:00,4.49,O,0,complete
2026-08-23T23:29:09.145038+00:00,9111,2026-08-25,Dana White's Contender Series: Contender Series 2026: Week 3,dwcs,mario-piazzon-vs-guilherme-uriel-silva-costa-78018,T2ZmZXJOb2RlOjEwMzY3NDg1Mg==,T3V0Y29tZU5vZGU6Njc4NzM4Mw==,Polymarket,exchange,KO,A_5,A_13,wins by TKO/KO,doesn't win by TKO/KO,,2.0,Will Mario Piazzon win by KO or TKO? - No,mario-piazzon-54556,1,-2400,-3233,-1567,-4900,2026-08-23T18:59:42.118019+00:00,2026-08-12T22:10:40.794899+00:00,4.49,O,0,complete
2026-08-23T23:29:09.145038+00:00,9111,2026-08-25,Dana White's Contender Series: Contender Series 2026: Week 3,dwcs,mario-piazzon-vs-guilherme-uriel-silva-costa-78018,T2ZmZXJOb2RlOjEwMzY3NDg1MQ==,T3V0Y29tZU5vZGU6Njc4NzM4MA==,Polymarket,exchange,END_KO,A_4,A_5,"Fight ends by KO, TKO or DQ","Fight doesn't end by KO, TKO or DQ",,,Will the fight be won by KO or TKO? - Yes,,0,-3233,-3233,-1900,-4900,2026-08-23T20:25:07.189202+00:00,2026-08-12T22:10:40.784395+00:00,3.07,O,0,complete
2026-08-23T23:29:09.145038+00:00,9111,2026-08-25,Dana White's Contender Series: Contender Series 2026: Week 3,dwcs,mario-piazzon-vs-guilherme-uriel-silva-costa-78018,T2ZmZXJOb2RlOjEwMzY3NDg1MQ==,T3V0Y29tZU5vZGU6Njc4NzM4MQ==,Polymarket,exchange,END_KO,A_4,A_5,"Fight ends by KO, TKO or DQ","Fight doesn't end by KO, TKO or DQ",,,Will the fight be won by KO or TKO? - No,,1,-900,-3233,-900,-4900,2026-08-23T20:25:07.189202+00:00,2026-08-12T22:10:40.784395+00:00,3.07,O,0,complete
2026-08-23T23:29:09.145038+00:00,9111,2026-08-25,Dana White's Contender Series: Contender Series 2026: Week 3,dwcs,sean-clancy-jr-vs-gary-balletto-jr-79266,T2ZmZXJOb2RlOjEwMzY3NDg2NA==,T3V0Y29tZU5vZGU6Njc4NzQwNg==,Polymarket,exchange,OVERUNDER_0.5,A_4,A_1,Over 0.5 rounds,Under 0.5 rounds,,0.5,Over 0.5,,0,-1900,-4900,+900,-4900,2026-08-23T23:25:56.532170+00:00,2026-08-12T22:10:40.958830+00:00,0.05,O,0,complete
2026-08-23T23:29:09.145038+00:00,9111,2026-08-25,Dana White's Contender Series: Contender Series 2026: Week 3,dwcs,sean-clancy-jr-vs-gary-balletto-jr-79266,T2ZmZXJOb2RlOjEwMzY3NDg2NA==,T3V0Y29tZU5vZGU6Njc4NzQwNw==,Polymarket,exchange,OVERUNDER_0.5,A_4,A_1,Over 0.5 rounds,Under 0.5 rounds,,0.5,Under 0.5,,1,-1900,-4900,-1329,-4900,2026-08-23T23:25:56.532170+00:00,2026-08-12T22:10:40.958830+00:00,0.05,O,0,complete
2026-08-23T23:29:09.145038+00:00,9111,2026-08-25,Dana White's Contender Series: Contender Series 2026: Week 3,dwcs,sean-clancy-jr-vs-gary-balletto-jr-79266,T2ZmZXJOb2RlOjEwMzY3NDg2MQ==,T3V0Y29tZU5vZGU6Njc4NzQwMA==,Polymarket,exchange,KO,A_5,A_13,wins by TKO/KO,doesn't win by TKO/KO,,2.0,Will Gary Balletto win by KO or TKO? - Yes,gary-balletto-jr-7869,0,-2400,-4900,-1900,-4900,2026-08-23T18:59:42.139052+00:00,2026-08-12T22:10:40.915987+00:00,4.49,O,0,complete
2026-08-23T23:29:09.145038+00:00,9111,2026-08-25,Dana White's Contender Series: Contender Series 2026: Week 3,dwcs,sean-clancy-jr-vs-gary-balletto-jr-79266,T2ZmZXJOb2RlOjEwMzY3NDg2MQ==,T3V0Y29tZU5vZGU6Njc4NzQwMQ==,Polymarket,exchange,KO,A_5,A_13,wins by TKO/KO,doesn't win by TKO/KO,,2.0,Will Gary Balletto win by KO or TKO? - No,gary-balletto-jr-7869,1,-3233,-4900,-1567,-4900,2026-08-23T18:59:42.139052+00:00,2026-08-12T22:10:40.915987+00:00,4.49,O,0,complete
2026-08-23T23:29:09.145038+00:00,9111,2026-08-25,Dana White's Contender Series: Contender Series 2026: Week 3,dwcs,sean-clancy-jr-vs-gary-balletto-jr-79266,T2ZmZXJOb2RlOjEwMzY3NDg2MA==,T3V0Y29tZU5vZGU6Njc4NzM5OA==,Polymarket,exchange,END_KO,A_4,A_5,"Fight ends by KO, TKO or DQ","Fight doesn't end by KO, TKO or DQ",,,Will the fight be won by KO or TKO? - Yes,,0,-3233,-4900,-2400,-4900,2026-08-23T20:25:07.246635+00:00,2026-08-12T22:10:40.901463+00:00,3.07,O,0,complete
2026-08-23T23:29:09.145038+00:00,9111,2026-08-25,Dana White's Contender Series: Contender Series 2026: Week 3,dwcs,sean-clancy-jr-vs-gary-balletto-jr-79266,T2ZmZXJOb2RlOjEwMzY3NDg2MA==,T3V0Y29tZU5vZGU6Njc4NzM5OQ==,Polymarket,exchange,END_KO,A_4,A_5,"Fight ends by KO, TKO or DQ","Fight doesn't end by KO, TKO or DQ",,,Will the fight be won by KO or TKO? - No,,1,-1329,-4900,-1329,-4900,2026-08-23T20:25:07.246635+00:00,2026-08-12T22:10:40.901463+00:00,3.07,O,0,complete
2026-08-23T23:29:09.145038+00:00,9111,2026-08-25,Dana White's Contender Series: Contender Series 2026: Week 3,dwcs,sean-clancy-jr-vs-gary-balletto-jr-79266,T2ZmZXJOb2RlOjEwMzY3NDg2Ng==,T3V0Y29tZU5vZGU6Njc4NzQxMA==,Polymarket,exchange,OVERUNDER_2.5,A_4,A_1,Over 2.5 rounds,Under 2.5 rounds,,2.5,Over 2.5,,0,-3233,-9900,-1900,-9900,2026-08-23T23:25:56.537781+00:00,2026-08-12T22:10:40.984807+00:00,0.05,O,0,complete
2026-08-23T23:29:09.145038+00:00,9111,2026-08-25,Dana White's Contender Series: Contender Series 2026: Week 3,dwcs,sean-clancy-jr-vs-gary-balletto-jr-79266,T2ZmZXJOb2RlOjEwMzY3NDg2Ng==,T3V0Y29tZU5vZGU6Njc4NzQxMQ==,Polymarket,exchange,OVERUNDER_2.5,A_4,A_1,Over 2.5 rounds,Under 2.5 rounds,,2.5,Under 2.5,,1,-3233,-9900,-1900,-9900,2026-08-23T23:25:56.537781+00:00,2026-08-12T22:10:40.984807+00:00,0.05,O,0,complete
2026-08-23T23:29:09.145038+00:00,9111,2026-08-25,Dana White's Contender Series: Contender Series 2026: Week 3,dwcs,sean-clancy-jr-vs-gary-balletto-jr-79266,T2ZmZXJOb2RlOjEwMzY3NDg2NQ==,T3V0Y29tZU5vZGU6Njc4NzQwOA==,Polymarket,exchange,OVERUNDER_1.5,A_4,A_1,Over 1.5 rounds,Under 1.5 rounds,,1.5,Over 1.5,,0,-3233,-9900,-1900,-9900,2026-08-23T19:05:51.937648+00:00,2026-08-12T22:10:40.970333+00:00,4.39,O,0,complete
2026-08-23T23:29:09.145038+00:00,9111,2026-08-25,Dana White's Contender Series: Contender Series 2026: Week 3,dwcs,sean-clancy-jr-vs-gary-balletto-jr-79266,T2ZmZXJOb2RlOjEwMzY3NDg2NQ==,T3V0Y29tZU5vZGU6Njc4NzQwOQ==,Polymarket,exchange,OVERUNDER_1.5,A_4,A_1,Over 1.5 rounds,Under 1.5 rounds,,1.5,Under 1.5,,1,-3233,-9900,-1900,-9900,2026-08-23T19:05:51.937648+00:00,2026-08-12T22:10:40.970333+00:00,4.39,O,0,complete
2026-08-23T23:29:09.145038+00:00,9111,2026-08-25,Dana White's Contender Series: Contender Series 2026: Week 3,dwcs,sean-clancy-jr-vs-gary-balletto-jr-79266,T2ZmZXJOb2RlOjEwMzY3NDg2Mw==,T3V0Y29tZU5vZGU6Njc4NzQwNA==,Polymarket,exchange,END_SUB,A_4,A_5,Fight ends in submission,Fight doesn't end in submission,,,Will the fight be won by submission? - Yes,,0,-2400,-4900,-1900,-4900,2026-08-23T23:10:59.045135+00:00,2026-08-12T22:10:40.944103+00:00,0.3,O,0,complete
2026-08-23T23:29:09.145038+00:00,9111,2026-08-25,Dana White's Contender Series: Contender Series 2026: Week 3,dwcs,sean-clancy-jr-vs-gary-balletto-jr-79266,T2ZmZXJOb2RlOjEwMzY3NDg2Mw==,T3V0Y29tZU5vZGU6Njc4NzQwNQ==,Polymarket,exchange,END_SUB,A_4,A_5,Fight ends in submission,Fight doesn't end in submission,,,Will the fight be won by submission? - No,,1,-3233,-4900,-2400,-4900,2026-08-23T23:10:59.045135+00:00,2026-08-12T22:10:40.944103+00:00,0.3,O,0,complete
2026-08-23T23:29:09.145038+00:00,9111,2026-08-25,Dana White's Contender Series: Contender Series 2026: Week 3,dwcs,sean-clancy-jr-vs-gary-balletto-jr-79266,T2ZmZXJOb2RlOjEwMzY3NDg2Mg==,T3V0Y29tZU5vZGU6Njc4NzQwMg==,Polymarket,exchange,KO,A_5,A_13,wins by TKO/KO,doesn't win by TKO/KO,,2.0,Will Sean Clancy Jr. win by KO or TKO? - Yes,sean-clancy-jr-56464,0,-3233,-4900,-2400,-4900,2026-08-23T22:46:21.738767+00:00,2026-08-12T22:10:40.930589+00:00,0.71,O,0,complete
2026-08-23T23:29:09.145038+00:00,9111,2026-08-25,Dana White's Contender Series: Contender Series 2026: Week 3,dwcs,sean-clancy-jr-vs-gary-balletto-jr-79266,T2ZmZXJOb2RlOjEwMzY3NDg2Mg==,T3V0Y29tZU5vZGU6Njc4NzQwMw==,Polymarket,exchange,KO,A_5,A_13,wins by TKO/KO,doesn't win by TKO/KO,,2.0,Will Sean Clancy Jr. win by KO or TKO? - No,sean-clancy-jr-56464,1,-300,-4900,-285,-4900,2026-08-23T22:46:21.738767+00:00,2026-08-12T22:10:40.930589+00:00,0.71,O,0,complete
2026-08-23T23:29:09.145038+00:00,9111,2026-08-25,Dana White's Contender Series: Contender Series 2026: Week 3,dwcs,sean-clancy-jr-vs-gary-balletto-jr-79266,T2ZmZXJOb2RlOjEwMzY3NDg1OQ==,T3V0Y29tZU5vZGU6Njc4NzM5Ng==,Polymarket,exchange,DISTANCE,A_4,A_2,Fight goes the distance,Fight ends inside distance,,,Fight to Go the Distance? - Yes,,0,-900,-9900,-900,-9900,2026-08-23T20:25:07.236862+00:00,2026-08-12T22:10:40.887762+00:00,3.07,O,0,complete
2026-08-23T23:29:09.145038+00:00,9111,2026-08-25,Dana White's Contender Series: Contender Series 2026: Week 3,dwcs,sean-clancy-jr-vs-gary-balletto-jr-79266,T2ZmZXJOb2RlOjEwMzY3NDg1OQ==,T3V0Y29tZU5vZGU6Njc4NzM5Nw==,Polymarket,exchange,DISTANCE,A_4,A_2,Fight goes the distance,Fight ends inside distance,,,Fight to Go the Distance? - No,,1,-3233,-9900,-2400,-9900,2026-08-23T20:25:07.236862+00:00,2026-08-12T22:10:40.887762+00:00,3.07,O,0,complete
2026-08-23T23:29:09.145038+00:00,9111,2026-08-25,Dana White's Contender Series: Contender Series 2026: Week 3,dwcs,alexis-miranda-vs-ronald-humphrey-79267,T2ZmZXJOb2RlOjEwMzY3NDg3Mw==,T3V0Y29tZU5vZGU6Njc4NzQyNA==,Polymarket,exchange,OVERUNDER_0.5,A_4,A_1,Over 0.5 rounds,Under 0.5 rounds,,0.5,Over 0.5,,0,-3233,-3233,-1900,-4900,2026-08-23T10:35:03.685813+00:00,2026-08-12T22:10:41.096685+00:00,12.9,O,0,complete
2026-08-23T23:29:09.145038+00:00,9111,2026-08-25,Dana White's Contender Series: Contender Series 2026: Week 3,dwcs,alexis-miranda-vs-ronald-humphrey-79267,T2ZmZXJOb2RlOjEwMzY3NDg3Mw==,T3V0Y29tZU5vZGU6Njc4NzQyNQ==,Polymarket,exchange,OVERUNDER_0.5,A_4,A_1,Over 0.5 rounds,Under 0.5 rounds,,0.5,Under 0.5,,1,-2400,-3233,-1900,-4900,2026-08-23T10:35:03.685813+00:00,2026-08-12T22:10:41.096685+00:00,12.9,O,0,complete
2026-08-23T23:29:09.145038+00:00,9111,2026-08-25,Dana White's Contender Series: Contender Series 2026: Week 3,dwcs,alexis-miranda-vs-ronald-humphrey-79267,T2ZmZXJOb2RlOjEwMzY3NDg3Mg==,T3V0Y29tZU5vZGU6Njc4NzQyMg==,Polymarket,exchange,END_SUB,A_4,A_5,Fight ends in submission,Fight doesn't end in submission,,,Will the fight be won by submission? - Yes,,0,-3233,-3233,-2400,-4900,2026-08-23T22:10:30.580863+00:00,2026-08-12T22:10:41.075278+00:00,1.31,O,0,complete
2026-08-23T23:29:09.145038+00:00,9111,2026-08-25,Dana White's Contender Series: Contender Series 2026: Week 3,dwcs,alexis-miranda-vs-ronald-humphrey-79267,T2ZmZXJOb2RlOjEwMzY3NDg3Mg==,T3V0Y29tZU5vZGU6Njc4NzQyMw==,Polymarket,exchange,END_SUB,A_4,A_5,Fight ends in submission,Fight doesn't end in submission,,,Will the fight be won by submission? - No,,1,-3233,-3233,-2400,-4900,2026-08-23T22:10:30.580863+00:00,2026-08-12T22:10:41.075278+00:00,1.31,O,0,complete
2026-08-23T23:29:09.145038+00:00,9111,2026-08-25,Dana White's Contender Series: Contender Series 2026: Week 3,dwcs,alexis-miranda-vs-ronald-humphrey-79267,T2ZmZXJOb2RlOjEwMzY3NDg3MQ==,T3V0Y29tZU5vZGU6Njc4NzQyMA==,Polymarket,exchange,KO,A_5,A_13,wins by TKO/KO,doesn't win by TKO/KO,,2.0,Will Alexis Miranda win by KO or TKO? - Yes,alexis-miranda-72726,0,-2400,-3233,-2400,-4900,2026-08-23T21:25:12.227695+00:00,2026-08-12T22:10:41.053753+00:00,2.07,O,0,complete
2026-08-23T23:29:09.145038+00:00,9111,2026-08-25,Dana White's Contender Series: Contender Series 2026: Week 3,dwcs,alexis-miranda-vs-ronald-humphrey-79267,T2ZmZXJOb2RlOjEwMzY3NDg3MQ==,T3V0Y29tZU5vZGU6Njc4NzQyMQ==,Polymarket,exchange,KO,A_5,A_13,wins by TKO/KO,doesn't win by TKO/KO,,2.0,Will Alexis Miranda win by KO or TKO? - No,alexis-miranda-72726,1,-3233,-3233,-1900,-4900,2026-08-23T21:25:12.227695+00:00,2026-08-12T22:10:41.053753+00:00,2.07,O,0,complete
2026-08-23T23:29:09.145038+00:00,9111,2026-08-25,Dana White's Contender Series: Contender Series 2026: Week 3,dwcs,alexis-miranda-vs-ronald-humphrey-79267,T2ZmZXJOb2RlOjEwMzY3NDg3NA==,T3V0Y29tZU5vZGU6Njc4NzQyNg==,Polymarket,exchange,OVERUNDER_1.5,A_4,A_1,Over 1.5 rounds,Under 1.5 rounds,,1.5,Over 1.5,,0,-2400,-4900,-1900,-9900,2026-08-23T23:25:56.563089+00:00,2026-08-12T22:10:41.108159+00:00,0.05,O,0,complete
2026-08-23T23:29:09.145038+00:00,9111,2026-08-25,Dana White's Contender Series: Contender Series 2026: Week 3,dwcs,alexis-miranda-vs-ronald-humphrey-79267,T2ZmZXJOb2RlOjEwMzY3NDg3NA==,T3V0Y29tZU5vZGU6Njc4NzQyNw==,Polymarket,exchange,OVERUNDER_1.5,A_4,A_1,Over 1.5 rounds,Under 1.5 rounds,,1.5,Under 1.5,,1,-3233,-4900,-1900,-9900,2026-08-23T23:25:56.563089+00:00,2026-08-12T22:10:41.108159+00:00,0.05,O,0,complete
2026-08-23T23:29:09.145038+00:00,9111,2026-08-25,Dana White's Contender Series: Contender Series 2026: Week 3,dwcs,alexis-miranda-vs-ronald-humphrey-79267,T2ZmZXJOb2RlOjEwMzY3NDg3NQ==,T3V0Y29tZU5vZGU6Njc4NzQyOA==,Polymarket,exchange,OVERUNDER_2.5,A_4,A_1,Over 2.5 rounds,Under 2.5 rounds,,2.5,Over 2.5,,0,-3233,-4900,-1900,-9900,2026-08-23T23:25:56.565754+00:00,2026-08-12T22:10:41.123974+00:00,0.05,O,0,complete
2026-08-23T23:29:09.145038+00:00,9111,2026-08-25,Dana White's Contender Series: Contender Series 2026: Week 3,dwcs,alexis-miranda-vs-ronald-humphrey-79267,T2ZmZXJOb2RlOjEwMzY3NDg3NQ==,T3V0Y29tZU5vZGU6Njc4NzQyOQ==,Polymarket,exchange,OVERUNDER_2.5,A_4,A_1,Over 2.5 rounds,Under 2.5 rounds,,2.5,Under 2.5,,1,-2400,-4900,-1900,-9900,2026-08-23T23:25:56.565754+00:00,2026-08-12T22:10:41.123974+00:00,0.05,O,0,complete
2026-08-23T23:29:09.145038+00:00,9111,2026-08-25,Dana White's Contender Series: Contender Series 2026: Week 3,dwcs,alexis-miranda-vs-ronald-humphrey-79267,T2ZmZXJOb2RlOjEwMzY3NDg3MA==,T3V0Y29tZU5vZGU6Njc4NzQxOA==,Polymarket,exchange,KO,A_5,A_13,wins by TKO/KO,doesn't win by TKO/KO,,2.0,Will Ronald Humphrey win by KO or TKO? - Yes,ronald-humphrey-71850,0,-2400,-3233,-2400,-4900,2026-08-23T22:30:21.552961+00:00,2026-08-12T22:10:41.041835+00:00,0.98,O,0,complete
2026-08-23T23:29:09.145038+00:00,9111,2026-08-25,Dana White's Contender Series: Contender Series 2026: Week 3,dwcs,alexis-miranda-vs-ronald-humphrey-79267,T2ZmZXJOb2RlOjEwMzY3NDg3MA==,T3V0Y29tZU5vZGU6Njc4NzQxOQ==,Polymarket,exchange,KO,A_5,A_13,wins by TKO/KO,doesn't win by TKO/KO,,2.0,Will Ronald Humphrey win by KO or TKO? - No,ronald-humphrey-71850,1,-245,-3233,-245,-4900,2026-08-23T22:30:21.552961+00:00,2026-08-12T22:10:41.041835+00:00,0.98,O,0,complete
2026-08-23T23:29:09.145038+00:00,9111,2026-08-25,Dana White's Contender Series: Contender Series 2026: Week 3,dwcs,alexis-miranda-vs-ronald-humphrey-79267,T2ZmZXJOb2RlOjEwMzY3NDg2OQ==,T3V0Y29tZU5vZGU6Njc4NzQxNg==,Polymarket,exchange,END_KO,A_4,A_5,"Fight ends by KO, TKO or DQ","Fight doesn't end by KO, TKO or DQ",,,Will the fight be won by KO or TKO? - Yes,,0,-3233,-3233,-2400,-4900,2026-08-23T20:25:07.299834+00:00,2026-08-12T22:10:41.027066+00:00,3.07,O,0,complete
2026-08-23T23:29:09.145038+00:00,9111,2026-08-25,Dana White's Contender Series: Contender Series 2026: Week 3,dwcs,alexis-miranda-vs-ronald-humphrey-79267,T2ZmZXJOb2RlOjEwMzY3NDg2OQ==,T3V0Y29tZU5vZGU6Njc4NzQxNw==,Polymarket,exchange,END_KO,A_4,A_5,"Fight ends by KO, TKO or DQ","Fight doesn't end by KO, TKO or DQ",,,Will the fight be won by KO or TKO? - No,,1,-1329,-3233,-1329,-4900,2026-08-23T20:25:07.299834+00:00,2026-08-12T22:10:41.027066+00:00,3.07,O,0,complete
2026-08-23T23:29:09.145038+00:00,9111,2026-08-25,Dana White's Contender Series: Contender Series 2026: Week 3,dwcs,alexis-miranda-vs-ronald-humphrey-79267,T2ZmZXJOb2RlOjEwMzY3NDg2OA==,T3V0Y29tZU5vZGU6Njc4NzQxNA==,Polymarket,exchange,DISTANCE,A_4,A_2,Fight goes the distance,Fight ends inside distance,,,Fight to Go the Distance? - Yes,,0,-900,-9900,-900,-9900,2026-08-23T20:25:07.295537+00:00,2026-08-12T22:10:41.013797+00:00,3.07,O,0,complete
2026-08-23T23:29:09.145038+00:00,9111,2026-08-25,Dana White's Contender Series: Contender Series 2026: Week 3,dwcs,alexis-miranda-vs-ronald-humphrey-79267,T2ZmZXJOb2RlOjEwMzY3NDg2OA==,T3V0Y29tZU5vZGU6Njc4NzQxNQ==,Polymarket,exchange,DISTANCE,A_4,A_2,Fight goes the distance,Fight ends inside distance,,,Fight to Go the Distance? - No,,1,-3233,-9900,-2400,-9900,2026-08-23T20:25:07.295537+00:00,2026-08-12T22:10:41.013797+00:00,3.07,O,0,complete
2026-08-23T23:29:09.145038+00:00,9111,2026-08-25,Dana White's Contender Series: Contender Series 2026: Week 3,dwcs,nick-galanti-vs-carlos-petruzzella-75965,T2ZmZXJOb2RlOjEwMzY3NDg4NQ==,T3V0Y29tZU5vZGU6Njc4NzQ0OA==,Polymarket,exchange,OVERUNDER_3.5,A_4,A_1,Over 3.5 rounds,Under 3.5 rounds,,3.5,Over 3.5,,0,-3233,-4900,-1900,-9900,2026-08-23T23:25:56.599707+00:00,2026-08-12T22:10:41.332664+00:00,0.05,O,0,complete
2026-08-23T23:29:09.145038+00:00,9111,2026-08-25,Dana White's Contender Series: Contender Series 2026: Week 3,dwcs,nick-galanti-vs-carlos-petruzzella-75965,T2ZmZXJOb2RlOjEwMzY3NDg4NQ==,T3V0Y29tZU5vZGU6Njc4NzQ0OQ==,Polymarket,exchange,OVERUNDER_3.5,A_4,A_1,Over 3.5 rounds,Under 3.5 rounds,,3.5,Under 3.5,,1,-3233,-4900,-1567,-9900,2026-08-23T23:25:56.599707+00:00,2026-08-12T22:10:41.332664+00:00,0.05,O,0,complete
2026-08-23T23:29:09.145038+00:00,9111,2026-08-25,Dana White's Contender Series: Contender Series 2026: Week 3,dwcs,nick-galanti-vs-carlos-petruzzella-75965,T2ZmZXJOb2RlOjEwMzY3NDg3OQ==,T3V0Y29tZU5vZGU6Njc4NzQzNg==,Polymarket,exchange,KO,A_5,A_13,wins by TKO/KO,doesn't win by TKO/KO,,2.0,Will Carlos Petruzzella win by KO or TKO? - Yes,carlos-petruzzella-59488,0,-3233,-3233,-2400,-4900,2026-08-22T21:25:06.226706+00:00,2026-08-12T22:10:41.208607+00:00,26.07,O,0,complete
2026-08-23T23:29:09.145038+00:00,9111,2026-08-25,Dana White's Contender Series: Contender Series 2026: Week 3,dwcs,nick-galanti-vs-carlos-petruzzella-75965,T2ZmZXJOb2RlOjEwMzY3NDg3OQ==,T3V0Y29tZU5vZGU6Njc4NzQzNw==,Polymarket,exchange,KO,A_5,A_13,wins by TKO/KO,doesn't win by TKO/KO,,2.0,Will Carlos Petruzzella win by KO or TKO? - No,carlos-petruzzella-59488,1,-3233,-3233,-1900,-4900,2026-08-22T21:25:06.226706+00:00,2026-08-12T22:10:41.208607+00:00,26.07,O,0,complete
2026-08-23T23:29:09.145038+00:00,9111,2026-08-25,Dana White's Contender Series: Contender Series 2026: Week 3,dwcs,nick-galanti-vs-carlos-petruzzella-75965,T2ZmZXJOb2RlOjEwMzY3NDg4MQ==,T3V0Y29tZU5vZGU6Njc4NzQ0MA==,Polymarket,exchange,END_SUB,A_4,A_5,Fight ends in submission,Fight doesn't end in submission,,,Will the fight be won by submission? - Yes,,0,-3233,-3233,-1900,-4900,2026-08-23T18:45:36.363035+00:00,2026-08-12T22:10:41.255745+00:00,4.73,O,0,complete
2026-08-23T23:29:09.145038+00:00,9111,2026-08-25,Dana White's Contender Series: Contender Series 2026: Week 3,dwcs,nick-galanti-vs-carlos-petruzzella-75965,T2ZmZXJOb2RlOjEwMzY3NDg4MQ==,T3V0Y29tZU5vZGU6Njc4NzQ0MQ==,Polymarket,exchange,END_SUB,A_4,A_5,Fight ends in submission,Fight doesn't end in submission,,,Will the fight be won by submission? - No,,1,-3233,-3233,-2400,-4900,2026-08-23T18:45:36.363035+00:00,2026-08-12T22:10:41.255745+00:00,4.73,O,0,complete
2026-08-23T23:29:09.145038+00:00,9111,2026-08-25,Dana White's Contender Series: Contender Series 2026: Week 3,dwcs,nick-galanti-vs-carlos-petruzzella-75965,T2ZmZXJOb2RlOjEwMzY3NDg4Mg==,T3V0Y29tZU5vZGU6Njc4NzQ0Mg==,Polymarket,exchange,OVERUNDER_0.5,A_4,A_1,Over 0.5 rounds,Under 0.5 rounds,,0.5,Over 0.5,,0,-3233,-3233,-1900,-4900,2026-08-22T19:14:41.506241+00:00,2026-08-12T22:10:41.275345+00:00,28.24,O,0,complete
2026-08-23T23:29:09.145038+00:00,9111,2026-08-25,Dana White's Contender Series: Contender Series 2026: Week 3,dwcs,nick-galanti-vs-carlos-petruzzella-75965,T2ZmZXJOb2RlOjEwMzY3NDg4Mg==,T3V0Y29tZU5vZGU6Njc4NzQ0Mw==,Polymarket,exchange,OVERUNDER_0.5,A_4,A_1,Over 0.5 rounds,Under 0.5 rounds,,0.5,Under 0.5,,1,-2400,-3233,-1900,-4900,2026-08-22T19:14:41.506241+00:00,2026-08-12T22:10:41.275345+00:00,28.24,O,0,complete
2026-08-23T23:29:09.145038+00:00,9111,2026-08-25,Dana White's Contender Series: Contender Series 2026: Week 3,dwcs,nick-galanti-vs-carlos-petruzzella-75965,T2ZmZXJOb2RlOjEwMzY3NDg4MA==,T3V0Y29tZU5vZGU6Njc4NzQzOA==,Polymarket,exchange,KO,A_5,A_13,wins by TKO/KO,doesn't win by TKO/KO,,2.0,Will Nick Galanti win by KO or TKO? - Yes,nick-galanti-38086,0,-2400,-3233,-1900,-4900,2026-08-23T15:24:43.539339+00:00,2026-08-12T22:10:41.233037+00:00,8.07,O,0,complete
2026-08-23T23:29:09.145038+00:00,9111,2026-08-25,Dana White's Contender Series: Contender Series 2026: Week 3,dwcs,nick-galanti-vs-carlos-petruzzella-75965,T2ZmZXJOb2RlOjEwMzY3NDg4MA==,T3V0Y29tZU5vZGU6Njc4NzQzOQ==,Polymarket,exchange,KO,A_5,A_13,wins by TKO/KO,doesn't win by TKO/KO,,2.0,Will Nick Galanti win by KO or TKO? - No,nick-galanti-38086,1,-3233,-3233,-1900,-4900,2026-08-23T15:24:43.539339+00:00,2026-08-12T22:10:41.233037+00:00,8.07,O,0,complete
2026-08-23T23:29:09.145038+00:00,9111,2026-08-25,Dana White's Contender Series: Contender Series 2026: Week 3,dwcs,nick-galanti-vs-carlos-petruzzella-75965,T2ZmZXJOb2RlOjEwMzY3NDg4NA==,T3V0Y29tZU5vZGU6Njc4NzQ0Ng==,Polymarket,exchange,OVERUNDER_2.5,A_4,A_1,Over 2.5 rounds,Under 2.5 rounds,,2.5,Over 2.5,,0,-3233,-4900,-1900,-9900,2026-08-23T16:51:07.756860+00:00,2026-08-12T22:10:41.314848+00:00,6.63,O,0,complete
2026-08-23T23:29:09.145038+00:00,9111,2026-08-25,Dana White's Contender Series: Contender Series 2026: Week 3,dwcs,nick-galanti-vs-carlos-petruzzella-75965,T2ZmZXJOb2RlOjEwMzY3NDg4NA==,T3V0Y29tZU5vZGU6Njc4NzQ0Nw==,Polymarket,exchange,OVERUNDER_2.5,A_4,A_1,Over 2.5 rounds,Under 2.5 rounds,,2.5,Under 2.5,,1,-3233,-4900,-1900,-4900,2026-08-23T16:51:07.756860+00:00,2026-08-12T22:10:41.314848+00:00,6.63,O,0,complete
2026-08-23T23:29:09.145038+00:00,9111,2026-08-25,Dana White's Contender Series: Contender Series 2026: Week 3,dwcs,nick-galanti-vs-carlos-petruzzella-75965,T2ZmZXJOb2RlOjEwMzY3NDg4Mw==,T3V0Y29tZU5vZGU6Njc4NzQ0NA==,Polymarket,exchange,OVERUNDER_1.5,A_4,A_1,Over 1.5 rounds,Under 1.5 rounds,,1.5,Over 1.5,,0,-3233,-4900,-1900,-9900,2026-08-22T19:24:48.703701+00:00,2026-08-12T22:10:41.293748+00:00,28.07,O,0,complete
2026-08-23T23:29:09.145038+00:00,9111,2026-08-25,Dana White's Contender Series: Contender Series 2026: Week 3,dwcs,nick-galanti-vs-carlos-petruzzella-75965,T2ZmZXJOb2RlOjEwMzY3NDg4Mw==,T3V0Y29tZU5vZGU6Njc4NzQ0NQ==,Polymarket,exchange,OVERUNDER_1.5,A_4,A_1,Over 1.5 rounds,Under 1.5 rounds,,1.5,Under 1.5,,1,-3233,-4900,-1900,-9900,2026-08-22T19:24:48.703701+00:00,2026-08-12T22:10:41.293748+00:00,28.07,O,0,complete
2026-08-23T23:29:09.145038+00:00,9111,2026-08-25,Dana White's Contender Series: Contender Series 2026: Week 3,dwcs,nick-galanti-vs-carlos-petruzzella-75965,T2ZmZXJOb2RlOjEwMzY3NDg4Ng==,T3V0Y29tZU5vZGU6Njc4NzQ1MA==,Polymarket,exchange,OVERUNDER_4.5,A_4,A_1,Over 4.5 rounds,Under 4.5 rounds,,4.5,Over 4.5,,0,-3233,-4900,-1900,-9900,2026-08-23T17:20:21.931760+00:00,2026-08-12T22:10:41.356670+00:00,6.15,O,0,complete
2026-08-23T23:29:09.145038+00:00,9111,2026-08-25,Dana White's Contender Series: Contender Series 2026: Week 3,dwcs,nick-galanti-vs-carlos-petruzzella-75965,T2ZmZXJOb2RlOjEwMzY3NDg4Ng==,T3V0Y29tZU5vZGU6Njc4NzQ1MQ==,Polymarket,exchange,OVERUNDER_4.5,A_4,A_1,Over 4.5 rounds,Under 4.5 rounds,,4.5,Under 4.5,,1,-3233,-4900,-1900,-4900,2026-08-23T17:20:21.931760+00:00,2026-08-12T22:10:41.356670+00:00,6.15,O,0,complete
2026-08-23T23:29:09.145038+00:00,9111,2026-08-25,Dana White's Contender Series: Contender Series 2026: Week 3,dwcs,nick-galanti-vs-carlos-petruzzella-75965,T2ZmZXJOb2RlOjEwMzY3NDg3OA==,T3V0Y29tZU5vZGU6Njc4NzQzNA==,Polymarket,exchange,END_KO,A_4,A_5,"Fight ends by KO, TKO or DQ","Fight doesn't end by KO, TKO or DQ",,,Will the fight be won by KO or TKO? - Yes,,0,-3233,-3233,-1567,-4900,2026-08-23T23:25:56.576328+00:00,2026-08-12T22:10:41.183205+00:00,0.05,O,0,complete
2026-08-23T23:29:09.145038+00:00,9111,2026-08-25,Dana White's Contender Series: Contender Series 2026: Week 3,dwcs,nick-galanti-vs-carlos-petruzzella-75965,T2ZmZXJOb2RlOjEwMzY3NDg3OA==,T3V0Y29tZU5vZGU6Njc4NzQzNQ==,Polymarket,exchange,END_KO,A_4,A_5,"Fight ends by KO, TKO or DQ","Fight doesn't end by KO, TKO or DQ",,,Will the fight be won by KO or TKO? - No,,1,-3233,-3233,-1900,-4900,2026-08-23T23:25:56.576328+00:00,2026-08-12T22:10:41.183205+00:00,0.05,O,0,complete
2026-08-23T23:29:09.145038+00:00,9111,2026-08-25,Dana White's Contender Series: Contender Series 2026: Week 3,dwcs,nick-galanti-vs-carlos-petruzzella-75965,T2ZmZXJOb2RlOjEwMzY3NDg3Nw==,T3V0Y29tZU5vZGU6Njc4NzQzMg==,Polymarket,exchange,DISTANCE,A_4,A_2,Fight goes the distance,Fight ends inside distance,,,Fight to Go the Distance? - Yes,,0,-3233,-9900,-2400,-9900,2026-08-23T16:45:08.438474+00:00,2026-08-12T22:10:41.163264+00:00,6.73,O,0,complete
2026-08-23T23:29:09.145038+00:00,9111,2026-08-25,Dana White's Contender Series: Contender Series 2026: Week 3,dwcs,nick-galanti-vs-carlos-petruzzella-75965,T2ZmZXJOb2RlOjEwMzY3NDg3Nw==,T3V0Y29tZU5vZGU6Njc4NzQzMw==,Polymarket,exchange,DISTANCE,A_4,A_2,Fight goes the distance,Fight ends inside distance,,,Fight to Go the Distance? - No,,1,-3233,-9900,-2400,-9900,2026-08-23T16:45:08.438474+00:00,2026-08-12T22:10:41.163264+00:00,6.73,O,0,complete
2026-08-23T23:29:09.145038+00:00,8869,2026-08-29,UFC Fight Night: Nurmagomedov vs. Song,ufc,umar-nurmagomedov-vs-yadong-song-79649,T2ZmZXJOb2RlOjEwMzY5MDY4NQ==,T3V0Y29tZU5vZGU6NjgwODUzNA==,Stake,sportsbook,OVERUNDER_4.5,A_4,A_1,Over 4.5 rounds,Under 4.5 rounds,,4.5,Over 4.5,,0,-227,-227,-227,-227,2026-08-23T18:30:33.571845+00:00,2026-08-23T18:30:29.213042+00:00,4.98,O,0,complete
2026-08-23T23:29:09.145038+00:00,8869,2026-08-29,UFC Fight Night: Nurmagomedov vs. Song,ufc,umar-nurmagomedov-vs-yadong-song-79649,T2ZmZXJOb2RlOjEwMzY5MDY4NQ==,T3V0Y29tZU5vZGU6NjgwODUzNQ==,Stake,sportsbook,OVERUNDER_4.5,A_4,A_1,Over 4.5 rounds,Under 4.5 rounds,,4.5,Under 4.5,,1,+175,+175,+175,+175,2026-08-23T18:30:33.571845+00:00,2026-08-23T18:30:29.213042+00:00,4.98,O,0,complete
2026-08-23T23:29:09.145038+00:00,8869,2026-08-29,UFC Fight Night: Nurmagomedov vs. Song,ufc,umar-nurmagomedov-vs-yadong-song-79649,T2ZmZXJOb2RlOjEwMzY5MDYxMg==,T3V0Y29tZU5vZGU6NjgwODM4OA==,ReBet,sportsbook,OVERUNDER_4.5,A_4,A_1,Over 4.5 rounds,Under 4.5 rounds,,4.5,Over 4.5,,0,-228,-222,-212,-228,2026-08-23T17:01:04.056351+00:00,2026-08-23T16:03:14.895760+00:00,6.47,O,0,complete
2026-08-23T23:29:09.145038+00:00,8869,2026-08-29,UFC Fight Night: Nurmagomedov vs. Song,ufc,umar-nurmagomedov-vs-yadong-song-79649,T2ZmZXJOb2RlOjEwMzY5MDYxMg==,T3V0Y29tZU5vZGU6NjgwODM4OQ==,ReBet,sportsbook,OVERUNDER_4.5,A_4,A_1,Over 4.5 rounds,Under 4.5 rounds,,4.5,Under 4.5,,1,+174,+169,+174,+163,2026-08-23T17:01:04.056351+00:00,2026-08-23T16:03:14.895760+00:00,6.47,O,0,complete
2026-08-23T23:29:09.145038+00:00,8869,2026-08-29,UFC Fight Night: Nurmagomedov vs. Song,ufc,umar-nurmagomedov-vs-yadong-song-79649,T2ZmZXJOb2RlOjEwMzY5MDYxMA==,T3V0Y29tZU5vZGU6NjgwODM4NA==,MyBookie,sportsbook,OVERUNDER_4.5,A_4,A_1,Over 4.5 rounds,Under 4.5 rounds,,4.5,Over 4.5,,0,-234,-133,-133,-234,2026-08-23T17:00:36.293521+00:00,2026-08-23T16:02:11.446505+00:00,6.48,O,0,complete
2026-08-23T23:29:09.145038+00:00,8869,2026-08-29,UFC Fight Night: Nurmagomedov vs. Song,ufc,umar-nurmagomedov-vs-yadong-song-79649,T2ZmZXJOb2RlOjEwMzY5MDYxMA==,T3V0Y29tZU5vZGU6NjgwODM4NQ==,MyBookie,sportsbook,OVERUNDER_4.5,A_4,A_1,Over 4.5 rounds,Under 4.5 rounds,,4.5,Under 4.5,,1,+170,+100,+170,+100,2026-08-23T17:00:36.293521+00:00,2026-08-23T16:02:11.446505+00:00,6.48,O,0,complete
2026-08-23T23:29:09.145038+00:00,8869,2026-08-29,UFC Fight Night: Nurmagomedov vs. Song,ufc,umar-nurmagomedov-vs-yadong-song-79649,T2ZmZXJOb2RlOjEwMzY5MDYwOQ==,T3V0Y29tZU5vZGU6NjgwODM4Mg==,Novig,exchange,OVERUNDER_4.5,A_4,A_1,Over 4.5 rounds,Under 4.5 rounds,,4.5,Over 4.5,,0,-160,-160,-160,-160,2026-08-23T21:45:32.201130+00:00,2026-08-23T16:01:02.886423+00:00,1.73,O,0,complete
2026-08-23T23:29:09.145038+00:00,8869,2026-08-29,UFC Fight Night: Nurmagomedov vs. Song,ufc,umar-nurmagomedov-vs-yadong-song-79649,T2ZmZXJOb2RlOjEwMzY5MDYwOQ==,T3V0Y29tZU5vZGU6NjgwODM4Mw==,Novig,exchange,OVERUNDER_4.5,A_4,A_1,Over 4.5 rounds,Under 4.5 rounds,,4.5,Under 4.5,,1,+167,+167,+167,+163,2026-08-23T21:45:32.201130+00:00,2026-08-23T16:01:02.886423+00:00,1.73,O,0,complete
2026-08-23T23:29:09.145038+00:00,8869,2026-08-29,UFC Fight Night: Nurmagomedov vs. Song,ufc,umar-nurmagomedov-vs-yadong-song-79649,T2ZmZXJOb2RlOjEwMzY5MDYwOA==,T3V0Y29tZU5vZGU6NjgwODM4MA==,BetUS,sportsbook,OVERUNDER_4.5,A_4,A_1,Over 4.5 rounds,Under 4.5 rounds,,4.5,Over 4.5,,0,-215,-145,-145,-215,2026-08-23T16:50:35.933248+00:00,2026-08-23T15:55:26.731455+00:00,6.64,O,0,complete
2026-08-23T23:29:09.145038+00:00,8869,2026-08-29,UFC Fight Night: Nurmagomedov vs. Song,ufc,umar-nurmagomedov-vs-yadong-song-79649,T2ZmZXJOb2RlOjEwMzY5MDYwOA==,T3V0Y29tZU5vZGU6NjgwODM4MQ==,BetUS,sportsbook,OVERUNDER_4.5,A_4,A_1,Over 4.5 rounds,Under 4.5 rounds,,4.5,Under 4.5,,1,+178,+122,+178,+122,2026-08-23T16:50:35.933248+00:00,2026-08-23T15:55:26.731455+00:00,6.64,O,0,complete
2026-08-23T23:29:09.145038+00:00,8869,2026-08-29,UFC Fight Night: Nurmagomedov vs. Song,ufc,umar-nurmagomedov-vs-yadong-song-79649,T2ZmZXJOb2RlOjEwMzY5MDYwNw==,T3V0Y29tZU5vZGU6NjgwODM3OA==,Bovada,sportsbook,OVERUNDER_4.5,A_4,A_1,Over 4.5 rounds,Under 4.5 rounds,,4.5,Over 4.5,,0,-230,-130,-130,-230,2026-08-23T16:50:35.367469+00:00,2026-08-23T15:54:14.817697+00:00,6.64,O,0,complete
2026-08-23T23:29:09.145038+00:00,8869,2026-08-29,UFC Fight Night: Nurmagomedov vs. Song,ufc,umar-nurmagomedov-vs-yadong-song-79649,T2ZmZXJOb2RlOjEwMzY5MDYwNw==,T3V0Y29tZU5vZGU6NjgwODM3OQ==,Bovada,sportsbook,OVERUNDER_4.5,A_4,A_1,Over 4.5 rounds,Under 4.5 rounds,,4.5,Under 4.5,,1,+175,+100,+175,+100,2026-08-23T16:50:35.367469+00:00,2026-08-23T15:54:14.817697+00:00,6.64,O,0,complete
2026-08-23T23:29:09.145038+00:00,8869,2026-08-29,UFC Fight Night: Nurmagomedov vs. Song,ufc,umar-nurmagomedov-vs-yadong-song-79649,T2ZmZXJOb2RlOjEwMzY5MDYwNA==,T3V0Y29tZU5vZGU6NjgwODM3Mg==,BetOnline,sportsbook,OVERUNDER_4.5,A_4,A_1,Over 4.5 rounds,Under 4.5 rounds,,4.5,Over 4.5,,0,-215,-125,-125,-215,2026-08-23T16:47:27.221331+00:00,2026-08-23T15:52:54.816823+00:00,6.69,O,0,complete
2026-08-23T23:29:09.145038+00:00,8869,2026-08-29,UFC Fight Night: Nurmagomedov vs. Song,ufc,umar-nurmagomedov-vs-yadong-song-79649,T2ZmZXJOb2RlOjEwMzY5MDYwNA==,T3V0Y29tZU5vZGU6NjgwODM3Mw==,BetOnline,sportsbook,OVERUNDER_4.5,A_4,A_1,Over 4.5 rounds,Under 4.5 rounds,,4.5,Under 4.5,,1,+183,+105,+183,+105,2026-08-23T16:47:27.221331+00:00,2026-08-23T15:52:54.816823+00:00,6.69,O,0,complete
2026-08-23T23:29:09.145038+00:00,8869,2026-08-29,UFC Fight Night: Nurmagomedov vs. Song,ufc,umar-nurmagomedov-vs-yadong-song-79649,T2ZmZXJOb2RlOjEwMzY3NzQxMw==,T3V0Y29tZU5vZGU6Njc5MDg5NA==,Polymarket,exchange,OVERUNDER_3.5,A_4,A_1,Over 3.5 rounds,Under 3.5 rounds,,3.5,Over 3.5,,0,-1900,-9900,-1900,-9900,2026-08-23T19:50:05.226570+00:00,2026-08-15T22:05:12.879305+00:00,3.65,O,0,complete
2026-08-23T23:29:09.145038+00:00,8869,2026-08-29,UFC Fight Night: Nurmagomedov vs. Song,ufc,umar-nurmagomedov-vs-yadong-song-79649,T2ZmZXJOb2RlOjEwMzY3NzQxMw==,T3V0Y29tZU5vZGU6Njc5MDg5NQ==,Polymarket,exchange,OVERUNDER_3.5,A_4,A_1,Over 3.5 rounds,Under 3.5 rounds,,3.5,Under 3.5,,1,-1900,-9900,-809,-9900,2026-08-23T19:50:05.226570+00:00,2026-08-15T22:05:12.879305+00:00,3.65,O,0,complete
2026-08-23T23:29:09.145038+00:00,8869,2026-08-29,UFC Fight Night: Nurmagomedov vs. Song,ufc,umar-nurmagomedov-vs-yadong-song-79649,T2ZmZXJOb2RlOjEwMzY4ODg5Mw==,T3V0Y29tZU5vZGU6NjgwNTkxMA==,Polymarket(US),exchange,START_4,A_4,A_3,Fight starts round 4,Fight doesn't start round 4,,4.0,Fight to start round 4 - Yes,,0,-488,-488,-488,-488,2026-08-21T22:01:19.406940+00:00,2026-08-21T22:01:14.829120+00:00,49.46,O,0,complete
2026-08-23T23:29:09.145038+00:00,8869,2026-08-29,UFC Fight Night: Nurmagomedov vs. Song,ufc,umar-nurmagomedov-vs-yadong-song-79649,T2ZmZXJOb2RlOjEwMzY4ODg5Mw==,T3V0Y29tZU5vZGU6NjgwNTkxMQ==,Polymarket(US),exchange,START_4,A_4,A_3,Fight starts round 4,Fight doesn't start round 4,,4.0,Fight to start round 4 - No,,1,+170,+170,+170,+170,2026-08-21T22:01:19.406940+00:00,2026-08-21T22:01:14.829120+00:00,49.46,O,0,complete
2026-08-23T23:29:09.145038+00:00,8869,2026-08-29,UFC Fight Night: Nurmagomedov vs. Song,ufc,umar-nurmagomedov-vs-yadong-song-79649,T2ZmZXJOb2RlOjEwMzY4ODM1NQ==,T3V0Y29tZU5vZGU6NjgwNDk0Ng==,Polymarket(US),exchange,START_2,A_4,A_3,Fight starts round 2,Fight doesn't start round 2,,2.0,Fight to start round 2 - Yes,,0,-9900,-9900,-9900,-9900,2026-08-21T23:15:44.321800+00:00,2026-08-20T23:15:55.044968+00:00,48.22,O,0,complete
2026-08-23T23:29:09.145038+00:00,8869,2026-08-29,UFC Fight Night: Nurmagomedov vs. Song,ufc,umar-nurmagomedov-vs-yadong-song-79649,T2ZmZXJOb2RlOjEwMzY4ODM1NQ==,T3V0Y29tZU5vZGU6NjgwNDk0Nw==,Polymarket(US),exchange,START_2,A_4,A_3,Fight starts round 2,Fight doesn't start round 2,,2.0,Fight to start round 2 - No,,1,+400,+376,+426,+376,2026-08-21T23:15:44.321800+00:00,2026-08-20T23:15:55.044968+00:00,48.22,O,0,complete
2026-08-23T23:29:09.145038+00:00,8869,2026-08-29,UFC Fight Night: Nurmagomedov vs. Song,ufc,umar-nurmagomedov-vs-yadong-song-79649,T2ZmZXJOb2RlOjEwMzY4ODIxNA==,T3V0Y29tZU5vZGU6NjgwNDc4Nw==,Polymarket(US),exchange,KO,A_5,A_13,wins by TKO/KO,doesn't win by TKO/KO,,2.0,Song Yadong by KO/TKO/DQ,yadong-song-6805,0,+426,+376,+426,+376,2026-08-21T07:46:06.204945+00:00,2026-08-20T22:00:51.366235+00:00,63.72,O,0,complete
2026-08-23T23:29:09.145038+00:00,8869,2026-08-29,UFC Fight Night: Nurmagomedov vs. Song,ufc,umar-nurmagomedov-vs-yadong-song-79649,T2ZmZXJOb2RlOjEwMzY4ODA5MA==,T3V0Y29tZU5vZGU6NjgwNDY1MA==,Polymarket(US),exchange,R_4,A_5,A_14,wins in round 4,doesn't win in round 4,,4.0,Song Yadong to win in round 4,yadong-song-6805,0,+567,+567,+567,+567,2026-08-20T21:31:34.784141+00:00,2026-08-20T21:31:27.432088+00:00,73.96,O,0,complete
2026-08-23T23:29:09.145038+00:00,8869,2026-08-29,UFC Fight Night: Nurmagomedov vs. Song,ufc,umar-nurmagomedov-vs-yadong-song-79649,T2ZmZXJOb2RlOjEwMzY4ODA4OQ==,T3V0Y29tZU5vZGU6NjgwNDY0OQ==,Polymarket(US),exchange,R_3,A_5,A_14,wins in round 3,doesn't win in round 3,,3.0,Song Yadong to win in round 3,yadong-song-6805,0,+733,+567,+733,+567,2026-08-21T13:01:49.356272+00:00,2026-08-20T21:31:27.409190+00:00,58.46,O,0,complete
2026-08-23T23:29:09.145038+00:00,8869,2026-08-29,UFC Fight Night: Nurmagomedov vs. Song,ufc,umar-nurmagomedov-vs-yadong-song-79649,T2ZmZXJOb2RlOjEwMzY4ODA4OA==,T3V0Y29tZU5vZGU6NjgwNDY0OA==,Polymarket(US),exchange,R_2,A_5,A_14,wins in round 2,doesn't win in round 2,,2.0,Song Yadong to win in round 2,yadong-song-6805,0,+614,+525,+614,+525,2026-08-21T12:15:59.814262+00:00,2026-08-20T21:31:27.375968+00:00,59.22,O,0,complete
2026-08-23T23:29:09.145038+00:00,8869,2026-08-29,UFC Fight Night: Nurmagomedov vs. Song,ufc,umar-nurmagomedov-vs-yadong-song-79649,T2ZmZXJOb2RlOjEwMzY4ODA4Nw==,T3V0Y29tZU5vZGU6NjgwNDY0Nw==,Polymarket(US),exchange,R_5,A_5,A_14,wins in round 5,doesn't win in round 5,,5.0,Umar Nurmagomedov to win in round 5,umar-nurmagomedov-28334,0,+488,+400,+488,+400,2026-08-21T16:01:57.416582+00:00,2026-08-20T21:31:27.325391+00:00,55.45,O,0,complete
2026-08-23T23:29:09.145038+00:00,8869,2026-08-29,UFC Fight Night: Nurmagomedov vs. Song,ufc,umar-nurmagomedov-vs-yadong-song-79649,T2ZmZXJOb2RlOjEwMzY4ODA4Ng==,T3V0Y29tZU5vZGU6NjgwNDY0Ng==,Polymarket(US),exchange,R_4,A_5,A_14,wins in round 4,doesn't win in round 4,,4.0,Umar Nurmagomedov to win in round 4,umar-nurmagomedov-28334,0,+400,+400,+400,+400,2026-08-20T21:31:34.102266+00:00,2026-08-20T21:31:27.284236+00:00,73.96,O,0,complete
2026-08-23T23:29:09.145038+00:00,8869,2026-08-29,UFC Fight Night: Nurmagomedov vs. Song,ufc,umar-nurmagomedov-vs-yadong-song-79649,T2ZmZXJOb2RlOjEwMzY4ODA4NQ==,T3V0Y29tZU5vZGU6NjgwNDY0NQ==,Polymarket(US),exchange,R_2,A_5,A_14,wins in round 2,doesn't win in round 2,,2.0,Umar Nurmagomedov to win in round 2,umar-nurmagomedov-28334,0,+376,+376,+376,+376,2026-08-20T21:31:33.920754+00:00,2026-08-20T21:31:27.241940+00:00,73.96,O,0,complete
2026-08-23T23:29:09.145038+00:00,8869,2026-08-29,UFC Fight Night: Nurmagomedov vs. Song,ufc,umar-nurmagomedov-vs-yadong-song-79649,T2ZmZXJOb2RlOjEwMzY4ODA4NA==,T3V0Y29tZU5vZGU6NjgwNDY0NA==,Polymarket(US),exchange,R_1,A_5,A_14,wins in round 1,doesn't win in round 1,,1.0,Umar Nurmagomedov to win in round 1,umar-nurmagomedov-28334,0,+376,+376,+376,+376,2026-08-20T21:31:33.746995+00:00,2026-08-20T21:31:27.198318+00:00,73.96,O,0,complete
2026-08-23T23:29:09.145038+00:00,8869,2026-08-29,UFC Fight Night: Nurmagomedov vs. Song,ufc,umar-nurmagomedov-vs-yadong-song-79649,T2ZmZXJOb2RlOjEwMzY4ODA4Mw==,T3V0Y29tZU5vZGU6NjgwNDY0Mw==,Polymarket(US),exchange,DEC,A_5,A_13,wins by decision,doesn't win by decision,,1.0,Song Yadong by decision,yadong-song-6805,0,+426,+376,+426,+376,2026-08-21T12:15:59.781936+00:00,2026-08-20T21:31:27.159376+00:00,59.22,O,0,complete
2026-08-23T23:29:09.145038+00:00,8869,2026-08-29,UFC Fight Night: Nurmagomedov vs. Song,ufc,umar-nurmagomedov-vs-yadong-song-79649,T2ZmZXJOb2RlOjEwMzY4ODA4Mg==,T3V0Y29tZU5vZGU6NjgwNDY0Mg==,Polymarket(US),exchange,SUB,A_5,A_13,wins by submission,doesn't win by submission,,3.0,Song Yadong by submission,yadong-song-6805,0,+669,+614,+733,+614,2026-08-21T07:15:48.256113+00:00,2026-08-20T21:31:27.121590+00:00,64.22,O,0,complete
2026-08-23T23:29:09.145038+00:00,8869,2026-08-29,UFC Fight Night: Nurmagomedov vs. Song,ufc,umar-nurmagomedov-vs-yadong-song-79649,T2ZmZXJOb2RlOjEwMzY4Nzk5NQ==,T3V0Y29tZU5vZGU6NjgwNDU1Mg==,Polymarket(US),exchange,R_5,A_5,A_14,wins in round 5,doesn't win in round 5,,5.0,Song Yadong to win in round 5,yadong-song-6805,0,+733,+567,+733,+567,2026-08-21T09:45:21.666827+00:00,2026-08-20T21:15:18.253979+00:00,61.73,O,0,complete
2026-08-23T23:29:09.145038+00:00,8869,2026-08-29,UFC Fight Night: Nurmagomedov vs. Song,ufc,umar-nurmagomedov-vs-yadong-song-79649,T2ZmZXJOb2RlOjEwMzY4Nzk5NA==,T3V0Y29tZU5vZGU6NjgwNDU1MQ==,Polymarket(US),exchange,R_1,A_5,A_14,wins in round 1,doesn't win in round 1,,1.0,Song Yadong to win in round 1,yadong-song-6805,0,+669,+525,+669,+525,2026-08-21T13:30:58.823567+00:00,2026-08-20T21:15:18.243212+00:00,57.97,O,0,complete
2026-08-23T23:29:09.145038+00:00,8869,2026-08-29,UFC Fight Night: Nurmagomedov vs. Song,ufc,umar-nurmagomedov-vs-yadong-song-79649,T2ZmZXJOb2RlOjEwMzY3NzQ3Ng==,T3V0Y29tZU5vZGU6Njc5MTAyMA==,Polymarket,exchange,DISTANCE,A_4,A_2,Fight goes the distance,Fight ends inside distance,,,Fight to Go the Distance? - Yes,,0,-3233,-3233,-3233,-4900,2026-08-23T12:30:42.743063+00:00,2026-08-15T22:14:29.829922+00:00,10.97,O,0,complete
2026-08-23T23:29:09.145038+00:00,8869,2026-08-29,UFC Fight Night: Nurmagomedov vs. Song,ufc,umar-nurmagomedov-vs-yadong-song-79649,T2ZmZXJOb2RlOjEwMzY3NzQ3Ng==,T3V0Y29tZU5vZGU6Njc5MTAyMQ==,Polymarket,exchange,DISTANCE,A_4,A_2,Fight goes the distance,Fight ends inside distance,,,Fight to Go the Distance? - No,,1,+100,-3233,+100,-3233,2026-08-23T12:30:42.743063+00:00,2026-08-15T22:14:29.829922+00:00,10.97,O,0,complete
2026-08-23T23:29:09.145038+00:00,8869,2026-08-29,UFC Fight Night: Nurmagomedov vs. Song,ufc,umar-nurmagomedov-vs-yadong-song-79649,T2ZmZXJOb2RlOjEwMzY3NzQxNA==,T3V0Y29tZU5vZGU6Njc5MDg5Ng==,Polymarket,exchange,OVERUNDER_4.5,A_4,A_1,Over 4.5 rounds,Under 4.5 rounds,,4.5,Over 4.5,,0,-1900,-9900,-270,-9900,2026-08-23T23:25:56.635634+00:00,2026-08-15T22:05:12.962821+00:00,0.05,O,0,complete
2026-08-23T23:29:09.145038+00:00,8869,2026-08-29,UFC Fight Night: Nurmagomedov vs. Song,ufc,umar-nurmagomedov-vs-yadong-song-79649,T2ZmZXJOb2RlOjEwMzY3NzQxNA==,T3V0Y29tZU5vZGU6Njc5MDg5Nw==,Polymarket,exchange,OVERUNDER_4.5,A_4,A_1,Over 4.5 rounds,Under 4.5 rounds,,4.5,Under 4.5,,1,-1900,-9900,+100,-9900,2026-08-23T23:25:56.635634+00:00,2026-08-15T22:05:12.962821+00:00,0.05,O,0,complete
2026-08-23T23:29:09.145038+00:00,8869,2026-08-29,UFC Fight Night: Nurmagomedov vs. Song,ufc,umar-nurmagomedov-vs-yadong-song-79649,T2ZmZXJOb2RlOjEwMzY3NzQxMg==,T3V0Y29tZU5vZGU6Njc5MDg5Mg==,Polymarket,exchange,OVERUNDER_2.5,A_4,A_1,Over 2.5 rounds,Under 2.5 rounds,,2.5,Over 2.5,,0,-1900,-9900,-1567,-9900,2026-08-23T21:45:58.627054+00:00,2026-08-15T22:05:12.819808+00:00,1.72,O,0,complete
2026-08-23T23:29:09.145038+00:00,8869,2026-08-29,UFC Fight Night: Nurmagomedov vs. Song,ufc,umar-nurmagomedov-vs-yadong-song-79649,T2ZmZXJOb2RlOjEwMzY3NzQxMg==,T3V0Y29tZU5vZGU6Njc5MDg5Mw==,Polymarket,exchange,OVERUNDER_2.5,A_4,A_1,Over 2.5 rounds,Under 2.5 rounds,,2.5,Under 2.5,,1,-1900,-9900,-809,-9900,2026-08-23T21:45:58.627054+00:00,2026-08-15T22:05:12.819808+00:00,1.72,O,0,complete
2026-08-23T23:29:09.145038+00:00,8869,2026-08-29,UFC Fight Night: Nurmagomedov vs. Song,ufc,umar-nurmagomedov-vs-yadong-song-79649,T2ZmZXJOb2RlOjEwMzY3NzQxMQ==,T3V0Y29tZU5vZGU6Njc5MDg5MA==,Polymarket,exchange,OVERUNDER_1.5,A_4,A_1,Over 1.5 rounds,Under 1.5 rounds,,1.5,Over 1.5,,0,-1900,-9900,+456,-9900,2026-08-23T04:09:26.376705+00:00,2026-08-15T22:05:12.763112+00:00,19.33,O,0,complete
2026-08-23T23:29:09.145038+00:00,8869,2026-08-29,UFC Fight Night: Nurmagomedov vs. Song,ufc,umar-nurmagomedov-vs-yadong-song-79649,T2ZmZXJOb2RlOjEwMzY3NzQxMQ==,T3V0Y29tZU5vZGU6Njc5MDg5MQ==,Polymarket,exchange,OVERUNDER_1.5,A_4,A_1,Over 1.5 rounds,Under 1.5 rounds,,1.5,Under 1.5,,1,-138,-9900,+245,-9900,2026-08-23T04:09:26.376705+00:00,2026-08-15T22:05:12.763112+00:00,19.33,O,0,complete
2026-08-23T23:29:09.145038+00:00,8869,2026-08-29,UFC Fight Night: Nurmagomedov vs. Song,ufc,umar-nurmagomedov-vs-yadong-song-79649,T2ZmZXJOb2RlOjEwMzY3NzQxMA==,T3V0Y29tZU5vZGU6Njc5MDg4OA==,Polymarket,exchange,OVERUNDER_0.5,A_4,A_1,Over 0.5 rounds,Under 0.5 rounds,,0.5,Over 0.5,,0,-1900,-4900,-1567,-4900,2026-08-23T21:45:58.612208+00:00,2026-08-15T22:05:12.681804+00:00,1.72,O,0,complete
2026-08-23T23:29:09.145038+00:00,8869,2026-08-29,UFC Fight Night: Nurmagomedov vs. Song,ufc,umar-nurmagomedov-vs-yadong-song-79649,T2ZmZXJOb2RlOjEwMzY3NzQxMA==,T3V0Y29tZU5vZGU6Njc5MDg4OQ==,Polymarket,exchange,OVERUNDER_0.5,A_4,A_1,Over 0.5 rounds,Under 0.5 rounds,,0.5,Under 0.5,,1,-138,-4900,+245,-4900,2026-08-23T21:45:58.612208+00:00,2026-08-15T22:05:12.681804+00:00,1.72,O,0,complete
2026-08-23T23:29:09.145038+00:00,8869,2026-08-29,UFC Fight Night: Nurmagomedov vs. Song,ufc,umar-nurmagomedov-vs-yadong-song-79649,T2ZmZXJOb2RlOjEwMzY3NzQwOQ==,T3V0Y29tZU5vZGU6Njc5MDg4Ng==,Polymarket,exchange,END_SUB,A_4,A_5,Fight ends in submission,Fight doesn't end in submission,,,Will the fight be won by submission? - Yes,,0,-2400,-4900,-2400,-4900,2026-08-23T19:25:30.110099+00:00,2026-08-15T22:05:12.606747+00:00,4.06,O,0,complete
2026-08-23T23:29:09.145038+00:00,8869,2026-08-29,UFC Fight Night: Nurmagomedov vs. Song,ufc,umar-nurmagomedov-vs-yadong-song-79649,T2ZmZXJOb2RlOjEwMzY3NzQwOQ==,T3V0Y29tZU5vZGU6Njc5MDg4Nw==,Polymarket,exchange,END_SUB,A_4,A_5,Fight ends in submission,Fight doesn't end in submission,,,Will the fight be won by submission? - No,,1,-3233,-4900,-2400,-4900,2026-08-23T19:25:30.110099+00:00,2026-08-15T22:05:12.606747+00:00,4.06,O,0,complete
2026-08-23T23:29:09.145038+00:00,8869,2026-08-29,UFC Fight Night: Nurmagomedov vs. Song,ufc,umar-nurmagomedov-vs-yadong-song-79649,T2ZmZXJOb2RlOjEwMzY3NzQwOA==,T3V0Y29tZU5vZGU6Njc5MDg4NA==,Polymarket,exchange,KO,A_5,A_13,wins by TKO/KO,doesn't win by TKO/KO,,2.0,Will Umar Nurmagomedov win by KO or TKO? - Yes,umar-nurmagomedov-28334,0,-3233,-4900,-2400,-4900,2026-08-23T23:25:56.618066+00:00,2026-08-15T22:05:12.495755+00:00,0.05,O,0,complete
2026-08-23T23:29:09.145038+00:00,8869,2026-08-29,UFC Fight Night: Nurmagomedov vs. Song,ufc,umar-nurmagomedov-vs-yadong-song-79649,T2ZmZXJOb2RlOjEwMzY3NzQwOA==,T3V0Y29tZU5vZGU6Njc5MDg4NQ==,Polymarket,exchange,KO,A_5,A_13,wins by TKO/KO,doesn't win by TKO/KO,,2.0,Will Umar Nurmagomedov win by KO or TKO? - No,umar-nurmagomedov-28334,1,-3233,-4900,-2400,-4900,2026-08-23T23:25:56.618066+00:00,2026-08-15T22:05:12.495755+00:00,0.05,O,0,complete
2026-08-23T23:29:09.145038+00:00,8869,2026-08-29,UFC Fight Night: Nurmagomedov vs. Song,ufc,umar-nurmagomedov-vs-yadong-song-79649,T2ZmZXJOb2RlOjEwMzY3NzQwNw==,T3V0Y29tZU5vZGU6Njc5MDg4Mg==,Polymarket,exchange,KO,A_5,A_13,wins by TKO/KO,doesn't win by TKO/KO,,2.0,Will Song Yadong win by KO or TKO? - Yes,yadong-song-6805,0,-3233,-4900,-1329,-4900,2026-08-23T19:50:04.869917+00:00,2026-08-15T22:05:12.416206+00:00,3.65,O,0,complete
2026-08-23T23:29:09.145038+00:00,8869,2026-08-29,UFC Fight Night: Nurmagomedov vs. Song,ufc,umar-nurmagomedov-vs-yadong-song-79649,T2ZmZXJOb2RlOjEwMzY3NzQwNw==,T3V0Y29tZU5vZGU6Njc5MDg4Mw==,Polymarket,exchange,KO,A_5,A_13,wins by TKO/KO,doesn't win by TKO/KO,,2.0,Will Song Yadong win by KO or TKO? - No,yadong-song-6805,1,-3233,-4900,-1567,-4900,2026-08-23T19:50:04.869917+00:00,2026-08-15T22:05:12.416206+00:00,3.65,O,0,complete
2026-08-23T23:29:09.145038+00:00,8869,2026-08-29,UFC Fight Night: Nurmagomedov vs. Song,ufc,umar-nurmagomedov-vs-yadong-song-79649,T2ZmZXJOb2RlOjEwMzY3NzQwNg==,T3V0Y29tZU5vZGU6Njc5MDg4MA==,Polymarket,exchange,END_KO,A_4,A_5,"Fight ends by KO, TKO or DQ","Fight doesn't end by KO, TKO or DQ",,,Will the fight be won by KO or TKO? - Yes,,0,-2400,-4900,-1900,-4900,2026-08-23T21:35:16.100783+00:00,2026-08-15T22:05:12.341441+00:00,1.9,O,0,complete
2026-08-23T23:29:09.145038+00:00,8869,2026-08-29,UFC Fight Night: Nurmagomedov vs. Song,ufc,umar-nurmagomedov-vs-yadong-song-79649,T2ZmZXJOb2RlOjEwMzY3NzQwNg==,T3V0Y29tZU5vZGU6Njc5MDg4MQ==,Polymarket,exchange,END_KO,A_4,A_5,"Fight ends by KO, TKO or DQ","Fight doesn't end by KO, TKO or DQ",,,Will the fight be won by KO or TKO? - No,,1,-2400,-4900,-2400,-4900,2026-08-23T21:35:16.100783+00:00,2026-08-15T22:05:12.341441+00:00,1.9,O,0,complete
2026-08-23T23:29:09.145038+00:00,8869,2026-08-29,UFC Fight Night: Nurmagomedov vs. Song,ufc,xiaonan-yan-vs-denise-gomes-79865,T2ZmZXJOb2RlOjEwMzY5MDY4NA==,T3V0Y29tZU5vZGU6NjgwODUzMg==,Stake,sportsbook,OVERUNDER_2.5,A_4,A_1,Over 2.5 rounds,Under 2.5 rounds,,2.5,Over 2.5,,0,-294,-294,-294,-294,2026-08-23T18:30:33.357299+00:00,2026-08-23T18:30:29.139054+00:00,4.98,O,0,complete
2026-08-23T23:29:09.145038+00:00,8869,2026-08-29,UFC Fight Night: Nurmagomedov vs. Song,ufc,xiaonan-yan-vs-denise-gomes-79865,T2ZmZXJOb2RlOjEwMzY5MDY4NA==,T3V0Y29tZU5vZGU6NjgwODUzMw==,Stake,sportsbook,OVERUNDER_2.5,A_4,A_1,Over 2.5 rounds,Under 2.5 rounds,,2.5,Under 2.5,,1,+215,+215,+215,+215,2026-08-23T18:30:33.357299+00:00,2026-08-23T18:30:29.139054+00:00,4.98,O,0,complete
2026-08-23T23:29:09.145038+00:00,8869,2026-08-29,UFC Fight Night: Nurmagomedov vs. Song,ufc,xiaonan-yan-vs-denise-gomes-79865,T2ZmZXJOb2RlOjEwMzY5MDYxNQ==,T3V0Y29tZU5vZGU6NjgwODM5NA==,ReBet,sportsbook,OVERUNDER_2.5,A_4,A_1,Over 2.5 rounds,Under 2.5 rounds,,2.5,Over 2.5,,0,-290,-290,-290,-290,2026-08-23T16:16:10.144843+00:00,2026-08-23T16:16:09.851125+00:00,7.22,O,0,complete
2026-08-23T23:29:09.145038+00:00,8869,2026-08-29,UFC Fight Night: Nurmagomedov vs. Song,ufc,xiaonan-yan-vs-denise-gomes-79865,T2ZmZXJOb2RlOjEwMzY5MDYxNQ==,T3V0Y29tZU5vZGU6NjgwODM5NQ==,ReBet,sportsbook,OVERUNDER_2.5,A_4,A_1,Over 2.5 rounds,Under 2.5 rounds,,2.5,Under 2.5,,1,+216,+216,+216,+216,2026-08-23T16:16:10.144843+00:00,2026-08-23T16:16:09.851125+00:00,7.22,O,0,complete
2026-08-23T23:29:09.145038+00:00,8869,2026-08-29,UFC Fight Night: Nurmagomedov vs. Song,ufc,xiaonan-yan-vs-denise-gomes-79865,T2ZmZXJOb2RlOjEwMzY5MDYxNA==,T3V0Y29tZU5vZGU6NjgwODM5Mg==,MyBookie,sportsbook,OVERUNDER_2.5,A_4,A_1,Over 2.5 rounds,Under 2.5 rounds,,2.5,Over 2.5,,0,-300,-300,-300,-300,2026-08-23T16:15:24.830003+00:00,2026-08-23T16:15:24.716652+00:00,7.23,O,0,complete
2026-08-23T23:29:09.145038+00:00,8869,2026-08-29,UFC Fight Night: Nurmagomedov vs. Song,ufc,xiaonan-yan-vs-denise-gomes-79865,T2ZmZXJOb2RlOjEwMzY5MDYxNA==,T3V0Y29tZU5vZGU6NjgwODM5Mw==,MyBookie,sportsbook,OVERUNDER_2.5,A_4,A_1,Over 2.5 rounds,Under 2.5 rounds,,2.5,Under 2.5,,1,+212,+212,+212,+212,2026-08-23T16:15:24.830003+00:00,2026-08-23T16:15:24.716652+00:00,7.23,O,0,complete
2026-08-23T23:29:09.145038+00:00,8869,2026-08-29,UFC Fight Night: Nurmagomedov vs. Song,ufc,xiaonan-yan-vs-denise-gomes-79865,T2ZmZXJOb2RlOjEwMzY5MDYxMw==,T3V0Y29tZU5vZGU6NjgwODM5MA==,BetUS,sportsbook,OVERUNDER_2.5,A_4,A_1,Over 2.5 rounds,Under 2.5 rounds,,2.5,Over 2.5,,0,-275,-275,-275,-275,2026-08-23T16:10:59.812249+00:00,2026-08-23T16:10:59.558586+00:00,7.3,O,0,complete
2026-08-23T23:29:09.145038+00:00,8869,2026-08-29,UFC Fight Night: Nurmagomedov vs. Song,ufc,xiaonan-yan-vs-denise-gomes-79865,T2ZmZXJOb2RlOjEwMzY5MDYxMw==,T3V0Y29tZU5vZGU6NjgwODM5MQ==,BetUS,sportsbook,OVERUNDER_2.5,A_4,A_1,Over 2.5 rounds,Under 2.5 rounds,,2.5,Under 2.5,,1,+226,+226,+226,+226,2026-08-23T16:10:59.812249+00:00,2026-08-23T16:10:59.558586+00:00,7.3,O,0,complete
2026-08-23T23:29:09.145038+00:00,8869,2026-08-29,UFC Fight Night: Nurmagomedov vs. Song,ufc,xiaonan-yan-vs-denise-gomes-79865,T2ZmZXJOb2RlOjEwMzY5MDYwNg==,T3V0Y29tZU5vZGU6NjgwODM3Ng==,Bovada,sportsbook,OVERUNDER_2.5,A_4,A_1,Over 2.5 rounds,Under 2.5 rounds,,2.5,Over 2.5,,0,-300,-300,-300,-300,2026-08-23T15:54:14.873766+00:00,2026-08-23T15:54:14.796520+00:00,7.58,O,0,complete
2026-08-23T23:29:09.145038+00:00,8869,2026-08-29,UFC Fight Night: Nurmagomedov vs. Song,ufc,xiaonan-yan-vs-denise-gomes-79865,T2ZmZXJOb2RlOjEwMzY5MDYwNg==,T3V0Y29tZU5vZGU6NjgwODM3Nw==,Bovada,sportsbook,OVERUNDER_2.5,A_4,A_1,Over 2.5 rounds,Under 2.5 rounds,,2.5,Under 2.5,,1,+220,+220,+220,+220,2026-08-23T15:54:14.873766+00:00,2026-08-23T15:54:14.796520+00:00,7.58,O,0,complete
2026-08-23T23:29:09.145038+00:00,8869,2026-08-29,UFC Fight Night: Nurmagomedov vs. Song,ufc,xiaonan-yan-vs-denise-gomes-79865,T2ZmZXJOb2RlOjEwMzY5MDYwNQ==,T3V0Y29tZU5vZGU6NjgwODM3NA==,BetOnline,sportsbook,OVERUNDER_2.5,A_4,A_1,Over 2.5 rounds,Under 2.5 rounds,,2.5,Over 2.5,,0,-275,-275,-275,-275,2026-08-23T15:52:55.026802+00:00,2026-08-23T15:52:54.835653+00:00,7.6,O,0,complete
2026-08-23T23:29:09.145038+00:00,8869,2026-08-29,UFC Fight Night: Nurmagomedov vs. Song,ufc,xiaonan-yan-vs-denise-gomes-79865,T2ZmZXJOb2RlOjEwMzY5MDYwNQ==,T3V0Y29tZU5vZGU6NjgwODM3NQ==,BetOnline,sportsbook,OVERUNDER_2.5,A_4,A_1,Over 2.5 rounds,Under 2.5 rounds,,2.5,Under 2.5,,1,+226,+226,+226,+226,2026-08-23T15:52:55.026802+00:00,2026-08-23T15:52:54.835653+00:00,7.6,O,0,complete
2026-08-23T23:29:09.145038+00:00,8869,2026-08-29,UFC Fight Night: Nurmagomedov vs. Song,ufc,xiaonan-yan-vs-denise-gomes-79865,T2ZmZXJOb2RlOjEwMzY3NzQyMQ==,T3V0Y29tZU5vZGU6Njc5MDkxMA==,Polymarket,exchange,OVERUNDER_0.5,A_4,A_1,Over 0.5 rounds,Under 0.5 rounds,,0.5,Over 0.5,,0,-1900,-4900,-1567,-4900,2026-08-23T23:25:56.656302+00:00,2026-08-15T22:05:13.331932+00:00,0.05,O,0,complete
2026-08-23T23:29:09.145038+00:00,8869,2026-08-29,UFC Fight Night: Nurmagomedov vs. Song,ufc,xiaonan-yan-vs-denise-gomes-79865,T2ZmZXJOb2RlOjEwMzY3NzQyMQ==,T3V0Y29tZU5vZGU6Njc5MDkxMQ==,Polymarket,exchange,OVERUNDER_0.5,A_4,A_1,Over 0.5 rounds,Under 0.5 rounds,,0.5,Under 0.5,,1,-1900,-4900,-525,-4900,2026-08-23T23:25:56.656302+00:00,2026-08-15T22:05:13.331932+00:00,0.05,O,0,complete
2026-08-23T23:29:09.145038+00:00,8869,2026-08-29,UFC Fight Night: Nurmagomedov vs. Song,ufc,xiaonan-yan-vs-denise-gomes-79865,T2ZmZXJOb2RlOjEwMzY4ODM0MQ==,T3V0Y29tZU5vZGU6NjgwNDkyNA==,Polymarket(US),exchange,R_1,A_5,A_14,wins in round 1,doesn't win in round 1,,1.0,Denise Gomes to win in round 1,denise-gomes-44342,0,+400,+376,+426,+376,2026-08-21T23:15:44.487673+00:00,2026-08-20T22:31:22.961229+00:00,48.22,O,0,complete
2026-08-23T23:29:09.145038+00:00,8869,2026-08-29,UFC Fight Night: Nurmagomedov vs. Song,ufc,xiaonan-yan-vs-denise-gomes-79865,T2ZmZXJOb2RlOjEwMzY4ODIxNQ==,T3V0Y29tZU5vZGU6NjgwNDc4OA==,Polymarket(US),exchange,R_2,A_5,A_14,wins in round 2,doesn't win in round 2,,2.0,Yan Xiaonan to win in round 2,xiaonan-yan-16867,0,+426,+376,+426,+376,2026-08-21T12:15:59.865452+00:00,2026-08-20T22:00:51.381996+00:00,59.22,O,0,complete
2026-08-23T23:29:09.145038+00:00,8869,2026-08-29,UFC Fight Night: Nurmagomedov vs. Song,ufc,xiaonan-yan-vs-denise-gomes-79865,T2ZmZXJOb2RlOjEwMzY4ODA5Mw==,T3V0Y29tZU5vZGU6NjgwNDY1Mw==,Polymarket(US),exchange,R_3,A_5,A_14,wins in round 3,doesn't win in round 3,,3.0,Denise Gomes to win in round 3,denise-gomes-44342,0,+376,+376,+376,+376,2026-08-20T21:31:35.296971+00:00,2026-08-20T21:31:27.550194+00:00,73.96,O,0,complete
2026-08-23T23:29:09.145038+00:00,8869,2026-08-29,UFC Fight Night: Nurmagomedov vs. Song,ufc,xiaonan-yan-vs-denise-gomes-79865,T2ZmZXJOb2RlOjEwMzY4ODA5Mg==,T3V0Y29tZU5vZGU6NjgwNDY1Mg==,Polymarket(US),exchange,SUB,A_5,A_13,wins by submission,doesn't win by submission,,3.0,Denise Gomes by submission,denise-gomes-44342,0,+614,+488,+614,+488,2026-08-21T09:45:21.680659+00:00,2026-08-20T21:31:27.509747+00:00,61.73,O,0,complete
2026-08-23T23:29:09.145038+00:00,8869,2026-08-29,UFC Fight Night: Nurmagomedov vs. Song,ufc,xiaonan-yan-vs-denise-gomes-79865,T2ZmZXJOb2RlOjEwMzY4ODA5MQ==,T3V0Y29tZU5vZGU6NjgwNDY1MQ==,Polymarket(US),exchange,SUB,A_5,A_13,wins by submission,doesn't win by submission,,3.0,Yan Xiaonan by submission,xiaonan-yan-16867,0,+567,+456,+567,+456,2026-08-21T09:45:21.674525+00:00,2026-08-20T21:31:27.473849+00:00,61.73,O,0,complete
2026-08-23T23:29:09.145038+00:00,8869,2026-08-29,UFC Fight Night: Nurmagomedov vs. Song,ufc,xiaonan-yan-vs-denise-gomes-79865,T2ZmZXJOb2RlOjEwMzY4Nzk5Nw==,T3V0Y29tZU5vZGU6NjgwNDU1NA==,Polymarket(US),exchange,R_2,A_5,A_14,wins in round 2,doesn't win in round 2,,2.0,Denise Gomes to win in round 2,denise-gomes-44342,0,+376,+376,+376,+376,2026-08-20T21:15:19.110655+00:00,2026-08-20T21:15:18.293533+00:00,74.23,O,0,complete
2026-08-23T23:29:09.145038+00:00,8869,2026-08-29,UFC Fight Night: Nurmagomedov vs. Song,ufc,xiaonan-yan-vs-denise-gomes-79865,T2ZmZXJOb2RlOjEwMzY4Nzk5Ng==,T3V0Y29tZU5vZGU6NjgwNDU1Mw==,Polymarket(US),exchange,END_SUB,A_4,A_5,Fight ends in submission,Fight doesn't end in submission,,,Fight ends by submission,,0,+488,+400,+488,+400,2026-08-21T12:31:32.306156+00:00,2026-08-20T21:15:18.270740+00:00,58.96,O,0,complete
2026-08-23T23:29:09.145038+00:00,8869,2026-08-29,UFC Fight Night: Nurmagomedov vs. Song,ufc,xiaonan-yan-vs-denise-gomes-79865,T2ZmZXJOb2RlOjEwMzY3NzQyMw==,T3V0Y29tZU5vZGU6Njc5MDkxNA==,Polymarket,exchange,OVERUNDER_2.5,A_4,A_1,Over 2.5 rounds,Under 2.5 rounds,,2.5,Over 2.5,,0,-1900,-9900,-355,-9900,2026-08-23T21:45:58.676390+00:00,2026-08-15T22:05:13.454342+00:00,1.72,O,0,complete
2026-08-23T23:29:09.145038+00:00,8869,2026-08-29,UFC Fight Night: Nurmagomedov vs. Song,ufc,xiaonan-yan-vs-denise-gomes-79865,T2ZmZXJOb2RlOjEwMzY3NzQyMw==,T3V0Y29tZU5vZGU6Njc5MDkxNQ==,Polymarket,exchange,OVERUNDER_2.5,A_4,A_1,Over 2.5 rounds,Under 2.5 rounds,,2.5,Under 2.5,,1,-1900,-9900,+117,-9900,2026-08-23T21:45:58.676390+00:00,2026-08-15T22:05:13.454342+00:00,1.72,O,0,complete
2026-08-23T23:29:09.145038+00:00,8869,2026-08-29,UFC Fight Night: Nurmagomedov vs. Song,ufc,xiaonan-yan-vs-denise-gomes-79865,T2ZmZXJOb2RlOjEwMzY3NzQyMg==,T3V0Y29tZU5vZGU6Njc5MDkxMg==,Polymarket,exchange,OVERUNDER_1.5,A_4,A_1,Over 1.5 rounds,Under 1.5 rounds,,1.5,Over 1.5,,0,-1900,-9900,-1900,-9900,2026-08-23T20:00:31.565635+00:00,2026-08-15T22:05:13.386909+00:00,3.48,O,0,complete
2026-08-23T23:29:09.145038+00:00,8869,2026-08-29,UFC Fight Night: Nurmagomedov vs. Song,ufc,xiaonan-yan-vs-denise-gomes-79865,T2ZmZXJOb2RlOjEwMzY3NzQyMg==,T3V0Y29tZU5vZGU6Njc5MDkxMw==,Polymarket,exchange,OVERUNDER_1.5,A_4,A_1,Over 1.5 rounds,Under 1.5 rounds,,1.5,Under 1.5,,1,-1900,-9900,-567,-9900,2026-08-23T20:00:31.565635+00:00,2026-08-15T22:05:13.386909+00:00,3.48,O,0,complete
2026-08-23T23:29:09.145038+00:00,8869,2026-08-29,UFC Fight Night: Nurmagomedov vs. Song,ufc,xiaonan-yan-vs-denise-gomes-79865,T2ZmZXJOb2RlOjEwMzY3NzQyMA==,T3V0Y29tZU5vZGU6Njc5MDkwOA==,Polymarket,exchange,END_SUB,A_4,A_5,Fight ends in submission,Fight doesn't end in submission,,,Will the fight be won by submission? - Yes,,0,-3233,-4900,-1900,-4900,2026-08-23T21:35:16.209737+00:00,2026-08-15T22:05:13.279636+00:00,1.9,O,0,complete
2026-08-23T23:29:09.145038+00:00,8869,2026-08-29,UFC Fight Night: Nurmagomedov vs. Song,ufc,xiaonan-yan-vs-denise-gomes-79865,T2ZmZXJOb2RlOjEwMzY3NzQyMA==,T3V0Y29tZU5vZGU6Njc5MDkwOQ==,Polymarket,exchange,END_SUB,A_4,A_5,Fight ends in submission,Fight doesn't end in submission,,,Will the fight be won by submission? - No,,1,-2400,-4900,-1900,-4900,2026-08-23T21:35:16.209737+00:00,2026-08-15T22:05:13.279636+00:00,1.9,O,0,complete
2026-08-23T23:29:09.145038+00:00,8869,2026-08-29,UFC Fight Night: Nurmagomedov vs. Song,ufc,xiaonan-yan-vs-denise-gomes-79865,T2ZmZXJOb2RlOjEwMzY3NzQxOQ==,T3V0Y29tZU5vZGU6Njc5MDkwNg==,Polymarket,exchange,KO,A_5,A_13,wins by TKO/KO,doesn't win by TKO/KO,,2.0,Will Denise Gomes win by KO or TKO? - Yes,denise-gomes-44342,0,-3233,-4900,-2400,-4900,2026-08-23T21:45:58.663633+00:00,2026-08-15T22:05:13.231624+00:00,1.72,O,0,complete
2026-08-23T23:29:09.145038+00:00,8869,2026-08-29,UFC Fight Night: Nurmagomedov vs. Song,ufc,xiaonan-yan-vs-denise-gomes-79865,T2ZmZXJOb2RlOjEwMzY3NzQxOQ==,T3V0Y29tZU5vZGU6Njc5MDkwNw==,Polymarket,exchange,KO,A_5,A_13,wins by TKO/KO,doesn't win by TKO/KO,,2.0,Will Denise Gomes win by KO or TKO? - No,denise-gomes-44342,1,-3233,-4900,-2400,-4900,2026-08-23T21:45:58.663633+00:00,2026-08-15T22:05:13.231624+00:00,1.72,O,0,complete
2026-08-23T23:29:09.145038+00:00,8869,2026-08-29,UFC Fight Night: Nurmagomedov vs. Song,ufc,xiaonan-yan-vs-denise-gomes-79865,T2ZmZXJOb2RlOjEwMzY3NzQxOA==,T3V0Y29tZU5vZGU6Njc5MDkwNA==,Polymarket,exchange,KO,A_5,A_13,wins by TKO/KO,doesn't win by TKO/KO,,2.0,Will Yan Xiaonan win by KO or TKO? - Yes,xiaonan-yan-16867,0,-3233,-4900,-1900,-4900,2026-08-23T21:35:16.191802+00:00,2026-08-15T22:05:13.194033+00:00,1.9,O,0,complete
2026-08-23T23:29:09.145038+00:00,8869,2026-08-29,UFC Fight Night: Nurmagomedov vs. Song,ufc,xiaonan-yan-vs-denise-gomes-79865,T2ZmZXJOb2RlOjEwMzY3NzQxOA==,T3V0Y29tZU5vZGU6Njc5MDkwNQ==,Polymarket,exchange,KO,A_5,A_13,wins by TKO/KO,doesn't win by TKO/KO,,2.0,Will Yan Xiaonan win by KO or TKO? - No,xiaonan-yan-16867,1,-3233,-4900,-2400,-4900,2026-08-23T21:35:16.191802+00:00,2026-08-15T22:05:13.194033+00:00,1.9,O,0,complete
2026-08-23T23:29:09.145038+00:00,8869,2026-08-29,UFC Fight Night: Nurmagomedov vs. Song,ufc,xiaonan-yan-vs-denise-gomes-79865,T2ZmZXJOb2RlOjEwMzY3NzQxNw==,T3V0Y29tZU5vZGU6Njc5MDkwMg==,Polymarket,exchange,END_KO,A_4,A_5,"Fight ends by KO, TKO or DQ","Fight doesn't end by KO, TKO or DQ",,,Will the fight be won by KO or TKO? - Yes,,0,-2400,-4900,-2400,-4900,2026-08-23T19:15:38.248253+00:00,2026-08-15T22:05:13.141819+00:00,4.23,O,0,complete
2026-08-23T23:29:09.145038+00:00,8869,2026-08-29,UFC Fight Night: Nurmagomedov vs. Song,ufc,xiaonan-yan-vs-denise-gomes-79865,T2ZmZXJOb2RlOjEwMzY3NzQxNw==,T3V0Y29tZU5vZGU6Njc5MDkwMw==,Polymarket,exchange,END_KO,A_4,A_5,"Fight ends by KO, TKO or DQ","Fight doesn't end by KO, TKO or DQ",,,Will the fight be won by KO or TKO? - No,,1,-2400,-4900,-1900,-4900,2026-08-23T19:15:38.248253+00:00,2026-08-15T22:05:13.141819+00:00,4.23,O,0,complete
2026-08-23T23:29:09.145038+00:00,8869,2026-08-29,UFC Fight Night: Nurmagomedov vs. Song,ufc,xiaonan-yan-vs-denise-gomes-79865,T2ZmZXJOb2RlOjEwMzY3NzQxNg==,T3V0Y29tZU5vZGU6Njc5MDkwMA==,Polymarket,exchange,DISTANCE,A_4,A_2,Fight goes the distance,Fight ends inside distance,,,Fight to Go the Distance? - Yes,,0,-3233,-9900,-1900,-9900,2026-08-23T14:34:47.309595+00:00,2026-08-15T22:05:13.103284+00:00,8.91,O,0,complete
2026-08-23T23:29:09.145038+00:00,8869,2026-08-29,UFC Fight Night: Nurmagomedov vs. Song,ufc,xiaonan-yan-vs-denise-gomes-79865,T2ZmZXJOb2RlOjEwMzY3NzQxNg==,T3V0Y29tZU5vZGU6Njc5MDkwMQ==,Polymarket,exchange,DISTANCE,A_4,A_2,Fight goes the distance,Fight ends inside distance,,,Fight to Go the Distance? - No,,1,-3233,-9900,-2400,-9900,2026-08-23T14:34:47.309595+00:00,2026-08-15T22:05:13.103284+00:00,8.91,O,0,complete
2026-08-23T23:29:09.145038+00:00,8869,2026-08-29,UFC Fight Night: Nurmagomedov vs. Song,ufc,kai-asakura-vs-qileng-aori-80038,T2ZmZXJOb2RlOjEwMzY5MDY4Mw==,T3V0Y29tZU5vZGU6NjgwODUzMA==,Stake,sportsbook,OVERUNDER_2.5,A_4,A_1,Over 2.5 rounds,Under 2.5 rounds,,2.5,Over 2.5,,0,+160,+144,+160,+144,2026-08-23T21:34:09.525367+00:00,2026-08-23T18:30:29.079597+00:00,1.92,O,0,complete
2026-08-23T23:29:09.145038+00:00,8869,2026-08-29,UFC Fight Night: Nurmagomedov vs. Song,ufc,kai-asakura-vs-qileng-aori-80038,T2ZmZXJOb2RlOjEwMzY5MDY4Mw==,T3V0Y29tZU5vZGU6NjgwODUzMQ==,Stake,sportsbook,OVERUNDER_2.5,A_4,A_1,Over 2.5 rounds,Under 2.5 rounds,,2.5,Under 2.5,,1,-208,-185,-185,-208,2026-08-23T21:34:09.525367+00:00,2026-08-23T18:30:29.079597+00:00,1.92,O,0,complete
2026-08-23T23:29:09.145038+00:00,8869,2026-08-29,UFC Fight Night: Nurmagomedov vs. Song,ufc,kai-asakura-vs-qileng-aori-80038,T2ZmZXJOb2RlOjEwMzY5MDYyOQ==,T3V0Y29tZU5vZGU6NjgwODQyMg==,MyBookie,sportsbook,OVERUNDER_2.5,A_4,A_1,Over 2.5 rounds,Under 2.5 rounds,,2.5,Over 2.5,,0,+156,+141,+156,+141,2026-08-23T20:45:46.711188+00:00,2026-08-23T16:37:14.264942+00:00,2.72,O,0,complete
2026-08-23T23:29:09.145038+00:00,8869,2026-08-29,UFC Fight Night: Nurmagomedov vs. Song,ufc,kai-asakura-vs-qileng-aori-80038,T2ZmZXJOb2RlOjEwMzY5MDYyOQ==,T3V0Y29tZU5vZGU6NjgwODQyMw==,MyBookie,sportsbook,OVERUNDER_2.5,A_4,A_1,Over 2.5 rounds,Under 2.5 rounds,,2.5,Under 2.5,,1,-212,-190,-190,-212,2026-08-23T20:45:46.711188+00:00,2026-08-23T16:37:14.264942+00:00,2.72,O,0,complete
2026-08-23T23:29:09.145038+00:00,8869,2026-08-29,UFC Fight Night: Nurmagomedov vs. Song,ufc,kai-asakura-vs-qileng-aori-80038,T2ZmZXJOb2RlOjEwMzY5MDYyOA==,T3V0Y29tZU5vZGU6NjgwODQyMA==,ReBet,sportsbook,OVERUNDER_2.5,A_4,A_1,Over 2.5 rounds,Under 2.5 rounds,,2.5,Over 2.5,,0,+160,+144,+160,+144,2026-08-23T20:46:19.799236+00:00,2026-08-23T16:32:06.214500+00:00,2.71,O,0,complete
2026-08-23T23:29:09.145038+00:00,8869,2026-08-29,UFC Fight Night: Nurmagomedov vs. Song,ufc,kai-asakura-vs-qileng-aori-80038,T2ZmZXJOb2RlOjEwMzY5MDYyOA==,T3V0Y29tZU5vZGU6NjgwODQyMQ==,ReBet,sportsbook,OVERUNDER_2.5,A_4,A_1,Over 2.5 rounds,Under 2.5 rounds,,2.5,Under 2.5,,1,-208,-186,-186,-208,2026-08-23T20:46:19.799236+00:00,2026-08-23T16:32:06.214500+00:00,2.71,O,0,complete
2026-08-23T23:29:09.145038+00:00,8869,2026-08-29,UFC Fight Night: Nurmagomedov vs. Song,ufc,kai-asakura-vs-qileng-aori-80038,T2ZmZXJOb2RlOjEwMzY5MDYyMg==,T3V0Y29tZU5vZGU6NjgwODQwOA==,Bovada,sportsbook,OVERUNDER_2.5,A_4,A_1,Over 2.5 rounds,Under 2.5 rounds,,2.5,Over 2.5,,0,+160,+145,+165,+145,2026-08-23T20:39:47.534383+00:00,2026-08-23T16:24:18.598538+00:00,2.82,O,0,complete
2026-08-23T23:29:09.145038+00:00,8869,2026-08-29,UFC Fight Night: Nurmagomedov vs. Song,ufc,kai-asakura-vs-qileng-aori-80038,T2ZmZXJOb2RlOjEwMzY5MDYyMg==,T3V0Y29tZU5vZGU6NjgwODQwOQ==,Bovada,sportsbook,OVERUNDER_2.5,A_4,A_1,Over 2.5 rounds,Under 2.5 rounds,,2.5,Under 2.5,,1,-210,-190,-190,-220,2026-08-23T20:39:47.534383+00:00,2026-08-23T16:24:18.598538+00:00,2.82,O,0,complete
2026-08-23T23:29:09.145038+00:00,8869,2026-08-29,UFC Fight Night: Nurmagomedov vs. Song,ufc,kai-asakura-vs-qileng-aori-80038,T2ZmZXJOb2RlOjEwMzY5MDYxOA==,T3V0Y29tZU5vZGU6NjgwODQwMA==,BetOnline,sportsbook,OVERUNDER_2.5,A_4,A_1,Over 2.5 rounds,Under 2.5 rounds,,2.5,Over 2.5,,0,+170,-110,+174,-110,2026-08-23T20:35:59.905203+00:00,2026-08-23T16:20:52.612913+00:00,2.89,O,0,complete
2026-08-23T23:29:09.145038+00:00,8869,2026-08-29,UFC Fight Night: Nurmagomedov vs. Song,ufc,kai-asakura-vs-qileng-aori-80038,T2ZmZXJOb2RlOjEwMzY5MDYxOA==,T3V0Y29tZU5vZGU6NjgwODQwMQ==,BetOnline,sportsbook,OVERUNDER_2.5,A_4,A_1,Over 2.5 rounds,Under 2.5 rounds,,2.5,Under 2.5,,1,-195,-110,-110,-200,2026-08-23T20:35:59.905203+00:00,2026-08-23T16:20:52.612913+00:00,2.89,O,0,complete
2026-08-23T23:29:09.145038+00:00,8869,2026-08-29,UFC Fight Night: Nurmagomedov vs. Song,ufc,kai-asakura-vs-qileng-aori-80038,T2ZmZXJOb2RlOjEwMzY5MDYxNg==,T3V0Y29tZU5vZGU6NjgwODM5Ng==,BetUS,sportsbook,OVERUNDER_2.5,A_4,A_1,Over 2.5 rounds,Under 2.5 rounds,,2.5,Over 2.5,,0,+162,-110,+162,-110,2026-08-23T20:35:40.568368+00:00,2026-08-23T16:20:40.872014+00:00,2.89,O,0,complete
2026-08-23T23:29:09.145038+00:00,8869,2026-08-29,UFC Fight Night: Nurmagomedov vs. Song,ufc,kai-asakura-vs-qileng-aori-80038,T2ZmZXJOb2RlOjEwMzY5MDYxNg==,T3V0Y29tZU5vZGU6NjgwODM5Nw==,BetUS,sportsbook,OVERUNDER_2.5,A_4,A_1,Over 2.5 rounds,Under 2.5 rounds,,2.5,Under 2.5,,1,-195,-110,-110,-195,2026-08-23T20:35:40.568368+00:00,2026-08-23T16:20:40.872014+00:00,2.89,O,0,complete
2026-08-23T23:29:09.145038+00:00,8869,2026-08-29,UFC Fight Night: Nurmagomedov vs. Song,ufc,kai-asakura-vs-qileng-aori-80038,T2ZmZXJOb2RlOjEwMzY4ODA5Ng==,T3V0Y29tZU5vZGU6NjgwNDY1Ng==,Polymarket(US),exchange,R_3,A_5,A_14,wins in round 3,doesn't win in round 3,,3.0,Aoriqileng to win in round 3,qileng-aori-28905,0,+426,+426,+426,+426,2026-08-20T21:31:35.924690+00:00,2026-08-20T21:31:27.670108+00:00,73.96,O,0,complete
2026-08-23T23:29:09.145038+00:00,8869,2026-08-29,UFC Fight Night: Nurmagomedov vs. Song,ufc,kai-asakura-vs-qileng-aori-80038,T2ZmZXJOb2RlOjEwMzY4ODA5NQ==,T3V0Y29tZU5vZGU6NjgwNDY1NQ==,Polymarket(US),exchange,R_2,A_5,A_14,wins in round 2,doesn't win in round 2,,2.0,Aoriqileng to win in round 2,qileng-aori-28905,0,+525,+400,+525,+400,2026-08-22T03:15:31.542354+00:00,2026-08-20T21:31:27.632264+00:00,44.23,O,0,complete
2026-08-23T23:29:09.145038+00:00,8869,2026-08-29,UFC Fight Night: Nurmagomedov vs. Song,ufc,kai-asakura-vs-qileng-aori-80038,T2ZmZXJOb2RlOjEwMzY4ODA5NA==,T3V0Y29tZU5vZGU6NjgwNDY1NA==,Polymarket(US),exchange,SUB,A_5,A_13,wins by submission,doesn't win by submission,,3.0,Aoriqileng by submission,qileng-aori-28905,0,+567,+456,+567,+456,2026-08-21T09:45:21.737287+00:00,2026-08-20T21:31:27.601586+00:00,61.73,O,0,complete
2026-08-23T23:29:09.145038+00:00,8869,2026-08-29,UFC Fight Night: Nurmagomedov vs. Song,ufc,kai-asakura-vs-qileng-aori-80038,T2ZmZXJOb2RlOjEwMzY3NzQzMA==,T3V0Y29tZU5vZGU6Njc5MDkyOA==,Polymarket,exchange,OVERUNDER_0.5,A_4,A_1,Over 0.5 rounds,Under 0.5 rounds,,0.5,Over 0.5,,0,-1900,-4900,-1900,-4900,2026-08-23T14:00:59.628863+00:00,2026-08-15T22:05:13.902928+00:00,9.47,O,0,complete
2026-08-23T23:29:09.145038+00:00,8869,2026-08-29,UFC Fight Night: Nurmagomedov vs. Song,ufc,kai-asakura-vs-qileng-aori-80038,T2ZmZXJOb2RlOjEwMzY3NzQzMA==,T3V0Y29tZU5vZGU6Njc5MDkyOQ==,Polymarket,exchange,OVERUNDER_0.5,A_4,A_1,Over 0.5 rounds,Under 0.5 rounds,,0.5,Under 0.5,,1,-1900,-4900,-1900,-4900,2026-08-23T14:00:59.628863+00:00,2026-08-15T22:05:13.902928+00:00,9.47,O,0,complete
2026-08-23T23:29:09.145038+00:00,8869,2026-08-29,UFC Fight Night: Nurmagomedov vs. Song,ufc,kai-asakura-vs-qileng-aori-80038,T2ZmZXJOb2RlOjEwMzY3NzQzMg==,T3V0Y29tZU5vZGU6Njc5MDkzMg==,Polymarket,exchange,OVERUNDER_2.5,A_4,A_1,Over 2.5 rounds,Under 2.5 rounds,,2.5,Over 2.5,,0,-1900,-9900,-108,-9900,2026-08-23T21:35:16.295193+00:00,2026-08-15T22:05:14.070699+00:00,1.9,O,0,complete
2026-08-23T23:29:09.145038+00:00,8869,2026-08-29,UFC Fight Night: Nurmagomedov vs. Song,ufc,kai-asakura-vs-qileng-aori-80038,T2ZmZXJOb2RlOjEwMzY3NzQzMg==,T3V0Y29tZU5vZGU6Njc5MDkzMw==,Polymarket,exchange,OVERUNDER_2.5,A_4,A_1,Over 2.5 rounds,Under 2.5 rounds,,2.5,Under 2.5,,1,-1900,-9900,-245,-9900,2026-08-23T21:35:16.295193+00:00,2026-08-15T22:05:14.070699+00:00,1.9,O,0,complete
2026-08-23T23:29:09.145038+00:00,8869,2026-08-29,UFC Fight Night: Nurmagomedov vs. Song,ufc,kai-asakura-vs-qileng-aori-80038,T2ZmZXJOb2RlOjEwMzY3NzQzMQ==,T3V0Y29tZU5vZGU6Njc5MDkzMA==,Polymarket,exchange,OVERUNDER_1.5,A_4,A_1,Over 1.5 rounds,Under 1.5 rounds,,1.5,Over 1.5,,0,-1900,-9900,-1567,-9900,2026-08-23T23:16:10.386586+00:00,2026-08-15T22:05:13.989996+00:00,0.22,O,0,complete
2026-08-23T23:29:09.145038+00:00,8869,2026-08-29,UFC Fight Night: Nurmagomedov vs. Song,ufc,kai-asakura-vs-qileng-aori-80038,T2ZmZXJOb2RlOjEwMzY3NzQzMQ==,T3V0Y29tZU5vZGU6Njc5MDkzMQ==,Polymarket,exchange,OVERUNDER_1.5,A_4,A_1,Over 1.5 rounds,Under 1.5 rounds,,1.5,Under 1.5,,1,-1900,-9900,-1900,-9900,2026-08-23T23:16:10.386586+00:00,2026-08-15T22:05:13.989996+00:00,0.22,O,0,complete
2026-08-23T23:29:09.145038+00:00,8869,2026-08-29,UFC Fight Night: Nurmagomedov vs. Song,ufc,kai-asakura-vs-qileng-aori-80038,T2ZmZXJOb2RlOjEwMzY3NzQyOQ==,T3V0Y29tZU5vZGU6Njc5MDkyNg==,Polymarket,exchange,END_SUB,A_4,A_5,Fight ends in submission,Fight doesn't end in submission,,,Will the fight be won by submission? - Yes,,0,-3233,-4900,-2400,-4900,2026-08-23T23:16:10.370447+00:00,2026-08-15T22:05:13.841058+00:00,0.22,O,0,complete
2026-08-23T23:29:09.145038+00:00,8869,2026-08-29,UFC Fight Night: Nurmagomedov vs. Song,ufc,kai-asakura-vs-qileng-aori-80038,T2ZmZXJOb2RlOjEwMzY3NzQyOQ==,T3V0Y29tZU5vZGU6Njc5MDkyNw==,Polymarket,exchange,END_SUB,A_4,A_5,Fight ends in submission,Fight doesn't end in submission,,,Will the fight be won by submission? - No,,1,-3233,-4900,-1900,-4900,2026-08-23T23:16:10.370447+00:00,2026-08-15T22:05:13.841058+00:00,0.22,O,0,complete
2026-08-23T23:29:09.145038+00:00,8869,2026-08-29,UFC Fight Night: Nurmagomedov vs. Song,ufc,kai-asakura-vs-qileng-aori-80038,T2ZmZXJOb2RlOjEwMzY3NzQyOA==,T3V0Y29tZU5vZGU6Njc5MDkyNA==,Polymarket,exchange,KO,A_5,A_13,wins by TKO/KO,doesn't win by TKO/KO,,2.0,Will Aoriqileng win by KO or TKO? - Yes,qileng-aori-28905,0,-3233,-4900,-1900,-4900,2026-08-23T19:05:52.048270+00:00,2026-08-15T22:05:13.748918+00:00,4.39,O,0,complete
2026-08-23T23:29:09.145038+00:00,8869,2026-08-29,UFC Fight Night: Nurmagomedov vs. Song,ufc,kai-asakura-vs-qileng-aori-80038,T2ZmZXJOb2RlOjEwMzY3NzQyOA==,T3V0Y29tZU5vZGU6Njc5MDkyNQ==,Polymarket,exchange,KO,A_5,A_13,wins by TKO/KO,doesn't win by TKO/KO,,2.0,Will Aoriqileng win by KO or TKO? - No,qileng-aori-28905,1,-3233,-4900,-1900,-4900,2026-08-23T19:05:52.048270+00:00,2026-08-15T22:05:13.748918+00:00,4.39,O,0,complete
2026-08-23T23:29:09.145038+00:00,8869,2026-08-29,UFC Fight Night: Nurmagomedov vs. Song,ufc,kai-asakura-vs-qileng-aori-80038,T2ZmZXJOb2RlOjEwMzY3NzQyNw==,T3V0Y29tZU5vZGU6Njc5MDkyMg==,Polymarket,exchange,KO,A_5,A_13,wins by TKO/KO,doesn't win by TKO/KO,,2.0,Will Kai Asakura win by KO or TKO? - Yes,kai-asakura-22821,0,-3233,-4900,-1900,-4900,2026-08-23T19:05:52.046213+00:00,2026-08-15T22:05:13.693887+00:00,4.39,O,0,complete
2026-08-23T23:29:09.145038+00:00,8869,2026-08-29,UFC Fight Night: Nurmagomedov vs. Song,ufc,kai-asakura-vs-qileng-aori-80038,T2ZmZXJOb2RlOjEwMzY3NzQyNw==,T3V0Y29tZU5vZGU6Njc5MDkyMw==,Polymarket,exchange,KO,A_5,A_13,wins by TKO/KO,doesn't win by TKO/KO,,2.0,Will Kai Asakura win by KO or TKO? - No,kai-asakura-22821,1,-3233,-4900,-1900,-4900,2026-08-23T19:05:52.046213+00:00,2026-08-15T22:05:13.693887+00:00,4.39,O,0,complete
2026-08-23T23:29:09.145038+00:00,8869,2026-08-29,UFC Fight Night: Nurmagomedov vs. Song,ufc,kai-asakura-vs-qileng-aori-80038,T2ZmZXJOb2RlOjEwMzY3NzQyNg==,T3V0Y29tZU5vZGU6Njc5MDkyMA==,Polymarket,exchange,END_KO,A_4,A_5,"Fight ends by KO, TKO or DQ","Fight doesn't end by KO, TKO or DQ",,,Will the fight be won by KO or TKO? - Yes,,0,-2400,-4900,-1900,-4900,2026-08-23T23:25:56.668054+00:00,2026-08-15T22:05:13.640851+00:00,0.05,O,0,complete
2026-08-23T23:29:09.145038+00:00,8869,2026-08-29,UFC Fight Night: Nurmagomedov vs. Song,ufc,kai-asakura-vs-qileng-aori-80038,T2ZmZXJOb2RlOjEwMzY3NzQyNg==,T3V0Y29tZU5vZGU6Njc5MDkyMQ==,Polymarket,exchange,END_KO,A_4,A_5,"Fight ends by KO, TKO or DQ","Fight doesn't end by KO, TKO or DQ",,,Will the fight be won by KO or TKO? - No,,1,-3233,-4900,-2400,-4900,2026-08-23T23:25:56.668054+00:00,2026-08-15T22:05:13.640851+00:00,0.05,O,0,complete
2026-08-23T23:29:09.145038+00:00,8869,2026-08-29,UFC Fight Night: Nurmagomedov vs. Song,ufc,kai-asakura-vs-qileng-aori-80038,T2ZmZXJOb2RlOjEwMzY3NzQyNQ==,T3V0Y29tZU5vZGU6Njc5MDkxOA==,Polymarket,exchange,DISTANCE,A_4,A_2,Fight goes the distance,Fight ends inside distance,,,Fight to Go the Distance? - Yes,,0,+100,-9900,+100,-9900,2026-08-23T21:15:18.533379+00:00,2026-08-15T22:05:13.581660+00:00,2.23,O,0,complete
2026-08-23T23:29:09.145038+00:00,8869,2026-08-29,UFC Fight Night: Nurmagomedov vs. Song,ufc,kai-asakura-vs-qileng-aori-80038,T2ZmZXJOb2RlOjEwMzY3NzQyNQ==,T3V0Y29tZU5vZGU6Njc5MDkxOQ==,Polymarket,exchange,DISTANCE,A_4,A_2,Fight goes the distance,Fight ends inside distance,,,Fight to Go the Distance? - No,,1,-3233,-9900,-2400,-9900,2026-08-23T21:15:18.533379+00:00,2026-08-15T22:05:13.581660+00:00,2.23,O,0,complete
2026-08-23T23:29:09.145038+00:00,8869,2026-08-29,UFC Fight Night: Nurmagomedov vs. Song,ufc,alex-perez-vs-su-mudaerji-79689,T2ZmZXJOb2RlOjEwMzY5MDY5OA==,T3V0Y29tZU5vZGU6NjgwODU2MA==,MyBookie,sportsbook,OVERUNDER_2.5,A_4,A_1,Over 2.5 rounds,Under 2.5 rounds,,2.5,Over 2.5,,0,-105,-115,-101,-115,2026-08-23T21:20:29.228199+00:00,2026-08-23T18:32:31.729941+00:00,2.14,O,0,complete
2026-08-23T23:29:09.145038+00:00,8869,2026-08-29,UFC Fight Night: Nurmagomedov vs. Song,ufc,alex-perez-vs-su-mudaerji-79689,T2ZmZXJOb2RlOjEwMzY5MDY5OA==,T3V0Y29tZU5vZGU6NjgwODU2MQ==,MyBookie,sportsbook,OVERUNDER_2.5,A_4,A_1,Over 2.5 rounds,Under 2.5 rounds,,2.5,Under 2.5,,1,-126,-115,-115,-132,2026-08-23T21:20:29.228199+00:00,2026-08-23T18:32:31.729941+00:00,2.14,O,0,complete
2026-08-23T23:29:09.145038+00:00,8869,2026-08-29,UFC Fight Night: Nurmagomedov vs. Song,ufc,alex-perez-vs-su-mudaerji-79689,T2ZmZXJOb2RlOjEwMzY5MDY5Nw==,T3V0Y29tZU5vZGU6NjgwODU1OA==,ReBet,sportsbook,OVERUNDER_2.5,A_4,A_1,Over 2.5 rounds,Under 2.5 rounds,,2.5,Over 2.5,,0,-103,-113,+101,-113,2026-08-23T21:31:48.177900+00:00,2026-08-23T18:31:45.859922+00:00,1.96,O,0,complete
2026-08-23T23:29:09.145038+00:00,8869,2026-08-29,UFC Fight Night: Nurmagomedov vs. Song,ufc,alex-perez-vs-su-mudaerji-79689,T2ZmZXJOb2RlOjEwMzY5MDY5Nw==,T3V0Y29tZU5vZGU6NjgwODU1OQ==,ReBet,sportsbook,OVERUNDER_2.5,A_4,A_1,Over 2.5 rounds,Under 2.5 rounds,,2.5,Under 2.5,,1,-124,-113,-113,-129,2026-08-23T21:31:48.177900+00:00,2026-08-23T18:31:45.859922+00:00,1.96,O,0,complete
2026-08-23T23:29:09.145038+00:00,8869,2026-08-29,UFC Fight Night: Nurmagomedov vs. Song,ufc,alex-perez-vs-su-mudaerji-79689,T2ZmZXJOb2RlOjEwMzY5MDY4Mg==,T3V0Y29tZU5vZGU6NjgwODUyOA==,Stake,sportsbook,OVERUNDER_2.5,A_4,A_1,Over 2.5 rounds,Under 2.5 rounds,,2.5,Over 2.5,,0,-103,-112,-103,-112,2026-08-23T21:34:09.471553+00:00,2026-08-23T18:30:28.996116+00:00,1.92,O,0,complete
2026-08-23T23:29:09.145038+00:00,8869,2026-08-29,UFC Fight Night: Nurmagomedov vs. Song,ufc,alex-perez-vs-su-mudaerji-79689,T2ZmZXJOb2RlOjEwMzY5MDY4Mg==,T3V0Y29tZU5vZGU6NjgwODUyOQ==,Stake,sportsbook,OVERUNDER_2.5,A_4,A_1,Over 2.5 rounds,Under 2.5 rounds,,2.5,Under 2.5,,1,-123,-112,-112,-123,2026-08-23T21:34:09.471553+00:00,2026-08-23T18:30:28.996116+00:00,1.92,O,0,complete
2026-08-23T23:29:09.145038+00:00,8869,2026-08-29,UFC Fight Night: Nurmagomedov vs. Song,ufc,alex-perez-vs-su-mudaerji-79689,T2ZmZXJOb2RlOjEwMzY5MDYyNw==,T3V0Y29tZU5vZGU6NjgwODQxOA==,Novig,exchange,OVERUNDER_2.5,A_4,A_1,Over 2.5 rounds,Under 2.5 rounds,,2.5,Over 2.5,,0,-113,-125,-108,-125,2026-08-23T21:15:24.543421+00:00,2026-08-23T16:30:46.493239+00:00,2.23,O,0,complete
2026-08-23T23:29:09.145038+00:00,8869,2026-08-29,UFC Fight Night: Nurmagomedov vs. Song,ufc,alex-perez-vs-su-mudaerji-79689,T2ZmZXJOb2RlOjEwMzY5MDYyNw==,T3V0Y29tZU5vZGU6NjgwODQxOQ==,Novig,exchange,OVERUNDER_2.5,A_4,A_1,Over 2.5 rounds,Under 2.5 rounds,,2.5,Under 2.5,,1,-138,-125,-125,-147,2026-08-23T21:15:24.543421+00:00,2026-08-23T16:30:46.493239+00:00,2.23,O,0,complete
2026-08-23T23:29:09.145038+00:00,8869,2026-08-29,UFC Fight Night: Nurmagomedov vs. Song,ufc,alex-perez-vs-su-mudaerji-79689,T2ZmZXJOb2RlOjEwMzY5MDYyMQ==,T3V0Y29tZU5vZGU6NjgwODQwNg==,Bovada,sportsbook,OVERUNDER_2.5,A_4,A_1,Over 2.5 rounds,Under 2.5 rounds,,2.5,Over 2.5,,0,-105,-115,+100,-115,2026-08-23T21:14:46.402790+00:00,2026-08-23T16:24:18.578524+00:00,2.24,O,0,complete
2026-08-23T23:29:09.145038+00:00,8869,2026-08-29,UFC Fight Night: Nurmagomedov vs. Song,ufc,alex-perez-vs-su-mudaerji-79689,T2ZmZXJOb2RlOjEwMzY5MDYyMQ==,T3V0Y29tZU5vZGU6NjgwODQwNw==,Bovada,sportsbook,OVERUNDER_2.5,A_4,A_1,Over 2.5 rounds,Under 2.5 rounds,,2.5,Under 2.5,,1,-125,-115,-115,-130,2026-08-23T21:14:46.402790+00:00,2026-08-23T16:24:18.578524+00:00,2.24,O,0,complete
2026-08-23T23:29:09.145038+00:00,8869,2026-08-29,UFC Fight Night: Nurmagomedov vs. Song,ufc,alex-perez-vs-su-mudaerji-79689,T2ZmZXJOb2RlOjEwMzY5MDYxOQ==,T3V0Y29tZU5vZGU6NjgwODQwMg==,BetOnline,sportsbook,OVERUNDER_2.5,A_4,A_1,Over 2.5 rounds,Under 2.5 rounds,,2.5,Over 2.5,,0,+100,-135,+105,-135,2026-08-23T21:13:25.889813+00:00,2026-08-23T16:20:52.676001+00:00,2.26,O,0,complete
2026-08-23T23:29:09.145038+00:00,8869,2026-08-29,UFC Fight Night: Nurmagomedov vs. Song,ufc,alex-perez-vs-su-mudaerji-79689,T2ZmZXJOb2RlOjEwMzY5MDYxOQ==,T3V0Y29tZU5vZGU6NjgwODQwMw==,BetOnline,sportsbook,OVERUNDER_2.5,A_4,A_1,Over 2.5 rounds,Under 2.5 rounds,,2.5,Under 2.5,,1,-120,+115,+115,-125,2026-08-23T21:13:25.889813+00:00,2026-08-23T16:20:52.676001+00:00,2.26,O,0,complete
2026-08-23T23:29:09.145038+00:00,8869,2026-08-29,UFC Fight Night: Nurmagomedov vs. Song,ufc,alex-perez-vs-su-mudaerji-79689,T2ZmZXJOb2RlOjEwMzY5MDYxNw==,T3V0Y29tZU5vZGU6NjgwODM5OA==,BetUS,sportsbook,OVERUNDER_2.5,A_4,A_1,Over 2.5 rounds,Under 2.5 rounds,,2.5,Over 2.5,,0,+100,-135,+105,-135,2026-08-23T21:15:48.434394+00:00,2026-08-23T16:20:40.913560+00:00,2.22,O,0,complete
2026-08-23T23:29:09.145038+00:00,8869,2026-08-29,UFC Fight Night: Nurmagomedov vs. Song,ufc,alex-perez-vs-su-mudaerji-79689,T2ZmZXJOb2RlOjEwMzY5MDYxNw==,T3V0Y29tZU5vZGU6NjgwODM5OQ==,BetUS,sportsbook,OVERUNDER_2.5,A_4,A_1,Over 2.5 rounds,Under 2.5 rounds,,2.5,Under 2.5,,1,-120,+114,+114,-125,2026-08-23T21:15:48.434394+00:00,2026-08-23T16:20:40.913560+00:00,2.22,O,0,complete
2026-08-23T23:29:09.145038+00:00,8869,2026-08-29,UFC Fight Night: Nurmagomedov vs. Song,ufc,alex-perez-vs-su-mudaerji-79689,T2ZmZXJOb2RlOjEwMzY4ODM1Mg==,T3V0Y29tZU5vZGU6NjgwNDk0Mg==,Polymarket(US),exchange,R_2,A_5,A_14,wins in round 2,doesn't win in round 2,,2.0,Sumudaerji to win in round 2,su-mudaerji-29403,0,+400,+376,+400,+376,2026-08-21T12:15:59.887569+00:00,2026-08-20T22:46:36.967530+00:00,59.22,O,0,complete
2026-08-23T23:29:09.145038+00:00,8869,2026-08-29,UFC Fight Night: Nurmagomedov vs. Song,ufc,alex-perez-vs-su-mudaerji-79689,T2ZmZXJOb2RlOjEwMzY4ODI2MQ==,T3V0Y29tZU5vZGU6NjgwNDg0MA==,Polymarket(US),exchange,R_3,A_5,A_14,wins in round 3,doesn't win in round 3,,3.0,Alex Perez to win in round 3,alex-perez-10820,0,+400,+376,+426,+376,2026-08-21T23:15:44.555494+00:00,2026-08-20T22:16:22.382018+00:00,48.22,O,0,complete
2026-08-23T23:29:09.145038+00:00,8869,2026-08-29,UFC Fight Night: Nurmagomedov vs. Song,ufc,alex-perez-vs-su-mudaerji-79689,T2ZmZXJOb2RlOjEwMzY4ODI2MA==,T3V0Y29tZU5vZGU6NjgwNDgzOQ==,Polymarket(US),exchange,R_3,A_5,A_14,wins in round 3,doesn't win in round 3,,3.0,Sumudaerji to win in round 3,su-mudaerji-29403,0,+426,+376,+426,+376,2026-08-22T03:30:43.249361+00:00,2026-08-20T22:16:22.302680+00:00,43.97,O,0,complete
2026-08-23T23:29:09.145038+00:00,8869,2026-08-29,UFC Fight Night: Nurmagomedov vs. Song,ufc,alex-perez-vs-su-mudaerji-79689,T2ZmZXJOb2RlOjEwMzY4Nzk5OA==,T3V0Y29tZU5vZGU6NjgwNDU1NQ==,Polymarket(US),exchange,SUB,A_5,A_13,wins by submission,doesn't win by submission,,3.0,Sumudaerji by submission,su-mudaerji-29403,0,+525,+426,+567,+426,2026-08-21T23:30:39.095031+00:00,2026-08-20T21:15:18.301841+00:00,47.98,O,0,complete
2026-08-23T23:29:09.145038+00:00,8869,2026-08-29,UFC Fight Night: Nurmagomedov vs. Song,ufc,alex-perez-vs-su-mudaerji-79689,T2ZmZXJOb2RlOjEwMzY3NzQzNg==,T3V0Y29tZU5vZGU6Njc5MDk0MA==,Polymarket,exchange,KO,A_5,A_13,wins by TKO/KO,doesn't win by TKO/KO,,2.0,Will Sumudaerji win by KO or TKO? - Yes,su-mudaerji-29403,0,-2400,-4900,-2400,-4900,2026-08-23T18:54:46.543061+00:00,2026-08-15T22:05:14.326001+00:00,4.57,O,0,complete
2026-08-23T23:29:09.145038+00:00,8869,2026-08-29,UFC Fight Night: Nurmagomedov vs. Song,ufc,alex-perez-vs-su-mudaerji-79689,T2ZmZXJOb2RlOjEwMzY3NzQzNg==,T3V0Y29tZU5vZGU6Njc5MDk0MQ==,Polymarket,exchange,KO,A_5,A_13,wins by TKO/KO,doesn't win by TKO/KO,,2.0,Will Sumudaerji win by KO or TKO? - No,su-mudaerji-29403,1,-2400,-4900,-1900,-4900,2026-08-23T18:54:46.543061+00:00,2026-08-15T22:05:14.326001+00:00,4.57,O,0,complete
2026-08-23T23:29:09.145038+00:00,8869,2026-08-29,UFC Fight Night: Nurmagomedov vs. Song,ufc,alex-perez-vs-su-mudaerji-79689,T2ZmZXJOb2RlOjEwMzY3NzQ3Nw==,T3V0Y29tZU5vZGU6Njc5MTAyMg==,Polymarket,exchange,DISTANCE,A_4,A_2,Fight goes the distance,Fight ends inside distance,,,Fight to Go the Distance? - Yes,,0,-3233,-3233,-3233,-4900,2026-08-22T19:24:48.820305+00:00,2026-08-15T22:14:29.855079+00:00,28.07,O,0,complete
2026-08-23T23:29:09.145038+00:00,8869,2026-08-29,UFC Fight Night: Nurmagomedov vs. Song,ufc,alex-perez-vs-su-mudaerji-79689,T2ZmZXJOb2RlOjEwMzY3NzQ3Nw==,T3V0Y29tZU5vZGU6Njc5MTAyMw==,Polymarket,exchange,DISTANCE,A_4,A_2,Fight goes the distance,Fight ends inside distance,,,Fight to Go the Distance? - No,,1,-3233,-3233,-2400,-4900,2026-08-22T19:24:48.820305+00:00,2026-08-15T22:14:29.855079+00:00,28.07,O,0,complete
2026-08-23T23:29:09.145038+00:00,8869,2026-08-29,UFC Fight Night: Nurmagomedov vs. Song,ufc,alex-perez-vs-su-mudaerji-79689,T2ZmZXJOb2RlOjEwMzY3NzQ0MA==,T3V0Y29tZU5vZGU6Njc5MDk0OA==,Polymarket,exchange,OVERUNDER_2.5,A_4,A_1,Over 2.5 rounds,Under 2.5 rounds,,2.5,Over 2.5,,0,-1900,-9900,-163,-9900,2026-08-23T19:50:05.645983+00:00,2026-08-15T22:05:14.629578+00:00,3.65,O,0,complete
2026-08-23T23:29:09.145038+00:00,8869,2026-08-29,UFC Fight Night: Nurmagomedov vs. Song,ufc,alex-perez-vs-su-mudaerji-79689,T2ZmZXJOb2RlOjEwMzY3NzQ0MA==,T3V0Y29tZU5vZGU6Njc5MDk0OQ==,Polymarket,exchange,OVERUNDER_2.5,A_4,A_1,Over 2.5 rounds,Under 2.5 rounds,,2.5,Under 2.5,,1,-1900,-9900,-138,-9900,2026-08-23T19:50:05.645983+00:00,2026-08-15T22:05:14.629578+00:00,3.65,O,0,complete
2026-08-23T23:29:09.145038+00:00,8869,2026-08-29,UFC Fight Night: Nurmagomedov vs. Song,ufc,alex-perez-vs-su-mudaerji-79689,T2ZmZXJOb2RlOjEwMzY3NzQzNQ==,T3V0Y29tZU5vZGU6Njc5MDkzOA==,Polymarket,exchange,KO,A_5,A_13,wins by TKO/KO,doesn't win by TKO/KO,,2.0,Will Alex Perez win by KO or TKO? - Yes,alex-perez-10820,0,-2400,-4900,-2400,-4900,2026-08-23T21:35:16.326461+00:00,2026-08-15T22:05:14.274404+00:00,1.9,O,0,complete
2026-08-23T23:29:09.145038+00:00,8869,2026-08-29,UFC Fight Night: Nurmagomedov vs. Song,ufc,alex-perez-vs-su-mudaerji-79689,T2ZmZXJOb2RlOjEwMzY3NzQzNQ==,T3V0Y29tZU5vZGU6Njc5MDkzOQ==,Polymarket,exchange,KO,A_5,A_13,wins by TKO/KO,doesn't win by TKO/KO,,2.0,Will Alex Perez win by KO or TKO? - No,alex-perez-10820,1,-3233,-4900,-2400,-4900,2026-08-23T21:35:16.326461+00:00,2026-08-15T22:05:14.274404+00:00,1.9,O,0,complete
2026-08-23T23:29:09.145038+00:00,8869,2026-08-29,UFC Fight Night: Nurmagomedov vs. Song,ufc,alex-perez-vs-su-mudaerji-79689,T2ZmZXJOb2RlOjEwMzY3NzQzNA==,T3V0Y29tZU5vZGU6Njc5MDkzNg==,Polymarket,exchange,END_KO,A_4,A_5,"Fight ends by KO, TKO or DQ","Fight doesn't end by KO, TKO or DQ",,,Will the fight be won by KO or TKO? - Yes,,0,-2400,-4900,-1900,-4900,2026-08-23T16:36:34.809680+00:00,2026-08-15T22:05:14.202817+00:00,6.88,O,0,complete
2026-08-23T23:29:09.145038+00:00,8869,2026-08-29,UFC Fight Night: Nurmagomedov vs. Song,ufc,alex-perez-vs-su-mudaerji-79689,T2ZmZXJOb2RlOjEwMzY3NzQzNA==,T3V0Y29tZU5vZGU6Njc5MDkzNw==,Polymarket,exchange,END_KO,A_4,A_5,"Fight ends by KO, TKO or DQ","Fight doesn't end by KO, TKO or DQ",,,Will the fight be won by KO or TKO? - No,,1,-2400,-4900,-2400,-4900,2026-08-23T16:36:34.809680+00:00,2026-08-15T22:05:14.202817+00:00,6.88,O,0,complete
2026-08-23T23:29:09.145038+00:00,8869,2026-08-29,UFC Fight Night: Nurmagomedov vs. Song,ufc,alex-perez-vs-su-mudaerji-79689,T2ZmZXJOb2RlOjEwMzY3NzQzOQ==,T3V0Y29tZU5vZGU6Njc5MDk0Ng==,Polymarket,exchange,OVERUNDER_1.5,A_4,A_1,Over 1.5 rounds,Under 1.5 rounds,,1.5,Over 1.5,,0,-1900,-9900,-1567,-9900,2026-08-23T19:50:05.631049+00:00,2026-08-15T22:05:14.548928+00:00,3.65,O,0,complete
2026-08-23T23:29:09.145038+00:00,8869,2026-08-29,UFC Fight Night: Nurmagomedov vs. Song,ufc,alex-perez-vs-su-mudaerji-79689,T2ZmZXJOb2RlOjEwMzY3NzQzOQ==,T3V0Y29tZU5vZGU6Njc5MDk0Nw==,Polymarket,exchange,OVERUNDER_1.5,A_4,A_1,Over 1.5 rounds,Under 1.5 rounds,,1.5,Under 1.5,,1,-1900,-9900,-567,-9900,2026-08-23T19:50:05.631049+00:00,2026-08-15T22:05:14.548928+00:00,3.65,O,0,complete
2026-08-23T23:29:09.145038+00:00,8869,2026-08-29,UFC Fight Night: Nurmagomedov vs. Song,ufc,alex-perez-vs-su-mudaerji-79689,T2ZmZXJOb2RlOjEwMzY3NzQzOA==,T3V0Y29tZU5vZGU6Njc5MDk0NA==,Polymarket,exchange,OVERUNDER_0.5,A_4,A_1,Over 0.5 rounds,Under 0.5 rounds,,0.5,Over 0.5,,0,-1900,-4900,-1567,-4900,2026-08-23T19:50:05.612480+00:00,2026-08-15T22:05:14.479760+00:00,3.65,O,0,complete
2026-08-23T23:29:09.145038+00:00,8869,2026-08-29,UFC Fight Night: Nurmagomedov vs. Song,ufc,alex-perez-vs-su-mudaerji-79689,T2ZmZXJOb2RlOjEwMzY3NzQzOA==,T3V0Y29tZU5vZGU6Njc5MDk0NQ==,Polymarket,exchange,OVERUNDER_0.5,A_4,A_1,Over 0.5 rounds,Under 0.5 rounds,,0.5,Under 0.5,,1,-1900,-4900,-567,-4900,2026-08-23T19:50:05.612480+00:00,2026-08-15T22:05:14.479760+00:00,3.65,O,0,complete
2026-08-23T23:29:09.145038+00:00,8869,2026-08-29,UFC Fight Night: Nurmagomedov vs. Song,ufc,alex-perez-vs-su-mudaerji-79689,T2ZmZXJOb2RlOjEwMzY3NzQzNw==,T3V0Y29tZU5vZGU6Njc5MDk0Mg==,Polymarket,exchange,END_SUB,A_4,A_5,Fight ends in submission,Fight doesn't end in submission,,,Will the fight be won by submission? - Yes,,0,-2400,-4900,-2400,-4900,2026-08-23T22:40:02.914245+00:00,2026-08-15T22:05:14.393859+00:00,0.82,O,0,complete
2026-08-23T23:29:09.145038+00:00,8869,2026-08-29,UFC Fight Night: Nurmagomedov vs. Song,ufc,alex-perez-vs-su-mudaerji-79689,T2ZmZXJOb2RlOjEwMzY3NzQzNw==,T3V0Y29tZU5vZGU6Njc5MDk0Mw==,Polymarket,exchange,END_SUB,A_4,A_5,Fight ends in submission,Fight doesn't end in submission,,,Will the fight be won by submission? - No,,1,-2400,-4900,-2400,-4900,2026-08-23T22:40:02.914245+00:00,2026-08-15T22:05:14.393859+00:00,0.82,O,0,complete
2026-08-23T23:29:09.145038+00:00,8869,2026-08-29,UFC Fight Night: Nurmagomedov vs. Song,ufc,alex-perez-vs-su-mudaerji-79689,T2ZmZXJOb2RlOjEwMzY2NjI5NQ==,T3V0Y29tZU5vZGU6Njc3NjcwNQ==,Polymarket(US),exchange,KO,A_5,A_13,wins by TKO/KO,doesn't win by TKO/KO,,2.0,Alex Perez by KO/TKO/DQ,alex-perez-10820,0,+376,+376,+376,+376,2026-08-09T01:45:36.205874+00:00,2026-08-09T01:45:36.205887+00:00,357.73,O,0,complete
2026-08-23T23:29:09.145038+00:00,8869,2026-08-29,UFC Fight Night: Nurmagomedov vs. Song,ufc,alex-perez-vs-su-mudaerji-79689,T2ZmZXJOb2RlOjEwMzY2NjI4NA==,T3V0Y29tZU5vZGU6Njc3NjY5Mw==,Polymarket(US),exchange,END_SUB,A_4,A_5,Fight ends in submission,Fight doesn't end in submission,,,Fight ends by submission,su-mudaerji-29403,0,+426,+426,+426,+426,2026-08-09T01:31:07.174509+00:00,2026-08-09T01:31:07.174531+00:00,357.97,O,0,complete
2026-08-23T23:29:09.145038+00:00,8869,2026-08-29,UFC Fight Night: Nurmagomedov vs. Song,ufc,alex-perez-vs-su-mudaerji-79689,T2ZmZXJOb2RlOjEwMzY2NjI4Mw==,T3V0Y29tZU5vZGU6Njc3NjY5Mg==,Polymarket(US),exchange,DEC,A_5,A_13,wins by decision,doesn't win by decision,,1.0,Alex Perez by decision,alex-perez-10820,0,+456,+456,+456,+456,2026-08-09T01:31:07.134704+00:00,2026-08-09T01:31:07.134737+00:00,357.97,O,0,complete
2026-08-23T23:29:09.145038+00:00,8869,2026-08-29,UFC Fight Night: Nurmagomedov vs. Song,ufc,alex-perez-vs-su-mudaerji-79689,T2ZmZXJOb2RlOjEwMzY2NjI4Mg==,T3V0Y29tZU5vZGU6Njc3NjY5MQ==,Polymarket(US),exchange,KO,A_5,A_13,wins by TKO/KO,doesn't win by TKO/KO,,2.0,Sumudaerji by KO/TKO/DQ,su-mudaerji-29403,0,+456,+456,+456,+456,2026-08-09T01:31:07.080619+00:00,2026-08-09T01:31:07.080641+00:00,357.97,O,0,complete
2026-08-23T23:29:09.145038+00:00,8869,2026-08-29,UFC Fight Night: Nurmagomedov vs. Song,ufc,levi-rodrigues-vs-ce-liu-80790,T2ZmZXJOb2RlOjEwMzY5MDYzNA==,T3V0Y29tZU5vZGU6NjgwODQzMg==,BetUS,sportsbook,OVERUNDER_1.5,A_4,A_1,Over 1.5 rounds,Under 1.5 rounds,,1.5,Over 1.5,,0,+142,+105,+142,+105,2026-08-23T20:55:25.233624+00:00,2026-08-23T16:41:02.699729+00:00,2.56,O,0,complete
2026-08-23T23:29:09.145038+00:00,8869,2026-08-29,UFC Fight Night: Nurmagomedov vs. Song,ufc,levi-rodrigues-vs-ce-liu-80790,T2ZmZXJOb2RlOjEwMzY5MDYzNA==,T3V0Y29tZU5vZGU6NjgwODQzMw==,BetUS,sportsbook,OVERUNDER_1.5,A_4,A_1,Over 1.5 rounds,Under 1.5 rounds,,1.5,Under 1.5,,1,-170,-125,-125,-170,2026-08-23T20:55:25.233624+00:00,2026-08-23T16:41:02.699729+00:00,2.56,O,0,complete
2026-08-23T23:29:09.145038+00:00,8869,2026-08-29,UFC Fight Night: Nurmagomedov vs. Song,ufc,levi-rodrigues-vs-ce-liu-80790,T2ZmZXJOb2RlOjEwMzY5MDYzMw==,T3V0Y29tZU5vZGU6NjgwODQzMA==,Bovada,sportsbook,OVERUNDER_1.5,A_4,A_1,Over 1.5 rounds,Under 1.5 rounds,,1.5,Over 1.5,,0,+140,-130,+140,-130,2026-08-23T20:54:20.265128+00:00,2026-08-23T16:39:52.861180+00:00,2.58,O,0,complete
2026-08-23T23:29:09.145038+00:00,8869,2026-08-29,UFC Fight Night: Nurmagomedov vs. Song,ufc,levi-rodrigues-vs-ce-liu-80790,T2ZmZXJOb2RlOjEwMzY5MDYzMw==,T3V0Y29tZU5vZGU6NjgwODQzMQ==,Bovada,sportsbook,OVERUNDER_1.5,A_4,A_1,Over 1.5 rounds,Under 1.5 rounds,,1.5,Under 1.5,,1,-185,+100,+100,-185,2026-08-23T20:54:20.265128+00:00,2026-08-23T16:39:52.861180+00:00,2.58,O,0,complete
2026-08-23T23:29:09.145038+00:00,8869,2026-08-29,UFC Fight Night: Nurmagomedov vs. Song,ufc,levi-rodrigues-vs-ce-liu-80790,T2ZmZXJOb2RlOjEwMzY5MDYzMA==,T3V0Y29tZU5vZGU6NjgwODQyNA==,BetOnline,sportsbook,OVERUNDER_1.5,A_4,A_1,Over 1.5 rounds,Under 1.5 rounds,,1.5,Over 1.5,,0,+149,-125,+149,-125,2026-08-23T20:49:22.196830+00:00,2026-08-23T16:39:51.843641+00:00,2.66,O,0,complete
2026-08-23T23:29:09.145038+00:00,8869,2026-08-29,UFC Fight Night: Nurmagomedov vs. Song,ufc,levi-rodrigues-vs-ce-liu-80790,T2ZmZXJOb2RlOjEwMzY5MDYzMA==,T3V0Y29tZU5vZGU6NjgwODQyNQ==,BetOnline,sportsbook,OVERUNDER_1.5,A_4,A_1,Over 1.5 rounds,Under 1.5 rounds,,1.5,Under 1.5,,1,-170,+105,+105,-170,2026-08-23T20:49:22.196830+00:00,2026-08-23T16:39:51.843641+00:00,2.66,O,0,complete
2026-08-23T23:29:09.145038+00:00,8869,2026-08-29,UFC Fight Night: Nurmagomedov vs. Song,ufc,bilal-hasan-vs-nilson-rojas-80821,T2ZmZXJOb2RlOjEwMzY5MDY4MQ==,T3V0Y29tZU5vZGU6NjgwODUyNg==,Stake,sportsbook,OVERUNDER_1.5,A_4,A_1,Over 1.5 rounds,Under 1.5 rounds,,1.5,Over 1.5,,0,+101,+101,+101,+101,2026-08-23T18:30:32.529870+00:00,2026-08-23T18:30:28.924948+00:00,4.98,O,0,complete
2026-08-23T23:29:09.145038+00:00,8869,2026-08-29,UFC Fight Night: Nurmagomedov vs. Song,ufc,bilal-hasan-vs-nilson-rojas-80821,T2ZmZXJOb2RlOjEwMzY5MDY4MQ==,T3V0Y29tZU5vZGU6NjgwODUyNw==,Stake,sportsbook,OVERUNDER_1.5,A_4,A_1,Over 1.5 rounds,Under 1.5 rounds,,1.5,Under 1.5,,1,-130,-130,-130,-130,2026-08-23T18:30:32.529870+00:00,2026-08-23T18:30:28.924948+00:00,4.98,O,0,complete
2026-08-23T23:29:09.145038+00:00,8869,2026-08-29,UFC Fight Night: Nurmagomedov vs. Song,ufc,bilal-hasan-vs-nilson-rojas-80821,T2ZmZXJOb2RlOjEwMzY5MDY3MQ==,T3V0Y29tZU5vZGU6NjgwODUwNg==,ReBet,sportsbook,OVERUNDER_1.5,A_4,A_1,Over 1.5 rounds,Under 1.5 rounds,,1.5,Over 1.5,,0,+101,-109,+101,-109,2026-08-23T18:15:56.194726+00:00,2026-08-23T17:15:49.399681+00:00,5.22,O,0,complete
2026-08-23T23:29:09.145038+00:00,8869,2026-08-29,UFC Fight Night: Nurmagomedov vs. Song,ufc,bilal-hasan-vs-nilson-rojas-80821,T2ZmZXJOb2RlOjEwMzY5MDY3MQ==,T3V0Y29tZU5vZGU6NjgwODUwNw==,ReBet,sportsbook,OVERUNDER_1.5,A_4,A_1,Over 1.5 rounds,Under 1.5 rounds,,1.5,Under 1.5,,1,-129,-117,-117,-129,2026-08-23T18:15:56.194726+00:00,2026-08-23T17:15:49.399681+00:00,5.22,O,0,complete
2026-08-23T23:29:09.145038+00:00,8869,2026-08-29,UFC Fight Night: Nurmagomedov vs. Song,ufc,bilal-hasan-vs-nilson-rojas-80821,T2ZmZXJOb2RlOjEwMzY5MDY2OA==,T3V0Y29tZU5vZGU6NjgwODUwMA==,MyBookie,sportsbook,OVERUNDER_1.5,A_4,A_1,Over 1.5 rounds,Under 1.5 rounds,,1.5,Over 1.5,,0,-101,-111,-101,-111,2026-08-23T18:05:08.782806+00:00,2026-08-23T17:11:06.813163+00:00,5.4,O,0,complete
2026-08-23T23:29:09.145038+00:00,8869,2026-08-29,UFC Fight Night: Nurmagomedov vs. Song,ufc,bilal-hasan-vs-nilson-rojas-80821,T2ZmZXJOb2RlOjEwMzY5MDY2OA==,T3V0Y29tZU5vZGU6NjgwODUwMQ==,MyBookie,sportsbook,OVERUNDER_1.5,A_4,A_1,Over 1.5 rounds,Under 1.5 rounds,,1.5,Under 1.5,,1,-132,-119,-119,-132,2026-08-23T18:05:08.782806+00:00,2026-08-23T17:11:06.813163+00:00,5.4,O,0,complete
2026-08-23T23:29:09.145038+00:00,8869,2026-08-29,UFC Fight Night: Nurmagomedov vs. Song,ufc,bilal-hasan-vs-nilson-rojas-80821,T2ZmZXJOb2RlOjEwMzY5MDY1Ng==,T3V0Y29tZU5vZGU6NjgwODQ3Ng==,BetUS,sportsbook,OVERUNDER_1.5,A_4,A_1,Over 1.5 rounds,Under 1.5 rounds,,1.5,Over 1.5,,0,+105,-105,+105,-105,2026-08-23T18:05:12.483282+00:00,2026-08-23T17:01:00.782520+00:00,5.4,O,0,complete
2026-08-23T23:29:09.145038+00:00,8869,2026-08-29,UFC Fight Night: Nurmagomedov vs. Song,ufc,bilal-hasan-vs-nilson-rojas-80821,T2ZmZXJOb2RlOjEwMzY5MDY1Ng==,T3V0Y29tZU5vZGU6NjgwODQ3Nw==,BetUS,sportsbook,OVERUNDER_1.5,A_4,A_1,Over 1.5 rounds,Under 1.5 rounds,,1.5,Under 1.5,,1,-125,-115,-115,-125,2026-08-23T18:05:12.483282+00:00,2026-08-23T17:01:00.782520+00:00,5.4,O,0,complete
2026-08-23T23:29:09.145038+00:00,8869,2026-08-29,UFC Fight Night: Nurmagomedov vs. Song,ufc,bilal-hasan-vs-nilson-rojas-80821,T2ZmZXJOb2RlOjEwMzY5MDY1NQ==,T3V0Y29tZU5vZGU6NjgwODQ3NA==,Novig,exchange,OVERUNDER_1.5,A_4,A_1,Over 1.5 rounds,Under 1.5 rounds,,1.5,Over 1.5,,0,-111,+150,+150,-117,2026-08-23T18:15:27.186378+00:00,2026-08-23T17:00:57.322026+00:00,5.23,O,0,complete
2026-08-23T23:29:09.145038+00:00,8869,2026-08-29,UFC Fight Night: Nurmagomedov vs. Song,ufc,bilal-hasan-vs-nilson-rojas-80821,T2ZmZXJOb2RlOjEwMzY5MDY1NQ==,T3V0Y29tZU5vZGU6NjgwODQ3NQ==,Novig,exchange,OVERUNDER_1.5,A_4,A_1,Over 1.5 rounds,Under 1.5 rounds,,1.5,Under 1.5,,1,-141,-125,-125,-141,2026-08-23T18:15:27.186378+00:00,2026-08-23T17:00:57.322026+00:00,5.23,O,0,complete
2026-08-23T23:29:09.145038+00:00,8869,2026-08-29,UFC Fight Night: Nurmagomedov vs. Song,ufc,bilal-hasan-vs-nilson-rojas-80821,T2ZmZXJOb2RlOjEwMzY5MDY1MQ==,T3V0Y29tZU5vZGU6NjgwODQ2Ng==,Bovada,sportsbook,OVERUNDER_1.5,A_4,A_1,Over 1.5 rounds,Under 1.5 rounds,,1.5,Over 1.5,,0,+100,+160,+160,-110,2026-08-23T18:04:36.662696+00:00,2026-08-23T16:59:16.090690+00:00,5.41,O,0,complete
2026-08-23T23:29:09.145038+00:00,8869,2026-08-29,UFC Fight Night: Nurmagomedov vs. Song,ufc,bilal-hasan-vs-nilson-rojas-80821,T2ZmZXJOb2RlOjEwMzY5MDY1MQ==,T3V0Y29tZU5vZGU6NjgwODQ2Nw==,Bovada,sportsbook,OVERUNDER_1.5,A_4,A_1,Over 1.5 rounds,Under 1.5 rounds,,1.5,Under 1.5,,1,-130,-210,-120,-210,2026-08-23T18:04:36.662696+00:00,2026-08-23T16:59:16.090690+00:00,5.41,O,0,complete
2026-08-23T23:29:09.145038+00:00,8869,2026-08-29,UFC Fight Night: Nurmagomedov vs. Song,ufc,bilal-hasan-vs-nilson-rojas-80821,T2ZmZXJOb2RlOjEwMzY5MDY1MA==,T3V0Y29tZU5vZGU6NjgwODQ2NA==,BetOnline,sportsbook,OVERUNDER_1.5,A_4,A_1,Over 1.5 rounds,Under 1.5 rounds,,1.5,Over 1.5,,0,+105,+189,+189,-125,2026-08-23T18:01:07.695561+00:00,2026-08-23T16:57:14.097425+00:00,5.47,O,0,complete
2026-08-23T23:29:09.145038+00:00,8869,2026-08-29,UFC Fight Night: Nurmagomedov vs. Song,ufc,bilal-hasan-vs-nilson-rojas-80821,T2ZmZXJOb2RlOjEwMzY5MDY1MA==,T3V0Y29tZU5vZGU6NjgwODQ2NQ==,BetOnline,sportsbook,OVERUNDER_1.5,A_4,A_1,Over 1.5 rounds,Under 1.5 rounds,,1.5,Under 1.5,,1,-125,-225,+105,-225,2026-08-23T18:01:07.695561+00:00,2026-08-23T16:57:14.097425+00:00,5.47,O,0,complete
2026-08-23T23:29:09.145038+00:00,8869,2026-08-29,UFC Fight Night: Nurmagomedov vs. Song,ufc,bilal-hasan-vs-nilson-rojas-80821,T2ZmZXJOb2RlOjEwMzY5MDE2NQ==,T3V0Y29tZU5vZGU6NjgwNzU5OA==,Polymarket(US),exchange,R_3,A_5,A_14,wins in round 3,doesn't win in round 3,,3.0,Nilson Rojas to win in round 3,nilson-rojas-80605,0,+426,+426,+426,+426,2026-08-22T20:31:34.632828+00:00,2026-08-22T20:31:23.642200+00:00,26.96,O,0,complete
2026-08-23T23:29:09.145038+00:00,8869,2026-08-29,UFC Fight Night: Nurmagomedov vs. Song,ufc,bilal-hasan-vs-nilson-rojas-80821,T2ZmZXJOb2RlOjEwMzY5MDE2NA==,T3V0Y29tZU5vZGU6NjgwNzU5Nw==,Polymarket(US),exchange,R_2,A_5,A_14,wins in round 2,doesn't win in round 2,,2.0,Nilson Rojas to win in round 2,nilson-rojas-80605,0,+400,+400,+400,+400,2026-08-22T20:31:34.261799+00:00,2026-08-22T20:31:23.581423+00:00,26.96,O,0,complete
2026-08-23T23:29:09.145038+00:00,8869,2026-08-29,UFC Fight Night: Nurmagomedov vs. Song,ufc,bilal-hasan-vs-nilson-rojas-80821,T2ZmZXJOb2RlOjEwMzY5MDE2Mw==,T3V0Y29tZU5vZGU6NjgwNzU5Ng==,Polymarket(US),exchange,R_1,A_5,A_14,wins in round 1,doesn't win in round 1,,1.0,Nilson Rojas to win in round 1,nilson-rojas-80605,0,+376,+376,+376,+376,2026-08-22T20:31:34.011337+00:00,2026-08-22T20:31:23.521084+00:00,26.96,O,0,complete
2026-08-23T23:29:09.145038+00:00,8869,2026-08-29,UFC Fight Night: Nurmagomedov vs. Song,ufc,bilal-hasan-vs-nilson-rojas-80821,T2ZmZXJOb2RlOjEwMzY5MDE2Mg==,T3V0Y29tZU5vZGU6NjgwNzU5NQ==,Polymarket(US),exchange,SUB,A_5,A_13,wins by submission,doesn't win by submission,,3.0,Nilson Rojas by submission,nilson-rojas-80605,0,+456,+456,+456,+456,2026-08-22T20:31:33.737946+00:00,2026-08-22T20:31:23.430463+00:00,26.96,O,0,complete
2026-08-23T23:29:09.145038+00:00,8869,2026-08-29,UFC Fight Night: Nurmagomedov vs. Song,ufc,bilal-hasan-vs-nilson-rojas-80821,T2ZmZXJOb2RlOjEwMzY4ODkwNQ==,T3V0Y29tZU5vZGU6NjgwNTkzNA==,Polymarket,exchange,OVERUNDER_1.5,A_4,A_1,Over 1.5 rounds,Under 1.5 rounds,,1.5,Over 1.5,,0,-1329,-4900,+104,-4900,2026-08-23T23:25:56.960429+00:00,2026-08-21T22:09:48.281277+00:00,0.05,O,0,complete
2026-08-23T23:29:09.145038+00:00,8869,2026-08-29,UFC Fight Night: Nurmagomedov vs. Song,ufc,bilal-hasan-vs-nilson-rojas-80821,T2ZmZXJOb2RlOjEwMzY4ODkwNQ==,T3V0Y29tZU5vZGU6NjgwNTkzNQ==,Polymarket,exchange,OVERUNDER_1.5,A_4,A_1,Over 1.5 rounds,Under 1.5 rounds,,1.5,Under 1.5,,1,-3233,-4900,-156,-4900,2026-08-23T23:25:56.960429+00:00,2026-08-21T22:09:48.281277+00:00,0.05,O,0,complete
2026-08-23T23:29:09.145038+00:00,8869,2026-08-29,UFC Fight Night: Nurmagomedov vs. Song,ufc,bilal-hasan-vs-nilson-rojas-80821,T2ZmZXJOb2RlOjEwMzY4ODkwMg==,T3V0Y29tZU5vZGU6NjgwNTkyOA==,Polymarket,exchange,OVERUNDER_2.5,A_4,A_1,Over 2.5 rounds,Under 2.5 rounds,,2.5,Over 2.5,,0,-1900,-9900,-733,-9900,2026-08-23T19:50:06.846980+00:00,2026-08-21T22:04:29.868708+00:00,3.65,O,0,complete
2026-08-23T23:29:09.145038+00:00,8869,2026-08-29,UFC Fight Night: Nurmagomedov vs. Song,ufc,bilal-hasan-vs-nilson-rojas-80821,T2ZmZXJOb2RlOjEwMzY4ODkwMg==,T3V0Y29tZU5vZGU6NjgwNTkyOQ==,Polymarket,exchange,OVERUNDER_2.5,A_4,A_1,Over 2.5 rounds,Under 2.5 rounds,,2.5,Under 2.5,,1,-1900,-9900,-1900,-9900,2026-08-23T19:50:06.846980+00:00,2026-08-21T22:04:29.868708+00:00,3.65,O,0,complete
2026-08-23T23:29:09.145038+00:00,8869,2026-08-29,UFC Fight Night: Nurmagomedov vs. Song,ufc,bilal-hasan-vs-nilson-rojas-80821,T2ZmZXJOb2RlOjEwMzY4ODkwMQ==,T3V0Y29tZU5vZGU6NjgwNTkyNg==,Polymarket,exchange,OVERUNDER_0.5,A_4,A_1,Over 0.5 rounds,Under 0.5 rounds,,0.5,Over 0.5,,0,-1567,-4900,-1567,-4900,2026-08-23T21:45:59.626683+00:00,2026-08-21T22:04:29.816012+00:00,1.72,O,0,complete
2026-08-23T23:29:09.145038+00:00,8869,2026-08-29,UFC Fight Night: Nurmagomedov vs. Song,ufc,bilal-hasan-vs-nilson-rojas-80821,T2ZmZXJOb2RlOjEwMzY4ODkwMQ==,T3V0Y29tZU5vZGU6NjgwNTkyNw==,Polymarket,exchange,OVERUNDER_0.5,A_4,A_1,Over 0.5 rounds,Under 0.5 rounds,,0.5,Under 0.5,,1,-1567,-4900,-1329,-4900,2026-08-23T21:45:59.626683+00:00,2026-08-21T22:04:29.816012+00:00,1.72,O,0,complete
2026-08-23T23:29:09.145038+00:00,8869,2026-08-29,UFC Fight Night: Nurmagomedov vs. Song,ufc,bilal-hasan-vs-nilson-rojas-80821,T2ZmZXJOb2RlOjEwMzY4ODkwMA==,T3V0Y29tZU5vZGU6NjgwNTkyNA==,Polymarket,exchange,END_SUB,A_4,A_5,Fight ends in submission,Fight doesn't end in submission,,,Will the fight be won by submission? - Yes,,0,-1900,-2400,-1567,-2400,2026-08-23T17:15:18.029426+00:00,2026-08-21T22:04:29.757779+00:00,6.23,O,0,complete
2026-08-23T23:29:09.145038+00:00,8869,2026-08-29,UFC Fight Night: Nurmagomedov vs. Song,ufc,bilal-hasan-vs-nilson-rojas-80821,T2ZmZXJOb2RlOjEwMzY4ODkwMA==,T3V0Y29tZU5vZGU6NjgwNTkyNQ==,Polymarket,exchange,END_SUB,A_4,A_5,Fight ends in submission,Fight doesn't end in submission,,,Will the fight be won by submission? - No,,1,-3233,-4900,-3233,-4900,2026-08-23T17:15:18.029426+00:00,2026-08-21T22:04:29.757779+00:00,6.23,O,0,complete
2026-08-23T23:29:09.145038+00:00,8869,2026-08-29,UFC Fight Night: Nurmagomedov vs. Song,ufc,bilal-hasan-vs-nilson-rojas-80821,T2ZmZXJOb2RlOjEwMzY4ODg5OQ==,T3V0Y29tZU5vZGU6NjgwNTkyMg==,Polymarket,exchange,KO,A_5,A_13,wins by TKO/KO,doesn't win by TKO/KO,,2.0,Will Nilson Rojas win by KO or TKO? - Yes,nilson-rojas-80605,0,-1900,-2400,-1900,-2400,2026-08-23T22:40:03.323259+00:00,2026-08-21T22:04:29.736212+00:00,0.82,O,0,complete
2026-08-23T23:29:09.145038+00:00,8869,2026-08-29,UFC Fight Night: Nurmagomedov vs. Song,ufc,bilal-hasan-vs-nilson-rojas-80821,T2ZmZXJOb2RlOjEwMzY4ODg5OQ==,T3V0Y29tZU5vZGU6NjgwNTkyMw==,Polymarket,exchange,KO,A_5,A_13,wins by TKO/KO,doesn't win by TKO/KO,,2.0,Will Nilson Rojas win by KO or TKO? - No,nilson-rojas-80605,1,-3233,-4900,-2400,-4900,2026-08-23T22:40:03.323259+00:00,2026-08-21T22:04:29.736212+00:00,0.82,O,0,complete
2026-08-23T23:29:09.145038+00:00,8869,2026-08-29,UFC Fight Night: Nurmagomedov vs. Song,ufc,bilal-hasan-vs-nilson-rojas-80821,T2ZmZXJOb2RlOjEwMzY4ODg5OA==,T3V0Y29tZU5vZGU6NjgwNTkyMA==,Polymarket,exchange,KO,A_5,A_13,wins by TKO/KO,doesn't win by TKO/KO,,2.0,Will Bilal Hasan win by KO or TKO? - Yes,bilal-hasan-47892,0,-1900,-2400,-1567,-2400,2026-08-23T17:15:18.014077+00:00,2026-08-21T22:04:29.705272+00:00,6.23,O,0,complete
2026-08-23T23:29:09.145038+00:00,8869,2026-08-29,UFC Fight Night: Nurmagomedov vs. Song,ufc,bilal-hasan-vs-nilson-rojas-80821,T2ZmZXJOb2RlOjEwMzY4ODg5OA==,T3V0Y29tZU5vZGU6NjgwNTkyMQ==,Polymarket,exchange,KO,A_5,A_13,wins by TKO/KO,doesn't win by TKO/KO,,2.0,Will Bilal Hasan win by KO or TKO? - No,bilal-hasan-47892,1,-1329,-4900,-1329,-4900,2026-08-23T17:15:18.014077+00:00,2026-08-21T22:04:29.705272+00:00,6.23,O,0,complete
2026-08-23T23:29:09.145038+00:00,8869,2026-08-29,UFC Fight Night: Nurmagomedov vs. Song,ufc,bilal-hasan-vs-nilson-rojas-80821,T2ZmZXJOb2RlOjEwMzY4ODg5Nw==,T3V0Y29tZU5vZGU6NjgwNTkxOA==,Polymarket,exchange,END_KO,A_4,A_5,"Fight ends by KO, TKO or DQ","Fight doesn't end by KO, TKO or DQ",,,Will the fight be won by KO or TKO? - Yes,,0,-1900,-2400,-1567,-2400,2026-08-23T21:45:59.520806+00:00,2026-08-21T22:04:29.675447+00:00,1.72,O,0,complete
2026-08-23T23:29:09.145038+00:00,8869,2026-08-29,UFC Fight Night: Nurmagomedov vs. Song,ufc,bilal-hasan-vs-nilson-rojas-80821,T2ZmZXJOb2RlOjEwMzY4ODg5Nw==,T3V0Y29tZU5vZGU6NjgwNTkxOQ==,Polymarket,exchange,END_KO,A_4,A_5,"Fight ends by KO, TKO or DQ","Fight doesn't end by KO, TKO or DQ",,,Will the fight be won by KO or TKO? - No,,1,-3233,-4900,-2400,-4900,2026-08-23T21:45:59.520806+00:00,2026-08-21T22:04:29.675447+00:00,1.72,O,0,complete
2026-08-23T23:29:09.145038+00:00,8869,2026-08-29,UFC Fight Night: Nurmagomedov vs. Song,ufc,bilal-hasan-vs-nilson-rojas-80821,T2ZmZXJOb2RlOjEwMzY4ODg5Ng==,T3V0Y29tZU5vZGU6NjgwNTkxNg==,Polymarket,exchange,DISTANCE,A_4,A_2,Fight goes the distance,Fight ends inside distance,,,Fight to Go the Distance? - Yes,,0,-1900,-2400,-1567,-2400,2026-08-23T21:45:59.492764+00:00,2026-08-21T22:04:29.640698+00:00,1.72,O,0,complete
2026-08-23T23:29:09.145038+00:00,8869,2026-08-29,UFC Fight Night: Nurmagomedov vs. Song,ufc,bilal-hasan-vs-nilson-rojas-80821,T2ZmZXJOb2RlOjEwMzY4ODg5Ng==,T3V0Y29tZU5vZGU6NjgwNTkxNw==,Polymarket,exchange,DISTANCE,A_4,A_2,Fight goes the distance,Fight ends inside distance,,,Fight to Go the Distance? - No,,1,-3233,-9900,-2400,-9900,2026-08-23T21:45:59.492764+00:00,2026-08-21T22:04:29.640698+00:00,1.72,O,0,complete
2026-08-23T23:29:09.145038+00:00,8869,2026-08-29,UFC Fight Night: Nurmagomedov vs. Song,ufc,andre-lima-vs-namsrai-batbayar-80336,T2ZmZXJOb2RlOjEwMzY5MDY4MA==,T3V0Y29tZU5vZGU6NjgwODUyNA==,Stake,sportsbook,OVERUNDER_2.5,A_4,A_1,Over 2.5 rounds,Under 2.5 rounds,,2.5,Over 2.5,,0,+115,+115,+115,+115,2026-08-23T18:30:32.286038+00:00,2026-08-23T18:30:28.871937+00:00,4.98,O,0,complete
2026-08-23T23:29:09.145038+00:00,8869,2026-08-29,UFC Fight Night: Nurmagomedov vs. Song,ufc,andre-lima-vs-namsrai-batbayar-80336,T2ZmZXJOb2RlOjEwMzY5MDY4MA==,T3V0Y29tZU5vZGU6NjgwODUyNQ==,Stake,sportsbook,OVERUNDER_2.5,A_4,A_1,Over 2.5 rounds,Under 2.5 rounds,,2.5,Under 2.5,,1,-147,-147,-147,-147,2026-08-23T18:30:32.286038+00:00,2026-08-23T18:30:28.871937+00:00,4.98,O,0,complete
2026-08-23T23:29:09.145038+00:00,8869,2026-08-29,UFC Fight Night: Nurmagomedov vs. Song,ufc,andre-lima-vs-namsrai-batbayar-80336,T2ZmZXJOb2RlOjEwMzY5MDY2Mw==,T3V0Y29tZU5vZGU6NjgwODQ5MA==,ReBet,sportsbook,OVERUNDER_2.5,A_4,A_1,Over 2.5 rounds,Under 2.5 rounds,,2.5,Over 2.5,,0,+115,+115,+115,+115,2026-08-23T17:01:05.021411+00:00,2026-08-23T17:01:04.425691+00:00,6.47,O,0,complete
2026-08-23T23:29:09.145038+00:00,8869,2026-08-29,UFC Fight Night: Nurmagomedov vs. Song,ufc,andre-lima-vs-namsrai-batbayar-80336,T2ZmZXJOb2RlOjEwMzY5MDY2Mw==,T3V0Y29tZU5vZGU6NjgwODQ5MQ==,ReBet,sportsbook,OVERUNDER_2.5,A_4,A_1,Over 2.5 rounds,Under 2.5 rounds,,2.5,Under 2.5,,1,-147,-147,-147,-147,2026-08-23T17:01:05.021411+00:00,2026-08-23T17:01:04.425691+00:00,6.47,O,0,complete
2026-08-23T23:29:09.145038+00:00,8869,2026-08-29,UFC Fight Night: Nurmagomedov vs. Song,ufc,andre-lima-vs-namsrai-batbayar-80336,T2ZmZXJOb2RlOjEwMzY5MDY0Ng==,T3V0Y29tZU5vZGU6NjgwODQ1Ng==,MyBookie,sportsbook,OVERUNDER_2.5,A_4,A_1,Over 2.5 rounds,Under 2.5 rounds,,2.5,Over 2.5,,0,+113,+113,+113,+113,2026-08-23T16:52:26.137611+00:00,2026-08-23T16:52:25.708379+00:00,6.61,O,0,complete
2026-08-23T23:29:09.145038+00:00,8869,2026-08-29,UFC Fight Night: Nurmagomedov vs. Song,ufc,andre-lima-vs-namsrai-batbayar-80336,T2ZmZXJOb2RlOjEwMzY5MDY0Ng==,T3V0Y29tZU5vZGU6NjgwODQ1Nw==,MyBookie,sportsbook,OVERUNDER_2.5,A_4,A_1,Over 2.5 rounds,Under 2.5 rounds,,2.5,Under 2.5,,1,-150,-150,-150,-150,2026-08-23T16:52:26.137611+00:00,2026-08-23T16:52:25.708379+00:00,6.61,O,0,complete
2026-08-23T23:29:09.145038+00:00,8869,2026-08-29,UFC Fight Night: Nurmagomedov vs. Song,ufc,andre-lima-vs-namsrai-batbayar-80336,T2ZmZXJOb2RlOjEwMzY5MDYzNQ==,T3V0Y29tZU5vZGU6NjgwODQzNA==,BetUS,sportsbook,OVERUNDER_2.5,A_4,A_1,Over 2.5 rounds,Under 2.5 rounds,,2.5,Over 2.5,,0,+118,+130,+130,+118,2026-08-23T16:45:39.351341+00:00,2026-08-23T16:41:02.839373+00:00,6.72,O,0,complete
2026-08-23T23:29:09.145038+00:00,8869,2026-08-29,UFC Fight Night: Nurmagomedov vs. Song,ufc,andre-lima-vs-namsrai-batbayar-80336,T2ZmZXJOb2RlOjEwMzY5MDYzNQ==,T3V0Y29tZU5vZGU6NjgwODQzNQ==,BetUS,sportsbook,OVERUNDER_2.5,A_4,A_1,Over 2.5 rounds,Under 2.5 rounds,,2.5,Under 2.5,,1,-140,-155,-140,-155,2026-08-23T16:45:39.351341+00:00,2026-08-23T16:41:02.839373+00:00,6.72,O,0,complete
2026-08-23T23:29:09.145038+00:00,8869,2026-08-29,UFC Fight Night: Nurmagomedov vs. Song,ufc,andre-lima-vs-namsrai-batbayar-80336,T2ZmZXJOb2RlOjEwMzY5MDYzMg==,T3V0Y29tZU5vZGU6NjgwODQyOA==,Bovada,sportsbook,OVERUNDER_2.5,A_4,A_1,Over 2.5 rounds,Under 2.5 rounds,,2.5,Over 2.5,,0,+115,-130,+115,-130,2026-08-23T16:44:48.018261+00:00,2026-08-23T16:39:52.847956+00:00,6.74,O,0,complete
2026-08-23T23:29:09.145038+00:00,8869,2026-08-29,UFC Fight Night: Nurmagomedov vs. Song,ufc,andre-lima-vs-namsrai-batbayar-80336,T2ZmZXJOb2RlOjEwMzY5MDYzMg==,T3V0Y29tZU5vZGU6NjgwODQyOQ==,Bovada,sportsbook,OVERUNDER_2.5,A_4,A_1,Over 2.5 rounds,Under 2.5 rounds,,2.5,Under 2.5,,1,-150,+100,+100,-150,2026-08-23T16:44:48.018261+00:00,2026-08-23T16:39:52.847956+00:00,6.74,O,0,complete
2026-08-23T23:29:09.145038+00:00,8869,2026-08-29,UFC Fight Night: Nurmagomedov vs. Song,ufc,andre-lima-vs-namsrai-batbayar-80336,T2ZmZXJOb2RlOjEwMzY5MDYzMQ==,T3V0Y29tZU5vZGU6NjgwODQyNg==,BetOnline,sportsbook,OVERUNDER_2.5,A_4,A_1,Over 2.5 rounds,Under 2.5 rounds,,2.5,Over 2.5,,0,+120,-125,+135,-125,2026-08-23T16:42:26.773312+00:00,2026-08-23T16:39:51.859099+00:00,6.78,O,0,complete
2026-08-23T23:29:09.145038+00:00,8869,2026-08-29,UFC Fight Night: Nurmagomedov vs. Song,ufc,andre-lima-vs-namsrai-batbayar-80336,T2ZmZXJOb2RlOjEwMzY5MDYzMQ==,T3V0Y29tZU5vZGU6NjgwODQyNw==,BetOnline,sportsbook,OVERUNDER_2.5,A_4,A_1,Over 2.5 rounds,Under 2.5 rounds,,2.5,Under 2.5,,1,-140,+105,+105,-155,2026-08-23T16:42:26.773312+00:00,2026-08-23T16:39:51.859099+00:00,6.78,O,0,complete
2026-08-23T23:29:09.145038+00:00,8869,2026-08-29,UFC Fight Night: Nurmagomedov vs. Song,ufc,andre-lima-vs-namsrai-batbayar-80336,T2ZmZXJOb2RlOjEwMzY3NzQ1Ng==,T3V0Y29tZU5vZGU6Njc5MDk4MA==,Polymarket,exchange,OVERUNDER_2.5,A_4,A_1,Over 2.5 rounds,Under 2.5 rounds,,2.5,Over 2.5,,0,-1900,-9900,-122,-9900,2026-08-23T22:30:22.578142+00:00,2026-08-15T22:05:15.783726+00:00,0.98,O,0,complete
2026-08-23T23:29:09.145038+00:00,8869,2026-08-29,UFC Fight Night: Nurmagomedov vs. Song,ufc,andre-lima-vs-namsrai-batbayar-80336,T2ZmZXJOb2RlOjEwMzY3NzQ1Ng==,T3V0Y29tZU5vZGU6Njc5MDk4MQ==,Polymarket,exchange,OVERUNDER_2.5,A_4,A_1,Over 2.5 rounds,Under 2.5 rounds,,2.5,Under 2.5,,1,-1900,-9900,-203,-9900,2026-08-23T22:30:22.578142+00:00,2026-08-15T22:05:15.783726+00:00,0.98,O,0,complete
2026-08-23T23:29:09.145038+00:00,8869,2026-08-29,UFC Fight Night: Nurmagomedov vs. Song,ufc,andre-lima-vs-namsrai-batbayar-80336,T2ZmZXJOb2RlOjEwMzY3NzQ1NQ==,T3V0Y29tZU5vZGU6Njc5MDk3OA==,Polymarket,exchange,OVERUNDER_1.5,A_4,A_1,Over 1.5 rounds,Under 1.5 rounds,,1.5,Over 1.5,,0,-1900,-9900,-1567,-9900,2026-08-23T23:25:56.760277+00:00,2026-08-15T22:05:15.733113+00:00,0.05,O,0,complete
2026-08-23T23:29:09.145038+00:00,8869,2026-08-29,UFC Fight Night: Nurmagomedov vs. Song,ufc,andre-lima-vs-namsrai-batbayar-80336,T2ZmZXJOb2RlOjEwMzY3NzQ1NQ==,T3V0Y29tZU5vZGU6Njc5MDk3OQ==,Polymarket,exchange,OVERUNDER_1.5,A_4,A_1,Over 1.5 rounds,Under 1.5 rounds,,1.5,Under 1.5,,1,-2400,-9900,-1567,-9900,2026-08-23T23:25:56.760277+00:00,2026-08-15T22:05:15.733113+00:00,0.05,O,0,complete
2026-08-23T23:29:09.145038+00:00,8869,2026-08-29,UFC Fight Night: Nurmagomedov vs. Song,ufc,andre-lima-vs-namsrai-batbayar-80336,T2ZmZXJOb2RlOjEwMzY3NzQ1NA==,T3V0Y29tZU5vZGU6Njc5MDk3Ng==,Polymarket,exchange,OVERUNDER_0.5,A_4,A_1,Over 0.5 rounds,Under 0.5 rounds,,0.5,Over 0.5,,0,-1900,-4900,-1900,-4900,2026-08-23T19:50:05.851413+00:00,2026-08-15T22:05:15.663917+00:00,3.65,O,0,complete
2026-08-23T23:29:09.145038+00:00,8869,2026-08-29,UFC Fight Night: Nurmagomedov vs. Song,ufc,andre-lima-vs-namsrai-batbayar-80336,T2ZmZXJOb2RlOjEwMzY3NzQ1NA==,T3V0Y29tZU5vZGU6Njc5MDk3Nw==,Polymarket,exchange,OVERUNDER_0.5,A_4,A_1,Over 0.5 rounds,Under 0.5 rounds,,0.5,Under 0.5,,1,-1900,-4900,-1329,-4900,2026-08-23T19:50:05.851413+00:00,2026-08-15T22:05:15.663917+00:00,3.65,O,0,complete
2026-08-23T23:29:09.145038+00:00,8869,2026-08-29,UFC Fight Night: Nurmagomedov vs. Song,ufc,andre-lima-vs-namsrai-batbayar-80336,T2ZmZXJOb2RlOjEwMzY3NzQ1Mw==,T3V0Y29tZU5vZGU6Njc5MDk3NA==,Polymarket,exchange,END_SUB,A_4,A_5,Fight ends in submission,Fight doesn't end in submission,,,Will the fight be won by submission? - Yes,,0,-3233,-4900,-2400,-4900,2026-08-23T22:25:44.672839+00:00,2026-08-15T22:05:15.604809+00:00,1.06,O,0,complete
2026-08-23T23:29:09.145038+00:00,8869,2026-08-29,UFC Fight Night: Nurmagomedov vs. Song,ufc,andre-lima-vs-namsrai-batbayar-80336,T2ZmZXJOb2RlOjEwMzY3NzQ1Mw==,T3V0Y29tZU5vZGU6Njc5MDk3NQ==,Polymarket,exchange,END_SUB,A_4,A_5,Fight ends in submission,Fight doesn't end in submission,,,Will the fight be won by submission? - No,,1,-2400,-4900,-1900,-4900,2026-08-23T22:25:44.672839+00:00,2026-08-15T22:05:15.604809+00:00,1.06,O,0,complete
2026-08-23T23:29:09.145038+00:00,8869,2026-08-29,UFC Fight Night: Nurmagomedov vs. Song,ufc,andre-lima-vs-namsrai-batbayar-80336,T2ZmZXJOb2RlOjEwMzY3NzQ3OQ==,T3V0Y29tZU5vZGU6Njc5MTAyNg==,Polymarket,exchange,DISTANCE,A_4,A_2,Fight goes the distance,Fight ends inside distance,,,Fight to Go the Distance? - Yes,,0,-3233,-3233,-2400,-4900,2026-08-23T21:45:58.935037+00:00,2026-08-15T22:14:29.879254+00:00,1.72,O,0,complete
2026-08-23T23:29:09.145038+00:00,8869,2026-08-29,UFC Fight Night: Nurmagomedov vs. Song,ufc,andre-lima-vs-namsrai-batbayar-80336,T2ZmZXJOb2RlOjEwMzY3NzQ3OQ==,T3V0Y29tZU5vZGU6Njc5MTAyNw==,Polymarket,exchange,DISTANCE,A_4,A_2,Fight goes the distance,Fight ends inside distance,,,Fight to Go the Distance? - No,,1,-3233,-3233,-1900,-4900,2026-08-23T21:45:58.935037+00:00,2026-08-15T22:14:29.879254+00:00,1.72,O,0,complete
2026-08-23T23:29:09.145038+00:00,8869,2026-08-29,UFC Fight Night: Nurmagomedov vs. Song,ufc,andre-lima-vs-namsrai-batbayar-80336,T2ZmZXJOb2RlOjEwMzY3NzQ1Mg==,T3V0Y29tZU5vZGU6Njc5MDk3Mg==,Polymarket,exchange,KO,A_5,A_13,wins by TKO/KO,doesn't win by TKO/KO,,2.0,Will Andre Lima win by KO or TKO? - Yes,andre-lima-54159,0,-138,-4900,-138,-4900,2026-08-22T19:14:42.290296+00:00,2026-08-15T22:05:15.557705+00:00,28.24,O,0,complete
2026-08-23T23:29:09.145038+00:00,8869,2026-08-29,UFC Fight Night: Nurmagomedov vs. Song,ufc,andre-lima-vs-namsrai-batbayar-80336,T2ZmZXJOb2RlOjEwMzY3NzQ1Mg==,T3V0Y29tZU5vZGU6Njc5MDk3Mw==,Polymarket,exchange,KO,A_5,A_13,wins by TKO/KO,doesn't win by TKO/KO,,2.0,Will Andre Lima win by KO or TKO? - No,andre-lima-54159,1,-3233,-4900,-2400,-4900,2026-08-22T19:14:42.290296+00:00,2026-08-15T22:05:15.557705+00:00,28.24,O,0,complete
2026-08-23T23:29:09.145038+00:00,8869,2026-08-29,UFC Fight Night: Nurmagomedov vs. Song,ufc,andre-lima-vs-namsrai-batbayar-80336,T2ZmZXJOb2RlOjEwMzY3NzQ1MQ==,T3V0Y29tZU5vZGU6Njc5MDk3MA==,Polymarket,exchange,KO,A_5,A_13,wins by TKO/KO,doesn't win by TKO/KO,,2.0,Will Namsrai Batbayar win by KO or TKO? - Yes,namsrai-batbayar-52485,0,-3233,-4900,-2400,-4900,2026-08-23T23:25:56.743350+00:00,2026-08-15T22:05:15.502920+00:00,0.05,O,0,complete
2026-08-23T23:29:09.145038+00:00,8869,2026-08-29,UFC Fight Night: Nurmagomedov vs. Song,ufc,andre-lima-vs-namsrai-batbayar-80336,T2ZmZXJOb2RlOjEwMzY3NzQ1MQ==,T3V0Y29tZU5vZGU6Njc5MDk3MQ==,Polymarket,exchange,KO,A_5,A_13,wins by TKO/KO,doesn't win by TKO/KO,,2.0,Will Namsrai Batbayar win by KO or TKO? - No,namsrai-batbayar-52485,1,-2400,-4900,-1900,-4900,2026-08-23T23:25:56.743350+00:00,2026-08-15T22:05:15.502920+00:00,0.05,O,0,complete
2026-08-23T23:29:09.145038+00:00,8869,2026-08-29,UFC Fight Night: Nurmagomedov vs. Song,ufc,andre-lima-vs-namsrai-batbayar-80336,T2ZmZXJOb2RlOjEwMzY3NzQ1MA==,T3V0Y29tZU5vZGU6Njc5MDk2OA==,Polymarket,exchange,END_KO,A_4,A_5,"Fight ends by KO, TKO or DQ","Fight doesn't end by KO, TKO or DQ",,,Will the fight be won by KO or TKO? - Yes,,0,-3233,-4900,-1567,-4900,2026-08-23T21:35:16.454352+00:00,2026-08-15T22:05:15.456292+00:00,1.9,O,0,complete
2026-08-23T23:29:09.145038+00:00,8869,2026-08-29,UFC Fight Night: Nurmagomedov vs. Song,ufc,andre-lima-vs-namsrai-batbayar-80336,T2ZmZXJOb2RlOjEwMzY3NzQ1MA==,T3V0Y29tZU5vZGU6Njc5MDk2OQ==,Polymarket,exchange,END_KO,A_4,A_5,"Fight ends by KO, TKO or DQ","Fight doesn't end by KO, TKO or DQ",,,Will the fight be won by KO or TKO? - No,,1,-3233,-4900,-1900,-4900,2026-08-23T21:35:16.454352+00:00,2026-08-15T22:05:15.456292+00:00,1.9,O,0,complete
2026-08-23T23:29:09.145038+00:00,8869,2026-08-29,UFC Fight Night: Nurmagomedov vs. Song,ufc,rei-tsuruya-vs-kevin-borjas-79779,T2ZmZXJOb2RlOjEwMzY5MDY3OQ==,T3V0Y29tZU5vZGU6NjgwODUyMg==,Stake,sportsbook,OVERUNDER_2.5,A_4,A_1,Over 2.5 rounds,Under 2.5 rounds,,2.5,Over 2.5,,0,+140,+136,+140,+136,2026-08-23T21:34:09.322908+00:00,2026-08-23T18:30:28.832615+00:00,1.92,O,0,complete
2026-08-23T23:29:09.145038+00:00,8869,2026-08-29,UFC Fight Night: Nurmagomedov vs. Song,ufc,rei-tsuruya-vs-kevin-borjas-79779,T2ZmZXJOb2RlOjEwMzY5MDY3OQ==,T3V0Y29tZU5vZGU6NjgwODUyMw==,Stake,sportsbook,OVERUNDER_2.5,A_4,A_1,Over 2.5 rounds,Under 2.5 rounds,,2.5,Under 2.5,,1,-182,-175,-175,-182,2026-08-23T21:34:09.322908+00:00,2026-08-23T18:30:28.832615+00:00,1.92,O,0,complete
2026-08-23T23:29:09.145038+00:00,8869,2026-08-29,UFC Fight Night: Nurmagomedov vs. Song,ufc,rei-tsuruya-vs-kevin-borjas-79779,T2ZmZXJOb2RlOjEwMzY5MDY2Mg==,T3V0Y29tZU5vZGU6NjgwODQ4OA==,ReBet,sportsbook,OVERUNDER_2.5,A_4,A_1,Over 2.5 rounds,Under 2.5 rounds,,2.5,Over 2.5,,0,+136,+128,+140,+128,2026-08-23T21:45:53.390695+00:00,2026-08-23T17:01:04.389624+00:00,1.72,O,0,complete
2026-08-23T23:29:09.145038+00:00,8869,2026-08-29,UFC Fight Night: Nurmagomedov vs. Song,ufc,rei-tsuruya-vs-kevin-borjas-79779,T2ZmZXJOb2RlOjEwMzY5MDY2Mg==,T3V0Y29tZU5vZGU6NjgwODQ4OQ==,ReBet,sportsbook,OVERUNDER_2.5,A_4,A_1,Over 2.5 rounds,Under 2.5 rounds,,2.5,Under 2.5,,1,-175,-164,-164,-180,2026-08-23T21:45:53.390695+00:00,2026-08-23T17:01:04.389624+00:00,1.72,O,0,complete
2026-08-23T23:29:09.145038+00:00,8869,2026-08-29,UFC Fight Night: Nurmagomedov vs. Song,ufc,rei-tsuruya-vs-kevin-borjas-79779,T2ZmZXJOb2RlOjEwMzY5MDY1NA==,T3V0Y29tZU5vZGU6NjgwODQ3Mg==,MyBookie,sportsbook,OVERUNDER_2.5,A_4,A_1,Over 2.5 rounds,Under 2.5 rounds,,2.5,Over 2.5,,0,+133,+126,+137,+126,2026-08-23T21:46:28.048971+00:00,2026-08-23T17:00:36.500268+00:00,1.71,O,0,complete
2026-08-23T23:29:09.145038+00:00,8869,2026-08-29,UFC Fight Night: Nurmagomedov vs. Song,ufc,rei-tsuruya-vs-kevin-borjas-79779,T2ZmZXJOb2RlOjEwMzY5MDY1NA==,T3V0Y29tZU5vZGU6NjgwODQ3Mw==,MyBookie,sportsbook,OVERUNDER_2.5,A_4,A_1,Over 2.5 rounds,Under 2.5 rounds,,2.5,Under 2.5,,1,-179,-168,-168,-184,2026-08-23T21:46:28.048971+00:00,2026-08-23T17:00:36.500268+00:00,1.71,O,0,complete
2026-08-23T23:29:09.145038+00:00,8869,2026-08-29,UFC Fight Night: Nurmagomedov vs. Song,ufc,rei-tsuruya-vs-kevin-borjas-79779,T2ZmZXJOb2RlOjEwMzY5MDY0Mg==,T3V0Y29tZU5vZGU6NjgwODQ0OA==,BetUS,sportsbook,OVERUNDER_2.5,A_4,A_1,Over 2.5 rounds,Under 2.5 rounds,,2.5,Over 2.5,,0,+138,+130,+142,+130,2026-08-23T21:45:23.222282+00:00,2026-08-23T16:50:36.235608+00:00,1.73,O,0,complete
2026-08-23T23:29:09.145038+00:00,8869,2026-08-29,UFC Fight Night: Nurmagomedov vs. Song,ufc,rei-tsuruya-vs-kevin-borjas-79779,T2ZmZXJOb2RlOjEwMzY5MDY0Mg==,T3V0Y29tZU5vZGU6NjgwODQ0OQ==,BetUS,sportsbook,OVERUNDER_2.5,A_4,A_1,Over 2.5 rounds,Under 2.5 rounds,,2.5,Under 2.5,,1,-165,-155,-155,-170,2026-08-23T21:45:23.222282+00:00,2026-08-23T16:50:36.235608+00:00,1.73,O,0,complete
2026-08-23T23:29:09.145038+00:00,8869,2026-08-29,UFC Fight Night: Nurmagomedov vs. Song,ufc,rei-tsuruya-vs-kevin-borjas-79779,T2ZmZXJOb2RlOjEwMzY5MDY0MQ==,T3V0Y29tZU5vZGU6NjgwODQ0Ng==,Bovada,sportsbook,OVERUNDER_2.5,A_4,A_1,Over 2.5 rounds,Under 2.5 rounds,,2.5,Over 2.5,,0,+135,+130,+140,+130,2026-08-23T21:45:14.475100+00:00,2026-08-23T16:50:35.395030+00:00,1.73,O,0,complete
2026-08-23T23:29:09.145038+00:00,8869,2026-08-29,UFC Fight Night: Nurmagomedov vs. Song,ufc,rei-tsuruya-vs-kevin-borjas-79779,T2ZmZXJOb2RlOjEwMzY5MDY0MQ==,T3V0Y29tZU5vZGU6NjgwODQ0Nw==,Bovada,sportsbook,OVERUNDER_2.5,A_4,A_1,Over 2.5 rounds,Under 2.5 rounds,,2.5,Under 2.5,,1,-175,-170,-170,-185,2026-08-23T21:45:14.475100+00:00,2026-08-23T16:50:35.395030+00:00,1.73,O,0,complete
2026-08-23T23:29:09.145038+00:00,8869,2026-08-29,UFC Fight Night: Nurmagomedov vs. Song,ufc,rei-tsuruya-vs-kevin-borjas-79779,T2ZmZXJOb2RlOjEwMzY5MDYzOA==,T3V0Y29tZU5vZGU6NjgwODQ0MA==,BetOnline,sportsbook,OVERUNDER_2.5,A_4,A_1,Over 2.5 rounds,Under 2.5 rounds,,2.5,Over 2.5,,0,+145,-140,+149,-140,2026-08-23T21:40:37.247722+00:00,2026-08-23T16:44:48.159964+00:00,1.81,O,0,complete
2026-08-23T23:29:09.145038+00:00,8869,2026-08-29,UFC Fight Night: Nurmagomedov vs. Song,ufc,rei-tsuruya-vs-kevin-borjas-79779,T2ZmZXJOb2RlOjEwMzY5MDYzOA==,T3V0Y29tZU5vZGU6NjgwODQ0MQ==,BetOnline,sportsbook,OVERUNDER_2.5,A_4,A_1,Over 2.5 rounds,Under 2.5 rounds,,2.5,Under 2.5,,1,-165,+120,+120,-170,2026-08-23T21:40:37.247722+00:00,2026-08-23T16:44:48.159964+00:00,1.81,O,0,complete
2026-08-23T23:29:09.145038+00:00,8869,2026-08-29,UFC Fight Night: Nurmagomedov vs. Song,ufc,rei-tsuruya-vs-kevin-borjas-79779,T2ZmZXJOb2RlOjEwMzY3NzQ4Mw==,T3V0Y29tZU5vZGU6Njc5MTAzNA==,Polymarket,exchange,DISTANCE,A_4,A_2,Fight goes the distance,Fight ends inside distance,,,Fight to Go the Distance? - Yes,,0,-3233,-3233,-2400,-9900,2026-08-23T18:45:36.800107+00:00,2026-08-15T22:14:29.936510+00:00,4.73,O,0,complete
2026-08-23T23:29:09.145038+00:00,8869,2026-08-29,UFC Fight Night: Nurmagomedov vs. Song,ufc,rei-tsuruya-vs-kevin-borjas-79779,T2ZmZXJOb2RlOjEwMzY3NzQ4Mw==,T3V0Y29tZU5vZGU6Njc5MTAzNQ==,Polymarket,exchange,DISTANCE,A_4,A_2,Fight goes the distance,Fight ends inside distance,,,Fight to Go the Distance? - No,,1,-3233,-3233,-2400,-9900,2026-08-23T18:45:36.800107+00:00,2026-08-15T22:14:29.936510+00:00,4.73,O,0,complete
2026-08-23T23:29:09.145038+00:00,8869,2026-08-29,UFC Fight Night: Nurmagomedov vs. Song,ufc,rei-tsuruya-vs-kevin-borjas-79779,T2ZmZXJOb2RlOjEwMzY3NzQ4NA==,T3V0Y29tZU5vZGU6Njc5MTAzNg==,Polymarket,exchange,OVERUNDER_1.5,A_4,A_1,Over 1.5 rounds,Under 1.5 rounds,,1.5,Over 1.5,,0,-1900,-3233,-1567,-4900,2026-08-23T21:45:59.135696+00:00,2026-08-15T22:14:29.954523+00:00,1.72,O,0,complete
2026-08-23T23:29:09.145038+00:00,8869,2026-08-29,UFC Fight Night: Nurmagomedov vs. Song,ufc,rei-tsuruya-vs-kevin-borjas-79779,T2ZmZXJOb2RlOjEwMzY3NzQ4NA==,T3V0Y29tZU5vZGU6Njc5MTAzNw==,Polymarket,exchange,OVERUNDER_1.5,A_4,A_1,Over 1.5 rounds,Under 1.5 rounds,,1.5,Under 1.5,,1,-1900,-3233,-1567,-4900,2026-08-23T21:45:59.135696+00:00,2026-08-15T22:14:29.954523+00:00,1.72,O,0,complete
2026-08-23T23:29:09.145038+00:00,8869,2026-08-29,UFC Fight Night: Nurmagomedov vs. Song,ufc,rei-tsuruya-vs-kevin-borjas-79779,T2ZmZXJOb2RlOjEwMzY3NzQ4NQ==,T3V0Y29tZU5vZGU6Njc5MTAzOA==,Polymarket,exchange,OVERUNDER_2.5,A_4,A_1,Over 2.5 rounds,Under 2.5 rounds,,2.5,Over 2.5,,0,-1900,-3233,-117,-4900,2026-08-23T19:50:06.083539+00:00,2026-08-15T22:14:29.973781+00:00,3.65,O,0,complete
2026-08-23T23:29:09.145038+00:00,8869,2026-08-29,UFC Fight Night: Nurmagomedov vs. Song,ufc,rei-tsuruya-vs-kevin-borjas-79779,T2ZmZXJOb2RlOjEwMzY3NzQ4NQ==,T3V0Y29tZU5vZGU6Njc5MTAzOQ==,Polymarket,exchange,OVERUNDER_2.5,A_4,A_1,Over 2.5 rounds,Under 2.5 rounds,,2.5,Under 2.5,,1,-1900,-3233,-203,-4900,2026-08-23T19:50:06.083539+00:00,2026-08-15T22:14:29.973781+00:00,3.65,O,0,complete
2026-08-23T23:29:09.145038+00:00,8869,2026-08-29,UFC Fight Night: Nurmagomedov vs. Song,ufc,rei-tsuruya-vs-kevin-borjas-79779,T2ZmZXJOb2RlOjEwMzY3NzQ2Nw==,T3V0Y29tZU5vZGU6Njc5MTAwMg==,Polymarket,exchange,END_SUB,A_4,A_5,Fight ends in submission,Fight doesn't end in submission,,,Will the fight be won by submission? - Yes,,0,-3233,-4900,-1900,-4900,2026-08-23T23:25:56.818154+00:00,2026-08-15T22:05:16.677486+00:00,0.05,O,0,complete
2026-08-23T23:29:09.145038+00:00,8869,2026-08-29,UFC Fight Night: Nurmagomedov vs. Song,ufc,rei-tsuruya-vs-kevin-borjas-79779,T2ZmZXJOb2RlOjEwMzY3NzQ2Nw==,T3V0Y29tZU5vZGU6Njc5MTAwMw==,Polymarket,exchange,END_SUB,A_4,A_5,Fight ends in submission,Fight doesn't end in submission,,,Will the fight be won by submission? - No,,1,-2400,-4900,-1900,-4900,2026-08-23T23:25:56.818154+00:00,2026-08-15T22:05:16.677486+00:00,0.05,O,0,complete
2026-08-23T23:29:09.145038+00:00,8869,2026-08-29,UFC Fight Night: Nurmagomedov vs. Song,ufc,rei-tsuruya-vs-kevin-borjas-79779,T2ZmZXJOb2RlOjEwMzY3NzQ2Ng==,T3V0Y29tZU5vZGU6Njc5MTAwMA==,Polymarket,exchange,KO,A_5,A_13,wins by TKO/KO,doesn't win by TKO/KO,,2.0,Will Kevin Borjas win by KO or TKO? - Yes,kevin-borjas-38321,0,-3233,-4900,-2400,-4900,2026-08-23T23:25:56.815986+00:00,2026-08-15T22:05:16.559767+00:00,0.05,O,0,complete
2026-08-23T23:29:09.145038+00:00,8869,2026-08-29,UFC Fight Night: Nurmagomedov vs. Song,ufc,rei-tsuruya-vs-kevin-borjas-79779,T2ZmZXJOb2RlOjEwMzY3NzQ2Ng==,T3V0Y29tZU5vZGU6Njc5MTAwMQ==,Polymarket,exchange,KO,A_5,A_13,wins by TKO/KO,doesn't win by TKO/KO,,2.0,Will Kevin Borjas win by KO or TKO? - No,kevin-borjas-38321,1,-1567,-4900,-1567,-4900,2026-08-23T23:25:56.815986+00:00,2026-08-15T22:05:16.559767+00:00,0.05,O,0,complete
2026-08-23T23:29:09.145038+00:00,8869,2026-08-29,UFC Fight Night: Nurmagomedov vs. Song,ufc,rei-tsuruya-vs-kevin-borjas-79779,T2ZmZXJOb2RlOjEwMzY3NzQ2OA==,T3V0Y29tZU5vZGU6Njc5MTAwNA==,Polymarket,exchange,OVERUNDER_0.5,A_4,A_1,Over 0.5 rounds,Under 0.5 rounds,,0.5,Over 0.5,,0,-1900,-4900,-1900,-4900,2026-08-23T19:50:06.041590+00:00,2026-08-15T22:05:16.711086+00:00,3.65,O,0,complete
2026-08-23T23:29:09.145038+00:00,8869,2026-08-29,UFC Fight Night: Nurmagomedov vs. Song,ufc,rei-tsuruya-vs-kevin-borjas-79779,T2ZmZXJOb2RlOjEwMzY3NzQ2OA==,T3V0Y29tZU5vZGU6Njc5MTAwNQ==,Polymarket,exchange,OVERUNDER_0.5,A_4,A_1,Over 0.5 rounds,Under 0.5 rounds,,0.5,Under 0.5,,1,-1900,-4900,-1329,-4900,2026-08-23T19:50:06.041590+00:00,2026-08-15T22:05:16.711086+00:00,3.65,O,0,complete
2026-08-23T23:29:09.145038+00:00,8869,2026-08-29,UFC Fight Night: Nurmagomedov vs. Song,ufc,rei-tsuruya-vs-kevin-borjas-79779,T2ZmZXJOb2RlOjEwMzY3NzQ2NQ==,T3V0Y29tZU5vZGU6Njc5MDk5OA==,Polymarket,exchange,KO,A_5,A_13,wins by TKO/KO,doesn't win by TKO/KO,,2.0,Will Rei Tsuruya win by KO or TKO? - Yes,rei-tsuruya-49403,0,-3233,-4900,-2400,-4900,2026-08-23T21:35:16.614143+00:00,2026-08-15T22:05:16.447892+00:00,1.9,O,0,complete
2026-08-23T23:29:09.145038+00:00,8869,2026-08-29,UFC Fight Night: Nurmagomedov vs. Song,ufc,rei-tsuruya-vs-kevin-borjas-79779,T2ZmZXJOb2RlOjEwMzY3NzQ2NQ==,T3V0Y29tZU5vZGU6Njc5MDk5OQ==,Polymarket,exchange,KO,A_5,A_13,wins by TKO/KO,doesn't win by TKO/KO,,2.0,Will Rei Tsuruya win by KO or TKO? - No,rei-tsuruya-49403,1,-3233,-4900,-2400,-4900,2026-08-23T21:35:16.614143+00:00,2026-08-15T22:05:16.447892+00:00,1.9,O,0,complete
2026-08-23T23:29:09.145038+00:00,8869,2026-08-29,UFC Fight Night: Nurmagomedov vs. Song,ufc,rei-tsuruya-vs-kevin-borjas-79779,T2ZmZXJOb2RlOjEwMzY3NzQ2NA==,T3V0Y29tZU5vZGU6Njc5MDk5Ng==,Polymarket,exchange,END_KO,A_4,A_5,"Fight ends by KO, TKO or DQ","Fight doesn't end by KO, TKO or DQ",,,Will the fight be won by KO or TKO? - Yes,,0,-3233,-4900,-2400,-4900,2026-08-23T21:45:59.113773+00:00,2026-08-15T22:05:16.385439+00:00,1.72,O,0,complete
2026-08-23T23:29:09.145038+00:00,8869,2026-08-29,UFC Fight Night: Nurmagomedov vs. Song,ufc,rei-tsuruya-vs-kevin-borjas-79779,T2ZmZXJOb2RlOjEwMzY3NzQ2NA==,T3V0Y29tZU5vZGU6Njc5MDk5Nw==,Polymarket,exchange,END_KO,A_4,A_5,"Fight ends by KO, TKO or DQ","Fight doesn't end by KO, TKO or DQ",,,Will the fight be won by KO or TKO? - No,,1,-3233,-4900,-2400,-4900,2026-08-23T21:45:59.113773+00:00,2026-08-15T22:05:16.385439+00:00,1.72,O,0,complete
2026-08-23T23:29:09.145038+00:00,8869,2026-08-29,UFC Fight Night: Nurmagomedov vs. Song,ufc,rei-tsuruya-vs-kevin-borjas-79779,T2ZmZXJOb2RlOjEwMzY2NjI4Ng==,T3V0Y29tZU5vZGU6Njc3NjY5NQ==,Polymarket(US),exchange,SUB,A_5,A_13,wins by submission,doesn't win by submission,,3.0,Rei Tsuruya by submission,rei-tsuruya-49403,0,+355,+355,+355,+355,2026-08-09T01:31:07.264448+00:00,2026-08-09T01:31:07.264473+00:00,357.97,O,0,complete
2026-08-23T23:29:09.145038+00:00,8869,2026-08-29,UFC Fight Night: Nurmagomedov vs. Song,ufc,rei-tsuruya-vs-kevin-borjas-79779,T2ZmZXJOb2RlOjEwMzY2NjI4NQ==,T3V0Y29tZU5vZGU6Njc3NjY5NA==,Polymarket(US),exchange,KO,A_5,A_13,wins by TKO/KO,doesn't win by TKO/KO,,2.0,Rei Tsuruya by KO/TKO/DQ,rei-tsuruya-49403,0,+400,+400,+400,+400,2026-08-09T01:31:07.237335+00:00,2026-08-09T01:31:07.237360+00:00,357.97,O,0,complete
2026-08-23T23:29:09.145038+00:00,8869,2026-08-29,UFC Fight Night: Nurmagomedov vs. Song,ufc,long-xiao-vs-francesco-nuzzi-80954,T2ZmZXJOb2RlOjEwMzY5MDY3OA==,T3V0Y29tZU5vZGU6NjgwODUyMA==,Stake,sportsbook,OVERUNDER_2.5,A_4,A_1,Over 2.5 rounds,Under 2.5 rounds,,2.5,Over 2.5,,0,-141,-141,-141,-141,2026-08-23T18:30:31.738374+00:00,2026-08-23T18:30:28.805712+00:00,4.98,O,0,complete
2026-08-23T23:29:09.145038+00:00,8869,2026-08-29,UFC Fight Night: Nurmagomedov vs. Song,ufc,long-xiao-vs-francesco-nuzzi-80954,T2ZmZXJOb2RlOjEwMzY5MDY3OA==,T3V0Y29tZU5vZGU6NjgwODUyMQ==,Stake,sportsbook,OVERUNDER_2.5,A_4,A_1,Over 2.5 rounds,Under 2.5 rounds,,2.5,Under 2.5,,1,+110,+110,+110,+110,2026-08-23T18:30:31.738374+00:00,2026-08-23T18:30:28.805712+00:00,4.98,O,0,complete
2026-08-23T23:29:09.145038+00:00,8869,2026-08-29,UFC Fight Night: Nurmagomedov vs. Song,ufc,long-xiao-vs-francesco-nuzzi-80954,T2ZmZXJOb2RlOjEwMzY5MDY3MA==,T3V0Y29tZU5vZGU6NjgwODUwNA==,ReBet,sportsbook,OVERUNDER_2.5,A_4,A_1,Over 2.5 rounds,Under 2.5 rounds,,2.5,Over 2.5,,0,-141,-141,-141,-141,2026-08-23T17:15:49.459994+00:00,2026-08-23T17:15:49.382793+00:00,6.22,O,0,complete
2026-08-23T23:29:09.145038+00:00,8869,2026-08-29,UFC Fight Night: Nurmagomedov vs. Song,ufc,long-xiao-vs-francesco-nuzzi-80954,T2ZmZXJOb2RlOjEwMzY5MDY3MA==,T3V0Y29tZU5vZGU6NjgwODUwNQ==,ReBet,sportsbook,OVERUNDER_2.5,A_4,A_1,Over 2.5 rounds,Under 2.5 rounds,,2.5,Under 2.5,,1,+110,+110,+110,+110,2026-08-23T17:15:49.459994+00:00,2026-08-23T17:15:49.382793+00:00,6.22,O,0,complete
2026-08-23T23:29:09.145038+00:00,8869,2026-08-29,UFC Fight Night: Nurmagomedov vs. Song,ufc,long-xiao-vs-francesco-nuzzi-80954,T2ZmZXJOb2RlOjEwMzY5MDY2OQ==,T3V0Y29tZU5vZGU6NjgwODUwMg==,MyBookie,sportsbook,OVERUNDER_2.5,A_4,A_1,Over 2.5 rounds,Under 2.5 rounds,,2.5,Over 2.5,,0,-144,-184,-144,-184,2026-08-23T17:21:08.634738+00:00,2026-08-23T17:11:06.843846+00:00,6.13,O,0,complete
2026-08-23T23:29:09.145038+00:00,8869,2026-08-29,UFC Fight Night: Nurmagomedov vs. Song,ufc,long-xiao-vs-francesco-nuzzi-80954,T2ZmZXJOb2RlOjEwMzY5MDY2OQ==,T3V0Y29tZU5vZGU6NjgwODUwMw==,MyBookie,sportsbook,OVERUNDER_2.5,A_4,A_1,Over 2.5 rounds,Under 2.5 rounds,,2.5,Under 2.5,,1,+108,+137,+137,+108,2026-08-23T17:21:08.634738+00:00,2026-08-23T17:11:06.843846+00:00,6.13,O,0,complete
2026-08-23T23:29:09.145038+00:00,8869,2026-08-29,UFC Fight Night: Nurmagomedov vs. Song,ufc,long-xiao-vs-francesco-nuzzi-80954,T2ZmZXJOb2RlOjEwMzY5MDY2NQ==,T3V0Y29tZU5vZGU6NjgwODQ5NA==,Bovada,sportsbook,OVERUNDER_2.5,A_4,A_1,Over 2.5 rounds,Under 2.5 rounds,,2.5,Over 2.5,,0,-145,-145,-145,-145,2026-08-23T17:04:32.821506+00:00,2026-08-23T17:04:32.731249+00:00,6.41,O,0,complete
2026-08-23T23:29:09.145038+00:00,8869,2026-08-29,UFC Fight Night: Nurmagomedov vs. Song,ufc,long-xiao-vs-francesco-nuzzi-80954,T2ZmZXJOb2RlOjEwMzY5MDY2NQ==,T3V0Y29tZU5vZGU6NjgwODQ5NQ==,Bovada,sportsbook,OVERUNDER_2.5,A_4,A_1,Over 2.5 rounds,Under 2.5 rounds,,2.5,Under 2.5,,1,+110,+110,+110,+110,2026-08-23T17:04:32.821506+00:00,2026-08-23T17:04:32.731249+00:00,6.41,O,0,complete
2026-08-23T23:29:09.145038+00:00,8869,2026-08-29,UFC Fight Night: Nurmagomedov vs. Song,ufc,long-xiao-vs-francesco-nuzzi-80954,T2ZmZXJOb2RlOjEwMzY5MDY1OA==,T3V0Y29tZU5vZGU6NjgwODQ4MA==,BetUS,sportsbook,OVERUNDER_2.5,A_4,A_1,Over 2.5 rounds,Under 2.5 rounds,,2.5,Over 2.5,,0,-135,-170,-135,-170,2026-08-23T17:10:35.590316+00:00,2026-08-23T17:01:00.822220+00:00,6.31,O,0,complete
2026-08-23T23:29:09.145038+00:00,8869,2026-08-29,UFC Fight Night: Nurmagomedov vs. Song,ufc,long-xiao-vs-francesco-nuzzi-80954,T2ZmZXJOb2RlOjEwMzY5MDY1OA==,T3V0Y29tZU5vZGU6NjgwODQ4MQ==,BetUS,sportsbook,OVERUNDER_2.5,A_4,A_1,Over 2.5 rounds,Under 2.5 rounds,,2.5,Under 2.5,,1,+114,+142,+142,+114,2026-08-23T17:10:35.590316+00:00,2026-08-23T17:01:00.822220+00:00,6.31,O,0,complete
2026-08-23T23:29:09.145038+00:00,8869,2026-08-29,UFC Fight Night: Nurmagomedov vs. Song,ufc,long-xiao-vs-francesco-nuzzi-80954,T2ZmZXJOb2RlOjEwMzY5MDY1Mw==,T3V0Y29tZU5vZGU6NjgwODQ3MA==,BetOnline,sportsbook,OVERUNDER_2.5,A_4,A_1,Over 2.5 rounds,Under 2.5 rounds,,2.5,Over 2.5,,0,-135,-170,-135,-170,2026-08-23T17:02:38.786225+00:00,2026-08-23T16:59:59.753744+00:00,6.44,O,0,complete
2026-08-23T23:29:09.145038+00:00,8869,2026-08-29,UFC Fight Night: Nurmagomedov vs. Song,ufc,long-xiao-vs-francesco-nuzzi-80954,T2ZmZXJOb2RlOjEwMzY5MDY1Mw==,T3V0Y29tZU5vZGU6NjgwODQ3MQ==,BetOnline,sportsbook,OVERUNDER_2.5,A_4,A_1,Over 2.5 rounds,Under 2.5 rounds,,2.5,Under 2.5,,1,+115,+149,+149,+115,2026-08-23T17:02:38.786225+00:00,2026-08-23T16:59:59.753744+00:00,6.44,O,0,complete
2026-08-23T23:29:09.145038+00:00,8869,2026-08-29,UFC Fight Night: Nurmagomedov vs. Song,ufc,jack-jenkins-vs-sean-woodson-80520,T2ZmZXJOb2RlOjEwMzY5MDY3Nw==,T3V0Y29tZU5vZGU6NjgwODUxOA==,Stake,sportsbook,OVERUNDER_2.5,A_4,A_1,Over 2.5 rounds,Under 2.5 rounds,,2.5,Over 2.5,,0,-185,-185,-185,-185,2026-08-23T18:30:31.491070+00:00,2026-08-23T18:30:28.786899+00:00,4.98,O,0,complete
2026-08-23T23:29:09.145038+00:00,8869,2026-08-29,UFC Fight Night: Nurmagomedov vs. Song,ufc,jack-jenkins-vs-sean-woodson-80520,T2ZmZXJOb2RlOjEwMzY5MDY3Nw==,T3V0Y29tZU5vZGU6NjgwODUxOQ==,Stake,sportsbook,OVERUNDER_2.5,A_4,A_1,Over 2.5 rounds,Under 2.5 rounds,,2.5,Under 2.5,,1,+144,+144,+144,+144,2026-08-23T18:30:31.491070+00:00,2026-08-23T18:30:28.786899+00:00,4.98,O,0,complete
2026-08-23T23:29:09.145038+00:00,8869,2026-08-29,UFC Fight Night: Nurmagomedov vs. Song,ufc,jack-jenkins-vs-sean-woodson-80520,T2ZmZXJOb2RlOjEwMzY5MDY2MQ==,T3V0Y29tZU5vZGU6NjgwODQ4Ng==,ReBet,sportsbook,OVERUNDER_2.5,A_4,A_1,Over 2.5 rounds,Under 2.5 rounds,,2.5,Over 2.5,,0,-186,-186,-186,-186,2026-08-23T17:01:04.816765+00:00,2026-08-23T17:01:04.301732+00:00,6.47,O,0,complete
2026-08-23T23:29:09.145038+00:00,8869,2026-08-29,UFC Fight Night: Nurmagomedov vs. Song,ufc,jack-jenkins-vs-sean-woodson-80520,T2ZmZXJOb2RlOjEwMzY5MDY2MQ==,T3V0Y29tZU5vZGU6NjgwODQ4Nw==,ReBet,sportsbook,OVERUNDER_2.5,A_4,A_1,Over 2.5 rounds,Under 2.5 rounds,,2.5,Under 2.5,,1,+144,+144,+144,+144,2026-08-23T17:01:04.816765+00:00,2026-08-23T17:01:04.301732+00:00,6.47,O,0,complete
2026-08-23T23:29:09.145038+00:00,8869,2026-08-29,UFC Fight Night: Nurmagomedov vs. Song,ufc,jack-jenkins-vs-sean-woodson-80520,T2ZmZXJOb2RlOjEwMzY5MDY0NQ==,T3V0Y29tZU5vZGU6NjgwODQ1NA==,MyBookie,sportsbook,OVERUNDER_2.5,A_4,A_1,Over 2.5 rounds,Under 2.5 rounds,,2.5,Over 2.5,,0,-190,-161,-161,-190,2026-08-23T17:00:36.359419+00:00,2026-08-23T16:52:25.658776+00:00,6.48,O,0,complete
2026-08-23T23:29:09.145038+00:00,8869,2026-08-29,UFC Fight Night: Nurmagomedov vs. Song,ufc,jack-jenkins-vs-sean-woodson-80520,T2ZmZXJOb2RlOjEwMzY5MDY0NQ==,T3V0Y29tZU5vZGU6NjgwODQ1NQ==,MyBookie,sportsbook,OVERUNDER_2.5,A_4,A_1,Over 2.5 rounds,Under 2.5 rounds,,2.5,Under 2.5,,1,+141,+121,+141,+121,2026-08-23T17:00:36.359419+00:00,2026-08-23T16:52:25.658776+00:00,6.48,O,0,complete
2026-08-23T23:29:09.145038+00:00,8869,2026-08-29,UFC Fight Night: Nurmagomedov vs. Song,ufc,jack-jenkins-vs-sean-woodson-80520,T2ZmZXJOb2RlOjEwMzY5MDYzOQ==,T3V0Y29tZU5vZGU6NjgwODQ0Mg==,BetUS,sportsbook,OVERUNDER_2.5,A_4,A_1,Over 2.5 rounds,Under 2.5 rounds,,2.5,Over 2.5,,0,-175,-130,-130,-175,2026-08-23T16:50:36.087896+00:00,2026-08-23T16:45:39.393331+00:00,6.64,O,0,complete
2026-08-23T23:29:09.145038+00:00,8869,2026-08-29,UFC Fight Night: Nurmagomedov vs. Song,ufc,jack-jenkins-vs-sean-woodson-80520,T2ZmZXJOb2RlOjEwMzY5MDYzOQ==,T3V0Y29tZU5vZGU6NjgwODQ0Mw==,BetUS,sportsbook,OVERUNDER_2.5,A_4,A_1,Over 2.5 rounds,Under 2.5 rounds,,2.5,Under 2.5,,1,+146,+110,+146,+110,2026-08-23T16:50:36.087896+00:00,2026-08-23T16:45:39.393331+00:00,6.64,O,0,complete
2026-08-23T23:29:09.145038+00:00,8869,2026-08-29,UFC Fight Night: Nurmagomedov vs. Song,ufc,jack-jenkins-vs-sean-woodson-80520,T2ZmZXJOb2RlOjEwMzY5MDYzNw==,T3V0Y29tZU5vZGU6NjgwODQzOA==,Bovada,sportsbook,OVERUNDER_2.5,A_4,A_1,Over 2.5 rounds,Under 2.5 rounds,,2.5,Over 2.5,,0,-190,-175,-175,-190,2026-08-23T16:50:35.081355+00:00,2026-08-23T16:44:48.106517+00:00,6.64,O,0,complete
2026-08-23T23:29:09.145038+00:00,8869,2026-08-29,UFC Fight Night: Nurmagomedov vs. Song,ufc,jack-jenkins-vs-sean-woodson-80520,T2ZmZXJOb2RlOjEwMzY5MDYzNw==,T3V0Y29tZU5vZGU6NjgwODQzOQ==,Bovada,sportsbook,OVERUNDER_2.5,A_4,A_1,Over 2.5 rounds,Under 2.5 rounds,,2.5,Under 2.5,,1,+145,+135,+145,+135,2026-08-23T16:50:35.081355+00:00,2026-08-23T16:44:48.106517+00:00,6.64,O,0,complete
2026-08-23T23:29:09.145038+00:00,8869,2026-08-29,UFC Fight Night: Nurmagomedov vs. Song,ufc,jack-jenkins-vs-sean-woodson-80520,T2ZmZXJOb2RlOjEwMzY5MDYzNg==,T3V0Y29tZU5vZGU6NjgwODQzNg==,BetOnline,sportsbook,OVERUNDER_2.5,A_4,A_1,Over 2.5 rounds,Under 2.5 rounds,,2.5,Over 2.5,,0,-175,-150,-150,-175,2026-08-23T16:44:47.957879+00:00,2026-08-23T16:42:26.913611+00:00,6.74,O,0,complete
2026-08-23T23:29:09.145038+00:00,8869,2026-08-29,UFC Fight Night: Nurmagomedov vs. Song,ufc,jack-jenkins-vs-sean-woodson-80520,T2ZmZXJOb2RlOjEwMzY5MDYzNg==,T3V0Y29tZU5vZGU6NjgwODQzNw==,BetOnline,sportsbook,OVERUNDER_2.5,A_4,A_1,Over 2.5 rounds,Under 2.5 rounds,,2.5,Under 2.5,,1,+153,+130,+153,+130,2026-08-23T16:44:47.957879+00:00,2026-08-23T16:42:26.913611+00:00,6.74,O,0,complete
2026-08-23T23:29:09.145038+00:00,8869,2026-08-29,UFC Fight Night: Nurmagomedov vs. Song,ufc,jack-jenkins-vs-sean-woodson-80520,T2ZmZXJOb2RlOjEwMzY3NzQ1OA==,T3V0Y29tZU5vZGU6Njc5MDk4NA==,Polymarket,exchange,END_KO,A_4,A_5,"Fight ends by KO, TKO or DQ","Fight doesn't end by KO, TKO or DQ",,,Will the fight be won by KO or TKO? - Yes,,0,-3233,-4900,-2400,-4900,2026-08-23T22:10:30.961280+00:00,2026-08-15T22:05:15.899908+00:00,1.31,O,0,complete
2026-08-23T23:29:09.145038+00:00,8869,2026-08-29,UFC Fight Night: Nurmagomedov vs. Song,ufc,jack-jenkins-vs-sean-woodson-80520,T2ZmZXJOb2RlOjEwMzY3NzQ1OA==,T3V0Y29tZU5vZGU6Njc5MDk4NQ==,Polymarket,exchange,END_KO,A_4,A_5,"Fight ends by KO, TKO or DQ","Fight doesn't end by KO, TKO or DQ",,,Will the fight be won by KO or TKO? - No,,1,-3233,-4900,-2400,-4900,2026-08-23T22:10:30.961280+00:00,2026-08-15T22:05:15.899908+00:00,1.31,O,0,complete
2026-08-23T23:29:09.145038+00:00,8869,2026-08-29,UFC Fight Night: Nurmagomedov vs. Song,ufc,jack-jenkins-vs-sean-woodson-80520,T2ZmZXJOb2RlOjEwMzY3NzQ2MA==,T3V0Y29tZU5vZGU6Njc5MDk4OA==,Polymarket,exchange,KO,A_5,A_13,wins by TKO/KO,doesn't win by TKO/KO,,2.0,Will Jack Jenkins win by KO or TKO? - Yes,jack-jenkins-48125,0,-3233,-4900,-2400,-4900,2026-08-23T18:54:46.599588+00:00,2026-08-15T22:05:16.056434+00:00,4.57,O,0,complete
2026-08-23T23:29:09.145038+00:00,8869,2026-08-29,UFC Fight Night: Nurmagomedov vs. Song,ufc,jack-jenkins-vs-sean-woodson-80520,T2ZmZXJOb2RlOjEwMzY3NzQ2MA==,T3V0Y29tZU5vZGU6Njc5MDk4OQ==,Polymarket,exchange,KO,A_5,A_13,wins by TKO/KO,doesn't win by TKO/KO,,2.0,Will Jack Jenkins win by KO or TKO? - No,jack-jenkins-48125,1,-1900,-4900,-1900,-4900,2026-08-23T18:54:46.599588+00:00,2026-08-15T22:05:16.056434+00:00,4.57,O,0,complete
2026-08-23T23:29:09.145038+00:00,8869,2026-08-29,UFC Fight Night: Nurmagomedov vs. Song,ufc,jack-jenkins-vs-sean-woodson-80520,T2ZmZXJOb2RlOjEwMzY3NzQ4Mg==,T3V0Y29tZU5vZGU6Njc5MTAzMg==,Polymarket,exchange,OVERUNDER_2.5,A_4,A_1,Over 2.5 rounds,Under 2.5 rounds,,2.5,Over 2.5,,0,-1900,-3233,-213,-4900,2026-08-23T21:35:16.579723+00:00,2026-08-15T22:14:29.917318+00:00,1.9,O,0,complete
2026-08-23T23:29:09.145038+00:00,8869,2026-08-29,UFC Fight Night: Nurmagomedov vs. Song,ufc,jack-jenkins-vs-sean-woodson-80520,T2ZmZXJOb2RlOjEwMzY3NzQ4Mg==,T3V0Y29tZU5vZGU6Njc5MTAzMw==,Polymarket,exchange,OVERUNDER_2.5,A_4,A_1,Over 2.5 rounds,Under 2.5 rounds,,2.5,Under 2.5,,1,-1900,-3233,-117,-3233,2026-08-23T21:35:16.579723+00:00,2026-08-15T22:14:29.917318+00:00,1.9,O,0,complete
2026-08-23T23:29:09.145038+00:00,8869,2026-08-29,UFC Fight Night: Nurmagomedov vs. Song,ufc,jack-jenkins-vs-sean-woodson-80520,T2ZmZXJOb2RlOjEwMzY3NzQ4MQ==,T3V0Y29tZU5vZGU6Njc5MTAzMA==,Polymarket,exchange,OVERUNDER_1.5,A_4,A_1,Over 1.5 rounds,Under 1.5 rounds,,1.5,Over 1.5,,0,-1900,-3233,-1900,-3233,2026-08-23T19:50:05.935654+00:00,2026-08-15T22:14:29.902691+00:00,3.65,O,0,complete
2026-08-23T23:29:09.145038+00:00,8869,2026-08-29,UFC Fight Night: Nurmagomedov vs. Song,ufc,jack-jenkins-vs-sean-woodson-80520,T2ZmZXJOb2RlOjEwMzY3NzQ4MQ==,T3V0Y29tZU5vZGU6Njc5MTAzMQ==,Polymarket,exchange,OVERUNDER_1.5,A_4,A_1,Over 1.5 rounds,Under 1.5 rounds,,1.5,Under 1.5,,1,-1900,-3233,-669,-4900,2026-08-23T19:50:05.935654+00:00,2026-08-15T22:14:29.902691+00:00,3.65,O,0,complete
2026-08-23T23:29:09.145038+00:00,8869,2026-08-29,UFC Fight Night: Nurmagomedov vs. Song,ufc,jack-jenkins-vs-sean-woodson-80520,T2ZmZXJOb2RlOjEwMzY3NzQ4MA==,T3V0Y29tZU5vZGU6Njc5MTAyOA==,Polymarket,exchange,DISTANCE,A_4,A_2,Fight goes the distance,Fight ends inside distance,,,Fight to Go the Distance? - Yes,,0,-170,-3233,-170,-3233,2026-08-23T21:45:59.027608+00:00,2026-08-15T22:14:29.891912+00:00,1.72,O,0,complete
2026-08-23T23:29:09.145038+00:00,8869,2026-08-29,UFC Fight Night: Nurmagomedov vs. Song,ufc,jack-jenkins-vs-sean-woodson-80520,T2ZmZXJOb2RlOjEwMzY3NzQ4MA==,T3V0Y29tZU5vZGU6Njc5MTAyOQ==,Polymarket,exchange,DISTANCE,A_4,A_2,Fight goes the distance,Fight ends inside distance,,,Fight to Go the Distance? - No,,1,-3233,-3233,-2400,-4900,2026-08-23T21:45:59.027608+00:00,2026-08-15T22:14:29.891912+00:00,1.72,O,0,complete
2026-08-23T23:29:09.145038+00:00,8869,2026-08-29,UFC Fight Night: Nurmagomedov vs. Song,ufc,jack-jenkins-vs-sean-woodson-80520,T2ZmZXJOb2RlOjEwMzY3NzQ2Mg==,T3V0Y29tZU5vZGU6Njc5MDk5Mg==,Polymarket,exchange,OVERUNDER_0.5,A_4,A_1,Over 0.5 rounds,Under 0.5 rounds,,0.5,Over 0.5,,0,-1567,-4900,-1567,-4900,2026-08-23T19:50:05.924401+00:00,2026-08-15T22:05:16.216556+00:00,3.65,O,0,complete
2026-08-23T23:29:09.145038+00:00,8869,2026-08-29,UFC Fight Night: Nurmagomedov vs. Song,ufc,jack-jenkins-vs-sean-woodson-80520,T2ZmZXJOb2RlOjEwMzY3NzQ2Mg==,T3V0Y29tZU5vZGU6Njc5MDk5Mw==,Polymarket,exchange,OVERUNDER_0.5,A_4,A_1,Over 0.5 rounds,Under 0.5 rounds,,0.5,Under 0.5,,1,-1900,-4900,-809,-4900,2026-08-23T19:50:05.924401+00:00,2026-08-15T22:05:16.216556+00:00,3.65,O,0,complete
2026-08-23T23:29:09.145038+00:00,8869,2026-08-29,UFC Fight Night: Nurmagomedov vs. Song,ufc,jack-jenkins-vs-sean-woodson-80520,T2ZmZXJOb2RlOjEwMzY3NzQ2MQ==,T3V0Y29tZU5vZGU6Njc5MDk5MA==,Polymarket,exchange,END_SUB,A_4,A_5,Fight ends in submission,Fight doesn't end in submission,,,Will the fight be won by submission? - Yes,,0,-2400,-4900,-1900,-4900,2026-08-23T22:40:03.062895+00:00,2026-08-15T22:05:16.141552+00:00,0.82,O,0,complete
2026-08-23T23:29:09.145038+00:00,8869,2026-08-29,UFC Fight Night: Nurmagomedov vs. Song,ufc,jack-jenkins-vs-sean-woodson-80520,T2ZmZXJOb2RlOjEwMzY3NzQ2MQ==,T3V0Y29tZU5vZGU6Njc5MDk5MQ==,Polymarket,exchange,END_SUB,A_4,A_5,Fight ends in submission,Fight doesn't end in submission,,,Will the fight be won by submission? - No,,1,-3233,-4900,-2400,-4900,2026-08-23T22:40:03.062895+00:00,2026-08-15T22:05:16.141552+00:00,0.82,O,0,complete
2026-08-23T23:29:09.145038+00:00,8869,2026-08-29,UFC Fight Night: Nurmagomedov vs. Song,ufc,jack-jenkins-vs-sean-woodson-80520,T2ZmZXJOb2RlOjEwMzY3NzQ1OQ==,T3V0Y29tZU5vZGU6Njc5MDk4Ng==,Polymarket,exchange,KO,A_5,A_13,wins by TKO/KO,doesn't win by TKO/KO,,2.0,Will Sean Woodson win by KO or TKO? - Yes,sean-woodson-11833,0,-2400,-4900,-1900,-4900,2026-08-23T21:45:59.035949+00:00,2026-08-15T22:05:15.973803+00:00,1.72,O,0,complete
2026-08-23T23:29:09.145038+00:00,8869,2026-08-29,UFC Fight Night: Nurmagomedov vs. Song,ufc,jack-jenkins-vs-sean-woodson-80520,T2ZmZXJOb2RlOjEwMzY3NzQ1OQ==,T3V0Y29tZU5vZGU6Njc5MDk4Nw==,Polymarket,exchange,KO,A_5,A_13,wins by TKO/KO,doesn't win by TKO/KO,,2.0,Will Sean Woodson win by KO or TKO? - No,sean-woodson-11833,1,-2400,-4900,-1900,-4900,2026-08-23T21:45:59.035949+00:00,2026-08-15T22:05:15.973803+00:00,1.72,O,0,complete
2026-08-23T23:29:09.145038+00:00,8869,2026-08-29,UFC Fight Night: Nurmagomedov vs. Song,ufc,jack-jenkins-vs-sean-woodson-80520,T2ZmZXJOb2RlOjEwMzY2NjI4OA==,T3V0Y29tZU5vZGU6Njc3NjY5Nw==,Polymarket(US),exchange,KO,A_5,A_13,wins by TKO/KO,doesn't win by TKO/KO,,2.0,Sean Woodson by KO/TKO/DQ,sean-woodson-11833,0,+376,+376,+376,+376,2026-08-09T01:31:07.368356+00:00,2026-08-09T01:31:07.368378+00:00,357.97,O,0,complete
2026-08-23T23:29:09.145038+00:00,8869,2026-08-29,UFC Fight Night: Nurmagomedov vs. Song,ufc,jack-jenkins-vs-sean-woodson-80520,T2ZmZXJOb2RlOjEwMzY2NjI4Nw==,T3V0Y29tZU5vZGU6Njc3NjY5Ng==,Polymarket(US),exchange,KO,A_5,A_13,wins by TKO/KO,doesn't win by TKO/KO,,2.0,Jack Jenkins by KO/TKO/DQ,jack-jenkins-48125,0,+525,+525,+525,+525,2026-08-09T01:31:07.328685+00:00,2026-08-09T01:31:07.328706+00:00,357.97,O,0,complete
2026-08-23T23:29:09.145038+00:00,8869,2026-08-29,UFC Fight Night: Nurmagomedov vs. Song,ufc,lawrence-lui-vs-hector-santiago-80953,T2ZmZXJOb2RlOjEwMzY5MDY5Ng==,T3V0Y29tZU5vZGU6NjgwODU1Ng==,ReBet,sportsbook,OVERUNDER_2.5,A_4,A_1,Over 2.5 rounds,Under 2.5 rounds,,2.5,Over 2.5,,0,-113,-113,-113,-113,2026-08-23T18:31:45.961299+00:00,2026-08-23T18:31:45.841782+00:00,4.96,O,0,complete
2026-08-23T23:29:09.145038+00:00,8869,2026-08-29,UFC Fight Night: Nurmagomedov vs. Song,ufc,lawrence-lui-vs-hector-santiago-80953,T2ZmZXJOb2RlOjEwMzY5MDY5Ng==,T3V0Y29tZU5vZGU6NjgwODU1Nw==,ReBet,sportsbook,OVERUNDER_2.5,A_4,A_1,Over 2.5 rounds,Under 2.5 rounds,,2.5,Under 2.5,,1,-113,-113,-113,-113,2026-08-23T18:31:45.961299+00:00,2026-08-23T18:31:45.841782+00:00,4.96,O,0,complete
2026-08-23T23:29:09.145038+00:00,8869,2026-08-29,UFC Fight Night: Nurmagomedov vs. Song,ufc,lawrence-lui-vs-hector-santiago-80953,T2ZmZXJOb2RlOjEwMzY5MDY3Ng==,T3V0Y29tZU5vZGU6NjgwODUxNg==,Stake,sportsbook,OVERUNDER_2.5,A_4,A_1,Over 2.5 rounds,Under 2.5 rounds,,2.5,Over 2.5,,0,-112,-112,-112,-112,2026-08-23T18:30:31.258216+00:00,2026-08-23T18:30:28.749458+00:00,4.98,O,0,complete
2026-08-23T23:29:09.145038+00:00,8869,2026-08-29,UFC Fight Night: Nurmagomedov vs. Song,ufc,lawrence-lui-vs-hector-santiago-80953,T2ZmZXJOb2RlOjEwMzY5MDY3Ng==,T3V0Y29tZU5vZGU6NjgwODUxNw==,Stake,sportsbook,OVERUNDER_2.5,A_4,A_1,Over 2.5 rounds,Under 2.5 rounds,,2.5,Under 2.5,,1,-112,-112,-112,-112,2026-08-23T18:30:31.258216+00:00,2026-08-23T18:30:28.749458+00:00,4.98,O,0,complete
2026-08-23T23:29:09.145038+00:00,8869,2026-08-29,UFC Fight Night: Nurmagomedov vs. Song,ufc,lawrence-lui-vs-hector-santiago-80953,T2ZmZXJOb2RlOjEwMzY5MDY3Mw==,T3V0Y29tZU5vZGU6NjgwODUxMA==,MyBookie,sportsbook,OVERUNDER_2.5,A_4,A_1,Over 2.5 rounds,Under 2.5 rounds,,2.5,Over 2.5,,0,-115,-115,-115,-115,2026-08-23T18:25:25.424965+00:00,2026-08-23T18:25:24.968352+00:00,5.06,O,0,complete
2026-08-23T23:29:09.145038+00:00,8869,2026-08-29,UFC Fight Night: Nurmagomedov vs. Song,ufc,lawrence-lui-vs-hector-santiago-80953,T2ZmZXJOb2RlOjEwMzY5MDY3Mw==,T3V0Y29tZU5vZGU6NjgwODUxMQ==,MyBookie,sportsbook,OVERUNDER_2.5,A_4,A_1,Over 2.5 rounds,Under 2.5 rounds,,2.5,Under 2.5,,1,-115,-115,-115,-115,2026-08-23T18:25:25.424965+00:00,2026-08-23T18:25:24.968352+00:00,5.06,O,0,complete
2026-08-23T23:29:09.145038+00:00,8869,2026-08-29,UFC Fight Night: Nurmagomedov vs. Song,ufc,lawrence-lui-vs-hector-santiago-80953,T2ZmZXJOb2RlOjEwMzY5MDY3Mg==,T3V0Y29tZU5vZGU6NjgwODUwOA==,Novig,exchange,OVERUNDER_2.5,A_4,A_1,Over 2.5 rounds,Under 2.5 rounds,,2.5,Over 2.5,,0,-125,-125,-125,-125,2026-08-23T17:30:34.406794+00:00,2026-08-23T17:30:33.995841+00:00,5.98,O,0,complete
2026-08-23T23:29:09.145038+00:00,8869,2026-08-29,UFC Fight Night: Nurmagomedov vs. Song,ufc,lawrence-lui-vs-hector-santiago-80953,T2ZmZXJOb2RlOjEwMzY5MDY3Mg==,T3V0Y29tZU5vZGU6NjgwODUwOQ==,Novig,exchange,OVERUNDER_2.5,A_4,A_1,Over 2.5 rounds,Under 2.5 rounds,,2.5,Under 2.5,,1,-125,-125,-125,-125,2026-08-23T17:30:34.406794+00:00,2026-08-23T17:30:33.995841+00:00,5.98,O,0,complete
2026-08-23T23:29:09.145038+00:00,8869,2026-08-29,UFC Fight Night: Nurmagomedov vs. Song,ufc,lawrence-lui-vs-hector-santiago-80953,T2ZmZXJOb2RlOjEwMzY5MDY2NA==,T3V0Y29tZU5vZGU6NjgwODQ5Mg==,Bovada,sportsbook,OVERUNDER_2.5,A_4,A_1,Over 2.5 rounds,Under 2.5 rounds,,2.5,Over 2.5,,0,-115,-115,-115,-115,2026-08-23T17:04:32.788262+00:00,2026-08-23T17:04:32.718093+00:00,6.41,O,0,complete
2026-08-23T23:29:09.145038+00:00,8869,2026-08-29,UFC Fight Night: Nurmagomedov vs. Song,ufc,lawrence-lui-vs-hector-santiago-80953,T2ZmZXJOb2RlOjEwMzY5MDY2NA==,T3V0Y29tZU5vZGU6NjgwODQ5Mw==,Bovada,sportsbook,OVERUNDER_2.5,A_4,A_1,Over 2.5 rounds,Under 2.5 rounds,,2.5,Under 2.5,,1,-115,-115,-115,-115,2026-08-23T17:04:32.788262+00:00,2026-08-23T17:04:32.718093+00:00,6.41,O,0,complete
2026-08-23T23:29:09.145038+00:00,8869,2026-08-29,UFC Fight Night: Nurmagomedov vs. Song,ufc,lawrence-lui-vs-hector-santiago-80953,T2ZmZXJOb2RlOjEwMzY5MDY1Nw==,T3V0Y29tZU5vZGU6NjgwODQ3OA==,BetUS,sportsbook,OVERUNDER_2.5,A_4,A_1,Over 2.5 rounds,Under 2.5 rounds,,2.5,Over 2.5,,0,-110,-110,-110,-110,2026-08-23T17:01:00.965764+00:00,2026-08-23T17:01:00.809987+00:00,6.47,O,0,complete
2026-08-23T23:29:09.145038+00:00,8869,2026-08-29,UFC Fight Night: Nurmagomedov vs. Song,ufc,lawrence-lui-vs-hector-santiago-80953,T2ZmZXJOb2RlOjEwMzY5MDY1Nw==,T3V0Y29tZU5vZGU6NjgwODQ3OQ==,BetUS,sportsbook,OVERUNDER_2.5,A_4,A_1,Over 2.5 rounds,Under 2.5 rounds,,2.5,Under 2.5,,1,-110,-110,-110,-110,2026-08-23T17:01:00.965764+00:00,2026-08-23T17:01:00.809987+00:00,6.47,O,0,complete
2026-08-23T23:29:09.145038+00:00,8869,2026-08-29,UFC Fight Night: Nurmagomedov vs. Song,ufc,lawrence-lui-vs-hector-santiago-80953,T2ZmZXJOb2RlOjEwMzY5MDY1Mg==,T3V0Y29tZU5vZGU6NjgwODQ2OA==,BetOnline,sportsbook,OVERUNDER_2.5,A_4,A_1,Over 2.5 rounds,Under 2.5 rounds,,2.5,Over 2.5,,0,-110,-110,-110,-110,2026-08-23T16:59:59.807022+00:00,2026-08-23T16:59:59.742420+00:00,6.49,O,0,complete
2026-08-23T23:29:09.145038+00:00,8869,2026-08-29,UFC Fight Night: Nurmagomedov vs. Song,ufc,lawrence-lui-vs-hector-santiago-80953,T2ZmZXJOb2RlOjEwMzY5MDY1Mg==,T3V0Y29tZU5vZGU6NjgwODQ2OQ==,BetOnline,sportsbook,OVERUNDER_2.5,A_4,A_1,Over 2.5 rounds,Under 2.5 rounds,,2.5,Under 2.5,,1,-110,-110,-110,-110,2026-08-23T16:59:59.807022+00:00,2026-08-23T16:59:59.742420+00:00,6.49,O,0,complete
2026-08-23T23:29:09.145038+00:00,8869,2026-08-29,UFC Fight Night: Nurmagomedov vs. Song,ufc,lawrence-lui-vs-hector-santiago-80953,T2ZmZXJOb2RlOjEwMzY5MDI4Mg==,T3V0Y29tZU5vZGU6NjgwNzc4NA==,Polymarket,exchange,OVERUNDER_2.5,A_4,A_1,Over 2.5 rounds,Under 2.5 rounds,,2.5,Over 2.5,,0,-1900,-9900,-1567,-9900,2026-08-23T21:45:59.817404+00:00,2026-08-22T22:09:54.383797+00:00,1.72,O,0,complete
2026-08-23T23:29:09.145038+00:00,8869,2026-08-29,UFC Fight Night: Nurmagomedov vs. Song,ufc,lawrence-lui-vs-hector-santiago-80953,T2ZmZXJOb2RlOjEwMzY5MDI4Mg==,T3V0Y29tZU5vZGU6NjgwNzc4NQ==,Polymarket,exchange,OVERUNDER_2.5,A_4,A_1,Over 2.5 rounds,Under 2.5 rounds,,2.5,Under 2.5,,1,-1900,-9900,-1900,-9900,2026-08-23T21:45:59.817404+00:00,2026-08-22T22:09:54.383797+00:00,1.72,O,0,complete
2026-08-23T23:29:09.145038+00:00,8869,2026-08-29,UFC Fight Night: Nurmagomedov vs. Song,ufc,lawrence-lui-vs-hector-santiago-80953,T2ZmZXJOb2RlOjEwMzY5MDI4MQ==,T3V0Y29tZU5vZGU6NjgwNzc4Mg==,Polymarket,exchange,OVERUNDER_1.5,A_4,A_1,Over 1.5 rounds,Under 1.5 rounds,,1.5,Over 1.5,,0,-1900,-9900,-1567,-9900,2026-08-23T21:45:59.805092+00:00,2026-08-22T22:09:54.368043+00:00,1.72,O,0,complete
2026-08-23T23:29:09.145038+00:00,8869,2026-08-29,UFC Fight Night: Nurmagomedov vs. Song,ufc,lawrence-lui-vs-hector-santiago-80953,T2ZmZXJOb2RlOjEwMzY5MDI4MQ==,T3V0Y29tZU5vZGU6NjgwNzc4Mw==,Polymarket,exchange,OVERUNDER_1.5,A_4,A_1,Over 1.5 rounds,Under 1.5 rounds,,1.5,Under 1.5,,1,-1900,-9900,-1567,-9900,2026-08-23T21:45:59.805092+00:00,2026-08-22T22:09:54.368043+00:00,1.72,O,0,complete
2026-08-23T23:29:09.145038+00:00,8869,2026-08-29,UFC Fight Night: Nurmagomedov vs. Song,ufc,lawrence-lui-vs-hector-santiago-80953,T2ZmZXJOb2RlOjEwMzY5MDI4MA==,T3V0Y29tZU5vZGU6NjgwNzc4MA==,Polymarket,exchange,OVERUNDER_0.5,A_4,A_1,Over 0.5 rounds,Under 0.5 rounds,,0.5,Over 0.5,,0,-1900,-4900,-1900,-4900,2026-08-23T23:25:56.982794+00:00,2026-08-22T22:09:54.353475+00:00,0.05,O,0,complete
2026-08-23T23:29:09.145038+00:00,8869,2026-08-29,UFC Fight Night: Nurmagomedov vs. Song,ufc,lawrence-lui-vs-hector-santiago-80953,T2ZmZXJOb2RlOjEwMzY5MDI4MA==,T3V0Y29tZU5vZGU6NjgwNzc4MQ==,Polymarket,exchange,OVERUNDER_0.5,A_4,A_1,Over 0.5 rounds,Under 0.5 rounds,,0.5,Under 0.5,,1,-1900,-4900,-1567,-4900,2026-08-23T23:25:56.982794+00:00,2026-08-22T22:09:54.353475+00:00,0.05,O,0,complete
2026-08-23T23:29:09.145038+00:00,8869,2026-08-29,UFC Fight Night: Nurmagomedov vs. Song,ufc,lawrence-lui-vs-hector-santiago-80953,T2ZmZXJOb2RlOjEwMzY5MDI3OQ==,T3V0Y29tZU5vZGU6NjgwNzc3OA==,Polymarket,exchange,END_SUB,A_4,A_5,Fight ends in submission,Fight doesn't end in submission,,,Will the fight be won by submission? - Yes,,0,-1900,-2400,-1900,-2400,2026-08-23T22:30:23.996590+00:00,2026-08-22T22:09:54.337710+00:00,0.98,O,0,complete
2026-08-23T23:29:09.145038+00:00,8869,2026-08-29,UFC Fight Night: Nurmagomedov vs. Song,ufc,lawrence-lui-vs-hector-santiago-80953,T2ZmZXJOb2RlOjEwMzY5MDI3OQ==,T3V0Y29tZU5vZGU6NjgwNzc3OQ==,Polymarket,exchange,END_SUB,A_4,A_5,Fight ends in submission,Fight doesn't end in submission,,,Will the fight be won by submission? - No,,1,-3233,-4900,-2400,-4900,2026-08-23T22:30:23.996590+00:00,2026-08-22T22:09:54.337710+00:00,0.98,O,0,complete
2026-08-23T23:29:09.145038+00:00,8869,2026-08-29,UFC Fight Night: Nurmagomedov vs. Song,ufc,lawrence-lui-vs-hector-santiago-80953,T2ZmZXJOb2RlOjEwMzY5MDI3OA==,T3V0Y29tZU5vZGU6NjgwNzc3Ng==,Polymarket,exchange,KO,A_5,A_13,wins by TKO/KO,doesn't win by TKO/KO,,2.0,Will Hector Santiago win by KO or TKO? - Yes,hector-santiago-63473,0,-1900,-2400,-1567,-2400,2026-08-23T23:25:56.977187+00:00,2026-08-22T22:09:54.320417+00:00,0.05,O,0,complete
2026-08-23T23:29:09.145038+00:00,8869,2026-08-29,UFC Fight Night: Nurmagomedov vs. Song,ufc,lawrence-lui-vs-hector-santiago-80953,T2ZmZXJOb2RlOjEwMzY5MDI3OA==,T3V0Y29tZU5vZGU6NjgwNzc3Nw==,Polymarket,exchange,KO,A_5,A_13,wins by TKO/KO,doesn't win by TKO/KO,,2.0,Will Hector Santiago win by KO or TKO? - No,hector-santiago-63473,1,-1900,-4900,-1567,-4900,2026-08-23T23:25:56.977187+00:00,2026-08-22T22:09:54.320417+00:00,0.05,O,0,complete
2026-08-23T23:29:09.145038+00:00,8869,2026-08-29,UFC Fight Night: Nurmagomedov vs. Song,ufc,lawrence-lui-vs-hector-santiago-80953,T2ZmZXJOb2RlOjEwMzY5MDI3Nw==,T3V0Y29tZU5vZGU6NjgwNzc3NA==,Polymarket,exchange,KO,A_5,A_13,wins by TKO/KO,doesn't win by TKO/KO,,2.0,Will Lawrence Lui win by KO or TKO? - Yes,lawrence-lui-64588,0,-1900,-2400,-1900,-2400,2026-08-23T23:25:56.974668+00:00,2026-08-22T22:09:54.304708+00:00,0.05,O,0,complete
2026-08-23T23:29:09.145038+00:00,8869,2026-08-29,UFC Fight Night: Nurmagomedov vs. Song,ufc,lawrence-lui-vs-hector-santiago-80953,T2ZmZXJOb2RlOjEwMzY5MDI3Nw==,T3V0Y29tZU5vZGU6NjgwNzc3NQ==,Polymarket,exchange,KO,A_5,A_13,wins by TKO/KO,doesn't win by TKO/KO,,2.0,Will Lawrence Lui win by KO or TKO? - No,lawrence-lui-64588,1,-3233,-4900,-3233,-4900,2026-08-23T23:25:56.974668+00:00,2026-08-22T22:09:54.304708+00:00,0.05,O,0,complete
2026-08-23T23:29:09.145038+00:00,8869,2026-08-29,UFC Fight Night: Nurmagomedov vs. Song,ufc,lawrence-lui-vs-hector-santiago-80953,T2ZmZXJOb2RlOjEwMzY5MDI3Ng==,T3V0Y29tZU5vZGU6NjgwNzc3Mg==,Polymarket,exchange,END_KO,A_4,A_5,"Fight ends by KO, TKO or DQ","Fight doesn't end by KO, TKO or DQ",,,Will the fight be won by KO or TKO? - Yes,,0,-1900,-2400,-1900,-2400,2026-08-23T23:25:56.971995+00:00,2026-08-22T22:09:54.286303+00:00,0.05,O,0,complete
2026-08-23T23:29:09.145038+00:00,8869,2026-08-29,UFC Fight Night: Nurmagomedov vs. Song,ufc,lawrence-lui-vs-hector-santiago-80953,T2ZmZXJOb2RlOjEwMzY5MDI3Ng==,T3V0Y29tZU5vZGU6NjgwNzc3Mw==,Polymarket,exchange,END_KO,A_4,A_5,"Fight ends by KO, TKO or DQ","Fight doesn't end by KO, TKO or DQ",,,Will the fight be won by KO or TKO? - No,,1,-3233,-4900,-2400,-4900,2026-08-23T23:25:56.971995+00:00,2026-08-22T22:09:54.286303+00:00,0.05,O,0,complete
2026-08-23T23:29:09.145038+00:00,8869,2026-08-29,UFC Fight Night: Nurmagomedov vs. Song,ufc,lawrence-lui-vs-hector-santiago-80953,T2ZmZXJOb2RlOjEwMzY5MDI3NQ==,T3V0Y29tZU5vZGU6NjgwNzc3MA==,Polymarket,exchange,DISTANCE,A_4,A_2,Fight goes the distance,Fight ends inside distance,,,Fight to Go the Distance? - Yes,,0,+100,-2400,+100,-2400,2026-08-23T23:25:56.968853+00:00,2026-08-22T22:09:54.269613+00:00,0.05,O,0,complete
2026-08-23T23:29:09.145038+00:00,8869,2026-08-29,UFC Fight Night: Nurmagomedov vs. Song,ufc,lawrence-lui-vs-hector-santiago-80953,T2ZmZXJOb2RlOjEwMzY5MDI3NQ==,T3V0Y29tZU5vZGU6NjgwNzc3MQ==,Polymarket,exchange,DISTANCE,A_4,A_2,Fight goes the distance,Fight ends inside distance,,,Fight to Go the Distance? - No,,1,-2400,-9900,-1900,-9900,2026-08-23T23:25:56.968853+00:00,2026-08-22T22:09:54.269613+00:00,0.05,O,0,complete
2026-08-23T23:29:09.145038+00:00,8869,2026-08-29,UFC Fight Night: Nurmagomedov vs. Song,ufc,jingnan-xiong-vs-julia-polastri-80594,T2ZmZXJOb2RlOjEwMzY5MDY3NQ==,T3V0Y29tZU5vZGU6NjgwODUxNA==,Stake,sportsbook,OVERUNDER_2.5,A_4,A_1,Over 2.5 rounds,Under 2.5 rounds,,2.5,Over 2.5,,0,-370,-370,-370,-370,2026-08-23T18:30:31.033232+00:00,2026-08-23T18:30:28.736773+00:00,4.98,O,0,complete
2026-08-23T23:29:09.145038+00:00,8869,2026-08-29,UFC Fight Night: Nurmagomedov vs. Song,ufc,jingnan-xiong-vs-julia-polastri-80594,T2ZmZXJOb2RlOjEwMzY5MDY3NQ==,T3V0Y29tZU5vZGU6NjgwODUxNQ==,Stake,sportsbook,OVERUNDER_2.5,A_4,A_1,Over 2.5 rounds,Under 2.5 rounds,,2.5,Under 2.5,,1,+265,+265,+265,+265,2026-08-23T18:30:31.033232+00:00,2026-08-23T18:30:28.736773+00:00,4.98,O,0,complete
2026-08-23T23:29:09.145038+00:00,8869,2026-08-29,UFC Fight Night: Nurmagomedov vs. Song,ufc,jingnan-xiong-vs-julia-polastri-80594,T2ZmZXJOb2RlOjEwMzY5MDY2Ng==,T3V0Y29tZU5vZGU6NjgwODQ5Ng==,MyBookie,sportsbook,OVERUNDER_2.5,A_4,A_1,Over 2.5 rounds,Under 2.5 rounds,,2.5,Over 2.5,,0,-380,-380,-380,-380,2026-08-23T17:05:33.160258+00:00,2026-08-23T17:05:33.044612+00:00,6.39,O,0,complete
2026-08-23T23:29:09.145038+00:00,8869,2026-08-29,UFC Fight Night: Nurmagomedov vs. Song,ufc,jingnan-xiong-vs-julia-polastri-80594,T2ZmZXJOb2RlOjEwMzY5MDY2Ng==,T3V0Y29tZU5vZGU6NjgwODQ5Nw==,MyBookie,sportsbook,OVERUNDER_2.5,A_4,A_1,Over 2.5 rounds,Under 2.5 rounds,,2.5,Under 2.5,,1,+255,+255,+255,+255,2026-08-23T17:05:33.160258+00:00,2026-08-23T17:05:33.044612+00:00,6.39,O,0,complete
2026-08-23T23:29:09.145038+00:00,8869,2026-08-29,UFC Fight Night: Nurmagomedov vs. Song,ufc,jingnan-xiong-vs-julia-polastri-80594,T2ZmZXJOb2RlOjEwMzY5MDY2MA==,T3V0Y29tZU5vZGU6NjgwODQ4NA==,ReBet,sportsbook,OVERUNDER_2.5,A_4,A_1,Over 2.5 rounds,Under 2.5 rounds,,2.5,Over 2.5,,0,-370,-370,-370,-370,2026-08-23T17:01:04.729719+00:00,2026-08-23T17:01:04.233805+00:00,6.47,O,0,complete
2026-08-23T23:29:09.145038+00:00,8869,2026-08-29,UFC Fight Night: Nurmagomedov vs. Song,ufc,jingnan-xiong-vs-julia-polastri-80594,T2ZmZXJOb2RlOjEwMzY5MDY2MA==,T3V0Y29tZU5vZGU6NjgwODQ4NQ==,ReBet,sportsbook,OVERUNDER_2.5,A_4,A_1,Over 2.5 rounds,Under 2.5 rounds,,2.5,Under 2.5,,1,+265,+265,+265,+265,2026-08-23T17:01:04.729719+00:00,2026-08-23T17:01:04.233805+00:00,6.47,O,0,complete
2026-08-23T23:29:09.145038+00:00,8869,2026-08-29,UFC Fight Night: Nurmagomedov vs. Song,ufc,jingnan-xiong-vs-julia-polastri-80594,T2ZmZXJOb2RlOjEwMzY5MDY0OA==,T3V0Y29tZU5vZGU6NjgwODQ2MA==,Bovada,sportsbook,OVERUNDER_2.5,A_4,A_1,Over 2.5 rounds,Under 2.5 rounds,,2.5,Over 2.5,,0,-385,-385,-385,-385,2026-08-23T16:54:52.038461+00:00,2026-08-23T16:54:51.968408+00:00,6.57,O,0,complete
2026-08-23T23:29:09.145038+00:00,8869,2026-08-29,UFC Fight Night: Nurmagomedov vs. Song,ufc,jingnan-xiong-vs-julia-polastri-80594,T2ZmZXJOb2RlOjEwMzY5MDY0OA==,T3V0Y29tZU5vZGU6NjgwODQ2MQ==,Bovada,sportsbook,OVERUNDER_2.5,A_4,A_1,Over 2.5 rounds,Under 2.5 rounds,,2.5,Under 2.5,,1,+265,+265,+265,+265,2026-08-23T16:54:52.038461+00:00,2026-08-23T16:54:51.968408+00:00,6.57,O,0,complete
2026-08-23T23:29:09.145038+00:00,8869,2026-08-29,UFC Fight Night: Nurmagomedov vs. Song,ufc,jingnan-xiong-vs-julia-polastri-80594,T2ZmZXJOb2RlOjEwMzY5MDY0Mw==,T3V0Y29tZU5vZGU6NjgwODQ1MA==,BetUS,sportsbook,OVERUNDER_2.5,A_4,A_1,Over 2.5 rounds,Under 2.5 rounds,,2.5,Over 2.5,,0,-350,-285,-285,-350,2026-08-23T16:55:30.326461+00:00,2026-08-23T16:50:36.293115+00:00,6.56,O,0,complete
2026-08-23T23:29:09.145038+00:00,8869,2026-08-29,UFC Fight Night: Nurmagomedov vs. Song,ufc,jingnan-xiong-vs-julia-polastri-80594,T2ZmZXJOb2RlOjEwMzY5MDY0Mw==,T3V0Y29tZU5vZGU6NjgwODQ1MQ==,BetUS,sportsbook,OVERUNDER_2.5,A_4,A_1,Over 2.5 rounds,Under 2.5 rounds,,2.5,Under 2.5,,1,+279,+234,+279,+234,2026-08-23T16:55:30.326461+00:00,2026-08-23T16:50:36.293115+00:00,6.56,O,0,complete
2026-08-23T23:29:09.145038+00:00,8869,2026-08-29,UFC Fight Night: Nurmagomedov vs. Song,ufc,jingnan-xiong-vs-julia-polastri-80594,T2ZmZXJOb2RlOjEwMzY5MDY0MA==,T3V0Y29tZU5vZGU6NjgwODQ0NA==,BetOnline,sportsbook,OVERUNDER_2.5,A_4,A_1,Over 2.5 rounds,Under 2.5 rounds,,2.5,Over 2.5,,0,-350,-285,-285,-350,2026-08-23T16:51:48.255951+00:00,2026-08-23T16:50:32.885591+00:00,6.62,O,0,complete
2026-08-23T23:29:09.145038+00:00,8869,2026-08-29,UFC Fight Night: Nurmagomedov vs. Song,ufc,jingnan-xiong-vs-julia-polastri-80594,T2ZmZXJOb2RlOjEwMzY5MDY0MA==,T3V0Y29tZU5vZGU6NjgwODQ0NQ==,BetOnline,sportsbook,OVERUNDER_2.5,A_4,A_1,Over 2.5 rounds,Under 2.5 rounds,,2.5,Under 2.5,,1,+280,+234,+280,+234,2026-08-23T16:51:48.255951+00:00,2026-08-23T16:50:32.885591+00:00,6.62,O,0,complete
2026-08-23T23:29:09.145038+00:00,8869,2026-08-29,UFC Fight Night: Nurmagomedov vs. Song,ufc,jingnan-xiong-vs-julia-polastri-80594,T2ZmZXJOb2RlOjEwMzY3NzQ4OA==,T3V0Y29tZU5vZGU6Njc5MTA0NA==,Polymarket,exchange,OVERUNDER_2.5,A_4,A_1,Over 2.5 rounds,Under 2.5 rounds,,2.5,Over 2.5,,0,-1900,-3233,-355,-4900,2026-08-23T22:30:23.054617+00:00,2026-08-15T22:14:30.023649+00:00,0.98,O,0,complete
2026-08-23T23:29:09.145038+00:00,8869,2026-08-29,UFC Fight Night: Nurmagomedov vs. Song,ufc,jingnan-xiong-vs-julia-polastri-80594,T2ZmZXJOb2RlOjEwMzY3NzQ4OA==,T3V0Y29tZU5vZGU6Njc5MTA0NQ==,Polymarket,exchange,OVERUNDER_2.5,A_4,A_1,Over 2.5 rounds,Under 2.5 rounds,,2.5,Under 2.5,,1,-1900,-3233,+133,-4900,2026-08-23T22:30:23.054617+00:00,2026-08-15T22:14:30.023649+00:00,0.98,O,0,complete
2026-08-23T23:29:09.145038+00:00,8869,2026-08-29,UFC Fight Night: Nurmagomedov vs. Song,ufc,jingnan-xiong-vs-julia-polastri-80594,T2ZmZXJOb2RlOjEwMzY3NzQ4Nw==,T3V0Y29tZU5vZGU6Njc5MTA0Mg==,Polymarket,exchange,OVERUNDER_1.5,A_4,A_1,Over 1.5 rounds,Under 1.5 rounds,,1.5,Over 1.5,,0,-1900,-3233,-1567,-4900,2026-08-23T20:36:13.350447+00:00,2026-08-15T22:14:30.009371+00:00,2.88,O,0,complete
2026-08-23T23:29:09.145038+00:00,8869,2026-08-29,UFC Fight Night: Nurmagomedov vs. Song,ufc,jingnan-xiong-vs-julia-polastri-80594,T2ZmZXJOb2RlOjEwMzY3NzQ4Nw==,T3V0Y29tZU5vZGU6Njc5MTA0Mw==,Polymarket,exchange,OVERUNDER_1.5,A_4,A_1,Over 1.5 rounds,Under 1.5 rounds,,1.5,Under 1.5,,1,-1900,-3233,-900,-4900,2026-08-23T20:36:13.350447+00:00,2026-08-15T22:14:30.009371+00:00,2.88,O,0,complete
2026-08-23T23:29:09.145038+00:00,8869,2026-08-29,UFC Fight Night: Nurmagomedov vs. Song,ufc,jingnan-xiong-vs-julia-polastri-80594,T2ZmZXJOb2RlOjEwMzY3NzQ3Mg==,T3V0Y29tZU5vZGU6Njc5MTAxMg==,Polymarket,exchange,KO,A_5,A_13,wins by TKO/KO,doesn't win by TKO/KO,,2.0,Will Julia Polastri win by KO or TKO? - Yes,julia-polastri-39425,0,-2400,-4900,-525,-4900,2026-08-23T23:25:56.842268+00:00,2026-08-15T22:05:17.178253+00:00,0.05,O,0,complete
2026-08-23T23:29:09.145038+00:00,8869,2026-08-29,UFC Fight Night: Nurmagomedov vs. Song,ufc,jingnan-xiong-vs-julia-polastri-80594,T2ZmZXJOb2RlOjEwMzY3NzQ3Mg==,T3V0Y29tZU5vZGU6Njc5MTAxMw==,Polymarket,exchange,KO,A_5,A_13,wins by TKO/KO,doesn't win by TKO/KO,,2.0,Will Julia Polastri win by KO or TKO? - No,julia-polastri-39425,1,-1900,-4900,+400,-4900,2026-08-23T23:25:56.842268+00:00,2026-08-15T22:05:17.178253+00:00,0.05,O,0,complete
2026-08-23T23:29:09.145038+00:00,8869,2026-08-29,UFC Fight Night: Nurmagomedov vs. Song,ufc,jingnan-xiong-vs-julia-polastri-80594,T2ZmZXJOb2RlOjEwMzY3NzQ3NA==,T3V0Y29tZU5vZGU6Njc5MTAxNg==,Polymarket,exchange,OVERUNDER_0.5,A_4,A_1,Over 0.5 rounds,Under 0.5 rounds,,0.5,Over 0.5,,0,-1900,-4900,-1900,-4900,2026-08-23T23:25:56.848505+00:00,2026-08-15T22:05:17.339491+00:00,0.05,O,0,complete
2026-08-23T23:29:09.145038+00:00,8869,2026-08-29,UFC Fight Night: Nurmagomedov vs. Song,ufc,jingnan-xiong-vs-julia-polastri-80594,T2ZmZXJOb2RlOjEwMzY3NzQ3NA==,T3V0Y29tZU5vZGU6Njc5MTAxNw==,Polymarket,exchange,OVERUNDER_0.5,A_4,A_1,Over 0.5 rounds,Under 0.5 rounds,,0.5,Under 0.5,,1,-1567,-4900,-1329,-4900,2026-08-23T23:25:56.848505+00:00,2026-08-15T22:05:17.339491+00:00,0.05,O,0,complete
2026-08-23T23:29:09.145038+00:00,8869,2026-08-29,UFC Fight Night: Nurmagomedov vs. Song,ufc,jingnan-xiong-vs-julia-polastri-80594,T2ZmZXJOb2RlOjEwMzY3NzQ3Mw==,T3V0Y29tZU5vZGU6Njc5MTAxNA==,Polymarket,exchange,END_SUB,A_4,A_5,Fight ends in submission,Fight doesn't end in submission,,,Will the fight be won by submission? - Yes,,0,-3233,-4900,-2400,-4900,2026-08-23T23:25:56.844788+00:00,2026-08-15T22:05:17.247309+00:00,0.05,O,0,complete
2026-08-23T23:29:09.145038+00:00,8869,2026-08-29,UFC Fight Night: Nurmagomedov vs. Song,ufc,jingnan-xiong-vs-julia-polastri-80594,T2ZmZXJOb2RlOjEwMzY3NzQ3Mw==,T3V0Y29tZU5vZGU6Njc5MTAxNQ==,Polymarket,exchange,END_SUB,A_4,A_5,Fight ends in submission,Fight doesn't end in submission,,,Will the fight be won by submission? - No,,1,-3233,-4900,-2400,-4900,2026-08-23T23:25:56.844788+00:00,2026-08-15T22:05:17.247309+00:00,0.05,O,0,complete
2026-08-23T23:29:09.145038+00:00,8869,2026-08-29,UFC Fight Night: Nurmagomedov vs. Song,ufc,jingnan-xiong-vs-julia-polastri-80594,T2ZmZXJOb2RlOjEwMzY3NzQ4Ng==,T3V0Y29tZU5vZGU6Njc5MTA0MA==,Polymarket,exchange,DISTANCE,A_4,A_2,Fight goes the distance,Fight ends inside distance,,,Fight to Go the Distance? - Yes,,0,-3233,-3233,-2400,-4900,2026-08-23T23:25:56.834205+00:00,2026-08-15T22:14:29.991355+00:00,0.05,O,0,complete
2026-08-23T23:29:09.145038+00:00,8869,2026-08-29,UFC Fight Night: Nurmagomedov vs. Song,ufc,jingnan-xiong-vs-julia-polastri-80594,T2ZmZXJOb2RlOjEwMzY3NzQ4Ng==,T3V0Y29tZU5vZGU6Njc5MTA0MQ==,Polymarket,exchange,DISTANCE,A_4,A_2,Fight goes the distance,Fight ends inside distance,,,Fight to Go the Distance? - No,,1,-2400,-3233,-2400,-4900,2026-08-23T23:25:56.834205+00:00,2026-08-15T22:14:29.991355+00:00,0.05,O,0,complete
2026-08-23T23:29:09.145038+00:00,8869,2026-08-29,UFC Fight Night: Nurmagomedov vs. Song,ufc,jingnan-xiong-vs-julia-polastri-80594,T2ZmZXJOb2RlOjEwMzY3NzQ3MQ==,T3V0Y29tZU5vZGU6Njc5MTAxMA==,Polymarket,exchange,KO,A_5,A_13,wins by TKO/KO,doesn't win by TKO/KO,,2.0,Will Jingnan Xiong win by KO or TKO? - Yes,jingnan-xiong-12629,0,-3233,-4900,-2400,-4900,2026-08-23T23:16:10.596425+00:00,2026-08-15T22:05:17.076752+00:00,0.22,O,0,complete
2026-08-23T23:29:09.145038+00:00,8869,2026-08-29,UFC Fight Night: Nurmagomedov vs. Song,ufc,jingnan-xiong-vs-julia-polastri-80594,T2ZmZXJOb2RlOjEwMzY3NzQ3MQ==,T3V0Y29tZU5vZGU6Njc5MTAxMQ==,Polymarket,exchange,KO,A_5,A_13,wins by TKO/KO,doesn't win by TKO/KO,,2.0,Will Jingnan Xiong win by KO or TKO? - No,jingnan-xiong-12629,1,-3233,-4900,-2400,-4900,2026-08-23T23:16:10.596425+00:00,2026-08-15T22:05:17.076752+00:00,0.22,O,0,complete
2026-08-23T23:29:09.145038+00:00,8869,2026-08-29,UFC Fight Night: Nurmagomedov vs. Song,ufc,jingnan-xiong-vs-julia-polastri-80594,T2ZmZXJOb2RlOjEwMzY3NzQ3MA==,T3V0Y29tZU5vZGU6Njc5MTAwOA==,Polymarket,exchange,END_KO,A_4,A_5,"Fight ends by KO, TKO or DQ","Fight doesn't end by KO, TKO or DQ",,,Will the fight be won by KO or TKO? - Yes,,0,-3233,-4900,-2400,-4900,2026-08-23T18:54:46.638059+00:00,2026-08-15T22:05:16.963319+00:00,4.57,O,0,complete
2026-08-23T23:29:09.145038+00:00,8869,2026-08-29,UFC Fight Night: Nurmagomedov vs. Song,ufc,jingnan-xiong-vs-julia-polastri-80594,T2ZmZXJOb2RlOjEwMzY3NzQ3MA==,T3V0Y29tZU5vZGU6Njc5MTAwOQ==,Polymarket,exchange,END_KO,A_4,A_5,"Fight ends by KO, TKO or DQ","Fight doesn't end by KO, TKO or DQ",,,Will the fight be won by KO or TKO? - No,,1,-3233,-4900,-2400,-4900,2026-08-23T18:54:46.638059+00:00,2026-08-15T22:05:16.963319+00:00,4.57,O,0,complete
2026-08-23T23:29:09.145038+00:00,8869,2026-08-29,UFC Fight Night: Nurmagomedov vs. Song,ufc,meng-ding-vs-cameron-nelson-80702,T2ZmZXJOb2RlOjEwMzY5MDcxOQ==,T3V0Y29tZU5vZGU6NjgwODYwMA==,Novig,exchange,OVERUNDER_2.5,A_4,A_1,Over 2.5 rounds,Under 2.5 rounds,,2.5,Over 2.5,,0,-133,-133,-133,-133,2026-08-23T21:31:30.026005+00:00,2026-08-23T21:31:29.221158+00:00,1.96,O,0,complete
2026-08-23T23:29:09.145038+00:00,8869,2026-08-29,UFC Fight Night: Nurmagomedov vs. Song,ufc,meng-ding-vs-cameron-nelson-80702,T2ZmZXJOb2RlOjEwMzY5MDcxOQ==,T3V0Y29tZU5vZGU6NjgwODYwMQ==,Novig,exchange,OVERUNDER_2.5,A_4,A_1,Over 2.5 rounds,Under 2.5 rounds,,2.5,Under 2.5,,1,-117,-117,-117,-117,2026-08-23T21:31:30.026005+00:00,2026-08-23T21:31:29.221158+00:00,1.96,O,0,complete
2026-08-23T23:29:09.145038+00:00,8869,2026-08-29,UFC Fight Night: Nurmagomedov vs. Song,ufc,meng-ding-vs-cameron-nelson-80702,T2ZmZXJOb2RlOjEwMzY5MDY3NA==,T3V0Y29tZU5vZGU6NjgwODUxMg==,Stake,sportsbook,OVERUNDER_2.5,A_4,A_1,Over 2.5 rounds,Under 2.5 rounds,,2.5,Over 2.5,,0,-119,-135,-119,-135,2026-08-23T21:34:08.980965+00:00,2026-08-23T18:30:28.721560+00:00,1.92,O,0,complete
2026-08-23T23:29:09.145038+00:00,8869,2026-08-29,UFC Fight Night: Nurmagomedov vs. Song,ufc,meng-ding-vs-cameron-nelson-80702,T2ZmZXJOb2RlOjEwMzY5MDY3NA==,T3V0Y29tZU5vZGU6NjgwODUxMw==,Stake,sportsbook,OVERUNDER_2.5,A_4,A_1,Over 2.5 rounds,Under 2.5 rounds,,2.5,Under 2.5,,1,-106,+106,+106,-106,2026-08-23T21:34:08.980965+00:00,2026-08-23T18:30:28.721560+00:00,1.92,O,0,complete
2026-08-23T23:29:09.145038+00:00,8869,2026-08-29,UFC Fight Night: Nurmagomedov vs. Song,ufc,meng-ding-vs-cameron-nelson-80702,T2ZmZXJOb2RlOjEwMzY5MDY2Nw==,T3V0Y29tZU5vZGU6NjgwODQ5OA==,MyBookie,sportsbook,OVERUNDER_2.5,A_4,A_1,Over 2.5 rounds,Under 2.5 rounds,,2.5,Over 2.5,,0,-122,-138,-122,-138,2026-08-23T21:20:29.259689+00:00,2026-08-23T17:05:33.071783+00:00,2.14,O,0,complete
2026-08-23T23:29:09.145038+00:00,8869,2026-08-29,UFC Fight Night: Nurmagomedov vs. Song,ufc,meng-ding-vs-cameron-nelson-80702,T2ZmZXJOb2RlOjEwMzY5MDY2Nw==,T3V0Y29tZU5vZGU6NjgwODQ5OQ==,MyBookie,sportsbook,OVERUNDER_2.5,A_4,A_1,Over 2.5 rounds,Under 2.5 rounds,,2.5,Under 2.5,,1,-109,+104,+104,-109,2026-08-23T21:20:29.259689+00:00,2026-08-23T17:05:33.071783+00:00,2.14,O,0,complete
2026-08-23T23:29:09.145038+00:00,8869,2026-08-29,UFC Fight Night: Nurmagomedov vs. Song,ufc,meng-ding-vs-cameron-nelson-80702,T2ZmZXJOb2RlOjEwMzY5MDY1OQ==,T3V0Y29tZU5vZGU6NjgwODQ4Mg==,ReBet,sportsbook,OVERUNDER_2.5,A_4,A_1,Over 2.5 rounds,Under 2.5 rounds,,2.5,Over 2.5,,0,-119,-135,-119,-135,2026-08-23T21:31:47.935975+00:00,2026-08-23T17:01:04.188449+00:00,1.96,O,0,complete
2026-08-23T23:29:09.145038+00:00,8869,2026-08-29,UFC Fight Night: Nurmagomedov vs. Song,ufc,meng-ding-vs-cameron-nelson-80702,T2ZmZXJOb2RlOjEwMzY5MDY1OQ==,T3V0Y29tZU5vZGU6NjgwODQ4Mw==,ReBet,sportsbook,OVERUNDER_2.5,A_4,A_1,Over 2.5 rounds,Under 2.5 rounds,,2.5,Under 2.5,,1,-107,+106,+106,-107,2026-08-23T21:31:47.935975+00:00,2026-08-23T17:01:04.188449+00:00,1.96,O,0,complete
2026-08-23T23:29:09.145038+00:00,8869,2026-08-29,UFC Fight Night: Nurmagomedov vs. Song,ufc,meng-ding-vs-cameron-nelson-80702,T2ZmZXJOb2RlOjEwMzY5MDY0OQ==,T3V0Y29tZU5vZGU6NjgwODQ2Mg==,BetUS,sportsbook,OVERUNDER_2.5,A_4,A_1,Over 2.5 rounds,Under 2.5 rounds,,2.5,Over 2.5,,0,-115,-130,-115,-130,2026-08-23T21:15:48.533970+00:00,2026-08-23T16:55:30.393203+00:00,2.22,O,0,complete
2026-08-23T23:29:09.145038+00:00,8869,2026-08-29,UFC Fight Night: Nurmagomedov vs. Song,ufc,meng-ding-vs-cameron-nelson-80702,T2ZmZXJOb2RlOjEwMzY5MDY0OQ==,T3V0Y29tZU5vZGU6NjgwODQ2Mw==,BetUS,sportsbook,OVERUNDER_2.5,A_4,A_1,Over 2.5 rounds,Under 2.5 rounds,,2.5,Under 2.5,,1,-105,+110,+110,-105,2026-08-23T21:15:48.533970+00:00,2026-08-23T16:55:30.393203+00:00,2.22,O,0,complete
2026-08-23T23:29:09.145038+00:00,8869,2026-08-29,UFC Fight Night: Nurmagomedov vs. Song,ufc,meng-ding-vs-cameron-nelson-80702,T2ZmZXJOb2RlOjEwMzY5MDY0Nw==,T3V0Y29tZU5vZGU6NjgwODQ1OA==,Bovada,sportsbook,OVERUNDER_2.5,A_4,A_1,Over 2.5 rounds,Under 2.5 rounds,,2.5,Over 2.5,,0,-120,-135,-120,-135,2026-08-23T21:19:08.444625+00:00,2026-08-23T16:54:51.956433+00:00,2.17,O,0,complete
2026-08-23T23:29:09.145038+00:00,8869,2026-08-29,UFC Fight Night: Nurmagomedov vs. Song,ufc,meng-ding-vs-cameron-nelson-80702,T2ZmZXJOb2RlOjEwMzY5MDY0Nw==,T3V0Y29tZU5vZGU6NjgwODQ1OQ==,Bovada,sportsbook,OVERUNDER_2.5,A_4,A_1,Over 2.5 rounds,Under 2.5 rounds,,2.5,Under 2.5,,1,-110,+105,+105,-110,2026-08-23T21:19:08.444625+00:00,2026-08-23T16:54:51.956433+00:00,2.17,O,0,complete
2026-08-23T23:29:09.145038+00:00,8869,2026-08-29,UFC Fight Night: Nurmagomedov vs. Song,ufc,meng-ding-vs-cameron-nelson-80702,T2ZmZXJOb2RlOjEwMzY5MDY0NA==,T3V0Y29tZU5vZGU6NjgwODQ1Mg==,BetOnline,sportsbook,OVERUNDER_2.5,A_4,A_1,Over 2.5 rounds,Under 2.5 rounds,,2.5,Over 2.5,,0,-116,-110,+105,-135,2026-08-23T21:15:33.985179+00:00,2026-08-23T16:51:08.965913+00:00,2.23,O,0,complete
2026-08-23T23:29:09.145038+00:00,8869,2026-08-29,UFC Fight Night: Nurmagomedov vs. Song,ufc,meng-ding-vs-cameron-nelson-80702,T2ZmZXJOb2RlOjEwMzY5MDY0NA==,T3V0Y29tZU5vZGU6NjgwODQ1Mw==,BetOnline,sportsbook,OVERUNDER_2.5,A_4,A_1,Over 2.5 rounds,Under 2.5 rounds,,2.5,Under 2.5,,1,-104,-110,+115,-125,2026-08-23T21:15:33.985179+00:00,2026-08-23T16:51:08.965913+00:00,2.23,O,0,complete
2026-08-23T23:29:09.145038+00:00,8869,2026-08-29,UFC Fight Night: Nurmagomedov vs. Song,ufc,meng-ding-vs-cameron-nelson-80702,T2ZmZXJOb2RlOjEwMzY5MDI5MQ==,T3V0Y29tZU5vZGU6NjgwNzgwMg==,Polymarket,exchange,OVERUNDER_2.5,A_4,A_1,Over 2.5 rounds,Under 2.5 rounds,,2.5,Over 2.5,,0,-1900,-9900,-1900,-9900,2026-08-23T22:25:45.281461+00:00,2026-08-22T22:09:54.552147+00:00,1.06,O,0,complete
2026-08-23T23:29:09.145038+00:00,8869,2026-08-29,UFC Fight Night: Nurmagomedov vs. Song,ufc,meng-ding-vs-cameron-nelson-80702,T2ZmZXJOb2RlOjEwMzY5MDI5MQ==,T3V0Y29tZU5vZGU6NjgwNzgwMw==,Polymarket,exchange,OVERUNDER_2.5,A_4,A_1,Over 2.5 rounds,Under 2.5 rounds,,2.5,Under 2.5,,1,-1900,-9900,-1900,-9900,2026-08-23T22:25:45.281461+00:00,2026-08-22T22:09:54.552147+00:00,1.06,O,0,complete
2026-08-23T23:29:09.145038+00:00,8869,2026-08-29,UFC Fight Night: Nurmagomedov vs. Song,ufc,meng-ding-vs-cameron-nelson-80702,T2ZmZXJOb2RlOjEwMzY5MDI4Nw==,T3V0Y29tZU5vZGU6NjgwNzc5NA==,Polymarket,exchange,KO,A_5,A_13,wins by TKO/KO,doesn't win by TKO/KO,,2.0,Will Cameron Nelson win by KO or TKO? - Yes,cameron-nelson-61734,0,-1900,-2400,-1900,-2400,2026-08-22T22:19:39.918287+00:00,2026-08-22T22:09:54.465103+00:00,25.16,O,0,complete
2026-08-23T23:29:09.145038+00:00,8869,2026-08-29,UFC Fight Night: Nurmagomedov vs. Song,ufc,meng-ding-vs-cameron-nelson-80702,T2ZmZXJOb2RlOjEwMzY5MDI4Nw==,T3V0Y29tZU5vZGU6NjgwNzc5NQ==,Polymarket,exchange,KO,A_5,A_13,wins by TKO/KO,doesn't win by TKO/KO,,2.0,Will Cameron Nelson win by KO or TKO? - No,cameron-nelson-61734,1,-3233,-4900,-3233,-4900,2026-08-22T22:19:39.918287+00:00,2026-08-22T22:09:54.465103+00:00,25.16,O,0,complete
2026-08-23T23:29:09.145038+00:00,8869,2026-08-29,UFC Fight Night: Nurmagomedov vs. Song,ufc,meng-ding-vs-cameron-nelson-80702,T2ZmZXJOb2RlOjEwMzY5MDI4Ng==,T3V0Y29tZU5vZGU6NjgwNzc5Mg==,Polymarket,exchange,KO,A_5,A_13,wins by TKO/KO,doesn't win by TKO/KO,,2.0,Will Ding Meng win by KO or TKO? - Yes,meng-ding-30933,0,-1900,-2400,-1567,-2400,2026-08-23T23:11:00.302182+00:00,2026-08-22T22:09:54.445732+00:00,0.3,O,0,complete
2026-08-23T23:29:09.145038+00:00,8869,2026-08-29,UFC Fight Night: Nurmagomedov vs. Song,ufc,meng-ding-vs-cameron-nelson-80702,T2ZmZXJOb2RlOjEwMzY5MDI4Ng==,T3V0Y29tZU5vZGU6NjgwNzc5Mw==,Polymarket,exchange,KO,A_5,A_13,wins by TKO/KO,doesn't win by TKO/KO,,2.0,Will Ding Meng win by KO or TKO? - No,meng-ding-30933,1,-3233,-4900,-1900,-4900,2026-08-23T23:11:00.302182+00:00,2026-08-22T22:09:54.445732+00:00,0.3,O,0,complete
2026-08-23T23:29:09.145038+00:00,8869,2026-08-29,UFC Fight Night: Nurmagomedov vs. Song,ufc,meng-ding-vs-cameron-nelson-80702,T2ZmZXJOb2RlOjEwMzY5MDI4NQ==,T3V0Y29tZU5vZGU6NjgwNzc5MA==,Polymarket,exchange,END_KO,A_4,A_5,"Fight ends by KO, TKO or DQ","Fight doesn't end by KO, TKO or DQ",,,Will the fight be won by KO or TKO? - Yes,,0,-1900,-2400,-1900,-2400,2026-08-23T23:25:57.000519+00:00,2026-08-22T22:09:54.430285+00:00,0.05,O,0,complete
2026-08-23T23:29:09.145038+00:00,8869,2026-08-29,UFC Fight Night: Nurmagomedov vs. Song,ufc,meng-ding-vs-cameron-nelson-80702,T2ZmZXJOb2RlOjEwMzY5MDI4NQ==,T3V0Y29tZU5vZGU6NjgwNzc5MQ==,Polymarket,exchange,END_KO,A_4,A_5,"Fight ends by KO, TKO or DQ","Fight doesn't end by KO, TKO or DQ",,,Will the fight be won by KO or TKO? - No,,1,-1567,-4900,-1567,-4900,2026-08-23T23:25:57.000519+00:00,2026-08-22T22:09:54.430285+00:00,0.05,O,0,complete
2026-08-23T23:29:09.145038+00:00,8869,2026-08-29,UFC Fight Night: Nurmagomedov vs. Song,ufc,meng-ding-vs-cameron-nelson-80702,T2ZmZXJOb2RlOjEwMzY5MDI4NA==,T3V0Y29tZU5vZGU6NjgwNzc4OA==,Polymarket,exchange,DISTANCE,A_4,A_2,Fight goes the distance,Fight ends inside distance,,,Fight to Go the Distance? - Yes,,0,-1900,-2400,-1900,-2400,2026-08-22T22:19:39.909850+00:00,2026-08-22T22:09:54.414757+00:00,25.16,O,0,complete
2026-08-23T23:29:09.145038+00:00,8869,2026-08-29,UFC Fight Night: Nurmagomedov vs. Song,ufc,meng-ding-vs-cameron-nelson-80702,T2ZmZXJOb2RlOjEwMzY5MDI4NA==,T3V0Y29tZU5vZGU6NjgwNzc4OQ==,Polymarket,exchange,DISTANCE,A_4,A_2,Fight goes the distance,Fight ends inside distance,,,Fight to Go the Distance? - No,,1,-3233,-9900,-3233,-9900,2026-08-22T22:19:39.909850+00:00,2026-08-22T22:09:54.414757+00:00,25.16,O,0,complete
2026-08-23T23:29:09.145038+00:00,8869,2026-08-29,UFC Fight Night: Nurmagomedov vs. Song,ufc,meng-ding-vs-cameron-nelson-80702,T2ZmZXJOb2RlOjEwMzY5MDI5MA==,T3V0Y29tZU5vZGU6NjgwNzgwMA==,Polymarket,exchange,OVERUNDER_1.5,A_4,A_1,Over 1.5 rounds,Under 1.5 rounds,,1.5,Over 1.5,,0,-1900,-9900,-1900,-9900,2026-08-23T04:09:26.757724+00:00,2026-08-22T22:09:54.517817+00:00,19.33,O,0,complete
2026-08-23T23:29:09.145038+00:00,8869,2026-08-29,UFC Fight Night: Nurmagomedov vs. Song,ufc,meng-ding-vs-cameron-nelson-80702,T2ZmZXJOb2RlOjEwMzY5MDI5MA==,T3V0Y29tZU5vZGU6NjgwNzgwMQ==,Polymarket,exchange,OVERUNDER_1.5,A_4,A_1,Over 1.5 rounds,Under 1.5 rounds,,1.5,Under 1.5,,1,-1900,-9900,-1900,-9900,2026-08-23T04:09:26.757724+00:00,2026-08-22T22:09:54.517817+00:00,19.33,O,0,complete
2026-08-23T23:29:09.145038+00:00,8869,2026-08-29,UFC Fight Night: Nurmagomedov vs. Song,ufc,meng-ding-vs-cameron-nelson-80702,T2ZmZXJOb2RlOjEwMzY5MDI4OQ==,T3V0Y29tZU5vZGU6NjgwNzc5OA==,Polymarket,exchange,OVERUNDER_0.5,A_4,A_1,Over 0.5 rounds,Under 0.5 rounds,,0.5,Over 0.5,,0,-1900,-4900,-1567,-4900,2026-08-23T22:30:24.104185+00:00,2026-08-22T22:09:54.496751+00:00,0.98,O,0,complete
2026-08-23T23:29:09.145038+00:00,8869,2026-08-29,UFC Fight Night: Nurmagomedov vs. Song,ufc,meng-ding-vs-cameron-nelson-80702,T2ZmZXJOb2RlOjEwMzY5MDI4OQ==,T3V0Y29tZU5vZGU6NjgwNzc5OQ==,Polymarket,exchange,OVERUNDER_0.5,A_4,A_1,Over 0.5 rounds,Under 0.5 rounds,,0.5,Under 0.5,,1,-1900,-4900,-1567,-4900,2026-08-23T22:30:24.104185+00:00,2026-08-22T22:09:54.496751+00:00,0.98,O,0,complete
2026-08-23T23:29:09.145038+00:00,8869,2026-08-29,UFC Fight Night: Nurmagomedov vs. Song,ufc,meng-ding-vs-cameron-nelson-80702,T2ZmZXJOb2RlOjEwMzY5MDI4OA==,T3V0Y29tZU5vZGU6NjgwNzc5Ng==,Polymarket,exchange,END_SUB,A_4,A_5,Fight ends in submission,Fight doesn't end in submission,,,Will the fight be won by submission? - Yes,,0,-1900,-2400,-1900,-2400,2026-08-22T22:19:39.921795+00:00,2026-08-22T22:09:54.481525+00:00,25.16,O,0,complete
2026-08-23T23:29:09.145038+00:00,8869,2026-08-29,UFC Fight Night: Nurmagomedov vs. Song,ufc,meng-ding-vs-cameron-nelson-80702,T2ZmZXJOb2RlOjEwMzY5MDI4OA==,T3V0Y29tZU5vZGU6NjgwNzc5Nw==,Polymarket,exchange,END_SUB,A_4,A_5,Fight ends in submission,Fight doesn't end in submission,,,Will the fight be won by submission? - No,,1,-3233,-4900,-3233,-4900,2026-08-22T22:19:39.921795+00:00,2026-08-22T22:09:54.481525+00:00,25.16,O,0,complete
2026-08-24T00:42:55.829193+00:00,9111,2026-08-25,Dana White's Contender Series: Contender Series 2026: Week 3,dwcs,bella-mir-vs-alex-apodaca-80595,T2ZmZXJOb2RlOjEwMzY3NDg0Ng==,T3V0Y29tZU5vZGU6Njc4NzM3MA==,Polymarket,exchange,OVERUNDER_0.5,A_4,A_1,Over 0.5 rounds,Under 0.5 rounds,,0.5,Over 0.5,,0,-3233,-3233,-1900,-4900,2026-08-23T23:35:00.966177+00:00,2026-08-12T22:10:40.724063+00:00,1.13,O,0,complete
2026-08-24T00:42:55.829193+00:00,9111,2026-08-25,Dana White's Contender Series: Contender Series 2026: Week 3,dwcs,mario-piazzon-vs-guilherme-uriel-silva-costa-78018,T2ZmZXJOb2RlOjEwMzY3NDg1NQ==,T3V0Y29tZU5vZGU6Njc4NzM4OA==,Polymarket,exchange,OVERUNDER_0.5,A_4,A_1,Over 0.5 rounds,Under 0.5 rounds,,0.5,Over 0.5,,0,-1900,-3233,+488,-4900,2026-08-24T00:40:47.539725+00:00,2026-08-12T22:10:40.832031+00:00,0.04,O,0,complete
2026-08-24T00:42:55.829193+00:00,9111,2026-08-25,Dana White's Contender Series: Contender Series 2026: Week 3,dwcs,mario-piazzon-vs-guilherme-uriel-silva-costa-78018,T2ZmZXJOb2RlOjEwMzY3NDg1NQ==,T3V0Y29tZU5vZGU6Njc4NzM4OQ==,Polymarket,exchange,OVERUNDER_0.5,A_4,A_1,Over 0.5 rounds,Under 0.5 rounds,,0.5,Under 0.5,,1,-1900,-3233,-488,-4900,2026-08-24T00:40:47.539725+00:00,2026-08-12T22:10:40.832031+00:00,0.04,O,0,complete
2026-08-24T00:42:55.829193+00:00,9111,2026-08-25,Dana White's Contender Series: Contender Series 2026: Week 3,dwcs,mario-piazzon-vs-guilherme-uriel-silva-costa-78018,T2ZmZXJOb2RlOjEwMzY3NDg1MA==,T3V0Y29tZU5vZGU6Njc4NzM3OQ==,Polymarket,exchange,DISTANCE,A_4,A_2,Fight goes the distance,Fight ends inside distance,,,Fight to Go the Distance? - No,,1,-3233,-4900,-2400,-9900,2026-08-23T23:35:00.976697+00:00,2026-08-12T22:10:40.773730+00:00,1.13,O,0,complete
2026-08-24T00:42:55.829193+00:00,9111,2026-08-25,Dana White's Contender Series: Contender Series 2026: Week 3,dwcs,sean-clancy-jr-vs-gary-balletto-jr-79266,T2ZmZXJOb2RlOjEwMzY3NDg2NA==,T3V0Y29tZU5vZGU6Njc4NzQwNg==,Polymarket,exchange,OVERUNDER_0.5,A_4,A_1,Over 0.5 rounds,Under 0.5 rounds,,0.5,Over 0.5,,0,-1567,-4900,+900,-4900,2026-08-24T00:40:47.581199+00:00,2026-08-12T22:10:40.958830+00:00,0.04,O,0,complete
2026-08-24T00:42:55.829193+00:00,9111,2026-08-25,Dana White's Contender Series: Contender Series 2026: Week 3,dwcs,sean-clancy-jr-vs-gary-balletto-jr-79266,T2ZmZXJOb2RlOjEwMzY3NDg2NA==,T3V0Y29tZU5vZGU6Njc4NzQwNw==,Polymarket,exchange,OVERUNDER_0.5,A_4,A_1,Over 0.5 rounds,Under 0.5 rounds,,0.5,Under 0.5,,1,-2400,-4900,-1329,-4900,2026-08-24T00:40:47.581199+00:00,2026-08-12T22:10:40.958830+00:00,0.04,O,0,complete
2026-08-24T00:42:55.829193+00:00,9111,2026-08-25,Dana White's Contender Series: Contender Series 2026: Week 3,dwcs,alexis-miranda-vs-ronald-humphrey-79267,T2ZmZXJOb2RlOjEwMzY3NDg3MQ==,T3V0Y29tZU5vZGU6Njc4NzQyMA==,Polymarket,exchange,KO,A_5,A_13,wins by TKO/KO,doesn't win by TKO/KO,,2.0,Will Alexis Miranda win by KO or TKO? - Yes,alexis-miranda-72726,0,-3233,-3233,-2400,-4900,2026-08-23T23:47:56.354893+00:00,2026-08-12T22:10:41.053753+00:00,0.92,O,0,complete
2026-08-24T00:42:55.829193+00:00,9111,2026-08-25,Dana White's Contender Series: Contender Series 2026: Week 3,dwcs,alexis-miranda-vs-ronald-humphrey-79267,T2ZmZXJOb2RlOjEwMzY3NDg3NA==,T3V0Y29tZU5vZGU6Njc4NzQyNg==,Polymarket,exchange,OVERUNDER_1.5,A_4,A_1,Over 1.5 rounds,Under 1.5 rounds,,1.5,Over 1.5,,0,-3233,-4900,-1900,-9900,2026-08-23T23:35:01.045737+00:00,2026-08-12T22:10:41.108159+00:00,1.13,O,0,complete
2026-08-24T00:42:55.829193+00:00,9111,2026-08-25,Dana White's Contender Series: Contender Series 2026: Week 3,dwcs,alexis-miranda-vs-ronald-humphrey-79267,T2ZmZXJOb2RlOjEwMzY3NDg3NQ==,T3V0Y29tZU5vZGU6Njc4NzQyOQ==,Polymarket,exchange,OVERUNDER_2.5,A_4,A_1,Over 2.5 rounds,Under 2.5 rounds,,2.5,Under 2.5,,1,-3233,-4900,-1900,-9900,2026-08-23T23:35:01.048033+00:00,2026-08-12T22:10:41.123974+00:00,1.13,O,0,complete
2026-08-24T00:42:55.829193+00:00,9111,2026-08-25,Dana White's Contender Series: Contender Series 2026: Week 3,dwcs,alexis-miranda-vs-ronald-humphrey-79267,T2ZmZXJOb2RlOjEwMzY3NDg3MA==,T3V0Y29tZU5vZGU6Njc4NzQxOQ==,Polymarket,exchange,KO,A_5,A_13,wins by TKO/KO,doesn't win by TKO/KO,,2.0,Will Ronald Humphrey win by KO or TKO? - No,ronald-humphrey-71850,1,-300,-3233,-245,-4900,2026-08-23T23:47:56.352609+00:00,2026-08-12T22:10:41.041835+00:00,0.92,O,0,complete
2026-08-24T00:42:55.829193+00:00,8869,2026-08-29,UFC Fight Night: Nurmagomedov vs. Song,ufc,umar-nurmagomedov-vs-yadong-song-79649,T2ZmZXJOb2RlOjEwMzY5MDgwMw==,T3V0Y29tZU5vZGU6NjgwODc2OA==,DraftKings,sportsbook,OVERUNDER_4.5,A_4,A_1,Over 4.5 rounds,Under 4.5 rounds,,4.5,Over 4.5,,0,-230,-230,-230,-230,2026-08-24T00:11:22.101959+00:00,2026-08-24T00:11:21.751862+00:00,0.53,O,0,complete
2026-08-24T00:42:55.829193+00:00,8869,2026-08-29,UFC Fight Night: Nurmagomedov vs. Song,ufc,umar-nurmagomedov-vs-yadong-song-79649,T2ZmZXJOb2RlOjEwMzY5MDgwMw==,T3V0Y29tZU5vZGU6NjgwODc2OQ==,DraftKings,sportsbook,OVERUNDER_4.5,A_4,A_1,Over 4.5 rounds,Under 4.5 rounds,,4.5,Under 4.5,,1,+175,+175,+175,+175,2026-08-24T00:11:22.101959+00:00,2026-08-24T00:11:21.751862+00:00,0.53,O,0,complete
2026-08-24T00:42:55.829193+00:00,8869,2026-08-29,UFC Fight Night: Nurmagomedov vs. Song,ufc,umar-nurmagomedov-vs-yadong-song-79649,T2ZmZXJOb2RlOjEwMzY3NzQwOA==,T3V0Y29tZU5vZGU6Njc5MDg4NQ==,Polymarket,exchange,KO,A_5,A_13,wins by TKO/KO,doesn't win by TKO/KO,,2.0,Will Umar Nurmagomedov win by KO or TKO? - No,umar-nurmagomedov-28334,1,-2400,-4900,-2400,-4900,2026-08-23T23:55:43.195020+00:00,2026-08-15T22:05:12.495755+00:00,0.79,O,0,complete
2026-08-24T00:42:55.829193+00:00,8869,2026-08-29,UFC Fight Night: Nurmagomedov vs. Song,ufc,umar-nurmagomedov-vs-yadong-song-79649,T2ZmZXJOb2RlOjEwMzY3NzQwNg==,T3V0Y29tZU5vZGU6Njc5MDg4MQ==,Polymarket,exchange,END_KO,A_4,A_5,"Fight ends by KO, TKO or DQ","Fight doesn't end by KO, TKO or DQ",,,Will the fight be won by KO or TKO? - No,,1,-3233,-4900,-2400,-4900,2026-08-23T23:35:01.082256+00:00,2026-08-15T22:05:12.341441+00:00,1.13,O,0,complete
2026-08-24T00:42:55.829193+00:00,8869,2026-08-29,UFC Fight Night: Nurmagomedov vs. Song,ufc,xiaonan-yan-vs-denise-gomes-79865,T2ZmZXJOb2RlOjEwMzY5MDgwMg==,T3V0Y29tZU5vZGU6NjgwODc2Ng==,DraftKings,sportsbook,OVERUNDER_2.5,A_4,A_1,Over 2.5 rounds,Under 2.5 rounds,,2.5,Over 2.5,,0,-280,-280,-280,-280,2026-08-24T00:11:22.061121+00:00,2026-08-24T00:11:21.743641+00:00,0.53,O,0,complete
2026-08-24T00:42:55.829193+00:00,8869,2026-08-29,UFC Fight Night: Nurmagomedov vs. Song,ufc,xiaonan-yan-vs-denise-gomes-79865,T2ZmZXJOb2RlOjEwMzY5MDgwMg==,T3V0Y29tZU5vZGU6NjgwODc2Nw==,DraftKings,sportsbook,OVERUNDER_2.5,A_4,A_1,Over 2.5 rounds,Under 2.5 rounds,,2.5,Under 2.5,,1,+210,+210,+210,+210,2026-08-24T00:11:22.061121+00:00,2026-08-24T00:11:21.743641+00:00,0.53,O,0,complete
2026-08-24T00:42:55.829193+00:00,8869,2026-08-29,UFC Fight Night: Nurmagomedov vs. Song,ufc,xiaonan-yan-vs-denise-gomes-79865,T2ZmZXJOb2RlOjEwMzY5MDYwNg==,T3V0Y29tZU5vZGU6NjgwODM3Ng==,Bovada,sportsbook,OVERUNDER_2.5,A_4,A_1,Over 2.5 rounds,Under 2.5 rounds,,2.5,Over 2.5,,0,-285,-300,-285,-300,2026-08-24T00:04:53.998436+00:00,2026-08-23T15:54:14.796520+00:00,0.63,O,0,complete
2026-08-24T00:42:55.829193+00:00,8869,2026-08-29,UFC Fight Night: Nurmagomedov vs. Song,ufc,xiaonan-yan-vs-denise-gomes-79865,T2ZmZXJOb2RlOjEwMzY5MDYwNg==,T3V0Y29tZU5vZGU6NjgwODM3Nw==,Bovada,sportsbook,OVERUNDER_2.5,A_4,A_1,Over 2.5 rounds,Under 2.5 rounds,,2.5,Under 2.5,,1,+210,+220,+220,+210,2026-08-24T00:04:53.998436+00:00,2026-08-23T15:54:14.796520+00:00,0.63,O,0,complete
2026-08-24T00:42:55.829193+00:00,8869,2026-08-29,UFC Fight Night: Nurmagomedov vs. Song,ufc,kai-asakura-vs-qileng-aori-80038,T2ZmZXJOb2RlOjEwMzY5MDgwMQ==,T3V0Y29tZU5vZGU6NjgwODc2NA==,DraftKings,sportsbook,OVERUNDER_2.5,A_4,A_1,Over 2.5 rounds,Under 2.5 rounds,,2.5,Over 2.5,,0,+160,+160,+160,+160,2026-08-24T00:11:22.027151+00:00,2026-08-24T00:11:21.735240+00:00,0.53,O,0,complete
2026-08-24T00:42:55.829193+00:00,8869,2026-08-29,UFC Fight Night: Nurmagomedov vs. Song,ufc,kai-asakura-vs-qileng-aori-80038,T2ZmZXJOb2RlOjEwMzY5MDgwMQ==,T3V0Y29tZU5vZGU6NjgwODc2NQ==,DraftKings,sportsbook,OVERUNDER_2.5,A_4,A_1,Over 2.5 rounds,Under 2.5 rounds,,2.5,Under 2.5,,1,-210,-210,-210,-210,2026-08-24T00:11:22.027151+00:00,2026-08-24T00:11:21.735240+00:00,0.53,O,0,complete
2026-08-24T00:42:55.829193+00:00,8869,2026-08-29,UFC Fight Night: Nurmagomedov vs. Song,ufc,kai-asakura-vs-qileng-aori-80038,T2ZmZXJOb2RlOjEwMzY3NzQyNg==,T3V0Y29tZU5vZGU6Njc5MDkyMA==,Polymarket,exchange,END_KO,A_4,A_5,"Fight ends by KO, TKO or DQ","Fight doesn't end by KO, TKO or DQ",,,Will the fight be won by KO or TKO? - Yes,,0,-3233,-4900,-1900,-4900,2026-08-23T23:35:01.124370+00:00,2026-08-15T22:05:13.640851+00:00,1.13,O,0,complete
2026-08-24T00:42:55.829193+00:00,8869,2026-08-29,UFC Fight Night: Nurmagomedov vs. Song,ufc,alex-perez-vs-su-mudaerji-79689,T2ZmZXJOb2RlOjEwMzY5MDgwMA==,T3V0Y29tZU5vZGU6NjgwODc2Mg==,DraftKings,sportsbook,OVERUNDER_2.5,A_4,A_1,Over 2.5 rounds,Under 2.5 rounds,,2.5,Over 2.5,,0,-105,-105,-105,-105,2026-08-24T00:11:21.989662+00:00,2026-08-24T00:11:21.726205+00:00,0.53,O,0,complete
2026-08-24T00:42:55.829193+00:00,8869,2026-08-29,UFC Fight Night: Nurmagomedov vs. Song,ufc,alex-perez-vs-su-mudaerji-79689,T2ZmZXJOb2RlOjEwMzY5MDgwMA==,T3V0Y29tZU5vZGU6NjgwODc2Mw==,DraftKings,sportsbook,OVERUNDER_2.5,A_4,A_1,Over 2.5 rounds,Under 2.5 rounds,,2.5,Under 2.5,,1,-125,-125,-125,-125,2026-08-24T00:11:21.989662+00:00,2026-08-24T00:11:21.726205+00:00,0.53,O,0,complete
2026-08-24T00:42:55.829193+00:00,8869,2026-08-29,UFC Fight Night: Nurmagomedov vs. Song,ufc,bilal-hasan-vs-nilson-rojas-80821,T2ZmZXJOb2RlOjEwMzY4ODkwNQ==,T3V0Y29tZU5vZGU6NjgwNTkzNA==,Polymarket,exchange,OVERUNDER_1.5,A_4,A_1,Over 1.5 rounds,Under 1.5 rounds,,1.5,Over 1.5,,0,-1567,-4900,+104,-4900,2026-08-24T00:40:48.088434+00:00,2026-08-21T22:09:48.281277+00:00,0.04,O,0,complete
2026-08-24T00:42:55.829193+00:00,8869,2026-08-29,UFC Fight Night: Nurmagomedov vs. Song,ufc,bilal-hasan-vs-nilson-rojas-80821,T2ZmZXJOb2RlOjEwMzY4ODkwNQ==,T3V0Y29tZU5vZGU6NjgwNTkzNQ==,Polymarket,exchange,OVERUNDER_1.5,A_4,A_1,Over 1.5 rounds,Under 1.5 rounds,,1.5,Under 1.5,,1,-2400,-4900,-156,-4900,2026-08-24T00:40:48.088434+00:00,2026-08-21T22:09:48.281277+00:00,0.04,O,0,complete
2026-08-24T00:42:55.829193+00:00,8869,2026-08-29,UFC Fight Night: Nurmagomedov vs. Song,ufc,andre-lima-vs-namsrai-batbayar-80336,T2ZmZXJOb2RlOjEwMzY5MDc5OQ==,T3V0Y29tZU5vZGU6NjgwODc2MA==,DraftKings,sportsbook,OVERUNDER_2.5,A_4,A_1,Over 2.5 rounds,Under 2.5 rounds,,2.5,Over 2.5,,0,+114,+114,+114,+114,2026-08-24T00:11:21.961643+00:00,2026-08-24T00:11:21.714179+00:00,0.53,O,0,complete
2026-08-24T00:42:55.829193+00:00,8869,2026-08-29,UFC Fight Night: Nurmagomedov vs. Song,ufc,andre-lima-vs-namsrai-batbayar-80336,T2ZmZXJOb2RlOjEwMzY5MDc5OQ==,T3V0Y29tZU5vZGU6NjgwODc2MQ==,DraftKings,sportsbook,OVERUNDER_2.5,A_4,A_1,Over 2.5 rounds,Under 2.5 rounds,,2.5,Under 2.5,,1,-145,-145,-145,-145,2026-08-24T00:11:21.961643+00:00,2026-08-24T00:11:21.714179+00:00,0.53,O,0,complete
2026-08-24T00:42:55.829193+00:00,8869,2026-08-29,UFC Fight Night: Nurmagomedov vs. Song,ufc,andre-lima-vs-namsrai-batbayar-80336,T2ZmZXJOb2RlOjEwMzY3NzQ1NQ==,T3V0Y29tZU5vZGU6Njc5MDk3OQ==,Polymarket,exchange,OVERUNDER_1.5,A_4,A_1,Over 1.5 rounds,Under 1.5 rounds,,1.5,Under 1.5,,1,-1900,-9900,-1567,-9900,2026-08-23T23:55:43.680138+00:00,2026-08-15T22:05:15.733113+00:00,0.79,O,0,complete
2026-08-24T00:42:55.829193+00:00,8869,2026-08-29,UFC Fight Night: Nurmagomedov vs. Song,ufc,rei-tsuruya-vs-kevin-borjas-79779,T2ZmZXJOb2RlOjEwMzY5MDc5OA==,T3V0Y29tZU5vZGU6NjgwODc1OA==,DraftKings,sportsbook,OVERUNDER_2.5,A_4,A_1,Over 2.5 rounds,Under 2.5 rounds,,2.5,Over 2.5,,0,+135,+135,+135,+135,2026-08-24T00:11:21.926422+00:00,2026-08-24T00:11:21.703780+00:00,0.53,O,0,complete
2026-08-24T00:42:55.829193+00:00,8869,2026-08-29,UFC Fight Night: Nurmagomedov vs. Song,ufc,rei-tsuruya-vs-kevin-borjas-79779,T2ZmZXJOb2RlOjEwMzY5MDc5OA==,T3V0Y29tZU5vZGU6NjgwODc1OQ==,DraftKings,sportsbook,OVERUNDER_2.5,A_4,A_1,Over 2.5 rounds,Under 2.5 rounds,,2.5,Under 2.5,,1,-175,-175,-175,-175,2026-08-24T00:11:21.926422+00:00,2026-08-24T00:11:21.703780+00:00,0.53,O,0,complete
2026-08-24T00:42:55.829193+00:00,8869,2026-08-29,UFC Fight Night: Nurmagomedov vs. Song,ufc,rei-tsuruya-vs-kevin-borjas-79779,T2ZmZXJOb2RlOjEwMzY3NzQ2Nw==,T3V0Y29tZU5vZGU6Njc5MTAwMw==,Polymarket,exchange,END_SUB,A_4,A_5,Fight ends in submission,Fight doesn't end in submission,,,Will the fight be won by submission? - No,,1,-3233,-4900,-1900,-4900,2026-08-23T23:47:56.589479+00:00,2026-08-15T22:05:16.677486+00:00,0.92,O,0,complete
2026-08-24T00:42:55.829193+00:00,8869,2026-08-29,UFC Fight Night: Nurmagomedov vs. Song,ufc,rei-tsuruya-vs-kevin-borjas-79779,T2ZmZXJOb2RlOjEwMzY3NzQ2Ng==,T3V0Y29tZU5vZGU6Njc5MTAwMQ==,Polymarket,exchange,KO,A_5,A_13,wins by TKO/KO,doesn't win by TKO/KO,,2.0,Will Kevin Borjas win by KO or TKO? - No,kevin-borjas-38321,1,-1900,-4900,-1567,-4900,2026-08-23T23:35:01.248407+00:00,2026-08-15T22:05:16.559767+00:00,1.13,O,0,complete
2026-08-24T00:42:55.829193+00:00,8869,2026-08-29,UFC Fight Night: Nurmagomedov vs. Song,ufc,rei-tsuruya-vs-kevin-borjas-79779,T2ZmZXJOb2RlOjEwMzY3NzQ2NA==,T3V0Y29tZU5vZGU6Njc5MDk5Ng==,Polymarket,exchange,END_KO,A_4,A_5,"Fight ends by KO, TKO or DQ","Fight doesn't end by KO, TKO or DQ",,,Will the fight be won by KO or TKO? - Yes,,0,-2400,-4900,-2400,-4900,2026-08-24T00:20:23.451881+00:00,2026-08-15T22:05:16.385439+00:00,0.38,O,0,complete
2026-08-24T00:42:55.829193+00:00,8869,2026-08-29,UFC Fight Night: Nurmagomedov vs. Song,ufc,long-xiao-vs-francesco-nuzzi-80954,T2ZmZXJOb2RlOjEwMzY5MDc5Ng==,T3V0Y29tZU5vZGU6NjgwODc1NA==,DraftKings,sportsbook,OVERUNDER_2.5,A_4,A_1,Over 2.5 rounds,Under 2.5 rounds,,2.5,Over 2.5,,0,-140,-140,-140,-140,2026-08-24T00:11:21.866366+00:00,2026-08-24T00:11:21.684282+00:00,0.53,O,0,complete
2026-08-24T00:42:55.829193+00:00,8869,2026-08-29,UFC Fight Night: Nurmagomedov vs. Song,ufc,long-xiao-vs-francesco-nuzzi-80954,T2ZmZXJOb2RlOjEwMzY5MDc5Ng==,T3V0Y29tZU5vZGU6NjgwODc1NQ==,DraftKings,sportsbook,OVERUNDER_2.5,A_4,A_1,Over 2.5 rounds,Under 2.5 rounds,,2.5,Under 2.5,,1,+110,+110,+110,+110,2026-08-24T00:11:21.866366+00:00,2026-08-24T00:11:21.684282+00:00,0.53,O,0,complete
2026-08-24T00:42:55.829193+00:00,8869,2026-08-29,UFC Fight Night: Nurmagomedov vs. Song,ufc,jack-jenkins-vs-sean-woodson-80520,T2ZmZXJOb2RlOjEwMzY5MDc5Nw==,T3V0Y29tZU5vZGU6NjgwODc1Ng==,DraftKings,sportsbook,OVERUNDER_2.5,A_4,A_1,Over 2.5 rounds,Under 2.5 rounds,,2.5,Over 2.5,,0,-188,-188,-188,-188,2026-08-24T00:11:21.896596+00:00,2026-08-24T00:11:21.694636+00:00,0.53,O,0,complete
2026-08-24T00:42:55.829193+00:00,8869,2026-08-29,UFC Fight Night: Nurmagomedov vs. Song,ufc,jack-jenkins-vs-sean-woodson-80520,T2ZmZXJOb2RlOjEwMzY5MDc5Nw==,T3V0Y29tZU5vZGU6NjgwODc1Nw==,DraftKings,sportsbook,OVERUNDER_2.5,A_4,A_1,Over 2.5 rounds,Under 2.5 rounds,,2.5,Under 2.5,,1,+145,+145,+145,+145,2026-08-24T00:11:21.896596+00:00,2026-08-24T00:11:21.694636+00:00,0.53,O,0,complete
2026-08-24T00:42:55.829193+00:00,8869,2026-08-29,UFC Fight Night: Nurmagomedov vs. Song,ufc,jack-jenkins-vs-sean-woodson-80520,T2ZmZXJOb2RlOjEwMzY3NzQ1OA==,T3V0Y29tZU5vZGU6Njc5MDk4NQ==,Polymarket,exchange,END_KO,A_4,A_5,"Fight ends by KO, TKO or DQ","Fight doesn't end by KO, TKO or DQ",,,Will the fight be won by KO or TKO? - No,,1,-2400,-4900,-2400,-4900,2026-08-23T23:55:43.718719+00:00,2026-08-15T22:05:15.899908+00:00,0.79,O,0,complete
2026-08-24T00:42:55.829193+00:00,8869,2026-08-29,UFC Fight Night: Nurmagomedov vs. Song,ufc,lawrence-lui-vs-hector-santiago-80953,T2ZmZXJOb2RlOjEwMzY5MDc5NQ==,T3V0Y29tZU5vZGU6NjgwODc1Mg==,DraftKings,sportsbook,OVERUNDER_2.5,A_4,A_1,Over 2.5 rounds,Under 2.5 rounds,,2.5,Over 2.5,,0,-115,-115,-115,-115,2026-08-24T00:11:21.839053+00:00,2026-08-24T00:11:21.676339+00:00,0.53,O,0,complete
2026-08-24T00:42:55.829193+00:00,8869,2026-08-29,UFC Fight Night: Nurmagomedov vs. Song,ufc,lawrence-lui-vs-hector-santiago-80953,T2ZmZXJOb2RlOjEwMzY5MDc5NQ==,T3V0Y29tZU5vZGU6NjgwODc1Mw==,DraftKings,sportsbook,OVERUNDER_2.5,A_4,A_1,Over 2.5 rounds,Under 2.5 rounds,,2.5,Under 2.5,,1,-115,-115,-115,-115,2026-08-24T00:11:21.839053+00:00,2026-08-24T00:11:21.676339+00:00,0.53,O,0,complete
2026-08-24T00:42:55.829193+00:00,8869,2026-08-29,UFC Fight Night: Nurmagomedov vs. Song,ufc,lawrence-lui-vs-hector-santiago-80953,T2ZmZXJOb2RlOjEwMzY5MDI3OA==,T3V0Y29tZU5vZGU6NjgwNzc3Nw==,Polymarket,exchange,KO,A_5,A_13,wins by TKO/KO,doesn't win by TKO/KO,,2.0,Will Hector Santiago win by KO or TKO? - No,hector-santiago-63473,1,-2400,-4900,-1567,-4900,2026-08-23T23:35:01.400366+00:00,2026-08-22T22:09:54.320417+00:00,1.13,O,0,complete
2026-08-24T00:42:55.829193+00:00,8869,2026-08-29,UFC Fight Night: Nurmagomedov vs. Song,ufc,lawrence-lui-vs-hector-santiago-80953,T2ZmZXJOb2RlOjEwMzY5MDI3NQ==,T3V0Y29tZU5vZGU6NjgwNzc3MQ==,Polymarket,exchange,DISTANCE,A_4,A_2,Fight goes the distance,Fight ends inside distance,,,Fight to Go the Distance? - No,,1,-3233,-9900,-1900,-9900,2026-08-23T23:35:01.394734+00:00,2026-08-22T22:09:54.269613+00:00,1.13,O,0,complete
2026-08-24T00:42:55.829193+00:00,8869,2026-08-29,UFC Fight Night: Nurmagomedov vs. Song,ufc,jingnan-xiong-vs-julia-polastri-80594,T2ZmZXJOb2RlOjEwMzY5MDc5NA==,T3V0Y29tZU5vZGU6NjgwODc1MA==,DraftKings,sportsbook,OVERUNDER_2.5,A_4,A_1,Over 2.5 rounds,Under 2.5 rounds,,2.5,Over 2.5,,0,-375,-375,-375,-375,2026-08-24T00:11:21.810163+00:00,2026-08-24T00:11:21.662528+00:00,0.53,O,0,complete
2026-08-24T00:42:55.829193+00:00,8869,2026-08-29,UFC Fight Night: Nurmagomedov vs. Song,ufc,jingnan-xiong-vs-julia-polastri-80594,T2ZmZXJOb2RlOjEwMzY5MDc5NA==,T3V0Y29tZU5vZGU6NjgwODc1MQ==,DraftKings,sportsbook,OVERUNDER_2.5,A_4,A_1,Over 2.5 rounds,Under 2.5 rounds,,2.5,Under 2.5,,1,+270,+270,+270,+270,2026-08-24T00:11:21.810163+00:00,2026-08-24T00:11:21.662528+00:00,0.53,O,0,complete
2026-08-24T00:42:55.829193+00:00,8869,2026-08-29,UFC Fight Night: Nurmagomedov vs. Song,ufc,jingnan-xiong-vs-julia-polastri-80594,T2ZmZXJOb2RlOjEwMzY3NzQ3Mg==,T3V0Y29tZU5vZGU6Njc5MTAxMg==,Polymarket,exchange,KO,A_5,A_13,wins by TKO/KO,doesn't win by TKO/KO,,2.0,Will Julia Polastri win by KO or TKO? - Yes,julia-polastri-39425,0,-1567,-4900,-525,-4900,2026-08-24T00:40:47.913226+00:00,2026-08-15T22:05:17.178253+00:00,0.04,O,0,complete
2026-08-24T00:42:55.829193+00:00,8869,2026-08-29,UFC Fight Night: Nurmagomedov vs. Song,ufc,jingnan-xiong-vs-julia-polastri-80594,T2ZmZXJOb2RlOjEwMzY3NzQ3Mg==,T3V0Y29tZU5vZGU6Njc5MTAxMw==,Polymarket,exchange,KO,A_5,A_13,wins by TKO/KO,doesn't win by TKO/KO,,2.0,Will Julia Polastri win by KO or TKO? - No,julia-polastri-39425,1,-2400,-4900,+400,-4900,2026-08-24T00:40:47.913226+00:00,2026-08-15T22:05:17.178253+00:00,0.04,O,0,complete
2026-08-24T00:42:55.829193+00:00,8869,2026-08-29,UFC Fight Night: Nurmagomedov vs. Song,ufc,jingnan-xiong-vs-julia-polastri-80594,T2ZmZXJOb2RlOjEwMzY3NzQ3NA==,T3V0Y29tZU5vZGU6Njc5MTAxNw==,Polymarket,exchange,OVERUNDER_0.5,A_4,A_1,Over 0.5 rounds,Under 0.5 rounds,,0.5,Under 0.5,,1,-1900,-4900,-1329,-4900,2026-08-23T23:35:01.271598+00:00,2026-08-15T22:05:17.339491+00:00,1.13,O,0,complete
2026-08-24T00:42:55.829193+00:00,8869,2026-08-29,UFC Fight Night: Nurmagomedov vs. Song,ufc,jingnan-xiong-vs-julia-polastri-80594,T2ZmZXJOb2RlOjEwMzY3NzQ4Ng==,T3V0Y29tZU5vZGU6Njc5MTA0MQ==,Polymarket,exchange,DISTANCE,A_4,A_2,Fight goes the distance,Fight ends inside distance,,,Fight to Go the Distance? - No,,1,-3233,-3233,-2400,-4900,2026-08-23T23:35:01.260501+00:00,2026-08-15T22:14:29.991355+00:00,1.13,O,0,complete
2026-08-24T00:42:55.829193+00:00,8869,2026-08-29,UFC Fight Night: Nurmagomedov vs. Song,ufc,meng-ding-vs-cameron-nelson-80702,T2ZmZXJOb2RlOjEwMzY5MDI4Ng==,T3V0Y29tZU5vZGU6NjgwNzc5Mw==,Polymarket,exchange,KO,A_5,A_13,wins by TKO/KO,doesn't win by TKO/KO,,2.0,Will Ding Meng win by KO or TKO? - No,meng-ding-30933,1,-2400,-4900,-1900,-4900,2026-08-23T23:55:44.095832+00:00,2026-08-22T22:09:54.445732+00:00,0.79,O,0,complete
2026-08-24T00:42:55.829193+00:00,8869,2026-08-29,UFC Fight Night: Nurmagomedov vs. Song,ufc,meng-ding-vs-cameron-nelson-80702,T2ZmZXJOb2RlOjEwMzY5MDI4NQ==,T3V0Y29tZU5vZGU6NjgwNzc5MQ==,Polymarket,exchange,END_KO,A_4,A_5,"Fight ends by KO, TKO or DQ","Fight doesn't end by KO, TKO or DQ",,,Will the fight be won by KO or TKO? - No,,1,-2400,-4900,-1567,-4900,2026-08-23T23:35:01.427087+00:00,2026-08-22T22:09:54.430285+00:00,1.13,O,0,complete
2026-08-24T00:52:43.759806+00:00,9111,2026-08-25,Dana White's Contender Series: Contender Series 2026: Week 3,dwcs,mario-piazzon-vs-guilherme-uriel-silva-costa-78018,T2ZmZXJOb2RlOjEwMzY3NDg1NQ==,T3V0Y29tZU5vZGU6Njc4NzM4OQ==,Polymarket,exchange,OVERUNDER_0.5,A_4,A_1,Over 0.5 rounds,Under 0.5 rounds,,0.5,Under 0.5,,1,-1567,-3233,-488,-4900,2026-08-24T00:46:34.473240+00:00,2026-08-12T22:10:40.832031+00:00,0.1,O,0,complete
2026-08-24T00:52:43.759806+00:00,9111,2026-08-25,Dana White's Contender Series: Contender Series 2026: Week 3,dwcs,sean-clancy-jr-vs-gary-balletto-jr-79266,T2ZmZXJOb2RlOjEwMzY3NDg2NA==,T3V0Y29tZU5vZGU6Njc4NzQwNw==,Polymarket,exchange,OVERUNDER_0.5,A_4,A_1,Over 0.5 rounds,Under 0.5 rounds,,0.5,Under 0.5,,1,-1567,-4900,-1329,-4900,2026-08-24T00:46:34.494506+00:00,2026-08-12T22:10:40.958830+00:00,0.1,O,0,complete
2026-08-24T01:02:31.365634+00:00,9111,2026-08-25,Dana White's Contender Series: Contender Series 2026: Week 3,dwcs,mario-piazzon-vs-guilherme-uriel-silva-costa-78018,T2ZmZXJOb2RlOjEwMzY3NDg1NQ==,T3V0Y29tZU5vZGU6Njc4NzM4OA==,Polymarket,exchange,OVERUNDER_0.5,A_4,A_1,Over 0.5 rounds,Under 0.5 rounds,,0.5,Over 0.5,,0,-2400,-3233,+488,-4900,2026-08-24T01:00:53.302984+00:00,2026-08-12T22:10:40.832031+00:00,0.03,O,0,complete
2026-08-24T01:02:31.365634+00:00,9111,2026-08-25,Dana White's Contender Series: Contender Series 2026: Week 3,dwcs,mario-piazzon-vs-guilherme-uriel-silva-costa-78018,T2ZmZXJOb2RlOjEwMzY3NDg1NQ==,T3V0Y29tZU5vZGU6Njc4NzM4OQ==,Polymarket,exchange,OVERUNDER_0.5,A_4,A_1,Over 0.5 rounds,Under 0.5 rounds,,0.5,Under 0.5,,1,-2400,-3233,-488,-4900,2026-08-24T01:00:53.302984+00:00,2026-08-12T22:10:40.832031+00:00,0.03,O,0,complete
2026-08-24T01:02:31.365634+00:00,9111,2026-08-25,Dana White's Contender Series: Contender Series 2026: Week 3,dwcs,sean-clancy-jr-vs-gary-balletto-jr-79266,T2ZmZXJOb2RlOjEwMzY3NDg2NA==,T3V0Y29tZU5vZGU6Njc4NzQwNw==,Polymarket,exchange,OVERUNDER_0.5,A_4,A_1,Over 0.5 rounds,Under 0.5 rounds,,0.5,Under 0.5,,1,-2400,-4900,-1329,-4900,2026-08-24T01:00:53.389903+00:00,2026-08-12T22:10:40.958830+00:00,0.03,O,0,complete
2026-08-24T01:02:31.365634+00:00,8869,2026-08-29,UFC Fight Night: Nurmagomedov vs. Song,ufc,alex-perez-vs-su-mudaerji-79689,T2ZmZXJOb2RlOjEwMzY5MDY5Nw==,T3V0Y29tZU5vZGU6NjgwODU1OA==,ReBet,sportsbook,OVERUNDER_2.5,A_4,A_1,Over 2.5 rounds,Under 2.5 rounds,,2.5,Over 2.5,,0,-102,-113,+101,-113,2026-08-24T01:01:44.765125+00:00,2026-08-23T18:31:45.859922+00:00,0.01,O,0,complete
2026-08-24T01:02:31.365634+00:00,8869,2026-08-29,UFC Fight Night: Nurmagomedov vs. Song,ufc,alex-perez-vs-su-mudaerji-79689,T2ZmZXJOb2RlOjEwMzY5MDY5Nw==,T3V0Y29tZU5vZGU6NjgwODU1OQ==,ReBet,sportsbook,OVERUNDER_2.5,A_4,A_1,Over 2.5 rounds,Under 2.5 rounds,,2.5,Under 2.5,,1,-125,-113,-113,-129,2026-08-24T01:01:44.765125+00:00,2026-08-23T18:31:45.859922+00:00,0.01,O,0,complete
2026-08-24T01:02:31.365634+00:00,8869,2026-08-29,UFC Fight Night: Nurmagomedov vs. Song,ufc,alex-perez-vs-su-mudaerji-79689,T2ZmZXJOb2RlOjEwMzY5MDYxOQ==,T3V0Y29tZU5vZGU6NjgwODQwMg==,BetOnline,sportsbook,OVERUNDER_2.5,A_4,A_1,Over 2.5 rounds,Under 2.5 rounds,,2.5,Over 2.5,,0,+115,-135,+115,-135,2026-08-24T01:00:10.606975+00:00,2026-08-23T16:20:52.676001+00:00,0.04,O,0,complete
2026-08-24T01:02:31.365634+00:00,8869,2026-08-29,UFC Fight Night: Nurmagomedov vs. Song,ufc,alex-perez-vs-su-mudaerji-79689,T2ZmZXJOb2RlOjEwMzY5MDYxOQ==,T3V0Y29tZU5vZGU6NjgwODQwMw==,BetOnline,sportsbook,OVERUNDER_2.5,A_4,A_1,Over 2.5 rounds,Under 2.5 rounds,,2.5,Under 2.5,,1,-135,+115,+115,-135,2026-08-24T01:00:10.606975+00:00,2026-08-23T16:20:52.676001+00:00,0.04,O,0,complete
2026-08-24T01:02:31.365634+00:00,8869,2026-08-29,UFC Fight Night: Nurmagomedov vs. Song,ufc,alex-perez-vs-su-mudaerji-79689,T2ZmZXJOb2RlOjEwMzY5MDYxNw==,T3V0Y29tZU5vZGU6NjgwODM5OA==,BetUS,sportsbook,OVERUNDER_2.5,A_4,A_1,Over 2.5 rounds,Under 2.5 rounds,,2.5,Over 2.5,,0,+114,-135,+114,-135,2026-08-24T01:01:07.627093+00:00,2026-08-23T16:20:40.913560+00:00,0.02,O,0,complete
2026-08-24T01:02:31.365634+00:00,8869,2026-08-29,UFC Fight Night: Nurmagomedov vs. Song,ufc,alex-perez-vs-su-mudaerji-79689,T2ZmZXJOb2RlOjEwMzY5MDYxNw==,T3V0Y29tZU5vZGU6NjgwODM5OQ==,BetUS,sportsbook,OVERUNDER_2.5,A_4,A_1,Over 2.5 rounds,Under 2.5 rounds,,2.5,Under 2.5,,1,-135,+114,+114,-135,2026-08-24T01:01:07.627093+00:00,2026-08-23T16:20:40.913560+00:00,0.02,O,0,complete
2026-08-24T01:02:31.365634+00:00,8869,2026-08-29,UFC Fight Night: Nurmagomedov vs. Song,ufc,bilal-hasan-vs-nilson-rojas-80821,T2ZmZXJOb2RlOjEwMzY4ODkwNQ==,T3V0Y29tZU5vZGU6NjgwNTkzNA==,Polymarket,exchange,OVERUNDER_1.5,A_4,A_1,Over 1.5 rounds,Under 1.5 rounds,,1.5,Over 1.5,,0,-1329,-4900,+104,-4900,2026-08-24T01:00:56.126769+00:00,2026-08-21T22:09:48.281277+00:00,0.03,O,0,complete
2026-08-24T01:02:31.365634+00:00,8869,2026-08-29,UFC Fight Night: Nurmagomedov vs. Song,ufc,rei-tsuruya-vs-kevin-borjas-79779,T2ZmZXJOb2RlOjEwMzY5MDY2Mg==,T3V0Y29tZU5vZGU6NjgwODQ4OA==,ReBet,sportsbook,OVERUNDER_2.5,A_4,A_1,Over 2.5 rounds,Under 2.5 rounds,,2.5,Over 2.5,,0,+119,+128,+140,+119,2026-08-24T01:01:44.724149+00:00,2026-08-23T17:01:04.389624+00:00,0.01,O,0,complete
2026-08-24T01:02:31.365634+00:00,8869,2026-08-29,UFC Fight Night: Nurmagomedov vs. Song,ufc,rei-tsuruya-vs-kevin-borjas-79779,T2ZmZXJOb2RlOjEwMzY5MDY2Mg==,T3V0Y29tZU5vZGU6NjgwODQ4OQ==,ReBet,sportsbook,OVERUNDER_2.5,A_4,A_1,Over 2.5 rounds,Under 2.5 rounds,,2.5,Under 2.5,,1,-152,-164,-152,-180,2026-08-24T01:01:44.724149+00:00,2026-08-23T17:01:04.389624+00:00,0.01,O,0,complete
2026-08-24T01:02:31.365634+00:00,8869,2026-08-29,UFC Fight Night: Nurmagomedov vs. Song,ufc,rei-tsuruya-vs-kevin-borjas-79779,T2ZmZXJOb2RlOjEwMzY5MDY0Mg==,T3V0Y29tZU5vZGU6NjgwODQ0OA==,BetUS,sportsbook,OVERUNDER_2.5,A_4,A_1,Over 2.5 rounds,Under 2.5 rounds,,2.5,Over 2.5,,0,+122,+130,+142,+122,2026-08-24T01:01:07.795254+00:00,2026-08-23T16:50:36.235608+00:00,0.02,O,0,complete
2026-08-24T01:02:31.365634+00:00,8869,2026-08-29,UFC Fight Night: Nurmagomedov vs. Song,ufc,rei-tsuruya-vs-kevin-borjas-79779,T2ZmZXJOb2RlOjEwMzY5MDY0Mg==,T3V0Y29tZU5vZGU6NjgwODQ0OQ==,BetUS,sportsbook,OVERUNDER_2.5,A_4,A_1,Over 2.5 rounds,Under 2.5 rounds,,2.5,Under 2.5,,1,-145,-155,-145,-170,2026-08-24T01:01:07.795254+00:00,2026-08-23T16:50:36.235608+00:00,0.02,O,0,complete
2026-08-24T01:02:31.365634+00:00,8869,2026-08-29,UFC Fight Night: Nurmagomedov vs. Song,ufc,rei-tsuruya-vs-kevin-borjas-79779,T2ZmZXJOb2RlOjEwMzY5MDY0MQ==,T3V0Y29tZU5vZGU6NjgwODQ0Ng==,Bovada,sportsbook,OVERUNDER_2.5,A_4,A_1,Over 2.5 rounds,Under 2.5 rounds,,2.5,Over 2.5,,0,+120,+130,+140,+120,2026-08-24T00:59:26.449302+00:00,2026-08-23T16:50:35.395030+00:00,0.05,O,0,complete
2026-08-24T01:02:31.365634+00:00,8869,2026-08-29,UFC Fight Night: Nurmagomedov vs. Song,ufc,rei-tsuruya-vs-kevin-borjas-79779,T2ZmZXJOb2RlOjEwMzY5MDY0MQ==,T3V0Y29tZU5vZGU6NjgwODQ0Nw==,Bovada,sportsbook,OVERUNDER_2.5,A_4,A_1,Over 2.5 rounds,Under 2.5 rounds,,2.5,Under 2.5,,1,-155,-170,-155,-185,2026-08-24T00:59:26.449302+00:00,2026-08-23T16:50:35.395030+00:00,0.05,O,0,complete
2026-08-24T01:02:31.365634+00:00,8869,2026-08-29,UFC Fight Night: Nurmagomedov vs. Song,ufc,rei-tsuruya-vs-kevin-borjas-79779,T2ZmZXJOb2RlOjEwMzY5MDYzOA==,T3V0Y29tZU5vZGU6NjgwODQ0MA==,BetOnline,sportsbook,OVERUNDER_2.5,A_4,A_1,Over 2.5 rounds,Under 2.5 rounds,,2.5,Over 2.5,,0,+125,-140,+149,-140,2026-08-24T00:55:59.030512+00:00,2026-08-23T16:44:48.159964+00:00,0.11,O,0,complete
2026-08-24T01:02:31.365634+00:00,8869,2026-08-29,UFC Fight Night: Nurmagomedov vs. Song,ufc,rei-tsuruya-vs-kevin-borjas-79779,T2ZmZXJOb2RlOjEwMzY5MDYzOA==,T3V0Y29tZU5vZGU6NjgwODQ0MQ==,BetOnline,sportsbook,OVERUNDER_2.5,A_4,A_1,Over 2.5 rounds,Under 2.5 rounds,,2.5,Under 2.5,,1,-145,+120,+120,-170,2026-08-24T00:55:59.030512+00:00,2026-08-23T16:44:48.159964+00:00,0.11,O,0,complete
2026-08-24T01:02:31.365634+00:00,8869,2026-08-29,UFC Fight Night: Nurmagomedov vs. Song,ufc,jingnan-xiong-vs-julia-polastri-80594,T2ZmZXJOb2RlOjEwMzY3NzQ3Mg==,T3V0Y29tZU5vZGU6Njc5MTAxMw==,Polymarket,exchange,KO,A_5,A_13,wins by TKO/KO,doesn't win by TKO/KO,,2.0,Will Julia Polastri win by KO or TKO? - No,julia-polastri-39425,1,-1900,-4900,+400,-4900,2026-08-24T01:00:55.235937+00:00,2026-08-15T22:05:17.178253+00:00,0.03,O,0,complete
2026-08-24T01:12:13.941174+00:00,9111,2026-08-25,Dana White's Contender Series: Contender Series 2026: Week 3,dwcs,mario-piazzon-vs-guilherme-uriel-silva-costa-78018,T2ZmZXJOb2RlOjEwMzY3NDg1NQ==,T3V0Y29tZU5vZGU6Njc4NzM4OA==,Polymarket,exchange,OVERUNDER_0.5,A_4,A_1,Over 0.5 rounds,Under 0.5 rounds,,0.5,Over 0.5,,0,-1900,-3233,+488,-4900,2026-08-24T01:11:02.529057+00:00,2026-08-12T22:10:40.832031+00:00,0.02,O,0,complete
2026-08-24T01:12:13.941174+00:00,9111,2026-08-25,Dana White's Contender Series: Contender Series 2026: Week 3,dwcs,mario-piazzon-vs-guilherme-uriel-silva-costa-78018,T2ZmZXJOb2RlOjEwMzY3NDg1NQ==,T3V0Y29tZU5vZGU6Njc4NzM4OQ==,Polymarket,exchange,OVERUNDER_0.5,A_4,A_1,Over 0.5 rounds,Under 0.5 rounds,,0.5,Under 0.5,,1,-1900,-3233,-488,-4900,2026-08-24T01:11:02.529057+00:00,2026-08-12T22:10:40.832031+00:00,0.02,O,0,complete
2026-08-24T01:12:13.941174+00:00,9111,2026-08-25,Dana White's Contender Series: Contender Series 2026: Week 3,dwcs,mario-piazzon-vs-guilherme-uriel-silva-costa-78018,T2ZmZXJOb2RlOjEwMzY3NDg1MQ==,T3V0Y29tZU5vZGU6Njc4NzM4MQ==,Polymarket,exchange,END_KO,A_4,A_5,"Fight ends by KO, TKO or DQ","Fight doesn't end by KO, TKO or DQ",,,Will the fight be won by KO or TKO? - No,,1,-809,-3233,-809,-4900,2026-08-24T01:11:02.485659+00:00,2026-08-12T22:10:40.784395+00:00,0.02,O,0,complete
2026-08-24T01:12:13.941174+00:00,9111,2026-08-25,Dana White's Contender Series: Contender Series 2026: Week 3,dwcs,sean-clancy-jr-vs-gary-balletto-jr-79266,T2ZmZXJOb2RlOjEwMzY3NDg2NA==,T3V0Y29tZU5vZGU6Njc4NzQwNg==,Polymarket,exchange,OVERUNDER_0.5,A_4,A_1,Over 0.5 rounds,Under 0.5 rounds,,0.5,Over 0.5,,0,-1900,-4900,+900,-4900,2026-08-24T01:11:02.609800+00:00,2026-08-12T22:10:40.958830+00:00,0.02,O,0,complete
2026-08-24T01:12:13.941174+00:00,8869,2026-08-29,UFC Fight Night: Nurmagomedov vs. Song,ufc,alex-perez-vs-su-mudaerji-79689,T2ZmZXJOb2RlOjEwMzY5MDgwMA==,T3V0Y29tZU5vZGU6NjgwODc2Mg==,DraftKings,sportsbook,OVERUNDER_2.5,A_4,A_1,Over 2.5 rounds,Under 2.5 rounds,,2.5,Over 2.5,,0,+110,-105,+110,-105,2026-08-24T01:12:10.454758+00:00,2026-08-24T00:11:21.726205+00:00,0.0,O,0,complete
2026-08-24T01:12:13.941174+00:00,8869,2026-08-29,UFC Fight Night: Nurmagomedov vs. Song,ufc,alex-perez-vs-su-mudaerji-79689,T2ZmZXJOb2RlOjEwMzY5MDgwMA==,T3V0Y29tZU5vZGU6NjgwODc2Mw==,DraftKings,sportsbook,OVERUNDER_2.5,A_4,A_1,Over 2.5 rounds,Under 2.5 rounds,,2.5,Under 2.5,,1,-140,-125,-125,-140,2026-08-24T01:12:10.454758+00:00,2026-08-24T00:11:21.726205+00:00,0.0,O,0,complete
2026-08-24T01:12:13.941174+00:00,8869,2026-08-29,UFC Fight Night: Nurmagomedov vs. Song,ufc,alex-perez-vs-su-mudaerji-79689,T2ZmZXJOb2RlOjEwMzY5MDY5OA==,T3V0Y29tZU5vZGU6NjgwODU2MA==,MyBookie,sportsbook,OVERUNDER_2.5,A_4,A_1,Over 2.5 rounds,Under 2.5 rounds,,2.5,Over 2.5,,0,+108,-115,+108,-115,2026-08-24T01:06:09.168544+00:00,2026-08-23T18:32:31.729941+00:00,0.1,O,0,complete
2026-08-24T01:12:13.941174+00:00,8869,2026-08-29,UFC Fight Night: Nurmagomedov vs. Song,ufc,alex-perez-vs-su-mudaerji-79689,T2ZmZXJOb2RlOjEwMzY5MDY5OA==,T3V0Y29tZU5vZGU6NjgwODU2MQ==,MyBookie,sportsbook,OVERUNDER_2.5,A_4,A_1,Over 2.5 rounds,Under 2.5 rounds,,2.5,Under 2.5,,1,-143,-115,-115,-143,2026-08-24T01:06:09.168544+00:00,2026-08-23T18:32:31.729941+00:00,0.1,O,0,complete
2026-08-24T01:12:13.941174+00:00,8869,2026-08-29,UFC Fight Night: Nurmagomedov vs. Song,ufc,alex-perez-vs-su-mudaerji-79689,T2ZmZXJOb2RlOjEwMzY5MDYyMQ==,T3V0Y29tZU5vZGU6NjgwODQwNg==,Bovada,sportsbook,OVERUNDER_2.5,A_4,A_1,Over 2.5 rounds,Under 2.5 rounds,,2.5,Over 2.5,,0,+110,-115,+110,-115,2026-08-24T01:04:29.050745+00:00,2026-08-23T16:24:18.578524+00:00,0.13,O,0,complete
2026-08-24T01:12:13.941174+00:00,8869,2026-08-29,UFC Fight Night: Nurmagomedov vs. Song,ufc,alex-perez-vs-su-mudaerji-79689,T2ZmZXJOb2RlOjEwMzY5MDYyMQ==,T3V0Y29tZU5vZGU6NjgwODQwNw==,Bovada,sportsbook,OVERUNDER_2.5,A_4,A_1,Over 2.5 rounds,Under 2.5 rounds,,2.5,Under 2.5,,1,-145,-115,-115,-145,2026-08-24T01:04:29.050745+00:00,2026-08-23T16:24:18.578524+00:00,0.13,O,0,complete
2026-08-24T01:12:13.941174+00:00,8869,2026-08-29,UFC Fight Night: Nurmagomedov vs. Song,ufc,bilal-hasan-vs-nilson-rojas-80821,T2ZmZXJOb2RlOjEwMzY4ODkwNQ==,T3V0Y29tZU5vZGU6NjgwNTkzNA==,Polymarket,exchange,OVERUNDER_1.5,A_4,A_1,Over 1.5 rounds,Under 1.5 rounds,,1.5,Over 1.5,,0,-1900,-4900,+104,-4900,2026-08-24T01:11:03.505481+00:00,2026-08-21T22:09:48.281277+00:00,0.02,O,0,complete
2026-08-24T01:12:13.941174+00:00,8869,2026-08-29,UFC Fight Night: Nurmagomedov vs. Song,ufc,bilal-hasan-vs-nilson-rojas-80821,T2ZmZXJOb2RlOjEwMzY4ODkwNQ==,T3V0Y29tZU5vZGU6NjgwNTkzNQ==,Polymarket,exchange,OVERUNDER_1.5,A_4,A_1,Over 1.5 rounds,Under 1.5 rounds,,1.5,Under 1.5,,1,-3233,-4900,-156,-4900,2026-08-24T01:11:03.505481+00:00,2026-08-21T22:09:48.281277+00:00,0.02,O,0,complete
2026-08-24T01:12:13.941174+00:00,8869,2026-08-29,UFC Fight Night: Nurmagomedov vs. Song,ufc,rei-tsuruya-vs-kevin-borjas-79779,T2ZmZXJOb2RlOjEwMzY5MDc5OA==,T3V0Y29tZU5vZGU6NjgwODc1OA==,DraftKings,sportsbook,OVERUNDER_2.5,A_4,A_1,Over 2.5 rounds,Under 2.5 rounds,,2.5,Over 2.5,,0,+120,+135,+135,+120,2026-08-24T01:12:10.431189+00:00,2026-08-24T00:11:21.703780+00:00,0.0,O,0,complete
2026-08-24T01:12:13.941174+00:00,8869,2026-08-29,UFC Fight Night: Nurmagomedov vs. Song,ufc,rei-tsuruya-vs-kevin-borjas-79779,T2ZmZXJOb2RlOjEwMzY5MDc5OA==,T3V0Y29tZU5vZGU6NjgwODc1OQ==,DraftKings,sportsbook,OVERUNDER_2.5,A_4,A_1,Over 2.5 rounds,Under 2.5 rounds,,2.5,Under 2.5,,1,-154,-175,-154,-175,2026-08-24T01:12:10.431189+00:00,2026-08-24T00:11:21.703780+00:00,0.0,O,0,complete
2026-08-24T01:12:13.941174+00:00,8869,2026-08-29,UFC Fight Night: Nurmagomedov vs. Song,ufc,rei-tsuruya-vs-kevin-borjas-79779,T2ZmZXJOb2RlOjEwMzY5MDY1NA==,T3V0Y29tZU5vZGU6NjgwODQ3Mg==,MyBookie,sportsbook,OVERUNDER_2.5,A_4,A_1,Over 2.5 rounds,Under 2.5 rounds,,2.5,Over 2.5,,0,+117,+126,+137,+117,2026-08-24T01:06:09.024523+00:00,2026-08-23T17:00:36.500268+00:00,0.1,O,0,complete
2026-08-24T01:12:13.941174+00:00,8869,2026-08-29,UFC Fight Night: Nurmagomedov vs. Song,ufc,rei-tsuruya-vs-kevin-borjas-79779,T2ZmZXJOb2RlOjEwMzY5MDY1NA==,T3V0Y29tZU5vZGU6NjgwODQ3Mw==,MyBookie,sportsbook,OVERUNDER_2.5,A_4,A_1,Over 2.5 rounds,Under 2.5 rounds,,2.5,Under 2.5,,1,-155,-168,-155,-184,2026-08-24T01:06:09.024523+00:00,2026-08-23T17:00:36.500268+00:00,0.1,O,0,complete
2026-08-24T01:12:13.941174+00:00,8869,2026-08-29,UFC Fight Night: Nurmagomedov vs. Song,ufc,jingnan-xiong-vs-julia-polastri-80594,T2ZmZXJOb2RlOjEwMzY3NzQ3Mg==,T3V0Y29tZU5vZGU6Njc5MTAxMg==,Polymarket,exchange,KO,A_5,A_13,wins by TKO/KO,doesn't win by TKO/KO,,2.0,Will Julia Polastri win by KO or TKO? - Yes,julia-polastri-39425,0,-1329,-4900,-525,-4900,2026-08-24T01:11:03.221414+00:00,2026-08-15T22:05:17.178253+00:00,0.02,O,0,complete
2026-08-24T01:22:11.603064+00:00,9111,2026-08-25,Dana White's Contender Series: Contender Series 2026: Week 3,dwcs,mario-piazzon-vs-guilherme-uriel-silva-costa-78018,T2ZmZXJOb2RlOjEwMzY3NDg1NQ==,T3V0Y29tZU5vZGU6Njc4NzM4OA==,Polymarket,exchange,OVERUNDER_0.5,A_4,A_1,Over 0.5 rounds,Under 0.5 rounds,,0.5,Over 0.5,,0,-2400,-3233,+488,-4900,2026-08-24T01:20:26.272780+00:00,2026-08-12T22:10:40.832031+00:00,0.03,O,0,complete
2026-08-24T01:22:11.603064+00:00,9111,2026-08-25,Dana White's Contender Series: Contender Series 2026: Week 3,dwcs,mario-piazzon-vs-guilherme-uriel-silva-costa-78018,T2ZmZXJOb2RlOjEwMzY3NDg1NQ==,T3V0Y29tZU5vZGU6Njc4NzM4OQ==,Polymarket,exchange,OVERUNDER_0.5,A_4,A_1,Over 0.5 rounds,Under 0.5 rounds,,0.5,Under 0.5,,1,-2400,-3233,-488,-4900,2026-08-24T01:20:26.272780+00:00,2026-08-12T22:10:40.832031+00:00,0.03,O,0,complete
2026-08-24T01:22:11.603064+00:00,9111,2026-08-25,Dana White's Contender Series: Contender Series 2026: Week 3,dwcs,sean-clancy-jr-vs-gary-balletto-jr-79266,T2ZmZXJOb2RlOjEwMzY3NDg2NA==,T3V0Y29tZU5vZGU6Njc4NzQwNg==,Polymarket,exchange,OVERUNDER_0.5,A_4,A_1,Over 0.5 rounds,Under 0.5 rounds,,0.5,Over 0.5,,0,-2400,-4900,+900,-4900,2026-08-24T01:20:26.314570+00:00,2026-08-12T22:10:40.958830+00:00,0.03,O,0,complete
2026-08-24T01:22:11.603064+00:00,8869,2026-08-29,UFC Fight Night: Nurmagomedov vs. Song,ufc,alex-perez-vs-su-mudaerji-79689,T2ZmZXJOb2RlOjEwMzY5MDY5Nw==,T3V0Y29tZU5vZGU6NjgwODU1OA==,ReBet,sportsbook,OVERUNDER_2.5,A_4,A_1,Over 2.5 rounds,Under 2.5 rounds,,2.5,Over 2.5,,0,+110,-113,+110,-113,2026-08-24T01:16:16.461502+00:00,2026-08-23T18:31:45.859922+00:00,0.1,O,0,complete
2026-08-24T01:22:11.603064+00:00,8869,2026-08-29,UFC Fight Night: Nurmagomedov vs. Song,ufc,alex-perez-vs-su-mudaerji-79689,T2ZmZXJOb2RlOjEwMzY5MDY5Nw==,T3V0Y29tZU5vZGU6NjgwODU1OQ==,ReBet,sportsbook,OVERUNDER_2.5,A_4,A_1,Over 2.5 rounds,Under 2.5 rounds,,2.5,Under 2.5,,1,-141,-113,-113,-141,2026-08-24T01:16:16.461502+00:00,2026-08-23T18:31:45.859922+00:00,0.1,O,0,complete
2026-08-24T01:22:11.603064+00:00,8869,2026-08-29,UFC Fight Night: Nurmagomedov vs. Song,ufc,alex-perez-vs-su-mudaerji-79689,T2ZmZXJOb2RlOjEwMzY5MDYyMQ==,T3V0Y29tZU5vZGU6NjgwODQwNg==,Bovada,sportsbook,OVERUNDER_2.5,A_4,A_1,Over 2.5 rounds,Under 2.5 rounds,,2.5,Over 2.5,,0,+105,-115,+110,-115,2026-08-24T01:19:12.643347+00:00,2026-08-23T16:24:18.578524+00:00,0.05,O,0,complete
2026-08-24T01:22:11.603064+00:00,8869,2026-08-29,UFC Fight Night: Nurmagomedov vs. Song,ufc,alex-perez-vs-su-mudaerji-79689,T2ZmZXJOb2RlOjEwMzY5MDYyMQ==,T3V0Y29tZU5vZGU6NjgwODQwNw==,Bovada,sportsbook,OVERUNDER_2.5,A_4,A_1,Over 2.5 rounds,Under 2.5 rounds,,2.5,Under 2.5,,1,-135,-115,-115,-145,2026-08-24T01:19:12.643347+00:00,2026-08-23T16:24:18.578524+00:00,0.05,O,0,complete
2026-08-24T01:22:11.603064+00:00,8869,2026-08-29,UFC Fight Night: Nurmagomedov vs. Song,ufc,alex-perez-vs-su-mudaerji-79689,T2ZmZXJOb2RlOjEwMzY5MDYxOQ==,T3V0Y29tZU5vZGU6NjgwODQwMg==,BetOnline,sportsbook,OVERUNDER_2.5,A_4,A_1,Over 2.5 rounds,Under 2.5 rounds,,2.5,Over 2.5,,0,+105,-135,+115,-135,2026-08-24T01:20:04.863218+00:00,2026-08-23T16:20:52.676001+00:00,0.04,O,0,complete
2026-08-24T01:22:11.603064+00:00,8869,2026-08-29,UFC Fight Night: Nurmagomedov vs. Song,ufc,alex-perez-vs-su-mudaerji-79689,T2ZmZXJOb2RlOjEwMzY5MDYxOQ==,T3V0Y29tZU5vZGU6NjgwODQwMw==,BetOnline,sportsbook,OVERUNDER_2.5,A_4,A_1,Over 2.5 rounds,Under 2.5 rounds,,2.5,Under 2.5,,1,-125,+115,+115,-135,2026-08-24T01:20:04.863218+00:00,2026-08-23T16:20:52.676001+00:00,0.04,O,0,complete
2026-08-24T01:22:11.603064+00:00,8869,2026-08-29,UFC Fight Night: Nurmagomedov vs. Song,ufc,bilal-hasan-vs-nilson-rojas-80821,T2ZmZXJOb2RlOjEwMzY4ODkwNQ==,T3V0Y29tZU5vZGU6NjgwNTkzNA==,Polymarket,exchange,OVERUNDER_1.5,A_4,A_1,Over 1.5 rounds,Under 1.5 rounds,,1.5,Over 1.5,,0,-1567,-4900,+104,-4900,2026-08-24T01:20:27.066918+00:00,2026-08-21T22:09:48.281277+00:00,0.03,O,0,complete
2026-08-24T01:22:11.603064+00:00,8869,2026-08-29,UFC Fight Night: Nurmagomedov vs. Song,ufc,bilal-hasan-vs-nilson-rojas-80821,T2ZmZXJOb2RlOjEwMzY4ODkwNQ==,T3V0Y29tZU5vZGU6NjgwNTkzNQ==,Polymarket,exchange,OVERUNDER_1.5,A_4,A_1,Over 1.5 rounds,Under 1.5 rounds,,1.5,Under 1.5,,1,-2400,-4900,-156,-4900,2026-08-24T01:20:27.066918+00:00,2026-08-21T22:09:48.281277+00:00,0.03,O,0,complete
2026-08-24T01:31:51.528034+00:00,9111,2026-08-25,Dana White's Contender Series: Contender Series 2026: Week 3,dwcs,sean-clancy-jr-vs-gary-balletto-jr-79266,T2ZmZXJOb2RlOjEwMzY3NDg2NA==,T3V0Y29tZU5vZGU6Njc4NzQwNg==,Polymarket,exchange,OVERUNDER_0.5,A_4,A_1,Over 0.5 rounds,Under 0.5 rounds,,0.5,Over 0.5,,0,-1567,-4900,+900,-4900,2026-08-24T01:26:20.297434+00:00,2026-08-12T22:10:40.958830+00:00,0.09,O,0,complete
2026-08-24T01:31:51.528034+00:00,8869,2026-08-29,UFC Fight Night: Nurmagomedov vs. Song,ufc,alex-perez-vs-su-mudaerji-79689,T2ZmZXJOb2RlOjEwMzY5MDY5OA==,T3V0Y29tZU5vZGU6NjgwODU2MA==,MyBookie,sportsbook,OVERUNDER_2.5,A_4,A_1,Over 2.5 rounds,Under 2.5 rounds,,2.5,Over 2.5,,0,-101,-115,+108,-115,2026-08-24T01:27:26.811519+00:00,2026-08-23T18:32:31.729941+00:00,0.07,O,0,complete
2026-08-24T01:31:51.528034+00:00,8869,2026-08-29,UFC Fight Night: Nurmagomedov vs. Song,ufc,alex-perez-vs-su-mudaerji-79689,T2ZmZXJOb2RlOjEwMzY5MDY5OA==,T3V0Y29tZU5vZGU6NjgwODU2MQ==,MyBookie,sportsbook,OVERUNDER_2.5,A_4,A_1,Over 2.5 rounds,Under 2.5 rounds,,2.5,Under 2.5,,1,-132,-115,-115,-143,2026-08-24T01:27:26.811519+00:00,2026-08-23T18:32:31.729941+00:00,0.07,O,0,complete
2026-08-24T01:31:51.528034+00:00,8869,2026-08-29,UFC Fight Night: Nurmagomedov vs. Song,ufc,alex-perez-vs-su-mudaerji-79689,T2ZmZXJOb2RlOjEwMzY5MDY5Nw==,T3V0Y29tZU5vZGU6NjgwODU1OA==,ReBet,sportsbook,OVERUNDER_2.5,A_4,A_1,Over 2.5 rounds,Under 2.5 rounds,,2.5,Over 2.5,,0,+101,-113,+110,-113,2026-08-24T01:31:30.808972+00:00,2026-08-23T18:31:45.859922+00:00,0.01,O,0,complete
2026-08-24T01:31:51.528034+00:00,8869,2026-08-29,UFC Fight Night: Nurmagomedov vs. Song,ufc,alex-perez-vs-su-mudaerji-79689,T2ZmZXJOb2RlOjEwMzY5MDY5Nw==,T3V0Y29tZU5vZGU6NjgwODU1OQ==,ReBet,sportsbook,OVERUNDER_2.5,A_4,A_1,Over 2.5 rounds,Under 2.5 rounds,,2.5,Under 2.5,,1,-129,-113,-113,-141,2026-08-24T01:31:30.808972+00:00,2026-08-23T18:31:45.859922+00:00,0.01,O,0,complete
2026-08-24T01:31:51.528034+00:00,8869,2026-08-29,UFC Fight Night: Nurmagomedov vs. Song,ufc,alex-perez-vs-su-mudaerji-79689,T2ZmZXJOb2RlOjEwMzY5MDYyNw==,T3V0Y29tZU5vZGU6NjgwODQxOA==,Novig,exchange,OVERUNDER_2.5,A_4,A_1,Over 2.5 rounds,Under 2.5 rounds,,2.5,Over 2.5,,0,-108,-125,-108,-125,2026-08-24T01:31:05.393694+00:00,2026-08-23T16:30:46.493239+00:00,0.01,O,0,complete
2026-08-24T01:31:51.528034+00:00,8869,2026-08-29,UFC Fight Night: Nurmagomedov vs. Song,ufc,alex-perez-vs-su-mudaerji-79689,T2ZmZXJOb2RlOjEwMzY5MDYyNw==,T3V0Y29tZU5vZGU6NjgwODQxOQ==,Novig,exchange,OVERUNDER_2.5,A_4,A_1,Over 2.5 rounds,Under 2.5 rounds,,2.5,Under 2.5,,1,-147,-125,-125,-147,2026-08-24T01:31:05.393694+00:00,2026-08-23T16:30:46.493239+00:00,0.01,O,0,complete
2026-08-24T01:31:51.528034+00:00,8869,2026-08-29,UFC Fight Night: Nurmagomedov vs. Song,ufc,alex-perez-vs-su-mudaerji-79689,T2ZmZXJOb2RlOjEwMzY5MDYyMQ==,T3V0Y29tZU5vZGU6NjgwODQwNg==,Bovada,sportsbook,OVERUNDER_2.5,A_4,A_1,Over 2.5 rounds,Under 2.5 rounds,,2.5,Over 2.5,,0,+100,-115,+110,-115,2026-08-24T01:24:24.208465+00:00,2026-08-23T16:24:18.578524+00:00,0.12,O,0,complete
2026-08-24T01:31:51.528034+00:00,8869,2026-08-29,UFC Fight Night: Nurmagomedov vs. Song,ufc,alex-perez-vs-su-mudaerji-79689,T2ZmZXJOb2RlOjEwMzY5MDYyMQ==,T3V0Y29tZU5vZGU6NjgwODQwNw==,Bovada,sportsbook,OVERUNDER_2.5,A_4,A_1,Over 2.5 rounds,Under 2.5 rounds,,2.5,Under 2.5,,1,-130,-115,-115,-145,2026-08-24T01:24:24.208465+00:00,2026-08-23T16:24:18.578524+00:00,0.12,O,0,complete
2026-08-24T01:31:51.528034+00:00,8869,2026-08-29,UFC Fight Night: Nurmagomedov vs. Song,ufc,alex-perez-vs-su-mudaerji-79689,T2ZmZXJOb2RlOjEwMzY5MDYxNw==,T3V0Y29tZU5vZGU6NjgwODM5OA==,BetUS,sportsbook,OVERUNDER_2.5,A_4,A_1,Over 2.5 rounds,Under 2.5 rounds,,2.5,Over 2.5,,0,+105,-135,+114,-135,2026-08-24T01:25:12.259054+00:00,2026-08-23T16:20:40.913560+00:00,0.11,O,0,complete
2026-08-24T01:31:51.528034+00:00,8869,2026-08-29,UFC Fight Night: Nurmagomedov vs. Song,ufc,alex-perez-vs-su-mudaerji-79689,T2ZmZXJOb2RlOjEwMzY5MDYxNw==,T3V0Y29tZU5vZGU6NjgwODM5OQ==,BetUS,sportsbook,OVERUNDER_2.5,A_4,A_1,Over 2.5 rounds,Under 2.5 rounds,,2.5,Under 2.5,,1,-125,+114,+114,-135,2026-08-24T01:25:12.259054+00:00,2026-08-23T16:20:40.913560+00:00,0.11,O,0,complete
2026-08-24T01:31:51.528034+00:00,8869,2026-08-29,UFC Fight Night: Nurmagomedov vs. Song,ufc,rei-tsuruya-vs-kevin-borjas-79779,T2ZmZXJOb2RlOjEwMzY5MDY2Mg==,T3V0Y29tZU5vZGU6NjgwODQ4OA==,ReBet,sportsbook,OVERUNDER_2.5,A_4,A_1,Over 2.5 rounds,Under 2.5 rounds,,2.5,Over 2.5,,0,+106,+128,+140,+106,2026-08-24T01:31:30.781834+00:00,2026-08-23T17:01:04.389624+00:00,0.01,O,0,complete
2026-08-24T01:31:51.528034+00:00,8869,2026-08-29,UFC Fight Night: Nurmagomedov vs. Song,ufc,rei-tsuruya-vs-kevin-borjas-79779,T2ZmZXJOb2RlOjEwMzY5MDY2Mg==,T3V0Y29tZU5vZGU6NjgwODQ4OQ==,ReBet,sportsbook,OVERUNDER_2.5,A_4,A_1,Over 2.5 rounds,Under 2.5 rounds,,2.5,Under 2.5,,1,-135,-164,-135,-180,2026-08-24T01:31:30.781834+00:00,2026-08-23T17:01:04.389624+00:00,0.01,O,0,complete
2026-08-24T01:31:51.528034+00:00,8869,2026-08-29,UFC Fight Night: Nurmagomedov vs. Song,ufc,rei-tsuruya-vs-kevin-borjas-79779,T2ZmZXJOb2RlOjEwMzY5MDY1NA==,T3V0Y29tZU5vZGU6NjgwODQ3Mg==,MyBookie,sportsbook,OVERUNDER_2.5,A_4,A_1,Over 2.5 rounds,Under 2.5 rounds,,2.5,Over 2.5,,0,+104,+126,+137,+104,2026-08-24T01:27:26.783310+00:00,2026-08-23T17:00:36.500268+00:00,0.07,O,0,complete
2026-08-24T01:31:51.528034+00:00,8869,2026-08-29,UFC Fight Night: Nurmagomedov vs. Song,ufc,rei-tsuruya-vs-kevin-borjas-79779,T2ZmZXJOb2RlOjEwMzY5MDY1NA==,T3V0Y29tZU5vZGU6NjgwODQ3Mw==,MyBookie,sportsbook,OVERUNDER_2.5,A_4,A_1,Over 2.5 rounds,Under 2.5 rounds,,2.5,Under 2.5,,1,-138,-168,-138,-184,2026-08-24T01:27:26.783310+00:00,2026-08-23T17:00:36.500268+00:00,0.07,O,0,complete
2026-08-24T01:31:51.528034+00:00,8869,2026-08-29,UFC Fight Night: Nurmagomedov vs. Song,ufc,rei-tsuruya-vs-kevin-borjas-79779,T2ZmZXJOb2RlOjEwMzY5MDY0Mg==,T3V0Y29tZU5vZGU6NjgwODQ0OA==,BetUS,sportsbook,OVERUNDER_2.5,A_4,A_1,Over 2.5 rounds,Under 2.5 rounds,,2.5,Over 2.5,,0,+110,+130,+142,+110,2026-08-24T01:30:11.548597+00:00,2026-08-23T16:50:36.235608+00:00,0.03,O,0,complete
2026-08-24T01:31:51.528034+00:00,8869,2026-08-29,UFC Fight Night: Nurmagomedov vs. Song,ufc,rei-tsuruya-vs-kevin-borjas-79779,T2ZmZXJOb2RlOjEwMzY5MDY0Mg==,T3V0Y29tZU5vZGU6NjgwODQ0OQ==,BetUS,sportsbook,OVERUNDER_2.5,A_4,A_1,Over 2.5 rounds,Under 2.5 rounds,,2.5,Under 2.5,,1,-130,-155,-130,-170,2026-08-24T01:30:11.548597+00:00,2026-08-23T16:50:36.235608+00:00,0.03,O,0,complete
2026-08-24T01:31:51.528034+00:00,8869,2026-08-29,UFC Fight Night: Nurmagomedov vs. Song,ufc,rei-tsuruya-vs-kevin-borjas-79779,T2ZmZXJOb2RlOjEwMzY5MDY0MQ==,T3V0Y29tZU5vZGU6NjgwODQ0Ng==,Bovada,sportsbook,OVERUNDER_2.5,A_4,A_1,Over 2.5 rounds,Under 2.5 rounds,,2.5,Over 2.5,,0,+105,+130,+140,+105,2026-08-24T01:24:24.132867+00:00,2026-08-23T16:50:35.395030+00:00,0.12,O,0,complete
2026-08-24T01:31:51.528034+00:00,8869,2026-08-29,UFC Fight Night: Nurmagomedov vs. Song,ufc,rei-tsuruya-vs-kevin-borjas-79779,T2ZmZXJOb2RlOjEwMzY5MDY0MQ==,T3V0Y29tZU5vZGU6NjgwODQ0Nw==,Bovada,sportsbook,OVERUNDER_2.5,A_4,A_1,Over 2.5 rounds,Under 2.5 rounds,,2.5,Under 2.5,,1,-135,-170,-135,-185,2026-08-24T01:24:24.132867+00:00,2026-08-23T16:50:35.395030+00:00,0.12,O,0,complete
2026-08-24T01:31:51.528034+00:00,8869,2026-08-29,UFC Fight Night: Nurmagomedov vs. Song,ufc,rei-tsuruya-vs-kevin-borjas-79779,T2ZmZXJOb2RlOjEwMzY5MDYzOA==,T3V0Y29tZU5vZGU6NjgwODQ0MA==,BetOnline,sportsbook,OVERUNDER_2.5,A_4,A_1,Over 2.5 rounds,Under 2.5 rounds,,2.5,Over 2.5,,0,+110,-140,+149,-140,2026-08-24T01:22:52.393368+00:00,2026-08-23T16:44:48.159964+00:00,0.15,O,0,complete
2026-08-24T01:31:51.528034+00:00,8869,2026-08-29,UFC Fight Night: Nurmagomedov vs. Song,ufc,rei-tsuruya-vs-kevin-borjas-79779,T2ZmZXJOb2RlOjEwMzY5MDYzOA==,T3V0Y29tZU5vZGU6NjgwODQ0MQ==,BetOnline,sportsbook,OVERUNDER_2.5,A_4,A_1,Over 2.5 rounds,Under 2.5 rounds,,2.5,Under 2.5,,1,-130,+120,+120,-170,2026-08-24T01:22:52.393368+00:00,2026-08-23T16:44:48.159964+00:00,0.15,O,0,complete
2026-08-24T01:31:51.528034+00:00,8869,2026-08-29,UFC Fight Night: Nurmagomedov vs. Song,ufc,jingnan-xiong-vs-julia-polastri-80594,T2ZmZXJOb2RlOjEwMzY3NzQ3Mg==,T3V0Y29tZU5vZGU6Njc5MTAxMg==,Polymarket,exchange,KO,A_5,A_13,wins by TKO/KO,doesn't win by TKO/KO,,2.0,Will Julia Polastri win by KO or TKO? - Yes,julia-polastri-39425,0,-1900,-4900,-525,-4900,2026-08-24T01:26:20.613289+00:00,2026-08-15T22:05:17.178253+00:00,0.09,O,0,complete
2026-08-24T02:03:00.323345+00:00,9111,2026-08-25,Dana White's Contender Series: Contender Series 2026: Week 3,dwcs,mario-piazzon-vs-guilherme-uriel-silva-costa-78018,T2ZmZXJOb2RlOjEwMzY3NDg1Mw==,T3V0Y29tZU5vZGU6Njc4NzM4NA==,Polymarket,exchange,KO,A_5,A_13,wins by TKO/KO,doesn't win by TKO/KO,,2.0,Will Guilherme Uriel win by KO or TKO? - Yes,guilherme-uriel-silva-costa-50652,0,-2400,-3233,-1900,-4900,2026-08-24T01:40:39.329310+00:00,2026-08-12T22:10:40.807102+00:00,0.37,O,0,complete
2026-08-24T02:03:00.323345+00:00,9111,2026-08-25,Dana White's Contender Series: Contender Series 2026: Week 3,dwcs,mario-piazzon-vs-guilherme-uriel-silva-costa-78018,T2ZmZXJOb2RlOjEwMzY3NDg1NQ==,T3V0Y29tZU5vZGU6Njc4NzM4OA==,Polymarket,exchange,OVERUNDER_0.5,A_4,A_1,Over 0.5 rounds,Under 0.5 rounds,,0.5,Over 0.5,,0,-1900,-3233,+488,-4900,2026-08-24T01:55:46.811496+00:00,2026-08-12T22:10:40.832031+00:00,0.12,O,0,complete
2026-08-24T02:03:00.323345+00:00,9111,2026-08-25,Dana White's Contender Series: Contender Series 2026: Week 3,dwcs,mario-piazzon-vs-guilherme-uriel-silva-costa-78018,T2ZmZXJOb2RlOjEwMzY3NDg1NQ==,T3V0Y29tZU5vZGU6Njc4NzM4OQ==,Polymarket,exchange,OVERUNDER_0.5,A_4,A_1,Over 0.5 rounds,Under 0.5 rounds,,0.5,Under 0.5,,1,-1900,-3233,-488,-4900,2026-08-24T01:55:46.811496+00:00,2026-08-12T22:10:40.832031+00:00,0.12,O,0,complete
2026-08-24T02:03:00.323345+00:00,9111,2026-08-25,Dana White's Contender Series: Contender Series 2026: Week 3,dwcs,sean-clancy-jr-vs-gary-balletto-jr-79266,T2ZmZXJOb2RlOjEwMzY3NDg2NA==,T3V0Y29tZU5vZGU6Njc4NzQwNg==,Polymarket,exchange,OVERUNDER_0.5,A_4,A_1,Over 0.5 rounds,Under 0.5 rounds,,0.5,Over 0.5,,0,-2400,-4900,+900,-4900,2026-08-24T01:55:46.885740+00:00,2026-08-12T22:10:40.958830+00:00,0.12,O,0,complete
2026-08-24T02:03:00.323345+00:00,9111,2026-08-25,Dana White's Contender Series: Contender Series 2026: Week 3,dwcs,sean-clancy-jr-vs-gary-balletto-jr-79266,T2ZmZXJOb2RlOjEwMzY3NDg2NA==,T3V0Y29tZU5vZGU6Njc4NzQwNw==,Polymarket,exchange,OVERUNDER_0.5,A_4,A_1,Over 0.5 rounds,Under 0.5 rounds,,0.5,Under 0.5,,1,-1900,-4900,-1329,-4900,2026-08-24T01:55:46.885740+00:00,2026-08-12T22:10:40.958830+00:00,0.12,O,0,complete
2026-08-24T02:03:00.323345+00:00,8869,2026-08-29,UFC Fight Night: Nurmagomedov vs. Song,ufc,alex-perez-vs-su-mudaerji-79689,T2ZmZXJOb2RlOjEwMzY5MDgwMA==,T3V0Y29tZU5vZGU6NjgwODc2Mg==,DraftKings,sportsbook,OVERUNDER_2.5,A_4,A_1,Over 2.5 rounds,Under 2.5 rounds,,2.5,Over 2.5,,0,+100,-105,+110,-105,2026-08-24T01:41:11.074598+00:00,2026-08-24T00:11:21.726205+00:00,0.36,O,0,complete
2026-08-24T02:03:00.323345+00:00,8869,2026-08-29,UFC Fight Night: Nurmagomedov vs. Song,ufc,alex-perez-vs-su-mudaerji-79689,T2ZmZXJOb2RlOjEwMzY5MDgwMA==,T3V0Y29tZU5vZGU6NjgwODc2Mw==,DraftKings,sportsbook,OVERUNDER_2.5,A_4,A_1,Over 2.5 rounds,Under 2.5 rounds,,2.5,Under 2.5,,1,-130,-125,-125,-140,2026-08-24T01:41:11.074598+00:00,2026-08-24T00:11:21.726205+00:00,0.36,O,0,complete
2026-08-24T02:03:00.323345+00:00,8869,2026-08-29,UFC Fight Night: Nurmagomedov vs. Song,ufc,alex-perez-vs-su-mudaerji-79689,T2ZmZXJOb2RlOjEwMzY5MDY4Mg==,T3V0Y29tZU5vZGU6NjgwODUyOA==,Stake,sportsbook,OVERUNDER_2.5,A_4,A_1,Over 2.5 rounds,Under 2.5 rounds,,2.5,Over 2.5,,0,+101,-112,+101,-112,2026-08-24T01:33:19.741423+00:00,2026-08-23T18:30:28.996116+00:00,0.49,O,0,complete
2026-08-24T02:03:00.323345+00:00,8869,2026-08-29,UFC Fight Night: Nurmagomedov vs. Song,ufc,alex-perez-vs-su-mudaerji-79689,T2ZmZXJOb2RlOjEwMzY5MDY4Mg==,T3V0Y29tZU5vZGU6NjgwODUyOQ==,Stake,sportsbook,OVERUNDER_2.5,A_4,A_1,Over 2.5 rounds,Under 2.5 rounds,,2.5,Under 2.5,,1,-130,-112,-112,-130,2026-08-24T01:33:19.741423+00:00,2026-08-23T18:30:28.996116+00:00,0.49,O,0,complete
2026-08-24T02:03:00.323345+00:00,8869,2026-08-29,UFC Fight Night: Nurmagomedov vs. Song,ufc,bilal-hasan-vs-nilson-rojas-80821,T2ZmZXJOb2RlOjEwMzY4ODkwNQ==,T3V0Y29tZU5vZGU6NjgwNTkzNQ==,Polymarket,exchange,OVERUNDER_1.5,A_4,A_1,Over 1.5 rounds,Under 1.5 rounds,,1.5,Under 1.5,,1,-1900,-4900,-156,-4900,2026-08-24T01:55:47.899761+00:00,2026-08-21T22:09:48.281277+00:00,0.12,O,0,complete
2026-08-24T02:03:00.323345+00:00,8869,2026-08-29,UFC Fight Night: Nurmagomedov vs. Song,ufc,rei-tsuruya-vs-kevin-borjas-79779,T2ZmZXJOb2RlOjEwMzY5MDgwNg==,T3V0Y29tZU5vZGU6NjgwODc3NA==,Novig,exchange,OVERUNDER_2.5,A_4,A_1,Over 2.5 rounds,Under 2.5 rounds,,2.5,Over 2.5,,0,-113,-113,-113,-113,2026-08-24T01:46:01.029940+00:00,2026-08-24T01:46:00.852137+00:00,0.28,O,0,complete
2026-08-24T02:03:00.323345+00:00,8869,2026-08-29,UFC Fight Night: Nurmagomedov vs. Song,ufc,rei-tsuruya-vs-kevin-borjas-79779,T2ZmZXJOb2RlOjEwMzY5MDgwNg==,T3V0Y29tZU5vZGU6NjgwODc3NQ==,Novig,exchange,OVERUNDER_2.5,A_4,A_1,Over 2.5 rounds,Under 2.5 rounds,,2.5,Under 2.5,,1,-138,-138,-138,-138,2026-08-24T01:46:01.029940+00:00,2026-08-24T01:46:00.852137+00:00,0.28,O,0,complete
2026-08-24T02:03:00.323345+00:00,8869,2026-08-29,UFC Fight Night: Nurmagomedov vs. Song,ufc,rei-tsuruya-vs-kevin-borjas-79779,T2ZmZXJOb2RlOjEwMzY5MDc5OA==,T3V0Y29tZU5vZGU6NjgwODc1OA==,DraftKings,sportsbook,OVERUNDER_2.5,A_4,A_1,Over 2.5 rounds,Under 2.5 rounds,,2.5,Over 2.5,,0,+105,+135,+135,+105,2026-08-24T01:41:11.035089+00:00,2026-08-24T00:11:21.703780+00:00,0.36,O,0,complete
2026-08-24T02:03:00.323345+00:00,8869,2026-08-29,UFC Fight Night: Nurmagomedov vs. Song,ufc,rei-tsuruya-vs-kevin-borjas-79779,T2ZmZXJOb2RlOjEwMzY5MDc5OA==,T3V0Y29tZU5vZGU6NjgwODc1OQ==,DraftKings,sportsbook,OVERUNDER_2.5,A_4,A_1,Over 2.5 rounds,Under 2.5 rounds,,2.5,Under 2.5,,1,-135,-175,-135,-175,2026-08-24T01:41:11.035089+00:00,2026-08-24T00:11:21.703780+00:00,0.36,O,0,complete
2026-08-24T02:03:00.323345+00:00,8869,2026-08-29,UFC Fight Night: Nurmagomedov vs. Song,ufc,rei-tsuruya-vs-kevin-borjas-79779,T2ZmZXJOb2RlOjEwMzY5MDY3OQ==,T3V0Y29tZU5vZGU6NjgwODUyMg==,Stake,sportsbook,OVERUNDER_2.5,A_4,A_1,Over 2.5 rounds,Under 2.5 rounds,,2.5,Over 2.5,,0,+106,+136,+140,+106,2026-08-24T01:33:19.722680+00:00,2026-08-23T18:30:28.832615+00:00,0.49,O,0,complete
2026-08-24T02:03:00.323345+00:00,8869,2026-08-29,UFC Fight Night: Nurmagomedov vs. Song,ufc,rei-tsuruya-vs-kevin-borjas-79779,T2ZmZXJOb2RlOjEwMzY5MDY3OQ==,T3V0Y29tZU5vZGU6NjgwODUyMw==,Stake,sportsbook,OVERUNDER_2.5,A_4,A_1,Over 2.5 rounds,Under 2.5 rounds,,2.5,Under 2.5,,1,-135,-175,-135,-182,2026-08-24T01:33:19.722680+00:00,2026-08-23T18:30:28.832615+00:00,0.49,O,0,complete
2026-08-24T02:03:00.323345+00:00,8869,2026-08-29,UFC Fight Night: Nurmagomedov vs. Song,ufc,rei-tsuruya-vs-kevin-borjas-79779,T2ZmZXJOb2RlOjEwMzY5MDY2Mg==,T3V0Y29tZU5vZGU6NjgwODQ4OA==,ReBet,sportsbook,OVERUNDER_2.5,A_4,A_1,Over 2.5 rounds,Under 2.5 rounds,,2.5,Over 2.5,,0,-102,+128,+140,-102,2026-08-24T01:46:24.892322+00:00,2026-08-23T17:01:04.389624+00:00,0.28,O,0,complete
2026-08-24T02:03:00.323345+00:00,8869,2026-08-29,UFC Fight Night: Nurmagomedov vs. Song,ufc,rei-tsuruya-vs-kevin-borjas-79779,T2ZmZXJOb2RlOjEwMzY5MDY2Mg==,T3V0Y29tZU5vZGU6NjgwODQ4OQ==,ReBet,sportsbook,OVERUNDER_2.5,A_4,A_1,Over 2.5 rounds,Under 2.5 rounds,,2.5,Under 2.5,,1,-125,-164,-125,-180,2026-08-24T01:46:24.892322+00:00,2026-08-23T17:01:04.389624+00:00,0.28,O,0,complete
2026-08-24T02:03:00.323345+00:00,8869,2026-08-29,UFC Fight Night: Nurmagomedov vs. Song,ufc,rei-tsuruya-vs-kevin-borjas-79779,T2ZmZXJOb2RlOjEwMzY5MDY1NA==,T3V0Y29tZU5vZGU6NjgwODQ3Mg==,MyBookie,sportsbook,OVERUNDER_2.5,A_4,A_1,Over 2.5 rounds,Under 2.5 rounds,,2.5,Over 2.5,,0,-104,+126,+137,-104,2026-08-24T01:50:11.400903+00:00,2026-08-23T17:00:36.500268+00:00,0.21,O,0,complete
2026-08-24T02:03:00.323345+00:00,8869,2026-08-29,UFC Fight Night: Nurmagomedov vs. Song,ufc,rei-tsuruya-vs-kevin-borjas-79779,T2ZmZXJOb2RlOjEwMzY5MDY1NA==,T3V0Y29tZU5vZGU6NjgwODQ3Mw==,MyBookie,sportsbook,OVERUNDER_2.5,A_4,A_1,Over 2.5 rounds,Under 2.5 rounds,,2.5,Under 2.5,,1,-127,-168,-127,-184,2026-08-24T01:50:11.400903+00:00,2026-08-23T17:00:36.500268+00:00,0.21,O,0,complete
2026-08-24T02:03:00.323345+00:00,8869,2026-08-29,UFC Fight Night: Nurmagomedov vs. Song,ufc,rei-tsuruya-vs-kevin-borjas-79779,T2ZmZXJOb2RlOjEwMzY5MDY0Mg==,T3V0Y29tZU5vZGU6NjgwODQ0OA==,BetUS,sportsbook,OVERUNDER_2.5,A_4,A_1,Over 2.5 rounds,Under 2.5 rounds,,2.5,Over 2.5,,0,+100,+130,+142,+100,2026-08-24T01:50:33.638807+00:00,2026-08-23T16:50:36.235608+00:00,0.21,O,0,complete
2026-08-24T02:03:00.323345+00:00,8869,2026-08-29,UFC Fight Night: Nurmagomedov vs. Song,ufc,rei-tsuruya-vs-kevin-borjas-79779,T2ZmZXJOb2RlOjEwMzY5MDY0Mg==,T3V0Y29tZU5vZGU6NjgwODQ0OQ==,BetUS,sportsbook,OVERUNDER_2.5,A_4,A_1,Over 2.5 rounds,Under 2.5 rounds,,2.5,Under 2.5,,1,-120,-155,-120,-170,2026-08-24T01:50:33.638807+00:00,2026-08-23T16:50:36.235608+00:00,0.21,O,0,complete
2026-08-24T02:03:00.323345+00:00,8869,2026-08-29,UFC Fight Night: Nurmagomedov vs. Song,ufc,rei-tsuruya-vs-kevin-borjas-79779,T2ZmZXJOb2RlOjEwMzY5MDY0MQ==,T3V0Y29tZU5vZGU6NjgwODQ0Ng==,Bovada,sportsbook,OVERUNDER_2.5,A_4,A_1,Over 2.5 rounds,Under 2.5 rounds,,2.5,Over 2.5,,0,-105,+130,+140,-105,2026-08-24T01:49:37.645670+00:00,2026-08-23T16:50:35.395030+00:00,0.22,O,0,complete
2026-08-24T02:03:00.323345+00:00,8869,2026-08-29,UFC Fight Night: Nurmagomedov vs. Song,ufc,rei-tsuruya-vs-kevin-borjas-79779,T2ZmZXJOb2RlOjEwMzY5MDY0MQ==,T3V0Y29tZU5vZGU6NjgwODQ0Nw==,Bovada,sportsbook,OVERUNDER_2.5,A_4,A_1,Over 2.5 rounds,Under 2.5 rounds,,2.5,Under 2.5,,1,-125,-170,-125,-185,2026-08-24T01:49:37.645670+00:00,2026-08-23T16:50:35.395030+00:00,0.22,O,0,complete
2026-08-24T02:03:00.323345+00:00,8869,2026-08-29,UFC Fight Night: Nurmagomedov vs. Song,ufc,rei-tsuruya-vs-kevin-borjas-79779,T2ZmZXJOb2RlOjEwMzY5MDYzOA==,T3V0Y29tZU5vZGU6NjgwODQ0MA==,BetOnline,sportsbook,OVERUNDER_2.5,A_4,A_1,Over 2.5 rounds,Under 2.5 rounds,,2.5,Over 2.5,,0,+100,-140,+149,-140,2026-08-24T01:44:24.562975+00:00,2026-08-23T16:44:48.159964+00:00,0.31,O,0,complete
2026-08-24T02:03:00.323345+00:00,8869,2026-08-29,UFC Fight Night: Nurmagomedov vs. Song,ufc,rei-tsuruya-vs-kevin-borjas-79779,T2ZmZXJOb2RlOjEwMzY5MDYzOA==,T3V0Y29tZU5vZGU6NjgwODQ0MQ==,BetOnline,sportsbook,OVERUNDER_2.5,A_4,A_1,Over 2.5 rounds,Under 2.5 rounds,,2.5,Under 2.5,,1,-120,+120,+120,-170,2026-08-24T01:44:24.562975+00:00,2026-08-23T16:44:48.159964+00:00,0.31,O,0,complete
2026-08-24T02:12:52.768763+00:00,8869,2026-08-29,UFC Fight Night: Nurmagomedov vs. Song,ufc,umar-nurmagomedov-vs-yadong-song-79649,T2ZmZXJOb2RlOjEwMzY3NzQ3Ng==,T3V0Y29tZU5vZGU6Njc5MTAyMQ==,Polymarket,exchange,DISTANCE,A_4,A_2,Fight goes the distance,Fight ends inside distance,,,Fight to Go the Distance? - No,,1,-245,-3233,+100,-3233,2026-08-24T02:06:05.606639+00:00,2026-08-15T22:14:29.829922+00:00,0.11,O,0,complete
2026-08-24T02:12:52.768763+00:00,8869,2026-08-29,UFC Fight Night: Nurmagomedov vs. Song,ufc,bilal-hasan-vs-nilson-rojas-80821,T2ZmZXJOb2RlOjEwMzY4ODkwNQ==,T3V0Y29tZU5vZGU6NjgwNTkzNQ==,Polymarket,exchange,OVERUNDER_1.5,A_4,A_1,Over 1.5 rounds,Under 1.5 rounds,,1.5,Under 1.5,,1,-1567,-4900,-156,-4900,2026-08-24T02:06:07.402897+00:00,2026-08-21T22:09:48.281277+00:00,0.11,O,0,complete
2026-08-24T02:12:52.768763+00:00,8869,2026-08-29,UFC Fight Night: Nurmagomedov vs. Song,ufc,rei-tsuruya-vs-kevin-borjas-79779,T2ZmZXJOb2RlOjEwMzY5MDc5OA==,T3V0Y29tZU5vZGU6NjgwODc1OA==,DraftKings,sportsbook,OVERUNDER_2.5,A_4,A_1,Over 2.5 rounds,Under 2.5 rounds,,2.5,Over 2.5,,0,-105,+135,+135,-105,2026-08-24T02:11:17.488166+00:00,2026-08-24T00:11:21.703780+00:00,0.03,O,0,complete
2026-08-24T02:12:52.768763+00:00,8869,2026-08-29,UFC Fight Night: Nurmagomedov vs. Song,ufc,rei-tsuruya-vs-kevin-borjas-79779,T2ZmZXJOb2RlOjEwMzY5MDc5OA==,T3V0Y29tZU5vZGU6NjgwODc1OQ==,DraftKings,sportsbook,OVERUNDER_2.5,A_4,A_1,Over 2.5 rounds,Under 2.5 rounds,,2.5,Under 2.5,,1,-125,-175,-125,-175,2026-08-24T02:11:17.488166+00:00,2026-08-24T00:11:21.703780+00:00,0.03,O,0,complete
2026-08-24T02:12:52.768763+00:00,8869,2026-08-29,UFC Fight Night: Nurmagomedov vs. Song,ufc,jingnan-xiong-vs-julia-polastri-80594,T2ZmZXJOb2RlOjEwMzY3NzQ3Mg==,T3V0Y29tZU5vZGU6Njc5MTAxMg==,Polymarket,exchange,KO,A_5,A_13,wins by TKO/KO,doesn't win by TKO/KO,,2.0,Will Julia Polastri win by KO or TKO? - Yes,julia-polastri-39425,0,-1329,-4900,-525,-4900,2026-08-24T02:06:06.876798+00:00,2026-08-15T22:05:17.178253+00:00,0.11,O,0,complete
2026-08-24T02:12:52.768763+00:00,8869,2026-08-29,UFC Fight Night: Nurmagomedov vs. Song,ufc,jingnan-xiong-vs-julia-polastri-80594,T2ZmZXJOb2RlOjEwMzY3NzQ3Mg==,T3V0Y29tZU5vZGU6Njc5MTAxMw==,Polymarket,exchange,KO,A_5,A_13,wins by TKO/KO,doesn't win by TKO/KO,,2.0,Will Julia Polastri win by KO or TKO? - No,julia-polastri-39425,1,-1567,-4900,+400,-4900,2026-08-24T02:06:06.876798+00:00,2026-08-15T22:05:17.178253+00:00,0.11,O,0,complete
2026-08-24T02:22:35.508263+00:00,9111,2026-08-25,Dana White's Contender Series: Contender Series 2026: Week 3,dwcs,sean-clancy-jr-vs-gary-balletto-jr-79266,T2ZmZXJOb2RlOjEwMzY3NDg2NA==,T3V0Y29tZU5vZGU6Njc4NzQwNg==,Polymarket,exchange,OVERUNDER_0.5,A_4,A_1,Over 0.5 rounds,Under 0.5 rounds,,0.5,Over 0.5,,0,-1900,-4900,+900,-4900,2026-08-24T02:20:01.300815+00:00,2026-08-12T22:10:40.958830+00:00,0.04,O,0,complete
2026-08-24T02:22:35.508263+00:00,9111,2026-08-25,Dana White's Contender Series: Contender Series 2026: Week 3,dwcs,sean-clancy-jr-vs-gary-balletto-jr-79266,T2ZmZXJOb2RlOjEwMzY3NDg2NA==,T3V0Y29tZU5vZGU6Njc4NzQwNw==,Polymarket,exchange,OVERUNDER_0.5,A_4,A_1,Over 0.5 rounds,Under 0.5 rounds,,0.5,Under 0.5,,1,-1567,-4900,-1329,-4900,2026-08-24T02:20:01.300815+00:00,2026-08-12T22:10:40.958830+00:00,0.04,O,0,complete
2026-08-24T02:22:35.508263+00:00,8869,2026-08-29,UFC Fight Night: Nurmagomedov vs. Song,ufc,umar-nurmagomedov-vs-yadong-song-79649,T2ZmZXJOb2RlOjEwMzY3NzQ3Ng==,T3V0Y29tZU5vZGU6Njc5MTAyMQ==,Polymarket,exchange,DISTANCE,A_4,A_2,Fight goes the distance,Fight ends inside distance,,,Fight to Go the Distance? - No,,1,-233,-3233,+100,-3233,2026-08-24T02:15:04.917038+00:00,2026-08-15T22:14:29.829922+00:00,0.13,O,0,complete
2026-08-24T02:22:35.508263+00:00,8869,2026-08-29,UFC Fight Night: Nurmagomedov vs. Song,ufc,bilal-hasan-vs-nilson-rojas-80821,T2ZmZXJOb2RlOjEwMzY4ODkwNQ==,T3V0Y29tZU5vZGU6NjgwNTkzNA==,Polymarket,exchange,OVERUNDER_1.5,A_4,A_1,Over 1.5 rounds,Under 1.5 rounds,,1.5,Over 1.5,,0,-1900,-4900,+104,-4900,2026-08-24T02:20:01.874549+00:00,2026-08-21T22:09:48.281277+00:00,0.04,O,0,complete
2026-08-24T02:22:35.508263+00:00,8869,2026-08-29,UFC Fight Night: Nurmagomedov vs. Song,ufc,bilal-hasan-vs-nilson-rojas-80821,T2ZmZXJOb2RlOjEwMzY4ODkwNQ==,T3V0Y29tZU5vZGU6NjgwNTkzNQ==,Polymarket,exchange,OVERUNDER_1.5,A_4,A_1,Over 1.5 rounds,Under 1.5 rounds,,1.5,Under 1.5,,1,-3233,-4900,-156,-4900,2026-08-24T02:20:01.874549+00:00,2026-08-21T22:09:48.281277+00:00,0.04,O,0,complete
2026-08-24T02:22:35.508263+00:00,8869,2026-08-29,UFC Fight Night: Nurmagomedov vs. Song,ufc,jingnan-xiong-vs-julia-polastri-80594,T2ZmZXJOb2RlOjEwMzY3NzQ3Mg==,T3V0Y29tZU5vZGU6Njc5MTAxMg==,Polymarket,exchange,KO,A_5,A_13,wins by TKO/KO,doesn't win by TKO/KO,,2.0,Will Julia Polastri win by KO or TKO? - Yes,julia-polastri-39425,0,-1900,-4900,-525,-4900,2026-08-24T02:15:05.924763+00:00,2026-08-15T22:05:17.178253+00:00,0.12,O,0,complete
2026-08-24T02:22:35.508263+00:00,8869,2026-08-29,UFC Fight Night: Nurmagomedov vs. Song,ufc,jingnan-xiong-vs-julia-polastri-80594,T2ZmZXJOb2RlOjEwMzY3NzQ3Mg==,T3V0Y29tZU5vZGU6Njc5MTAxMw==,Polymarket,exchange,KO,A_5,A_13,wins by TKO/KO,doesn't win by TKO/KO,,2.0,Will Julia Polastri win by KO or TKO? - No,julia-polastri-39425,1,-1900,-4900,+400,-4900,2026-08-24T02:15:05.924763+00:00,2026-08-15T22:05:17.178253+00:00,0.12,O,0,complete
2026-08-24T02:22:35.508263+00:00,8869,2026-08-29,UFC Fight Night: Nurmagomedov vs. Song,ufc,meng-ding-vs-cameron-nelson-80702,T2ZmZXJOb2RlOjEwMzY5MDI4NA==,T3V0Y29tZU5vZGU6NjgwNzc4OA==,Polymarket,exchange,DISTANCE,A_4,A_2,Fight goes the distance,Fight ends inside distance,,,Fight to Go the Distance? - Yes,,0,-1567,-2400,-1567,-2400,2026-08-24T02:15:06.738184+00:00,2026-08-22T22:09:54.414757+00:00,0.12,O,0,complete
2026-08-24T02:32:21.275745+00:00,9111,2026-08-25,Dana White's Contender Series: Contender Series 2026: Week 3,dwcs,mario-piazzon-vs-guilherme-uriel-silva-costa-78018,T2ZmZXJOb2RlOjEwMzY3NDg1NQ==,T3V0Y29tZU5vZGU6Njc4NzM4OA==,Polymarket,exchange,OVERUNDER_0.5,A_4,A_1,Over 0.5 rounds,Under 0.5 rounds,,0.5,Over 0.5,,0,-1567,-3233,+488,-4900,2026-08-24T02:25:24.413764+00:00,2026-08-12T22:10:40.832031+00:00,0.12,O,0,complete
2026-08-24T02:32:21.275745+00:00,9111,2026-08-25,Dana White's Contender Series: Contender Series 2026: Week 3,dwcs,mario-piazzon-vs-guilherme-uriel-silva-costa-78018,T2ZmZXJOb2RlOjEwMzY3NDg1NQ==,T3V0Y29tZU5vZGU6Njc4NzM4OQ==,Polymarket,exchange,OVERUNDER_0.5,A_4,A_1,Over 0.5 rounds,Under 0.5 rounds,,0.5,Under 0.5,,1,-1567,-3233,-488,-4900,2026-08-24T02:25:24.413764+00:00,2026-08-12T22:10:40.832031+00:00,0.12,O,0,complete
2026-08-24T02:32:21.275745+00:00,9111,2026-08-25,Dana White's Contender Series: Contender Series 2026: Week 3,dwcs,sean-clancy-jr-vs-gary-balletto-jr-79266,T2ZmZXJOb2RlOjEwMzY3NDg2NA==,T3V0Y29tZU5vZGU6Njc4NzQwNw==,Polymarket,exchange,OVERUNDER_0.5,A_4,A_1,Over 0.5 rounds,Under 0.5 rounds,,0.5,Under 0.5,,1,-1900,-4900,-1329,-4900,2026-08-24T02:25:24.459591+00:00,2026-08-12T22:10:40.958830+00:00,0.12,O,0,complete
2026-08-24T02:32:21.275745+00:00,8869,2026-08-29,UFC Fight Night: Nurmagomedov vs. Song,ufc,umar-nurmagomedov-vs-yadong-song-79649,T2ZmZXJOb2RlOjEwMzY3NzQ3Ng==,T3V0Y29tZU5vZGU6Njc5MTAyMQ==,Polymarket,exchange,DISTANCE,A_4,A_2,Fight goes the distance,Fight ends inside distance,,,Fight to Go the Distance? - No,,1,-122,-3233,+100,-3233,2026-08-24T02:25:24.684564+00:00,2026-08-15T22:14:29.829922+00:00,0.12,O,0,complete
2026-08-24T02:32:21.275745+00:00,8869,2026-08-29,UFC Fight Night: Nurmagomedov vs. Song,ufc,bilal-hasan-vs-nilson-rojas-80821,T2ZmZXJOb2RlOjEwMzY5MDY3MQ==,T3V0Y29tZU5vZGU6NjgwODUwNg==,ReBet,sportsbook,OVERUNDER_1.5,A_4,A_1,Over 1.5 rounds,Under 1.5 rounds,,1.5,Over 1.5,,0,+100,-109,+101,-109,2026-08-24T02:31:16.782615+00:00,2026-08-23T17:15:49.399681+00:00,0.02,O,0,complete
2026-08-24T02:32:21.275745+00:00,8869,2026-08-29,UFC Fight Night: Nurmagomedov vs. Song,ufc,bilal-hasan-vs-nilson-rojas-80821,T2ZmZXJOb2RlOjEwMzY5MDY3MQ==,T3V0Y29tZU5vZGU6NjgwODUwNw==,ReBet,sportsbook,OVERUNDER_1.5,A_4,A_1,Over 1.5 rounds,Under 1.5 rounds,,1.5,Under 1.5,,1,-128,-117,-117,-129,2026-08-24T02:31:16.782615+00:00,2026-08-23T17:15:49.399681+00:00,0.02,O,0,complete
2026-08-24T02:32:21.275745+00:00,8869,2026-08-29,UFC Fight Night: Nurmagomedov vs. Song,ufc,bilal-hasan-vs-nilson-rojas-80821,T2ZmZXJOb2RlOjEwMzY5MDY1Ng==,T3V0Y29tZU5vZGU6NjgwODQ3Ng==,BetUS,sportsbook,OVERUNDER_1.5,A_4,A_1,Over 1.5 rounds,Under 1.5 rounds,,1.5,Over 1.5,,0,-110,-105,+105,-110,2026-08-24T02:30:49.662730+00:00,2026-08-23T17:01:00.782520+00:00,0.03,O,0,complete
2026-08-24T02:32:21.275745+00:00,8869,2026-08-29,UFC Fight Night: Nurmagomedov vs. Song,ufc,bilal-hasan-vs-nilson-rojas-80821,T2ZmZXJOb2RlOjEwMzY5MDY1Ng==,T3V0Y29tZU5vZGU6NjgwODQ3Nw==,BetUS,sportsbook,OVERUNDER_1.5,A_4,A_1,Over 1.5 rounds,Under 1.5 rounds,,1.5,Under 1.5,,1,-110,-115,-110,-125,2026-08-24T02:30:49.662730+00:00,2026-08-23T17:01:00.782520+00:00,0.03,O,0,complete
2026-08-24T02:32:21.275745+00:00,8869,2026-08-29,UFC Fight Night: Nurmagomedov vs. Song,ufc,bilal-hasan-vs-nilson-rojas-80821,T2ZmZXJOb2RlOjEwMzY5MDY1NQ==,T3V0Y29tZU5vZGU6NjgwODQ3NA==,Novig,exchange,OVERUNDER_1.5,A_4,A_1,Over 1.5 rounds,Under 1.5 rounds,,1.5,Over 1.5,,0,+150,+150,+150,-117,2026-08-24T02:30:41.858872+00:00,2026-08-23T17:00:57.322026+00:00,0.03,O,0,complete
2026-08-24T02:32:21.275745+00:00,8869,2026-08-29,UFC Fight Night: Nurmagomedov vs. Song,ufc,bilal-hasan-vs-nilson-rojas-80821,T2ZmZXJOb2RlOjEwMzY5MDY1NQ==,T3V0Y29tZU5vZGU6NjgwODQ3NQ==,Novig,exchange,OVERUNDER_1.5,A_4,A_1,Over 1.5 rounds,Under 1.5 rounds,,1.5,Under 1.5,,1,-122,-125,-122,-141,2026-08-24T02:30:41.858872+00:00,2026-08-23T17:00:57.322026+00:00,0.03,O,0,complete
2026-08-24T02:32:21.275745+00:00,8869,2026-08-29,UFC Fight Night: Nurmagomedov vs. Song,ufc,bilal-hasan-vs-nilson-rojas-80821,T2ZmZXJOb2RlOjEwMzY5MDY1MA==,T3V0Y29tZU5vZGU6NjgwODQ2NA==,BetOnline,sportsbook,OVERUNDER_1.5,A_4,A_1,Over 1.5 rounds,Under 1.5 rounds,,1.5,Over 1.5,,0,-110,+189,+189,-125,2026-08-24T02:29:59.043387+00:00,2026-08-23T16:57:14.097425+00:00,0.04,O,0,complete
2026-08-24T02:32:21.275745+00:00,8869,2026-08-29,UFC Fight Night: Nurmagomedov vs. Song,ufc,bilal-hasan-vs-nilson-rojas-80821,T2ZmZXJOb2RlOjEwMzY5MDY1MA==,T3V0Y29tZU5vZGU6NjgwODQ2NQ==,BetOnline,sportsbook,OVERUNDER_1.5,A_4,A_1,Over 1.5 rounds,Under 1.5 rounds,,1.5,Under 1.5,,1,-110,-225,+105,-225,2026-08-24T02:29:59.043387+00:00,2026-08-23T16:57:14.097425+00:00,0.04,O,0,complete
2026-08-24T02:32:21.275745+00:00,8869,2026-08-29,UFC Fight Night: Nurmagomedov vs. Song,ufc,bilal-hasan-vs-nilson-rojas-80821,T2ZmZXJOb2RlOjEwMzY4ODkwNQ==,T3V0Y29tZU5vZGU6NjgwNTkzNA==,Polymarket,exchange,OVERUNDER_1.5,A_4,A_1,Over 1.5 rounds,Under 1.5 rounds,,1.5,Over 1.5,,0,-1567,-4900,+104,-4900,2026-08-24T02:25:26.152692+00:00,2026-08-21T22:09:48.281277+00:00,0.12,O,0,complete
2026-08-24T02:32:21.275745+00:00,8869,2026-08-29,UFC Fight Night: Nurmagomedov vs. Song,ufc,jingnan-xiong-vs-julia-polastri-80594,T2ZmZXJOb2RlOjEwMzY3NzQ3Mg==,T3V0Y29tZU5vZGU6Njc5MTAxMg==,Polymarket,exchange,KO,A_5,A_13,wins by TKO/KO,doesn't win by TKO/KO,,2.0,Will Julia Polastri win by KO or TKO? - Yes,julia-polastri-39425,0,-1329,-4900,-525,-4900,2026-08-24T02:25:25.554804+00:00,2026-08-15T22:05:17.178253+00:00,0.12,O,0,complete
2026-08-24T02:32:21.275745+00:00,8869,2026-08-29,UFC Fight Night: Nurmagomedov vs. Song,ufc,meng-ding-vs-cameron-nelson-80702,T2ZmZXJOb2RlOjEwMzY5MDI4NA==,T3V0Y29tZU5vZGU6NjgwNzc4OA==,Polymarket,exchange,DISTANCE,A_4,A_2,Fight goes the distance,Fight ends inside distance,,,Fight to Go the Distance? - Yes,,0,-1900,-2400,-1567,-2400,2026-08-24T02:25:26.236549+00:00,2026-08-22T22:09:54.414757+00:00,0.12,O,0,complete
2026-08-24T02:42:18.272612+00:00,9111,2026-08-25,Dana White's Contender Series: Contender Series 2026: Week 3,dwcs,mario-piazzon-vs-guilherme-uriel-silva-costa-78018,T2ZmZXJOb2RlOjEwMzY3NDg1NQ==,T3V0Y29tZU5vZGU6Njc4NzM4OA==,Polymarket,exchange,OVERUNDER_0.5,A_4,A_1,Over 0.5 rounds,Under 0.5 rounds,,0.5,Over 0.5,,0,-1900,-3233,+488,-4900,2026-08-24T02:35:09.131517+00:00,2026-08-12T22:10:40.832031+00:00,0.12,O,0,complete
2026-08-24T02:42:18.272612+00:00,9111,2026-08-25,Dana White's Contender Series: Contender Series 2026: Week 3,dwcs,mario-piazzon-vs-guilherme-uriel-silva-costa-78018,T2ZmZXJOb2RlOjEwMzY3NDg1NQ==,T3V0Y29tZU5vZGU6Njc4NzM4OQ==,Polymarket,exchange,OVERUNDER_0.5,A_4,A_1,Over 0.5 rounds,Under 0.5 rounds,,0.5,Under 0.5,,1,-2400,-3233,-488,-4900,2026-08-24T02:35:09.131517+00:00,2026-08-12T22:10:40.832031+00:00,0.12,O,0,complete
2026-08-24T02:42:18.272612+00:00,9111,2026-08-25,Dana White's Contender Series: Contender Series 2026: Week 3,dwcs,sean-clancy-jr-vs-gary-balletto-jr-79266,T2ZmZXJOb2RlOjEwMzY3NDg2NA==,T3V0Y29tZU5vZGU6Njc4NzQwNg==,Polymarket,exchange,OVERUNDER_0.5,A_4,A_1,Over 0.5 rounds,Under 0.5 rounds,,0.5,Over 0.5,,0,-3233,-4900,+900,-4900,2026-08-24T02:41:23.322056+00:00,2026-08-12T22:10:40.958830+00:00,0.02,O,0,complete
2026-08-24T02:42:18.272612+00:00,9111,2026-08-25,Dana White's Contender Series: Contender Series 2026: Week 3,dwcs,alexis-miranda-vs-ronald-humphrey-79267,T2ZmZXJOb2RlOjEwMzY3NDg3MA==,T3V0Y29tZU5vZGU6Njc4NzQxOQ==,Polymarket,exchange,KO,A_5,A_13,wins by TKO/KO,doesn't win by TKO/KO,,2.0,Will Ronald Humphrey win by KO or TKO? - No,ronald-humphrey-71850,1,-285,-3233,-245,-4900,2026-08-24T02:35:09.238560+00:00,2026-08-12T22:10:41.041835+00:00,0.12,O,0,complete
2026-08-24T02:42:18.272612+00:00,8869,2026-08-29,UFC Fight Night: Nurmagomedov vs. Song,ufc,bilal-hasan-vs-nilson-rojas-80821,T2ZmZXJOb2RlOjEwMzY5MDY2OA==,T3V0Y29tZU5vZGU6NjgwODUwMA==,MyBookie,sportsbook,OVERUNDER_1.5,A_4,A_1,Over 1.5 rounds,Under 1.5 rounds,,1.5,Over 1.5,,0,-115,-111,-101,-115,2026-08-24T02:42:04.809854+00:00,2026-08-23T17:11:06.813163+00:00,0.0,O,0,complete
2026-08-24T02:42:18.272612+00:00,8869,2026-08-29,UFC Fight Night: Nurmagomedov vs. Song,ufc,bilal-hasan-vs-nilson-rojas-80821,T2ZmZXJOb2RlOjEwMzY5MDY2OA==,T3V0Y29tZU5vZGU6NjgwODUwMQ==,MyBookie,sportsbook,OVERUNDER_1.5,A_4,A_1,Over 1.5 rounds,Under 1.5 rounds,,1.5,Under 1.5,,1,-115,-119,-115,-132,2026-08-24T02:42:04.809854+00:00,2026-08-23T17:11:06.813163+00:00,0.0,O,0,complete
2026-08-24T02:42:18.272612+00:00,8869,2026-08-29,UFC Fight Night: Nurmagomedov vs. Song,ufc,bilal-hasan-vs-nilson-rojas-80821,T2ZmZXJOb2RlOjEwMzY5MDY1MQ==,T3V0Y29tZU5vZGU6NjgwODQ2Ng==,Bovada,sportsbook,OVERUNDER_1.5,A_4,A_1,Over 1.5 rounds,Under 1.5 rounds,,1.5,Over 1.5,,0,-115,+160,+160,-115,2026-08-24T02:34:26.284656+00:00,2026-08-23T16:59:16.090690+00:00,0.13,O,0,complete
2026-08-24T02:42:18.272612+00:00,8869,2026-08-29,UFC Fight Night: Nurmagomedov vs. Song,ufc,bilal-hasan-vs-nilson-rojas-80821,T2ZmZXJOb2RlOjEwMzY5MDY1MQ==,T3V0Y29tZU5vZGU6NjgwODQ2Nw==,Bovada,sportsbook,OVERUNDER_1.5,A_4,A_1,Over 1.5 rounds,Under 1.5 rounds,,1.5,Under 1.5,,1,-115,-210,-115,-210,2026-08-24T02:34:26.284656+00:00,2026-08-23T16:59:16.090690+00:00,0.13,O,0,complete
2026-08-24T02:42:18.272612+00:00,8869,2026-08-29,UFC Fight Night: Nurmagomedov vs. Song,ufc,bilal-hasan-vs-nilson-rojas-80821,T2ZmZXJOb2RlOjEwMzY4ODkwNQ==,T3V0Y29tZU5vZGU6NjgwNTkzNA==,Polymarket,exchange,OVERUNDER_1.5,A_4,A_1,Over 1.5 rounds,Under 1.5 rounds,,1.5,Over 1.5,,0,-1329,-4900,+104,-4900,2026-08-24T02:41:25.473038+00:00,2026-08-21T22:09:48.281277+00:00,0.01,O,0,complete
2026-08-24T02:42:18.272612+00:00,8869,2026-08-29,UFC Fight Night: Nurmagomedov vs. Song,ufc,bilal-hasan-vs-nilson-rojas-80821,T2ZmZXJOb2RlOjEwMzY4ODkwNQ==,T3V0Y29tZU5vZGU6NjgwNTkzNQ==,Polymarket,exchange,OVERUNDER_1.5,A_4,A_1,Over 1.5 rounds,Under 1.5 rounds,,1.5,Under 1.5,,1,-1567,-4900,-156,-4900,2026-08-24T02:41:25.473038+00:00,2026-08-21T22:09:48.281277+00:00,0.01,O,0,complete
2026-08-24T02:42:18.272612+00:00,8869,2026-08-29,UFC Fight Night: Nurmagomedov vs. Song,ufc,rei-tsuruya-vs-kevin-borjas-79779,T2ZmZXJOb2RlOjEwMzY5MDY3OQ==,T3V0Y29tZU5vZGU6NjgwODUyMg==,Stake,sportsbook,OVERUNDER_2.5,A_4,A_1,Over 2.5 rounds,Under 2.5 rounds,,2.5,Over 2.5,,0,-102,+136,+140,-102,2026-08-24T02:36:00.342022+00:00,2026-08-23T18:30:28.832615+00:00,0.1,O,0,complete
2026-08-24T02:42:18.272612+00:00,8869,2026-08-29,UFC Fight Night: Nurmagomedov vs. Song,ufc,rei-tsuruya-vs-kevin-borjas-79779,T2ZmZXJOb2RlOjEwMzY5MDY3OQ==,T3V0Y29tZU5vZGU6NjgwODUyMw==,Stake,sportsbook,OVERUNDER_2.5,A_4,A_1,Over 2.5 rounds,Under 2.5 rounds,,2.5,Under 2.5,,1,-125,-175,-125,-182,2026-08-24T02:36:00.342022+00:00,2026-08-23T18:30:28.832615+00:00,0.1,O,0,complete
2026-08-24T02:42:18.272612+00:00,8869,2026-08-29,UFC Fight Night: Nurmagomedov vs. Song,ufc,jingnan-xiong-vs-julia-polastri-80594,T2ZmZXJOb2RlOjEwMzY3NzQ3Mg==,T3V0Y29tZU5vZGU6Njc5MTAxMg==,Polymarket,exchange,KO,A_5,A_13,wins by TKO/KO,doesn't win by TKO/KO,,2.0,Will Julia Polastri win by KO or TKO? - Yes,julia-polastri-39425,0,-1900,-4900,-525,-4900,2026-08-24T02:35:09.980415+00:00,2026-08-15T22:05:17.178253+00:00,0.12,O,0,complete
2026-08-24T02:42:18.272612+00:00,8869,2026-08-29,UFC Fight Night: Nurmagomedov vs. Song,ufc,jingnan-xiong-vs-julia-polastri-80594,T2ZmZXJOb2RlOjEwMzY3NzQ3Mg==,T3V0Y29tZU5vZGU6Njc5MTAxMw==,Polymarket,exchange,KO,A_5,A_13,wins by TKO/KO,doesn't win by TKO/KO,,2.0,Will Julia Polastri win by KO or TKO? - No,julia-polastri-39425,1,-2400,-4900,+400,-4900,2026-08-24T02:35:09.980415+00:00,2026-08-15T22:05:17.178253+00:00,0.12,O,0,complete
2026-08-24T02:52:03.176538+00:00,9111,2026-08-25,Dana White's Contender Series: Contender Series 2026: Week 3,dwcs,mario-piazzon-vs-guilherme-uriel-silva-costa-78018,T2ZmZXJOb2RlOjEwMzY3NDg1NQ==,T3V0Y29tZU5vZGU6Njc4NzM4OA==,Polymarket,exchange,OVERUNDER_0.5,A_4,A_1,Over 0.5 rounds,Under 0.5 rounds,,0.5,Over 0.5,,0,-2400,-3233,+488,-4900,2026-08-24T02:45:49.937367+00:00,2026-08-12T22:10:40.832031+00:00,0.1,O,0,complete
2026-08-24T02:52:03.176538+00:00,9111,2026-08-25,Dana White's Contender Series: Contender Series 2026: Week 3,dwcs,mario-piazzon-vs-guilherme-uriel-silva-costa-78018,T2ZmZXJOb2RlOjEwMzY3NDg1NQ==,T3V0Y29tZU5vZGU6Njc4NzM4OQ==,Polymarket,exchange,OVERUNDER_0.5,A_4,A_1,Over 0.5 rounds,Under 0.5 rounds,,0.5,Under 0.5,,1,-1900,-3233,-488,-4900,2026-08-24T02:45:49.937367+00:00,2026-08-12T22:10:40.832031+00:00,0.1,O,0,complete
2026-08-24T02:52:03.176538+00:00,9111,2026-08-25,Dana White's Contender Series: Contender Series 2026: Week 3,dwcs,sean-clancy-jr-vs-gary-balletto-jr-79266,T2ZmZXJOb2RlOjEwMzY3NDg2NA==,T3V0Y29tZU5vZGU6Njc4NzQwNg==,Polymarket,exchange,OVERUNDER_0.5,A_4,A_1,Over 0.5 rounds,Under 0.5 rounds,,0.5,Over 0.5,,0,-1900,-4900,+900,-4900,2026-08-24T02:45:49.972528+00:00,2026-08-12T22:10:40.958830+00:00,0.1,O,0,complete
2026-08-24T02:52:03.176538+00:00,9111,2026-08-25,Dana White's Contender Series: Contender Series 2026: Week 3,dwcs,sean-clancy-jr-vs-gary-balletto-jr-79266,T2ZmZXJOb2RlOjEwMzY3NDg2NA==,T3V0Y29tZU5vZGU6Njc4NzQwNw==,Polymarket,exchange,OVERUNDER_0.5,A_4,A_1,Over 0.5 rounds,Under 0.5 rounds,,0.5,Under 0.5,,1,-2400,-4900,-1329,-4900,2026-08-24T02:45:49.972528+00:00,2026-08-12T22:10:40.958830+00:00,0.1,O,0,complete
2026-08-24T02:52:03.176538+00:00,8869,2026-08-29,UFC Fight Night: Nurmagomedov vs. Song,ufc,bilal-hasan-vs-nilson-rojas-80821,T2ZmZXJOb2RlOjEwMzY5MDY3MQ==,T3V0Y29tZU5vZGU6NjgwODUwNg==,ReBet,sportsbook,OVERUNDER_1.5,A_4,A_1,Over 1.5 rounds,Under 1.5 rounds,,1.5,Over 1.5,,0,-113,-109,+101,-113,2026-08-24T02:46:30.357705+00:00,2026-08-23T17:15:49.399681+00:00,0.09,O,0,complete
2026-08-24T02:52:03.176538+00:00,8869,2026-08-29,UFC Fight Night: Nurmagomedov vs. Song,ufc,bilal-hasan-vs-nilson-rojas-80821,T2ZmZXJOb2RlOjEwMzY5MDY3MQ==,T3V0Y29tZU5vZGU6NjgwODUwNw==,ReBet,sportsbook,OVERUNDER_1.5,A_4,A_1,Over 1.5 rounds,Under 1.5 rounds,,1.5,Under 1.5,,1,-113,-117,-113,-129,2026-08-24T02:46:30.357705+00:00,2026-08-23T17:15:49.399681+00:00,0.09,O,0,complete
2026-08-24T02:52:03.176538+00:00,8869,2026-08-29,UFC Fight Night: Nurmagomedov vs. Song,ufc,bilal-hasan-vs-nilson-rojas-80821,T2ZmZXJOb2RlOjEwMzY4ODkwNQ==,T3V0Y29tZU5vZGU6NjgwNTkzNQ==,Polymarket,exchange,OVERUNDER_1.5,A_4,A_1,Over 1.5 rounds,Under 1.5 rounds,,1.5,Under 1.5,,1,-1900,-4900,-156,-4900,2026-08-24T02:45:50.698485+00:00,2026-08-21T22:09:48.281277+00:00,0.1,O,0,complete
2026-08-24T02:52:03.176538+00:00,8869,2026-08-29,UFC Fight Night: Nurmagomedov vs. Song,ufc,jingnan-xiong-vs-julia-polastri-80594,T2ZmZXJOb2RlOjEwMzY3NzQ3Mg==,T3V0Y29tZU5vZGU6Njc5MTAxMg==,Polymarket,exchange,KO,A_5,A_13,wins by TKO/KO,doesn't win by TKO/KO,,2.0,Will Julia Polastri win by KO or TKO? - Yes,julia-polastri-39425,0,-1567,-4900,-525,-4900,2026-08-24T02:45:50.418831+00:00,2026-08-15T22:05:17.178253+00:00,0.1,O,0,complete
2026-08-24T03:28:44.963643+00:00,8869,2026-08-29,UFC Fight Night: Nurmagomedov vs. Song,ufc,umar-nurmagomedov-vs-yadong-song-79649,T2ZmZXJOb2RlOjEwMzY5MDYwOQ==,T3V0Y29tZU5vZGU6NjgwODM4Mg==,Novig,exchange,OVERUNDER_4.5,A_4,A_1,Over 4.5 rounds,Under 4.5 rounds,,4.5,Over 4.5,,0,-245,-160,-160,-245,2026-08-24T03:00:35.264942+00:00,2026-08-23T16:01:02.886423+00:00,0.47,O,0,complete
2026-08-24T03:28:44.963643+00:00,8869,2026-08-29,UFC Fight Night: Nurmagomedov vs. Song,ufc,umar-nurmagomedov-vs-yadong-song-79649,T2ZmZXJOb2RlOjEwMzY5MDYwOQ==,T3V0Y29tZU5vZGU6NjgwODM4Mw==,Novig,exchange,OVERUNDER_4.5,A_4,A_1,Over 4.5 rounds,Under 4.5 rounds,,4.5,Under 4.5,,1,+170,+167,+170,+163,2026-08-24T03:00:35.264942+00:00,2026-08-23T16:01:02.886423+00:00,0.47,O,0,complete
2026-08-24T03:28:44.963643+00:00,8869,2026-08-29,UFC Fight Night: Nurmagomedov vs. Song,ufc,xiaonan-yan-vs-denise-gomes-79865,T2ZmZXJOb2RlOjEwMzY5MDgxNA==,T3V0Y29tZU5vZGU6NjgwODc5MA==,Novig,exchange,OVERUNDER_2.5,A_4,A_1,Over 2.5 rounds,Under 2.5 rounds,,2.5,Over 2.5,,0,-326,-326,-326,-326,2026-08-24T03:00:36.927220+00:00,2026-08-24T03:00:35.708190+00:00,0.47,O,0,complete
2026-08-24T03:28:44.963643+00:00,8869,2026-08-29,UFC Fight Night: Nurmagomedov vs. Song,ufc,xiaonan-yan-vs-denise-gomes-79865,T2ZmZXJOb2RlOjEwMzY5MDgxNA==,T3V0Y29tZU5vZGU6NjgwODc5MQ==,Novig,exchange,OVERUNDER_2.5,A_4,A_1,Over 2.5 rounds,Under 2.5 rounds,,2.5,Under 2.5,,1,+212,+212,+212,+212,2026-08-24T03:00:36.927220+00:00,2026-08-24T03:00:35.708190+00:00,0.47,O,0,complete
2026-08-24T03:28:44.963643+00:00,8869,2026-08-29,UFC Fight Night: Nurmagomedov vs. Song,ufc,kai-asakura-vs-qileng-aori-80038,T2ZmZXJOb2RlOjEwMzY5MDgxMw==,T3V0Y29tZU5vZGU6NjgwODc4OA==,Novig,exchange,OVERUNDER_2.5,A_4,A_1,Over 2.5 rounds,Under 2.5 rounds,,2.5,Over 2.5,,0,+153,+153,+153,+153,2026-08-24T03:00:36.461397+00:00,2026-08-24T03:00:35.619874+00:00,0.47,O,0,complete
2026-08-24T03:28:44.963643+00:00,8869,2026-08-29,UFC Fight Night: Nurmagomedov vs. Song,ufc,kai-asakura-vs-qileng-aori-80038,T2ZmZXJOb2RlOjEwMzY5MDgxMw==,T3V0Y29tZU5vZGU6NjgwODc4OQ==,Novig,exchange,OVERUNDER_2.5,A_4,A_1,Over 2.5 rounds,Under 2.5 rounds,,2.5,Under 2.5,,1,-233,-233,-233,-233,2026-08-24T03:00:36.461397+00:00,2026-08-24T03:00:35.619874+00:00,0.47,O,0,complete
2026-08-24T03:28:44.963643+00:00,8869,2026-08-29,UFC Fight Night: Nurmagomedov vs. Song,ufc,alex-perez-vs-su-mudaerji-79689,T2ZmZXJOb2RlOjEwMzY5MDYyNw==,T3V0Y29tZU5vZGU6NjgwODQxOA==,Novig,exchange,OVERUNDER_2.5,A_4,A_1,Over 2.5 rounds,Under 2.5 rounds,,2.5,Over 2.5,,0,-106,-125,-106,-125,2026-08-24T03:00:34.927272+00:00,2026-08-23T16:30:46.493239+00:00,0.47,O,0,complete
2026-08-24T03:28:44.963643+00:00,8869,2026-08-29,UFC Fight Night: Nurmagomedov vs. Song,ufc,alex-perez-vs-su-mudaerji-79689,T2ZmZXJOb2RlOjEwMzY5MDYyNw==,T3V0Y29tZU5vZGU6NjgwODQxOQ==,Novig,exchange,OVERUNDER_2.5,A_4,A_1,Over 2.5 rounds,Under 2.5 rounds,,2.5,Under 2.5,,1,-144,-125,-125,-147,2026-08-24T03:00:34.927272+00:00,2026-08-23T16:30:46.493239+00:00,0.47,O,0,complete
2026-08-24T03:28:44.963643+00:00,8869,2026-08-29,UFC Fight Night: Nurmagomedov vs. Song,ufc,bilal-hasan-vs-nilson-rojas-80821,T2ZmZXJOb2RlOjEwMzY4ODkwNQ==,T3V0Y29tZU5vZGU6NjgwNTkzNA==,Polymarket,exchange,OVERUNDER_1.5,A_4,A_1,Over 1.5 rounds,Under 1.5 rounds,,1.5,Over 1.5,,0,-1567,-4900,+104,-4900,2026-08-24T03:25:11.997674+00:00,2026-08-21T22:09:48.281277+00:00,0.06,O,0,complete
2026-08-24T03:28:44.963643+00:00,8869,2026-08-29,UFC Fight Night: Nurmagomedov vs. Song,ufc,bilal-hasan-vs-nilson-rojas-80821,T2ZmZXJOb2RlOjEwMzY4ODkwNQ==,T3V0Y29tZU5vZGU6NjgwNTkzNQ==,Polymarket,exchange,OVERUNDER_1.5,A_4,A_1,Over 1.5 rounds,Under 1.5 rounds,,1.5,Under 1.5,,1,-1567,-4900,-156,-4900,2026-08-24T03:25:11.997674+00:00,2026-08-21T22:09:48.281277+00:00,0.06,O,0,complete
2026-08-24T03:28:44.963643+00:00,8869,2026-08-29,UFC Fight Night: Nurmagomedov vs. Song,ufc,jingnan-xiong-vs-julia-polastri-80594,T2ZmZXJOb2RlOjEwMzY3NzQ3Mg==,T3V0Y29tZU5vZGU6Njc5MTAxMg==,Polymarket,exchange,KO,A_5,A_13,wins by TKO/KO,doesn't win by TKO/KO,,2.0,Will Julia Polastri win by KO or TKO? - Yes,julia-polastri-39425,0,-1900,-4900,-525,-4900,2026-08-24T03:25:11.627123+00:00,2026-08-15T22:05:17.178253+00:00,0.06,O,0,complete
2026-08-24T03:28:44.963643+00:00,8869,2026-08-29,UFC Fight Night: Nurmagomedov vs. Song,ufc,jingnan-xiong-vs-julia-polastri-80594,T2ZmZXJOb2RlOjEwMzY3NzQ3Mg==,T3V0Y29tZU5vZGU6Njc5MTAxMw==,Polymarket,exchange,KO,A_5,A_13,wins by TKO/KO,doesn't win by TKO/KO,,2.0,Will Julia Polastri win by KO or TKO? - No,julia-polastri-39425,1,-1900,-4900,+400,-4900,2026-08-24T03:25:11.627123+00:00,2026-08-15T22:05:17.178253+00:00,0.06,O,0,complete
2026-08-24T03:38:29.684989+00:00,9111,2026-08-25,Dana White's Contender Series: Contender Series 2026: Week 3,dwcs,mario-piazzon-vs-guilherme-uriel-silva-costa-78018,T2ZmZXJOb2RlOjEwMzY3NDg1NQ==,T3V0Y29tZU5vZGU6Njc4NzM4OQ==,Polymarket,exchange,OVERUNDER_0.5,A_4,A_1,Over 0.5 rounds,Under 0.5 rounds,,0.5,Under 0.5,,1,-1567,-3233,-488,-4900,2026-08-24T03:35:15.059874+00:00,2026-08-12T22:10:40.832031+00:00,0.05,O,0,complete
2026-08-24T03:38:29.684989+00:00,9111,2026-08-25,Dana White's Contender Series: Contender Series 2026: Week 3,dwcs,sean-clancy-jr-vs-gary-balletto-jr-79266,T2ZmZXJOb2RlOjEwMzY3NDg2NA==,T3V0Y29tZU5vZGU6Njc4NzQwNg==,Polymarket,exchange,OVERUNDER_0.5,A_4,A_1,Over 0.5 rounds,Under 0.5 rounds,,0.5,Over 0.5,,0,-1567,-4900,+900,-4900,2026-08-24T03:35:15.183779+00:00,2026-08-12T22:10:40.958830+00:00,0.05,O,0,complete
2026-08-24T03:38:29.684989+00:00,9111,2026-08-25,Dana White's Contender Series: Contender Series 2026: Week 3,dwcs,sean-clancy-jr-vs-gary-balletto-jr-79266,T2ZmZXJOb2RlOjEwMzY3NDg2NA==,T3V0Y29tZU5vZGU6Njc4NzQwNw==,Polymarket,exchange,OVERUNDER_0.5,A_4,A_1,Over 0.5 rounds,Under 0.5 rounds,,0.5,Under 0.5,,1,-1900,-4900,-1329,-4900,2026-08-24T03:35:15.183779+00:00,2026-08-12T22:10:40.958830+00:00,0.05,O,0,complete
2026-08-24T03:38:29.684989+00:00,8869,2026-08-29,UFC Fight Night: Nurmagomedov vs. Song,ufc,bilal-hasan-vs-nilson-rojas-80821,T2ZmZXJOb2RlOjEwMzY4ODkwNQ==,T3V0Y29tZU5vZGU6NjgwNTkzNQ==,Polymarket,exchange,OVERUNDER_1.5,A_4,A_1,Over 1.5 rounds,Under 1.5 rounds,,1.5,Under 1.5,,1,-2400,-4900,-156,-4900,2026-08-24T03:35:16.843683+00:00,2026-08-21T22:09:48.281277+00:00,0.05,O,0,complete
2026-08-24T03:38:29.684989+00:00,8869,2026-08-29,UFC Fight Night: Nurmagomedov vs. Song,ufc,jingnan-xiong-vs-julia-polastri-80594,T2ZmZXJOb2RlOjEwMzY3NzQ3Mg==,T3V0Y29tZU5vZGU6Njc5MTAxMg==,Polymarket,exchange,KO,A_5,A_13,wins by TKO/KO,doesn't win by TKO/KO,,2.0,Will Julia Polastri win by KO or TKO? - Yes,julia-polastri-39425,0,-1567,-4900,-525,-4900,2026-08-24T03:35:16.257491+00:00,2026-08-15T22:05:17.178253+00:00,0.05,O,0,complete
2026-08-24T03:48:15.707670+00:00,9111,2026-08-25,Dana White's Contender Series: Contender Series 2026: Week 3,dwcs,mario-piazzon-vs-guilherme-uriel-silva-costa-78018,T2ZmZXJOb2RlOjEwMzY3NDg1NQ==,T3V0Y29tZU5vZGU6Njc4NzM4OA==,Polymarket,exchange,OVERUNDER_0.5,A_4,A_1,Over 0.5 rounds,Under 0.5 rounds,,0.5,Over 0.5,,0,-1567,-3233,+488,-4900,2026-08-24T03:45:42.075099+00:00,2026-08-12T22:10:40.832031+00:00,0.04,O,0,complete
2026-08-24T03:48:15.707670+00:00,9111,2026-08-25,Dana White's Contender Series: Contender Series 2026: Week 3,dwcs,sean-clancy-jr-vs-gary-balletto-jr-79266,T2ZmZXJOb2RlOjEwMzY3NDg2NA==,T3V0Y29tZU5vZGU6Njc4NzQwNg==,Polymarket,exchange,OVERUNDER_0.5,A_4,A_1,Over 0.5 rounds,Under 0.5 rounds,,0.5,Over 0.5,,0,-1900,-4900,+900,-4900,2026-08-24T03:45:42.130118+00:00,2026-08-12T22:10:40.958830+00:00,0.04,O,0,complete
2026-08-24T03:48:15.707670+00:00,9111,2026-08-25,Dana White's Contender Series: Contender Series 2026: Week 3,dwcs,sean-clancy-jr-vs-gary-balletto-jr-79266,T2ZmZXJOb2RlOjEwMzY3NDg2NA==,T3V0Y29tZU5vZGU6Njc4NzQwNw==,Polymarket,exchange,OVERUNDER_0.5,A_4,A_1,Over 0.5 rounds,Under 0.5 rounds,,0.5,Under 0.5,,1,-1567,-4900,-1329,-4900,2026-08-24T03:45:42.130118+00:00,2026-08-12T22:10:40.958830+00:00,0.04,O,0,complete
2026-08-24T03:48:15.707670+00:00,9111,2026-08-25,Dana White's Contender Series: Contender Series 2026: Week 3,dwcs,alexis-miranda-vs-ronald-humphrey-79267,T2ZmZXJOb2RlOjEwMzY3NDg3MA==,T3V0Y29tZU5vZGU6Njc4NzQxOQ==,Polymarket,exchange,KO,A_5,A_13,wins by TKO/KO,doesn't win by TKO/KO,,2.0,Will Ronald Humphrey win by KO or TKO? - No,ronald-humphrey-71850,1,-300,-3233,-245,-4900,2026-08-24T03:45:42.191549+00:00,2026-08-12T22:10:41.041835+00:00,0.04,O,0,complete
2026-08-24T03:48:15.707670+00:00,8869,2026-08-29,UFC Fight Night: Nurmagomedov vs. Song,ufc,bilal-hasan-vs-nilson-rojas-80821,T2ZmZXJOb2RlOjEwMzY4ODkwNQ==,T3V0Y29tZU5vZGU6NjgwNTkzNQ==,Polymarket,exchange,OVERUNDER_1.5,A_4,A_1,Over 1.5 rounds,Under 1.5 rounds,,1.5,Under 1.5,,1,-1567,-4900,-156,-4900,2026-08-24T03:45:43.244812+00:00,2026-08-21T22:09:48.281277+00:00,0.04,O,0,complete
2026-08-24T03:58:02.035896+00:00,9111,2026-08-25,Dana White's Contender Series: Contender Series 2026: Week 3,dwcs,mario-piazzon-vs-guilherme-uriel-silva-costa-78018,T2ZmZXJOb2RlOjEwMzY3NDg1NQ==,T3V0Y29tZU5vZGU6Njc4NzM4OA==,Polymarket,exchange,OVERUNDER_0.5,A_4,A_1,Over 0.5 rounds,Under 0.5 rounds,,0.5,Over 0.5,,0,-1900,-3233,+488,-4900,2026-08-24T03:55:31.047520+00:00,2026-08-12T22:10:40.832031+00:00,0.04,O,0,complete
2026-08-24T03:58:02.035896+00:00,9111,2026-08-25,Dana White's Contender Series: Contender Series 2026: Week 3,dwcs,mario-piazzon-vs-guilherme-uriel-silva-costa-78018,T2ZmZXJOb2RlOjEwMzY3NDg1NQ==,T3V0Y29tZU5vZGU6Njc4NzM4OQ==,Polymarket,exchange,OVERUNDER_0.5,A_4,A_1,Over 0.5 rounds,Under 0.5 rounds,,0.5,Under 0.5,,1,-2400,-3233,-488,-4900,2026-08-24T03:55:31.047520+00:00,2026-08-12T22:10:40.832031+00:00,0.04,O,0,complete
2026-08-24T03:58:02.035896+00:00,9111,2026-08-25,Dana White's Contender Series: Contender Series 2026: Week 3,dwcs,sean-clancy-jr-vs-gary-balletto-jr-79266,T2ZmZXJOb2RlOjEwMzY3NDg2NA==,T3V0Y29tZU5vZGU6Njc4NzQwNg==,Polymarket,exchange,OVERUNDER_0.5,A_4,A_1,Over 0.5 rounds,Under 0.5 rounds,,0.5,Over 0.5,,0,-2400,-4900,+900,-4900,2026-08-24T03:55:31.207751+00:00,2026-08-12T22:10:40.958830+00:00,0.04,O,0,complete
2026-08-24T03:58:02.035896+00:00,9111,2026-08-25,Dana White's Contender Series: Contender Series 2026: Week 3,dwcs,sean-clancy-jr-vs-gary-balletto-jr-79266,T2ZmZXJOb2RlOjEwMzY3NDg2NA==,T3V0Y29tZU5vZGU6Njc4NzQwNw==,Polymarket,exchange,OVERUNDER_0.5,A_4,A_1,Over 0.5 rounds,Under 0.5 rounds,,0.5,Under 0.5,,1,-1900,-4900,-1329,-4900,2026-08-24T03:55:31.207751+00:00,2026-08-12T22:10:40.958830+00:00,0.04,O,0,complete
2026-08-24T03:58:02.035896+00:00,8869,2026-08-29,UFC Fight Night: Nurmagomedov vs. Song,ufc,bilal-hasan-vs-nilson-rojas-80821,T2ZmZXJOb2RlOjEwMzY4ODkwNQ==,T3V0Y29tZU5vZGU6NjgwNTkzNQ==,Polymarket,exchange,OVERUNDER_1.5,A_4,A_1,Over 1.5 rounds,Under 1.5 rounds,,1.5,Under 1.5,,1,-2400,-4900,-156,-4900,2026-08-24T03:55:33.357070+00:00,2026-08-21T22:09:48.281277+00:00,0.04,O,0,complete
2026-08-24T03:58:02.035896+00:00,8869,2026-08-29,UFC Fight Night: Nurmagomedov vs. Song,ufc,jingnan-xiong-vs-julia-polastri-80594,T2ZmZXJOb2RlOjEwMzY3NzQ3Mg==,T3V0Y29tZU5vZGU6Njc5MTAxMg==,Polymarket,exchange,KO,A_5,A_13,wins by TKO/KO,doesn't win by TKO/KO,,2.0,Will Julia Polastri win by KO or TKO? - Yes,julia-polastri-39425,0,-1900,-4900,-525,-4900,2026-08-24T03:55:32.759640+00:00,2026-08-15T22:05:17.178253+00:00,0.04,O,0,complete
2026-08-24T03:58:02.035896+00:00,8869,2026-08-29,UFC Fight Night: Nurmagomedov vs. Song,ufc,jingnan-xiong-vs-julia-polastri-80594,T2ZmZXJOb2RlOjEwMzY3NzQ3Mg==,T3V0Y29tZU5vZGU6Njc5MTAxMw==,Polymarket,exchange,KO,A_5,A_13,wins by TKO/KO,doesn't win by TKO/KO,,2.0,Will Julia Polastri win by KO or TKO? - No,julia-polastri-39425,1,-2400,-4900,+400,-4900,2026-08-24T03:55:32.759640+00:00,2026-08-15T22:05:17.178253+00:00,0.04,O,0,complete
2026-08-24T04:07:42.373877+00:00,9111,2026-08-25,Dana White's Contender Series: Contender Series 2026: Week 3,dwcs,mario-piazzon-vs-guilherme-uriel-silva-costa-78018,T2ZmZXJOb2RlOjEwMzY3NDg1NQ==,T3V0Y29tZU5vZGU6Njc4NzM4OA==,Polymarket,exchange,OVERUNDER_0.5,A_4,A_1,Over 0.5 rounds,Under 0.5 rounds,,0.5,Over 0.5,,0,-2400,-3233,+488,-4900,2026-08-24T04:05:36.228094+00:00,2026-08-12T22:10:40.832031+00:00,0.04,O,0,complete
2026-08-24T04:07:42.373877+00:00,9111,2026-08-25,Dana White's Contender Series: Contender Series 2026: Week 3,dwcs,mario-piazzon-vs-guilherme-uriel-silva-costa-78018,T2ZmZXJOb2RlOjEwMzY3NDg1NQ==,T3V0Y29tZU5vZGU6Njc4NzM4OQ==,Polymarket,exchange,OVERUNDER_0.5,A_4,A_1,Over 0.5 rounds,Under 0.5 rounds,,0.5,Under 0.5,,1,-1900,-3233,-488,-4900,2026-08-24T04:05:36.228094+00:00,2026-08-12T22:10:40.832031+00:00,0.04,O,0,complete
2026-08-24T04:07:42.373877+00:00,9111,2026-08-25,Dana White's Contender Series: Contender Series 2026: Week 3,dwcs,sean-clancy-jr-vs-gary-balletto-jr-79266,T2ZmZXJOb2RlOjEwMzY3NDg2NA==,T3V0Y29tZU5vZGU6Njc4NzQwNg==,Polymarket,exchange,OVERUNDER_0.5,A_4,A_1,Over 0.5 rounds,Under 0.5 rounds,,0.5,Over 0.5,,0,-1567,-4900,+900,-4900,2026-08-24T04:05:36.281826+00:00,2026-08-12T22:10:40.958830+00:00,0.04,O,0,complete
2026-08-24T04:07:42.373877+00:00,9111,2026-08-25,Dana White's Contender Series: Contender Series 2026: Week 3,dwcs,sean-clancy-jr-vs-gary-balletto-jr-79266,T2ZmZXJOb2RlOjEwMzY3NDg2NA==,T3V0Y29tZU5vZGU6Njc4NzQwNw==,Polymarket,exchange,OVERUNDER_0.5,A_4,A_1,Over 0.5 rounds,Under 0.5 rounds,,0.5,Under 0.5,,1,-2400,-4900,-1329,-4900,2026-08-24T04:05:36.281826+00:00,2026-08-12T22:10:40.958830+00:00,0.04,O,0,complete
2026-08-24T04:07:42.373877+00:00,9111,2026-08-25,Dana White's Contender Series: Contender Series 2026: Week 3,dwcs,nick-galanti-vs-carlos-petruzzella-75965,T2ZmZXJOb2RlOjEwMzY3NDg4Ng==,T3V0Y29tZU5vZGU6Njc4NzQ1MQ==,Polymarket,exchange,OVERUNDER_4.5,A_4,A_1,Over 4.5 rounds,Under 4.5 rounds,,4.5,Under 4.5,,1,-2400,-4900,-1900,-4900,2026-08-24T04:05:36.385224+00:00,2026-08-12T22:10:41.356670+00:00,0.03,O,0,complete
2026-08-24T04:07:42.373877+00:00,8869,2026-08-29,UFC Fight Night: Nurmagomedov vs. Song,ufc,bilal-hasan-vs-nilson-rojas-80821,T2ZmZXJOb2RlOjEwMzY4ODkwNQ==,T3V0Y29tZU5vZGU6NjgwNTkzNQ==,Polymarket,exchange,OVERUNDER_1.5,A_4,A_1,Over 1.5 rounds,Under 1.5 rounds,,1.5,Under 1.5,,1,-1567,-4900,-156,-4900,2026-08-24T04:05:37.777530+00:00,2026-08-21T22:09:48.281277+00:00,0.03,O,0,complete
2026-08-24T04:07:42.373877+00:00,8869,2026-08-29,UFC Fight Night: Nurmagomedov vs. Song,ufc,jingnan-xiong-vs-julia-polastri-80594,T2ZmZXJOb2RlOjEwMzY3NzQ3Mg==,T3V0Y29tZU5vZGU6Njc5MTAxMg==,Polymarket,exchange,KO,A_5,A_13,wins by TKO/KO,doesn't win by TKO/KO,,2.0,Will Julia Polastri win by KO or TKO? - Yes,julia-polastri-39425,0,-1567,-4900,-525,-4900,2026-08-24T04:05:37.509709+00:00,2026-08-15T22:05:17.178253+00:00,0.03,O,0,complete
2026-08-24T04:17:36.904969+00:00,9111,2026-08-25,Dana White's Contender Series: Contender Series 2026: Week 3,dwcs,mario-piazzon-vs-guilherme-uriel-silva-costa-78018,T2ZmZXJOb2RlOjEwMzY3NDg1NQ==,T3V0Y29tZU5vZGU6Njc4NzM4OA==,Polymarket,exchange,OVERUNDER_0.5,A_4,A_1,Over 0.5 rounds,Under 0.5 rounds,,0.5,Over 0.5,,0,-1900,-3233,+488,-4900,2026-08-24T04:15:15.689567+00:00,2026-08-12T22:10:40.832031+00:00,0.04,O,0,complete
2026-08-24T04:17:36.904969+00:00,9111,2026-08-25,Dana White's Contender Series: Contender Series 2026: Week 3,dwcs,mario-piazzon-vs-guilherme-uriel-silva-costa-78018,T2ZmZXJOb2RlOjEwMzY3NDg1NQ==,T3V0Y29tZU5vZGU6Njc4NzM4OQ==,Polymarket,exchange,OVERUNDER_0.5,A_4,A_1,Over 0.5 rounds,Under 0.5 rounds,,0.5,Under 0.5,,1,-1567,-3233,-488,-4900,2026-08-24T04:15:15.689567+00:00,2026-08-12T22:10:40.832031+00:00,0.04,O,0,complete
2026-08-24T04:17:36.904969+00:00,9111,2026-08-25,Dana White's Contender Series: Contender Series 2026: Week 3,dwcs,sean-clancy-jr-vs-gary-balletto-jr-79266,T2ZmZXJOb2RlOjEwMzY3NDg2NA==,T3V0Y29tZU5vZGU6Njc4NzQwNg==,Polymarket,exchange,OVERUNDER_0.5,A_4,A_1,Over 0.5 rounds,Under 0.5 rounds,,0.5,Over 0.5,,0,-1900,-4900,+900,-4900,2026-08-24T04:15:15.769441+00:00,2026-08-12T22:10:40.958830+00:00,0.04,O,0,complete
2026-08-24T04:17:36.904969+00:00,9111,2026-08-25,Dana White's Contender Series: Contender Series 2026: Week 3,dwcs,sean-clancy-jr-vs-gary-balletto-jr-79266,T2ZmZXJOb2RlOjEwMzY3NDg2NA==,T3V0Y29tZU5vZGU6Njc4NzQwNw==,Polymarket,exchange,OVERUNDER_0.5,A_4,A_1,Over 0.5 rounds,Under 0.5 rounds,,0.5,Under 0.5,,1,-1900,-4900,-1329,-4900,2026-08-24T04:15:15.769441+00:00,2026-08-12T22:10:40.958830+00:00,0.04,O,0,complete
2026-08-24T04:17:36.904969+00:00,9111,2026-08-25,Dana White's Contender Series: Contender Series 2026: Week 3,dwcs,alexis-miranda-vs-ronald-humphrey-79267,T2ZmZXJOb2RlOjEwMzY3NDg3MA==,T3V0Y29tZU5vZGU6Njc4NzQxOQ==,Polymarket,exchange,KO,A_5,A_13,wins by TKO/KO,doesn't win by TKO/KO,,2.0,Will Ronald Humphrey win by KO or TKO? - No,ronald-humphrey-71850,1,-285,-3233,-245,-4900,2026-08-24T04:15:15.830630+00:00,2026-08-12T22:10:41.041835+00:00,0.04,O,0,complete
2026-08-24T04:17:36.904969+00:00,9111,2026-08-25,Dana White's Contender Series: Contender Series 2026: Week 3,dwcs,nick-galanti-vs-carlos-petruzzella-75965,T2ZmZXJOb2RlOjEwMzY3NDg4Ng==,T3V0Y29tZU5vZGU6Njc4NzQ1MQ==,Polymarket,exchange,OVERUNDER_4.5,A_4,A_1,Over 4.5 rounds,Under 4.5 rounds,,4.5,Under 4.5,,1,-3233,-4900,-1900,-4900,2026-08-24T04:10:28.619462+00:00,2026-08-12T22:10:41.356670+00:00,0.12,O,0,complete
2026-08-24T04:17:36.904969+00:00,8869,2026-08-29,UFC Fight Night: Nurmagomedov vs. Song,ufc,bilal-hasan-vs-nilson-rojas-80821,T2ZmZXJOb2RlOjEwMzY4ODkwNQ==,T3V0Y29tZU5vZGU6NjgwNTkzNA==,Polymarket,exchange,OVERUNDER_1.5,A_4,A_1,Over 1.5 rounds,Under 1.5 rounds,,1.5,Over 1.5,,0,-1329,-4900,+104,-4900,2026-08-24T04:15:17.360631+00:00,2026-08-21T22:09:48.281277+00:00,0.04,O,0,complete
2026-08-24T04:17:36.904969+00:00,8869,2026-08-29,UFC Fight Night: Nurmagomedov vs. Song,ufc,bilal-hasan-vs-nilson-rojas-80821,T2ZmZXJOb2RlOjEwMzY4ODkwNQ==,T3V0Y29tZU5vZGU6NjgwNTkzNQ==,Polymarket,exchange,OVERUNDER_1.5,A_4,A_1,Over 1.5 rounds,Under 1.5 rounds,,1.5,Under 1.5,,1,-2400,-4900,-156,-4900,2026-08-24T04:15:17.360631+00:00,2026-08-21T22:09:48.281277+00:00,0.04,O,0,complete
2026-08-24T04:17:36.904969+00:00,8869,2026-08-29,UFC Fight Night: Nurmagomedov vs. Song,ufc,jingnan-xiong-vs-julia-polastri-80594,T2ZmZXJOb2RlOjEwMzY3NzQ3Mg==,T3V0Y29tZU5vZGU6Njc5MTAxMg==,Polymarket,exchange,KO,A_5,A_13,wins by TKO/KO,doesn't win by TKO/KO,,2.0,Will Julia Polastri win by KO or TKO? - Yes,julia-polastri-39425,0,-1329,-4900,-525,-4900,2026-08-24T04:10:29.150415+00:00,2026-08-15T22:05:17.178253+00:00,0.12,O,0,complete
2026-08-24T04:17:36.904969+00:00,8869,2026-08-29,UFC Fight Night: Nurmagomedov vs. Song,ufc,jingnan-xiong-vs-julia-polastri-80594,T2ZmZXJOb2RlOjEwMzY3NzQ3Mg==,T3V0Y29tZU5vZGU6Njc5MTAxMw==,Polymarket,exchange,KO,A_5,A_13,wins by TKO/KO,doesn't win by TKO/KO,,2.0,Will Julia Polastri win by KO or TKO? - No,julia-polastri-39425,1,-1900,-4900,+400,-4900,2026-08-24T04:10:29.150415+00:00,2026-08-15T22:05:17.178253+00:00,0.12,O,0,complete
2026-08-24T04:19:01.909738+00:00,9111,2026-08-25,Dana White's Contender Series: Contender Series 2026: Week 3,dwcs,mario-piazzon-vs-guilherme-uriel-silva-costa-78018,T2ZmZXJOb2RlOjEwMzY3NDg1NQ==,T3V0Y29tZU5vZGU6Njc4NzM4OA==,Polymarket,exchange,OVERUNDER_0.5,A_4,A_1,Over 0.5 rounds,Under 0.5 rounds,,0.5,Over 0.5,,0,-1900,-3233,+488,-4900,2026-08-24T04:15:15.689567+00:00,2026-08-12T22:10:40.832031+00:00,0.06,O,0,complete
2026-08-24T04:19:01.909738+00:00,9111,2026-08-25,Dana White's Contender Series: Contender Series 2026: Week 3,dwcs,mario-piazzon-vs-guilherme-uriel-silva-costa-78018,T2ZmZXJOb2RlOjEwMzY3NDg1NQ==,T3V0Y29tZU5vZGU6Njc4NzM4OQ==,Polymarket,exchange,OVERUNDER_0.5,A_4,A_1,Over 0.5 rounds,Under 0.5 rounds,,0.5,Under 0.5,,1,-1567,-3233,-488,-4900,2026-08-24T04:15:15.689567+00:00,2026-08-12T22:10:40.832031+00:00,0.06,O,0,complete
2026-08-24T04:19:01.909738+00:00,9111,2026-08-25,Dana White's Contender Series: Contender Series 2026: Week 3,dwcs,sean-clancy-jr-vs-gary-balletto-jr-79266,T2ZmZXJOb2RlOjEwMzY3NDg2NA==,T3V0Y29tZU5vZGU6Njc4NzQwNg==,Polymarket,exchange,OVERUNDER_0.5,A_4,A_1,Over 0.5 rounds,Under 0.5 rounds,,0.5,Over 0.5,,0,-1900,-4900,+900,-4900,2026-08-24T04:15:15.769441+00:00,2026-08-12T22:10:40.958830+00:00,0.06,O,0,complete
2026-08-24T04:19:01.909738+00:00,9111,2026-08-25,Dana White's Contender Series: Contender Series 2026: Week 3,dwcs,sean-clancy-jr-vs-gary-balletto-jr-79266,T2ZmZXJOb2RlOjEwMzY3NDg2NA==,T3V0Y29tZU5vZGU6Njc4NzQwNw==,Polymarket,exchange,OVERUNDER_0.5,A_4,A_1,Over 0.5 rounds,Under 0.5 rounds,,0.5,Under 0.5,,1,-1900,-4900,-1329,-4900,2026-08-24T04:15:15.769441+00:00,2026-08-12T22:10:40.958830+00:00,0.06,O,0,complete
2026-08-24T04:19:01.909738+00:00,9111,2026-08-25,Dana White's Contender Series: Contender Series 2026: Week 3,dwcs,alexis-miranda-vs-ronald-humphrey-79267,T2ZmZXJOb2RlOjEwMzY3NDg3MA==,T3V0Y29tZU5vZGU6Njc4NzQxOQ==,Polymarket,exchange,KO,A_5,A_13,wins by TKO/KO,doesn't win by TKO/KO,,2.0,Will Ronald Humphrey win by KO or TKO? - No,ronald-humphrey-71850,1,-285,-3233,-245,-4900,2026-08-24T04:15:15.830630+00:00,2026-08-12T22:10:41.041835+00:00,0.06,O,0,complete
2026-08-24T04:19:01.909738+00:00,9111,2026-08-25,Dana White's Contender Series: Contender Series 2026: Week 3,dwcs,nick-galanti-vs-carlos-petruzzella-75965,T2ZmZXJOb2RlOjEwMzY3NDg4Ng==,T3V0Y29tZU5vZGU6Njc4NzQ1MQ==,Polymarket,exchange,OVERUNDER_4.5,A_4,A_1,Over 4.5 rounds,Under 4.5 rounds,,4.5,Under 4.5,,1,-3233,-4900,-1900,-4900,2026-08-24T04:10:28.619462+00:00,2026-08-12T22:10:41.356670+00:00,0.14,O,0,complete
2026-08-24T04:19:01.909738+00:00,8869,2026-08-29,UFC Fight Night: Nurmagomedov vs. Song,ufc,bilal-hasan-vs-nilson-rojas-80821,T2ZmZXJOb2RlOjEwMzY4ODkwNQ==,T3V0Y29tZU5vZGU6NjgwNTkzNA==,Polymarket,exchange,OVERUNDER_1.5,A_4,A_1,Over 1.5 rounds,Under 1.5 rounds,,1.5,Over 1.5,,0,-1329,-4900,+104,-4900,2026-08-24T04:15:17.360631+00:00,2026-08-21T22:09:48.281277+00:00,0.06,O,0,complete
2026-08-24T04:19:01.909738+00:00,8869,2026-08-29,UFC Fight Night: Nurmagomedov vs. Song,ufc,bilal-hasan-vs-nilson-rojas-80821,T2ZmZXJOb2RlOjEwMzY4ODkwNQ==,T3V0Y29tZU5vZGU6NjgwNTkzNQ==,Polymarket,exchange,OVERUNDER_1.5,A_4,A_1,Over 1.5 rounds,Under 1.5 rounds,,1.5,Under 1.5,,1,-2400,-4900,-156,-4900,2026-08-24T04:15:17.360631+00:00,2026-08-21T22:09:48.281277+00:00,0.06,O,0,complete
2026-08-24T04:19:01.909738+00:00,8869,2026-08-29,UFC Fight Night: Nurmagomedov vs. Song,ufc,jingnan-xiong-vs-julia-polastri-80594,T2ZmZXJOb2RlOjEwMzY3NzQ3Mg==,T3V0Y29tZU5vZGU6Njc5MTAxMg==,Polymarket,exchange,KO,A_5,A_13,wins by TKO/KO,doesn't win by TKO/KO,,2.0,Will Julia Polastri win by KO or TKO? - Yes,julia-polastri-39425,0,-1329,-4900,-525,-4900,2026-08-24T04:10:29.150415+00:00,2026-08-15T22:05:17.178253+00:00,0.14,O,0,complete
2026-08-24T04:19:01.909738+00:00,8869,2026-08-29,UFC Fight Night: Nurmagomedov vs. Song,ufc,jingnan-xiong-vs-julia-polastri-80594,T2ZmZXJOb2RlOjEwMzY3NzQ3Mg==,T3V0Y29tZU5vZGU6Njc5MTAxMw==,Polymarket,exchange,KO,A_5,A_13,wins by TKO/KO,doesn't win by TKO/KO,,2.0,Will Julia Polastri win by KO or TKO? - No,julia-polastri-39425,1,-1900,-4900,+400,-4900,2026-08-24T04:10:29.150415+00:00,2026-08-15T22:05:17.178253+00:00,0.14,O,0,complete
2026-08-24T04:28:33.021357+00:00,9111,2026-08-25,Dana White's Contender Series: Contender Series 2026: Week 3,dwcs,mario-piazzon-vs-guilherme-uriel-silva-costa-78018,T2ZmZXJOb2RlOjEwMzY3NDg1NQ==,T3V0Y29tZU5vZGU6Njc4NzM4OQ==,Polymarket,exchange,OVERUNDER_0.5,A_4,A_1,Over 0.5 rounds,Under 0.5 rounds,,0.5,Under 0.5,,1,-2400,-3233,-488,-4900,2026-08-24T04:25:04.979851+00:00,2026-08-12T22:10:40.832031+00:00,0.06,O,0,complete
2026-08-24T04:28:33.021357+00:00,9111,2026-08-25,Dana White's Contender Series: Contender Series 2026: Week 3,dwcs,sean-clancy-jr-vs-gary-balletto-jr-79266,T2ZmZXJOb2RlOjEwMzY3NDg2NA==,T3V0Y29tZU5vZGU6Njc4NzQwNg==,Polymarket,exchange,OVERUNDER_0.5,A_4,A_1,Over 0.5 rounds,Under 0.5 rounds,,0.5,Over 0.5,,0,-1567,-4900,+900,-4900,2026-08-24T04:25:04.996325+00:00,2026-08-12T22:10:40.958830+00:00,0.06,O,0,complete
2026-08-24T04:28:33.021357+00:00,9111,2026-08-25,Dana White's Contender Series: Contender Series 2026: Week 3,dwcs,sean-clancy-jr-vs-gary-balletto-jr-79266,T2ZmZXJOb2RlOjEwMzY3NDg2NA==,T3V0Y29tZU5vZGU6Njc4NzQwNw==,Polymarket,exchange,OVERUNDER_0.5,A_4,A_1,Over 0.5 rounds,Under 0.5 rounds,,0.5,Under 0.5,,1,-2400,-4900,-1329,-4900,2026-08-24T04:25:04.996325+00:00,2026-08-12T22:10:40.958830+00:00,0.06,O,0,complete
2026-08-24T04:28:33.021357+00:00,8869,2026-08-29,UFC Fight Night: Nurmagomedov vs. Song,ufc,bilal-hasan-vs-nilson-rojas-80821,T2ZmZXJOb2RlOjEwMzY4ODkwNQ==,T3V0Y29tZU5vZGU6NjgwNTkzNQ==,Polymarket,exchange,OVERUNDER_1.5,A_4,A_1,Over 1.5 rounds,Under 1.5 rounds,,1.5,Under 1.5,,1,-1567,-4900,-156,-4900,2026-08-24T04:25:05.300870+00:00,2026-08-21T22:09:48.281277+00:00,0.06,O,0,complete
2026-08-24T04:28:33.021357+00:00,8869,2026-08-29,UFC Fight Night: Nurmagomedov vs. Song,ufc,jingnan-xiong-vs-julia-polastri-80594,T2ZmZXJOb2RlOjEwMzY3NzQ3Mg==,T3V0Y29tZU5vZGU6Njc5MTAxMg==,Polymarket,exchange,KO,A_5,A_13,wins by TKO/KO,doesn't win by TKO/KO,,2.0,Will Julia Polastri win by KO or TKO? - Yes,julia-polastri-39425,0,-1567,-4900,-525,-4900,2026-08-24T04:25:05.208775+00:00,2026-08-15T22:05:17.178253+00:00,0.06,O,0,complete
2026-08-24T04:28:33.021357+00:00,8869,2026-08-29,UFC Fight Night: Nurmagomedov vs. Song,ufc,jingnan-xiong-vs-julia-polastri-80594,T2ZmZXJOb2RlOjEwMzY3NzQ3Mg==,T3V0Y29tZU5vZGU6Njc5MTAxMw==,Polymarket,exchange,KO,A_5,A_13,wins by TKO/KO,doesn't win by TKO/KO,,2.0,Will Julia Polastri win by KO or TKO? - No,julia-polastri-39425,1,-2400,-4900,+400,-4900,2026-08-24T04:25:05.208775+00:00,2026-08-15T22:05:17.178253+00:00,0.06,O,0,complete
2026-08-24T04:38:12.770005+00:00,9111,2026-08-25,Dana White's Contender Series: Contender Series 2026: Week 3,dwcs,mario-piazzon-vs-guilherme-uriel-silva-costa-78018,T2ZmZXJOb2RlOjEwMzY3NDg1NQ==,T3V0Y29tZU5vZGU6Njc4NzM4OA==,Polymarket,exchange,OVERUNDER_0.5,A_4,A_1,Over 0.5 rounds,Under 0.5 rounds,,0.5,Over 0.5,,0,-1567,-3233,+488,-4900,2026-08-24T04:36:09.868656+00:00,2026-08-12T22:10:40.832031+00:00,0.03,O,0,complete
2026-08-24T04:38:12.770005+00:00,9111,2026-08-25,Dana White's Contender Series: Contender Series 2026: Week 3,dwcs,sean-clancy-jr-vs-gary-balletto-jr-79266,T2ZmZXJOb2RlOjEwMzY3NDg2NA==,T3V0Y29tZU5vZGU6Njc4NzQwNg==,Polymarket,exchange,OVERUNDER_0.5,A_4,A_1,Over 0.5 rounds,Under 0.5 rounds,,0.5,Over 0.5,,0,-1900,-4900,+900,-4900,2026-08-24T04:36:09.930513+00:00,2026-08-12T22:10:40.958830+00:00,0.03,O,0,complete
2026-08-24T04:38:12.770005+00:00,9111,2026-08-25,Dana White's Contender Series: Contender Series 2026: Week 3,dwcs,sean-clancy-jr-vs-gary-balletto-jr-79266,T2ZmZXJOb2RlOjEwMzY3NDg2NA==,T3V0Y29tZU5vZGU6Njc4NzQwNw==,Polymarket,exchange,OVERUNDER_0.5,A_4,A_1,Over 0.5 rounds,Under 0.5 rounds,,0.5,Under 0.5,,1,-1900,-4900,-1329,-4900,2026-08-24T04:36:09.930513+00:00,2026-08-12T22:10:40.958830+00:00,0.03,O,0,complete
2026-08-24T04:38:12.770005+00:00,9111,2026-08-25,Dana White's Contender Series: Contender Series 2026: Week 3,dwcs,alexis-miranda-vs-ronald-humphrey-79267,T2ZmZXJOb2RlOjEwMzY3NDg3MA==,T3V0Y29tZU5vZGU6Njc4NzQxOQ==,Polymarket,exchange,KO,A_5,A_13,wins by TKO/KO,doesn't win by TKO/KO,,2.0,Will Ronald Humphrey win by KO or TKO? - No,ronald-humphrey-71850,1,-300,-3233,-245,-4900,2026-08-24T04:36:09.962426+00:00,2026-08-12T22:10:41.041835+00:00,0.03,O,0,complete
2026-08-24T04:38:12.770005+00:00,8869,2026-08-29,UFC Fight Night: Nurmagomedov vs. Song,ufc,bilal-hasan-vs-nilson-rojas-80821,T2ZmZXJOb2RlOjEwMzY4ODkwNQ==,T3V0Y29tZU5vZGU6NjgwNTkzNQ==,Polymarket,exchange,OVERUNDER_1.5,A_4,A_1,Over 1.5 rounds,Under 1.5 rounds,,1.5,Under 1.5,,1,-2400,-4900,-156,-4900,2026-08-24T04:36:11.178223+00:00,2026-08-21T22:09:48.281277+00:00,0.03,O,0,complete
2026-08-24T04:38:12.770005+00:00,8869,2026-08-29,UFC Fight Night: Nurmagomedov vs. Song,ufc,jingnan-xiong-vs-julia-polastri-80594,T2ZmZXJOb2RlOjEwMzY3NzQ3Mg==,T3V0Y29tZU5vZGU6Njc5MTAxMg==,Polymarket,exchange,KO,A_5,A_13,wins by TKO/KO,doesn't win by TKO/KO,,2.0,Will Julia Polastri win by KO or TKO? - Yes,julia-polastri-39425,0,-1329,-4900,-525,-4900,2026-08-24T04:36:10.643664+00:00,2026-08-15T22:05:17.178253+00:00,0.03,O,0,complete
2026-08-24T04:38:12.770005+00:00,8869,2026-08-29,UFC Fight Night: Nurmagomedov vs. Song,ufc,jingnan-xiong-vs-julia-polastri-80594,T2ZmZXJOb2RlOjEwMzY3NzQ3Mg==,T3V0Y29tZU5vZGU6Njc5MTAxMw==,Polymarket,exchange,KO,A_5,A_13,wins by TKO/KO,doesn't win by TKO/KO,,2.0,Will Julia Polastri win by KO or TKO? - No,julia-polastri-39425,1,-1900,-4900,+400,-4900,2026-08-24T04:36:10.643664+00:00,2026-08-15T22:05:17.178253+00:00,0.03,O,0,complete
2026-08-24T04:47:56.294737+00:00,9111,2026-08-25,Dana White's Contender Series: Contender Series 2026: Week 3,dwcs,mario-piazzon-vs-guilherme-uriel-silva-costa-78018,T2ZmZXJOb2RlOjEwMzY3NDg1NQ==,T3V0Y29tZU5vZGU6Njc4NzM4OQ==,Polymarket,exchange,OVERUNDER_0.5,A_4,A_1,Over 0.5 rounds,Under 0.5 rounds,,0.5,Under 0.5,,1,-1900,-3233,-488,-4900,2026-08-24T04:45:14.188372+00:00,2026-08-12T22:10:40.832031+00:00,0.05,O,0,complete
2026-08-24T04:47:56.294737+00:00,9111,2026-08-25,Dana White's Contender Series: Contender Series 2026: Week 3,dwcs,sean-clancy-jr-vs-gary-balletto-jr-79266,T2ZmZXJOb2RlOjEwMzY3NDg2NA==,T3V0Y29tZU5vZGU6Njc4NzQwNg==,Polymarket,exchange,OVERUNDER_0.5,A_4,A_1,Over 0.5 rounds,Under 0.5 rounds,,0.5,Over 0.5,,0,-1567,-4900,+900,-4900,2026-08-24T04:45:14.272621+00:00,2026-08-12T22:10:40.958830+00:00,0.05,O,0,complete
2026-08-24T04:47:56.294737+00:00,9111,2026-08-25,Dana White's Contender Series: Contender Series 2026: Week 3,dwcs,sean-clancy-jr-vs-gary-balletto-jr-79266,T2ZmZXJOb2RlOjEwMzY3NDg2NA==,T3V0Y29tZU5vZGU6Njc4NzQwNw==,Polymarket,exchange,OVERUNDER_0.5,A_4,A_1,Over 0.5 rounds,Under 0.5 rounds,,0.5,Under 0.5,,1,-2400,-4900,-1329,-4900,2026-08-24T04:45:14.272621+00:00,2026-08-12T22:10:40.958830+00:00,0.05,O,0,complete
2026-08-24T04:47:56.294737+00:00,8869,2026-08-29,UFC Fight Night: Nurmagomedov vs. Song,ufc,bilal-hasan-vs-nilson-rojas-80821,T2ZmZXJOb2RlOjEwMzY4ODkwNQ==,T3V0Y29tZU5vZGU6NjgwNTkzNA==,Polymarket,exchange,OVERUNDER_1.5,A_4,A_1,Over 1.5 rounds,Under 1.5 rounds,,1.5,Over 1.5,,0,-1567,-4900,+104,-4900,2026-08-24T04:45:15.540658+00:00,2026-08-21T22:09:48.281277+00:00,0.04,O,0,complete
2026-08-24T04:47:56.294737+00:00,8869,2026-08-29,UFC Fight Night: Nurmagomedov vs. Song,ufc,bilal-hasan-vs-nilson-rojas-80821,T2ZmZXJOb2RlOjEwMzY4ODkwNQ==,T3V0Y29tZU5vZGU6NjgwNTkzNQ==,Polymarket,exchange,OVERUNDER_1.5,A_4,A_1,Over 1.5 rounds,Under 1.5 rounds,,1.5,Under 1.5,,1,-3233,-4900,-156,-4900,2026-08-24T04:45:15.540658+00:00,2026-08-21T22:09:48.281277+00:00,0.04,O,0,complete
2026-08-24T04:47:56.294737+00:00,8869,2026-08-29,UFC Fight Night: Nurmagomedov vs. Song,ufc,jingnan-xiong-vs-julia-polastri-80594,T2ZmZXJOb2RlOjEwMzY3NzQ3Mg==,T3V0Y29tZU5vZGU6Njc5MTAxMg==,Polymarket,exchange,KO,A_5,A_13,wins by TKO/KO,doesn't win by TKO/KO,,2.0,Will Julia Polastri win by KO or TKO? - Yes,julia-polastri-39425,0,-1567,-4900,-525,-4900,2026-08-24T04:45:15.126082+00:00,2026-08-15T22:05:17.178253+00:00,0.04,O,0,complete
2026-08-24T04:47:56.294737+00:00,8869,2026-08-29,UFC Fight Night: Nurmagomedov vs. Song,ufc,jingnan-xiong-vs-julia-polastri-80594,T2ZmZXJOb2RlOjEwMzY3NzQ3Mg==,T3V0Y29tZU5vZGU6Njc5MTAxMw==,Polymarket,exchange,KO,A_5,A_13,wins by TKO/KO,doesn't win by TKO/KO,,2.0,Will Julia Polastri win by KO or TKO? - No,julia-polastri-39425,1,-2400,-4900,+400,-4900,2026-08-24T04:45:15.126082+00:00,2026-08-15T22:05:17.178253+00:00,0.04,O,0,complete
2026-08-24T04:57:38.119823+00:00,9111,2026-08-25,Dana White's Contender Series: Contender Series 2026: Week 3,dwcs,mario-piazzon-vs-guilherme-uriel-silva-costa-78018,T2ZmZXJOb2RlOjEwMzY3NDg1NQ==,T3V0Y29tZU5vZGU6Njc4NzM4OA==,Polymarket,exchange,OVERUNDER_0.5,A_4,A_1,Over 0.5 rounds,Under 0.5 rounds,,0.5,Over 0.5,,0,-2400,-3233,+488,-4900,2026-08-24T04:55:21.814746+00:00,2026-08-12T22:10:40.832031+00:00,0.04,O,0,complete
2026-08-24T04:57:38.119823+00:00,9111,2026-08-25,Dana White's Contender Series: Contender Series 2026: Week 3,dwcs,sean-clancy-jr-vs-gary-balletto-jr-79266,T2ZmZXJOb2RlOjEwMzY3NDg2NA==,T3V0Y29tZU5vZGU6Njc4NzQwNg==,Polymarket,exchange,OVERUNDER_0.5,A_4,A_1,Over 0.5 rounds,Under 0.5 rounds,,0.5,Over 0.5,,0,-1900,-4900,+900,-4900,2026-08-24T04:55:21.837736+00:00,2026-08-12T22:10:40.958830+00:00,0.04,O,0,complete
2026-08-24T04:57:38.119823+00:00,9111,2026-08-25,Dana White's Contender Series: Contender Series 2026: Week 3,dwcs,sean-clancy-jr-vs-gary-balletto-jr-79266,T2ZmZXJOb2RlOjEwMzY3NDg2NA==,T3V0Y29tZU5vZGU6Njc4NzQwNw==,Polymarket,exchange,OVERUNDER_0.5,A_4,A_1,Over 0.5 rounds,Under 0.5 rounds,,0.5,Under 0.5,,1,-1900,-4900,-1329,-4900,2026-08-24T04:55:21.837736+00:00,2026-08-12T22:10:40.958830+00:00,0.04,O,0,complete
2026-08-24T04:57:38.119823+00:00,8869,2026-08-29,UFC Fight Night: Nurmagomedov vs. Song,ufc,umar-nurmagomedov-vs-yadong-song-79649,T2ZmZXJOb2RlOjEwMzY3NzQwNg==,T3V0Y29tZU5vZGU6Njc5MDg4MA==,Polymarket,exchange,END_KO,A_4,A_5,"Fight ends by KO, TKO or DQ","Fight doesn't end by KO, TKO or DQ",,,Will the fight be won by KO or TKO? - Yes,,0,-1900,-4900,-1900,-4900,2026-08-24T04:55:21.904855+00:00,2026-08-15T22:05:12.341441+00:00,0.04,O,0,complete
2026-08-24T04:57:38.119823+00:00,8869,2026-08-29,UFC Fight Night: Nurmagomedov vs. Song,ufc,bilal-hasan-vs-nilson-rojas-80821,T2ZmZXJOb2RlOjEwMzY4ODkwNQ==,T3V0Y29tZU5vZGU6NjgwNTkzNQ==,Polymarket,exchange,OVERUNDER_1.5,A_4,A_1,Over 1.5 rounds,Under 1.5 rounds,,1.5,Under 1.5,,1,-2400,-4900,-156,-4900,2026-08-24T04:55:22.206944+00:00,2026-08-21T22:09:48.281277+00:00,0.04,O,0,complete
2026-08-24T04:57:38.119823+00:00,8869,2026-08-29,UFC Fight Night: Nurmagomedov vs. Song,ufc,jingnan-xiong-vs-julia-polastri-80594,T2ZmZXJOb2RlOjEwMzY3NzQ3Mg==,T3V0Y29tZU5vZGU6Njc5MTAxMg==,Polymarket,exchange,KO,A_5,A_13,wins by TKO/KO,doesn't win by TKO/KO,,2.0,Will Julia Polastri win by KO or TKO? - Yes,julia-polastri-39425,0,-1900,-4900,-525,-4900,2026-08-24T04:55:22.091300+00:00,2026-08-15T22:05:17.178253+00:00,0.04,O,0,complete
2026-08-24T05:07:28.905409+00:00,9111,2026-08-25,Dana White's Contender Series: Contender Series 2026: Week 3,dwcs,mario-piazzon-vs-guilherme-uriel-silva-costa-78018,T2ZmZXJOb2RlOjEwMzY3NDg1NQ==,T3V0Y29tZU5vZGU6Njc4NzM4OA==,Polymarket,exchange,OVERUNDER_0.5,A_4,A_1,Over 0.5 rounds,Under 0.5 rounds,,0.5,Over 0.5,,0,-1900,-3233,+488,-4900,2026-08-24T05:06:24.805797+00:00,2026-08-12T22:10:40.832031+00:00,0.02,O,0,complete
2026-08-24T05:07:28.905409+00:00,9111,2026-08-25,Dana White's Contender Series: Contender Series 2026: Week 3,dwcs,mario-piazzon-vs-guilherme-uriel-silva-costa-78018,T2ZmZXJOb2RlOjEwMzY3NDg1NQ==,T3V0Y29tZU5vZGU6Njc4NzM4OQ==,Polymarket,exchange,OVERUNDER_0.5,A_4,A_1,Over 0.5 rounds,Under 0.5 rounds,,0.5,Under 0.5,,1,-1567,-3233,-488,-4900,2026-08-24T05:06:24.805797+00:00,2026-08-12T22:10:40.832031+00:00,0.02,O,0,complete
2026-08-24T05:07:28.905409+00:00,9111,2026-08-25,Dana White's Contender Series: Contender Series 2026: Week 3,dwcs,sean-clancy-jr-vs-gary-balletto-jr-79266,T2ZmZXJOb2RlOjEwMzY3NDg2NA==,T3V0Y29tZU5vZGU6Njc4NzQwNw==,Polymarket,exchange,OVERUNDER_0.5,A_4,A_1,Over 0.5 rounds,Under 0.5 rounds,,0.5,Under 0.5,,1,-2400,-4900,-1329,-4900,2026-08-24T05:06:24.869218+00:00,2026-08-12T22:10:40.958830+00:00,0.02,O,0,complete
2026-08-24T05:07:28.905409+00:00,9111,2026-08-25,Dana White's Contender Series: Contender Series 2026: Week 3,dwcs,alexis-miranda-vs-ronald-humphrey-79267,T2ZmZXJOb2RlOjEwMzY3NDg3MA==,T3V0Y29tZU5vZGU6Njc4NzQxOQ==,Polymarket,exchange,KO,A_5,A_13,wins by TKO/KO,doesn't win by TKO/KO,,2.0,Will Ronald Humphrey win by KO or TKO? - No,ronald-humphrey-71850,1,-285,-3233,-245,-4900,2026-08-24T05:06:24.885176+00:00,2026-08-12T22:10:41.041835+00:00,0.02,O,0,complete
2026-08-24T05:07:28.905409+00:00,8869,2026-08-29,UFC Fight Night: Nurmagomedov vs. Song,ufc,umar-nurmagomedov-vs-yadong-song-79649,T2ZmZXJOb2RlOjEwMzY3NzQwNg==,T3V0Y29tZU5vZGU6Njc5MDg4MA==,Polymarket,exchange,END_KO,A_4,A_5,"Fight ends by KO, TKO or DQ","Fight doesn't end by KO, TKO or DQ",,,Will the fight be won by KO or TKO? - Yes,,0,-2400,-4900,-1900,-4900,2026-08-24T05:06:24.985811+00:00,2026-08-15T22:05:12.341441+00:00,0.02,O,0,complete
2026-08-24T05:07:28.905409+00:00,8869,2026-08-29,UFC Fight Night: Nurmagomedov vs. Song,ufc,bilal-hasan-vs-nilson-rojas-80821,T2ZmZXJOb2RlOjEwMzY4ODkwNQ==,T3V0Y29tZU5vZGU6NjgwNTkzNQ==,Polymarket,exchange,OVERUNDER_1.5,A_4,A_1,Over 1.5 rounds,Under 1.5 rounds,,1.5,Under 1.5,,1,-1567,-4900,-156,-4900,2026-08-24T05:06:26.192321+00:00,2026-08-21T22:09:48.281277+00:00,0.02,O,0,complete
2026-08-24T05:07:28.905409+00:00,8869,2026-08-29,UFC Fight Night: Nurmagomedov vs. Song,ufc,jingnan-xiong-vs-julia-polastri-80594,T2ZmZXJOb2RlOjEwMzY3NzQ3Mg==,T3V0Y29tZU5vZGU6Njc5MTAxMg==,Polymarket,exchange,KO,A_5,A_13,wins by TKO/KO,doesn't win by TKO/KO,,2.0,Will Julia Polastri win by KO or TKO? - Yes,julia-polastri-39425,0,-1567,-4900,-525,-4900,2026-08-24T05:06:25.675735+00:00,2026-08-15T22:05:17.178253+00:00,0.02,O,0,complete
2026-08-24T05:07:28.905409+00:00,8869,2026-08-29,UFC Fight Night: Nurmagomedov vs. Song,ufc,jingnan-xiong-vs-julia-polastri-80594,T2ZmZXJOb2RlOjEwMzY3NzQ3Mg==,T3V0Y29tZU5vZGU6Njc5MTAxMw==,Polymarket,exchange,KO,A_5,A_13,wins by TKO/KO,doesn't win by TKO/KO,,2.0,Will Julia Polastri win by KO or TKO? - No,julia-polastri-39425,1,-1900,-4900,+400,-4900,2026-08-24T05:06:25.675735+00:00,2026-08-15T22:05:17.178253+00:00,0.02,O,0,complete
2026-08-24T05:09:04.626531+00:00,9111,2026-08-25,Dana White's Contender Series: Contender Series 2026: Week 3,dwcs,mario-piazzon-vs-guilherme-uriel-silva-costa-78018,T2ZmZXJOb2RlOjEwMzY3NDg1NQ==,T3V0Y29tZU5vZGU6Njc4NzM4OA==,Polymarket,exchange,OVERUNDER_0.5,A_4,A_1,Over 0.5 rounds,Under 0.5 rounds,,0.5,Over 0.5,,0,-1900,-3233,+488,-4900,2026-08-24T05:06:24.805797+00:00,2026-08-12T22:10:40.832031+00:00,0.04,O,0,complete
2026-08-24T05:09:04.626531+00:00,9111,2026-08-25,Dana White's Contender Series: Contender Series 2026: Week 3,dwcs,mario-piazzon-vs-guilherme-uriel-silva-costa-78018,T2ZmZXJOb2RlOjEwMzY3NDg1NQ==,T3V0Y29tZU5vZGU6Njc4NzM4OQ==,Polymarket,exchange,OVERUNDER_0.5,A_4,A_1,Over 0.5 rounds,Under 0.5 rounds,,0.5,Under 0.5,,1,-1567,-3233,-488,-4900,2026-08-24T05:06:24.805797+00:00,2026-08-12T22:10:40.832031+00:00,0.04,O,0,complete
2026-08-24T05:09:04.626531+00:00,9111,2026-08-25,Dana White's Contender Series: Contender Series 2026: Week 3,dwcs,sean-clancy-jr-vs-gary-balletto-jr-79266,T2ZmZXJOb2RlOjEwMzY3NDg2NA==,T3V0Y29tZU5vZGU6Njc4NzQwNw==,Polymarket,exchange,OVERUNDER_0.5,A_4,A_1,Over 0.5 rounds,Under 0.5 rounds,,0.5,Under 0.5,,1,-2400,-4900,-1329,-4900,2026-08-24T05:06:24.869218+00:00,2026-08-12T22:10:40.958830+00:00,0.04,O,0,complete
2026-08-24T05:09:04.626531+00:00,9111,2026-08-25,Dana White's Contender Series: Contender Series 2026: Week 3,dwcs,alexis-miranda-vs-ronald-humphrey-79267,T2ZmZXJOb2RlOjEwMzY3NDg3MA==,T3V0Y29tZU5vZGU6Njc4NzQxOQ==,Polymarket,exchange,KO,A_5,A_13,wins by TKO/KO,doesn't win by TKO/KO,,2.0,Will Ronald Humphrey win by KO or TKO? - No,ronald-humphrey-71850,1,-285,-3233,-245,-4900,2026-08-24T05:06:24.885176+00:00,2026-08-12T22:10:41.041835+00:00,0.04,O,0,complete
2026-08-24T05:09:04.626531+00:00,8869,2026-08-29,UFC Fight Night: Nurmagomedov vs. Song,ufc,umar-nurmagomedov-vs-yadong-song-79649,T2ZmZXJOb2RlOjEwMzY3NzQwNg==,T3V0Y29tZU5vZGU6Njc5MDg4MA==,Polymarket,exchange,END_KO,A_4,A_5,"Fight ends by KO, TKO or DQ","Fight doesn't end by KO, TKO or DQ",,,Will the fight be won by KO or TKO? - Yes,,0,-2400,-4900,-1900,-4900,2026-08-24T05:06:24.985811+00:00,2026-08-15T22:05:12.341441+00:00,0.04,O,0,complete
2026-08-24T05:09:04.626531+00:00,8869,2026-08-29,UFC Fight Night: Nurmagomedov vs. Song,ufc,bilal-hasan-vs-nilson-rojas-80821,T2ZmZXJOb2RlOjEwMzY4ODkwNQ==,T3V0Y29tZU5vZGU6NjgwNTkzNQ==,Polymarket,exchange,OVERUNDER_1.5,A_4,A_1,Over 1.5 rounds,Under 1.5 rounds,,1.5,Under 1.5,,1,-1567,-4900,-156,-4900,2026-08-24T05:06:26.192321+00:00,2026-08-21T22:09:48.281277+00:00,0.04,O,0,complete
2026-08-24T05:09:04.626531+00:00,8869,2026-08-29,UFC Fight Night: Nurmagomedov vs. Song,ufc,jingnan-xiong-vs-julia-polastri-80594,T2ZmZXJOb2RlOjEwMzY3NzQ3Mg==,T3V0Y29tZU5vZGU6Njc5MTAxMg==,Polymarket,exchange,KO,A_5,A_13,wins by TKO/KO,doesn't win by TKO/KO,,2.0,Will Julia Polastri win by KO or TKO? - Yes,julia-polastri-39425,0,-1567,-4900,-525,-4900,2026-08-24T05:06:25.675735+00:00,2026-08-15T22:05:17.178253+00:00,0.04,O,0,complete
2026-08-24T05:09:04.626531+00:00,8869,2026-08-29,UFC Fight Night: Nurmagomedov vs. Song,ufc,jingnan-xiong-vs-julia-polastri-80594,T2ZmZXJOb2RlOjEwMzY3NzQ3Mg==,T3V0Y29tZU5vZGU6Njc5MTAxMw==,Polymarket,exchange,KO,A_5,A_13,wins by TKO/KO,doesn't win by TKO/KO,,2.0,Will Julia Polastri win by KO or TKO? - No,julia-polastri-39425,1,-1900,-4900,+400,-4900,2026-08-24T05:06:25.675735+00:00,2026-08-15T22:05:17.178253+00:00,0.04,O,0,complete
2026-08-24T05:18:37.806831+00:00,9111,2026-08-25,Dana White's Contender Series: Contender Series 2026: Week 3,dwcs,sean-clancy-jr-vs-gary-balletto-jr-79266,T2ZmZXJOb2RlOjEwMzY3NDg2NA==,T3V0Y29tZU5vZGU6Njc4NzQwNg==,Polymarket,exchange,OVERUNDER_0.5,A_4,A_1,Over 0.5 rounds,Under 0.5 rounds,,0.5,Over 0.5,,0,-2400,-4900,+900,-4900,2026-08-24T05:15:24.326137+00:00,2026-08-12T22:10:40.958830+00:00,0.05,O,0,complete
2026-08-24T05:18:37.806831+00:00,9111,2026-08-25,Dana White's Contender Series: Contender Series 2026: Week 3,dwcs,sean-clancy-jr-vs-gary-balletto-jr-79266,T2ZmZXJOb2RlOjEwMzY3NDg2NA==,T3V0Y29tZU5vZGU6Njc4NzQwNw==,Polymarket,exchange,OVERUNDER_0.5,A_4,A_1,Over 0.5 rounds,Under 0.5 rounds,,0.5,Under 0.5,,1,-1567,-4900,-1329,-4900,2026-08-24T05:15:24.326137+00:00,2026-08-12T22:10:40.958830+00:00,0.05,O,0,complete
2026-08-24T05:18:37.806831+00:00,9111,2026-08-25,Dana White's Contender Series: Contender Series 2026: Week 3,dwcs,sean-clancy-jr-vs-gary-balletto-jr-79266,T2ZmZXJOb2RlOjEwMzY3NDg2MQ==,T3V0Y29tZU5vZGU6Njc4NzQwMA==,Polymarket,exchange,KO,A_5,A_13,wins by TKO/KO,doesn't win by TKO/KO,,2.0,Will Gary Balletto win by KO or TKO? - Yes,gary-balletto-jr-7869,0,-3233,-4900,-1900,-4900,2026-08-24T05:15:24.317497+00:00,2026-08-12T22:10:40.915987+00:00,0.05,O,0,complete
2026-08-24T05:18:37.806831+00:00,8869,2026-08-29,UFC Fight Night: Nurmagomedov vs. Song,ufc,bilal-hasan-vs-nilson-rojas-80821,T2ZmZXJOb2RlOjEwMzY4ODkwNQ==,T3V0Y29tZU5vZGU6NjgwNTkzNQ==,Polymarket,exchange,OVERUNDER_1.5,A_4,A_1,Over 1.5 rounds,Under 1.5 rounds,,1.5,Under 1.5,,1,-3233,-4900,-156,-4900,2026-08-24T05:15:24.704151+00:00,2026-08-21T22:09:48.281277+00:00,0.05,O,0,complete
2026-08-24T05:18:37.806831+00:00,8869,2026-08-29,UFC Fight Night: Nurmagomedov vs. Song,ufc,jingnan-xiong-vs-julia-polastri-80594,T2ZmZXJOb2RlOjEwMzY3NzQ3Mg==,T3V0Y29tZU5vZGU6Njc5MTAxMg==,Polymarket,exchange,KO,A_5,A_13,wins by TKO/KO,doesn't win by TKO/KO,,2.0,Will Julia Polastri win by KO or TKO? - Yes,julia-polastri-39425,0,-1329,-4900,-525,-4900,2026-08-24T05:15:24.585415+00:00,2026-08-15T22:05:17.178253+00:00,0.05,O,0,complete
2026-08-24T05:18:37.806831+00:00,8869,2026-08-29,UFC Fight Night: Nurmagomedov vs. Song,ufc,jingnan-xiong-vs-julia-polastri-80594,T2ZmZXJOb2RlOjEwMzY3NzQ3Mg==,T3V0Y29tZU5vZGU6Njc5MTAxMw==,Polymarket,exchange,KO,A_5,A_13,wins by TKO/KO,doesn't win by TKO/KO,,2.0,Will Julia Polastri win by KO or TKO? - No,julia-polastri-39425,1,-1567,-4900,+400,-4900,2026-08-24T05:15:24.585415+00:00,2026-08-15T22:05:17.178253+00:00,0.05,O,0,complete
2026-08-24T05:28:35.452012+00:00,9111,2026-08-25,Dana White's Contender Series: Contender Series 2026: Week 3,dwcs,mario-piazzon-vs-guilherme-uriel-silva-costa-78018,T2ZmZXJOb2RlOjEwMzY3NDg1NQ==,T3V0Y29tZU5vZGU6Njc4NzM4OQ==,Polymarket,exchange,OVERUNDER_0.5,A_4,A_1,Over 0.5 rounds,Under 0.5 rounds,,0.5,Under 0.5,,1,-2400,-3233,-488,-4900,2026-08-24T05:25:01.725493+00:00,2026-08-12T22:10:40.832031+00:00,0.06,O,0,complete
2026-08-24T05:28:35.452012+00:00,9111,2026-08-25,Dana White's Contender Series: Contender Series 2026: Week 3,dwcs,sean-clancy-jr-vs-gary-balletto-jr-79266,T2ZmZXJOb2RlOjEwMzY3NDg2NA==,T3V0Y29tZU5vZGU6Njc4NzQwNg==,Polymarket,exchange,OVERUNDER_0.5,A_4,A_1,Over 0.5 rounds,Under 0.5 rounds,,0.5,Over 0.5,,0,-1567,-4900,+900,-4900,2026-08-24T05:25:01.856412+00:00,2026-08-12T22:10:40.958830+00:00,0.06,O,0,complete
2026-08-24T05:28:35.452012+00:00,9111,2026-08-25,Dana White's Contender Series: Contender Series 2026: Week 3,dwcs,sean-clancy-jr-vs-gary-balletto-jr-79266,T2ZmZXJOb2RlOjEwMzY3NDg2NA==,T3V0Y29tZU5vZGU6Njc4NzQwNw==,Polymarket,exchange,OVERUNDER_0.5,A_4,A_1,Over 0.5 rounds,Under 0.5 rounds,,0.5,Under 0.5,,1,-2400,-4900,-1329,-4900,2026-08-24T05:25:01.856412+00:00,2026-08-12T22:10:40.958830+00:00,0.06,O,0,complete
2026-08-24T05:28:35.452012+00:00,9111,2026-08-25,Dana White's Contender Series: Contender Series 2026: Week 3,dwcs,alexis-miranda-vs-ronald-humphrey-79267,T2ZmZXJOb2RlOjEwMzY3NDg3MA==,T3V0Y29tZU5vZGU6Njc4NzQxOQ==,Polymarket,exchange,KO,A_5,A_13,wins by TKO/KO,doesn't win by TKO/KO,,2.0,Will Ronald Humphrey win by KO or TKO? - No,ronald-humphrey-71850,1,-300,-3233,-245,-4900,2026-08-24T05:25:01.936492+00:00,2026-08-12T22:10:41.041835+00:00,0.06,O,0,complete
2026-08-24T05:28:35.452012+00:00,8869,2026-08-29,UFC Fight Night: Nurmagomedov vs. Song,ufc,bilal-hasan-vs-nilson-rojas-80821,T2ZmZXJOb2RlOjEwMzY4ODkwNQ==,T3V0Y29tZU5vZGU6NjgwNTkzNA==,Polymarket,exchange,OVERUNDER_1.5,A_4,A_1,Over 1.5 rounds,Under 1.5 rounds,,1.5,Over 1.5,,0,-1900,-4900,+104,-4900,2026-08-24T05:25:03.894113+00:00,2026-08-21T22:09:48.281277+00:00,0.06,O,0,complete
2026-08-24T05:28:35.452012+00:00,8869,2026-08-29,UFC Fight Night: Nurmagomedov vs. Song,ufc,bilal-hasan-vs-nilson-rojas-80821,T2ZmZXJOb2RlOjEwMzY4ODkwNQ==,T3V0Y29tZU5vZGU6NjgwNTkzNQ==,Polymarket,exchange,OVERUNDER_1.5,A_4,A_1,Over 1.5 rounds,Under 1.5 rounds,,1.5,Under 1.5,,1,-2400,-4900,-156,-4900,2026-08-24T05:25:03.894113+00:00,2026-08-21T22:09:48.281277+00:00,0.06,O,0,complete
2026-08-24T05:28:35.452012+00:00,8869,2026-08-29,UFC Fight Night: Nurmagomedov vs. Song,ufc,jingnan-xiong-vs-julia-polastri-80594,T2ZmZXJOb2RlOjEwMzY3NzQ3Mg==,T3V0Y29tZU5vZGU6Njc5MTAxMg==,Polymarket,exchange,KO,A_5,A_13,wins by TKO/KO,doesn't win by TKO/KO,,2.0,Will Julia Polastri win by KO or TKO? - Yes,julia-polastri-39425,0,-1567,-4900,-525,-4900,2026-08-24T05:25:03.542408+00:00,2026-08-15T22:05:17.178253+00:00,0.06,O,0,complete
2026-08-24T05:38:20.412129+00:00,9111,2026-08-25,Dana White's Contender Series: Contender Series 2026: Week 3,dwcs,mario-piazzon-vs-guilherme-uriel-silva-costa-78018,T2ZmZXJOb2RlOjEwMzY3NDg1NQ==,T3V0Y29tZU5vZGU6Njc4NzM4OA==,Polymarket,exchange,OVERUNDER_0.5,A_4,A_1,Over 0.5 rounds,Under 0.5 rounds,,0.5,Over 0.5,,0,-1567,-3233,+488,-4900,2026-08-24T05:35:32.869631+00:00,2026-08-12T22:10:40.832031+00:00,0.05,O,0,complete
2026-08-24T05:38:20.412129+00:00,9111,2026-08-25,Dana White's Contender Series: Contender Series 2026: Week 3,dwcs,mario-piazzon-vs-guilherme-uriel-silva-costa-78018,T2ZmZXJOb2RlOjEwMzY3NDg1NQ==,T3V0Y29tZU5vZGU6Njc4NzM4OQ==,Polymarket,exchange,OVERUNDER_0.5,A_4,A_1,Over 0.5 rounds,Under 0.5 rounds,,0.5,Under 0.5,,1,-1900,-3233,-488,-4900,2026-08-24T05:35:32.869631+00:00,2026-08-12T22:10:40.832031+00:00,0.05,O,0,complete
2026-08-24T05:38:20.412129+00:00,9111,2026-08-25,Dana White's Contender Series: Contender Series 2026: Week 3,dwcs,sean-clancy-jr-vs-gary-balletto-jr-79266,T2ZmZXJOb2RlOjEwMzY3NDg2NA==,T3V0Y29tZU5vZGU6Njc4NzQwNg==,Polymarket,exchange,OVERUNDER_0.5,A_4,A_1,Over 0.5 rounds,Under 0.5 rounds,,0.5,Over 0.5,,0,-2400,-4900,+900,-4900,2026-08-24T05:35:32.895796+00:00,2026-08-12T22:10:40.958830+00:00,0.05,O,0,complete
2026-08-24T05:38:20.412129+00:00,9111,2026-08-25,Dana White's Contender Series: Contender Series 2026: Week 3,dwcs,sean-clancy-jr-vs-gary-balletto-jr-79266,T2ZmZXJOb2RlOjEwMzY3NDg2NA==,T3V0Y29tZU5vZGU6Njc4NzQwNw==,Polymarket,exchange,OVERUNDER_0.5,A_4,A_1,Over 0.5 rounds,Under 0.5 rounds,,0.5,Under 0.5,,1,-1567,-4900,-1329,-4900,2026-08-24T05:35:32.895796+00:00,2026-08-12T22:10:40.958830+00:00,0.05,O,0,complete
2026-08-24T05:38:20.412129+00:00,8869,2026-08-29,UFC Fight Night: Nurmagomedov vs. Song,ufc,bilal-hasan-vs-nilson-rojas-80821,T2ZmZXJOb2RlOjEwMzY4ODkwNQ==,T3V0Y29tZU5vZGU6NjgwNTkzNQ==,Polymarket,exchange,OVERUNDER_1.5,A_4,A_1,Over 1.5 rounds,Under 1.5 rounds,,1.5,Under 1.5,,1,-1567,-4900,-156,-4900,2026-08-24T05:35:33.320681+00:00,2026-08-21T22:09:48.281277+00:00,0.05,O,0,complete
2026-08-24T05:38:20.412129+00:00,8869,2026-08-29,UFC Fight Night: Nurmagomedov vs. Song,ufc,jingnan-xiong-vs-julia-polastri-80594,T2ZmZXJOb2RlOjEwMzY3NzQ3Mg==,T3V0Y29tZU5vZGU6Njc5MTAxMg==,Polymarket,exchange,KO,A_5,A_13,wins by TKO/KO,doesn't win by TKO/KO,,2.0,Will Julia Polastri win by KO or TKO? - Yes,julia-polastri-39425,0,-1329,-4900,-525,-4900,2026-08-24T05:35:33.197676+00:00,2026-08-15T22:05:17.178253+00:00,0.05,O,0,complete
2026-08-24T05:48:09.037931+00:00,9111,2026-08-25,Dana White's Contender Series: Contender Series 2026: Week 3,dwcs,mario-piazzon-vs-guilherme-uriel-silva-costa-78018,T2ZmZXJOb2RlOjEwMzY3NDg1NQ==,T3V0Y29tZU5vZGU6Njc4NzM4OA==,Polymarket,exchange,OVERUNDER_0.5,A_4,A_1,Over 0.5 rounds,Under 0.5 rounds,,0.5,Over 0.5,,0,-1900,-3233,+488,-4900,2026-08-24T05:40:35.484871+00:00,2026-08-12T22:10:40.832031+00:00,0.13,O,0,complete
2026-08-24T05:48:09.037931+00:00,8869,2026-08-29,UFC Fight Night: Nurmagomedov vs. Song,ufc,bilal-hasan-vs-nilson-rojas-80821,T2ZmZXJOb2RlOjEwMzY4ODkwNQ==,T3V0Y29tZU5vZGU6NjgwNTkzNA==,Polymarket,exchange,OVERUNDER_1.5,A_4,A_1,Over 1.5 rounds,Under 1.5 rounds,,1.5,Over 1.5,,0,-1567,-4900,+104,-4900,2026-08-24T05:40:39.150631+00:00,2026-08-21T22:09:48.281277+00:00,0.12,O,0,complete
2026-08-24T05:48:09.037931+00:00,8869,2026-08-29,UFC Fight Night: Nurmagomedov vs. Song,ufc,bilal-hasan-vs-nilson-rojas-80821,T2ZmZXJOb2RlOjEwMzY4ODkwNQ==,T3V0Y29tZU5vZGU6NjgwNTkzNQ==,Polymarket,exchange,OVERUNDER_1.5,A_4,A_1,Over 1.5 rounds,Under 1.5 rounds,,1.5,Under 1.5,,1,-1900,-4900,-156,-4900,2026-08-24T05:40:39.150631+00:00,2026-08-21T22:09:48.281277+00:00,0.12,O,0,complete
2026-08-24T05:48:09.037931+00:00,8869,2026-08-29,UFC Fight Night: Nurmagomedov vs. Song,ufc,jingnan-xiong-vs-julia-polastri-80594,T2ZmZXJOb2RlOjEwMzY3NzQ3Mg==,T3V0Y29tZU5vZGU6Njc5MTAxMg==,Polymarket,exchange,KO,A_5,A_13,wins by TKO/KO,doesn't win by TKO/KO,,2.0,Will Julia Polastri win by KO or TKO? - Yes,julia-polastri-39425,0,-1900,-4900,-525,-4900,2026-08-24T05:40:38.034979+00:00,2026-08-15T22:05:17.178253+00:00,0.13,O,0,complete
2026-08-24T05:48:09.037931+00:00,8869,2026-08-29,UFC Fight Night: Nurmagomedov vs. Song,ufc,jingnan-xiong-vs-julia-polastri-80594,T2ZmZXJOb2RlOjEwMzY3NzQ3Mg==,T3V0Y29tZU5vZGU6Njc5MTAxMw==,Polymarket,exchange,KO,A_5,A_13,wins by TKO/KO,doesn't win by TKO/KO,,2.0,Will Julia Polastri win by KO or TKO? - No,julia-polastri-39425,1,-2400,-4900,+400,-4900,2026-08-24T05:40:38.034979+00:00,2026-08-15T22:05:17.178253+00:00,0.13,O,0,complete
2026-08-24T05:58:02.376514+00:00,9111,2026-08-25,Dana White's Contender Series: Contender Series 2026: Week 3,dwcs,mario-piazzon-vs-guilherme-uriel-silva-costa-78018,T2ZmZXJOb2RlOjEwMzY3NDg1NQ==,T3V0Y29tZU5vZGU6Njc4NzM4OA==,Polymarket,exchange,OVERUNDER_0.5,A_4,A_1,Over 0.5 rounds,Under 0.5 rounds,,0.5,Over 0.5,,0,-2400,-3233,+488,-4900,2026-08-24T05:56:05.995967+00:00,2026-08-12T22:10:40.832031+00:00,0.03,O,0,complete
2026-08-24T05:58:02.376514+00:00,9111,2026-08-25,Dana White's Contender Series: Contender Series 2026: Week 3,dwcs,mario-piazzon-vs-guilherme-uriel-silva-costa-78018,T2ZmZXJOb2RlOjEwMzY3NDg1NQ==,T3V0Y29tZU5vZGU6Njc4NzM4OQ==,Polymarket,exchange,OVERUNDER_0.5,A_4,A_1,Over 0.5 rounds,Under 0.5 rounds,,0.5,Under 0.5,,1,-1567,-3233,-488,-4900,2026-08-24T05:56:05.995967+00:00,2026-08-12T22:10:40.832031+00:00,0.03,O,0,complete
2026-08-24T05:58:02.376514+00:00,9111,2026-08-25,Dana White's Contender Series: Contender Series 2026: Week 3,dwcs,sean-clancy-jr-vs-gary-balletto-jr-79266,T2ZmZXJOb2RlOjEwMzY3NDg2NA==,T3V0Y29tZU5vZGU6Njc4NzQwNg==,Polymarket,exchange,OVERUNDER_0.5,A_4,A_1,Over 0.5 rounds,Under 0.5 rounds,,0.5,Over 0.5,,0,-1900,-4900,+900,-4900,2026-08-24T05:50:35.866511+00:00,2026-08-12T22:10:40.958830+00:00,0.12,O,0,complete
2026-08-24T05:58:02.376514+00:00,9111,2026-08-25,Dana White's Contender Series: Contender Series 2026: Week 3,dwcs,sean-clancy-jr-vs-gary-balletto-jr-79266,T2ZmZXJOb2RlOjEwMzY3NDg2NA==,T3V0Y29tZU5vZGU6Njc4NzQwNw==,Polymarket,exchange,OVERUNDER_0.5,A_4,A_1,Over 0.5 rounds,Under 0.5 rounds,,0.5,Under 0.5,,1,-2400,-4900,-1329,-4900,2026-08-24T05:50:35.866511+00:00,2026-08-12T22:10:40.958830+00:00,0.12,O,0,complete
2026-08-24T05:58:02.376514+00:00,9111,2026-08-25,Dana White's Contender Series: Contender Series 2026: Week 3,dwcs,alexis-miranda-vs-ronald-humphrey-79267,T2ZmZXJOb2RlOjEwMzY3NDg3MA==,T3V0Y29tZU5vZGU6Njc4NzQxOQ==,Polymarket,exchange,KO,A_5,A_13,wins by TKO/KO,doesn't win by TKO/KO,,2.0,Will Ronald Humphrey win by KO or TKO? - No,ronald-humphrey-71850,1,-285,-3233,-245,-4900,2026-08-24T05:56:06.164819+00:00,2026-08-12T22:10:41.041835+00:00,0.03,O,0,complete
2026-08-24T05:58:02.376514+00:00,8869,2026-08-29,UFC Fight Night: Nurmagomedov vs. Song,ufc,bilal-hasan-vs-nilson-rojas-80821,T2ZmZXJOb2RlOjEwMzY4ODkwNQ==,T3V0Y29tZU5vZGU6NjgwNTkzNA==,Polymarket,exchange,OVERUNDER_1.5,A_4,A_1,Over 1.5 rounds,Under 1.5 rounds,,1.5,Over 1.5,,0,-1900,-4900,+104,-4900,2026-08-24T05:56:07.771453+00:00,2026-08-21T22:09:48.281277+00:00,0.03,O,0,complete
2026-08-24T05:58:02.376514+00:00,8869,2026-08-29,UFC Fight Night: Nurmagomedov vs. Song,ufc,bilal-hasan-vs-nilson-rojas-80821,T2ZmZXJOb2RlOjEwMzY4ODkwNQ==,T3V0Y29tZU5vZGU6NjgwNTkzNQ==,Polymarket,exchange,OVERUNDER_1.5,A_4,A_1,Over 1.5 rounds,Under 1.5 rounds,,1.5,Under 1.5,,1,-2400,-4900,-156,-4900,2026-08-24T05:56:07.771453+00:00,2026-08-21T22:09:48.281277+00:00,0.03,O,0,complete
2026-08-24T05:58:02.376514+00:00,8869,2026-08-29,UFC Fight Night: Nurmagomedov vs. Song,ufc,jingnan-xiong-vs-julia-polastri-80594,T2ZmZXJOb2RlOjEwMzY3NzQ3Mg==,T3V0Y29tZU5vZGU6Njc5MTAxMg==,Polymarket,exchange,KO,A_5,A_13,wins by TKO/KO,doesn't win by TKO/KO,,2.0,Will Julia Polastri win by KO or TKO? - Yes,julia-polastri-39425,0,-1329,-4900,-525,-4900,2026-08-24T05:56:07.345481+00:00,2026-08-15T22:05:17.178253+00:00,0.03,O,0,complete
2026-08-24T06:09:23.993880+00:00,9111,2026-08-25,Dana White's Contender Series: Contender Series 2026: Week 3,dwcs,mario-piazzon-vs-guilherme-uriel-silva-costa-78018,T2ZmZXJOb2RlOjEwMzY3NDg1NQ==,T3V0Y29tZU5vZGU6Njc4NzM4OA==,Polymarket,exchange,OVERUNDER_0.5,A_4,A_1,Over 0.5 rounds,Under 0.5 rounds,,0.5,Over 0.5,,0,-1900,-3233,+488,-4900,2026-08-24T06:05:46.334110+00:00,2026-08-12T22:10:40.832031+00:00,0.06,O,0,complete
2026-08-24T06:09:23.993880+00:00,9111,2026-08-25,Dana White's Contender Series: Contender Series 2026: Week 3,dwcs,sean-clancy-jr-vs-gary-balletto-jr-79266,T2ZmZXJOb2RlOjEwMzY3NDg2NA==,T3V0Y29tZU5vZGU6Njc4NzQwNg==,Polymarket,exchange,OVERUNDER_0.5,A_4,A_1,Over 0.5 rounds,Under 0.5 rounds,,0.5,Over 0.5,,0,-2400,-4900,+900,-4900,2026-08-24T06:05:46.359649+00:00,2026-08-12T22:10:40.958830+00:00,0.06,O,0,complete
2026-08-24T06:09:23.993880+00:00,9111,2026-08-25,Dana White's Contender Series: Contender Series 2026: Week 3,dwcs,sean-clancy-jr-vs-gary-balletto-jr-79266,T2ZmZXJOb2RlOjEwMzY3NDg2NA==,T3V0Y29tZU5vZGU6Njc4NzQwNw==,Polymarket,exchange,OVERUNDER_0.5,A_4,A_1,Over 0.5 rounds,Under 0.5 rounds,,0.5,Under 0.5,,1,-1567,-4900,-1329,-4900,2026-08-24T06:05:46.359649+00:00,2026-08-12T22:10:40.958830+00:00,0.06,O,0,complete
2026-08-24T06:09:23.993880+00:00,8869,2026-08-29,UFC Fight Night: Nurmagomedov vs. Song,ufc,jingnan-xiong-vs-julia-polastri-80594,T2ZmZXJOb2RlOjEwMzY3NzQ3Mg==,T3V0Y29tZU5vZGU6Njc5MTAxMg==,Polymarket,exchange,KO,A_5,A_13,wins by TKO/KO,doesn't win by TKO/KO,,2.0,Will Julia Polastri win by KO or TKO? - Yes,julia-polastri-39425,0,-1567,-4900,-525,-4900,2026-08-24T06:05:46.635313+00:00,2026-08-15T22:05:17.178253+00:00,0.06,O,0,complete
2026-08-24T06:19:28.266562+00:00,9111,2026-08-25,Dana White's Contender Series: Contender Series 2026: Week 3,dwcs,mario-piazzon-vs-guilherme-uriel-silva-costa-78018,T2ZmZXJOb2RlOjEwMzY3NDg1NQ==,T3V0Y29tZU5vZGU6Njc4NzM4OA==,Polymarket,exchange,OVERUNDER_0.5,A_4,A_1,Over 0.5 rounds,Under 0.5 rounds,,0.5,Over 0.5,,0,-1567,-3233,+488,-4900,2026-08-24T06:10:26.337133+00:00,2026-08-12T22:10:40.832031+00:00,0.15,O,0,complete
2026-08-24T06:19:28.266562+00:00,9111,2026-08-25,Dana White's Contender Series: Contender Series 2026: Week 3,dwcs,mario-piazzon-vs-guilherme-uriel-silva-costa-78018,T2ZmZXJOb2RlOjEwMzY3NDg1NQ==,T3V0Y29tZU5vZGU6Njc4NzM4OQ==,Polymarket,exchange,OVERUNDER_0.5,A_4,A_1,Over 0.5 rounds,Under 0.5 rounds,,0.5,Under 0.5,,1,-2400,-3233,-488,-4900,2026-08-24T06:10:26.337133+00:00,2026-08-12T22:10:40.832031+00:00,0.15,O,0,complete
2026-08-24T06:19:28.266562+00:00,9111,2026-08-25,Dana White's Contender Series: Contender Series 2026: Week 3,dwcs,sean-clancy-jr-vs-gary-balletto-jr-79266,T2ZmZXJOb2RlOjEwMzY3NDg2NA==,T3V0Y29tZU5vZGU6Njc4NzQwNg==,Polymarket,exchange,OVERUNDER_0.5,A_4,A_1,Over 0.5 rounds,Under 0.5 rounds,,0.5,Over 0.5,,0,-1567,-4900,+900,-4900,2026-08-24T06:10:26.496067+00:00,2026-08-12T22:10:40.958830+00:00,0.15,O,0,complete
2026-08-24T06:19:28.266562+00:00,9111,2026-08-25,Dana White's Contender Series: Contender Series 2026: Week 3,dwcs,sean-clancy-jr-vs-gary-balletto-jr-79266,T2ZmZXJOb2RlOjEwMzY3NDg2NA==,T3V0Y29tZU5vZGU6Njc4NzQwNw==,Polymarket,exchange,OVERUNDER_0.5,A_4,A_1,Over 0.5 rounds,Under 0.5 rounds,,0.5,Under 0.5,,1,-1900,-4900,-1329,-4900,2026-08-24T06:10:26.496067+00:00,2026-08-12T22:10:40.958830+00:00,0.15,O,0,complete
2026-08-24T06:19:28.266562+00:00,8869,2026-08-29,UFC Fight Night: Nurmagomedov vs. Song,ufc,kai-asakura-vs-qileng-aori-80038,T2ZmZXJOb2RlOjEwMzY3NzQyOA==,T3V0Y29tZU5vZGU6Njc5MDkyNA==,Polymarket,exchange,KO,A_5,A_13,wins by TKO/KO,doesn't win by TKO/KO,,2.0,Will Aoriqileng win by KO or TKO? - Yes,qileng-aori-28905,0,-2400,-4900,-1900,-4900,2026-08-24T06:10:27.186408+00:00,2026-08-15T22:05:13.748918+00:00,0.15,O,0,complete
2026-08-24T06:19:28.266562+00:00,8869,2026-08-29,UFC Fight Night: Nurmagomedov vs. Song,ufc,bilal-hasan-vs-nilson-rojas-80821,T2ZmZXJOb2RlOjEwMzY4ODkwNQ==,T3V0Y29tZU5vZGU6NjgwNTkzNA==,Polymarket,exchange,OVERUNDER_1.5,A_4,A_1,Over 1.5 rounds,Under 1.5 rounds,,1.5,Over 1.5,,0,-1567,-4900,+104,-4900,2026-08-24T06:10:28.430124+00:00,2026-08-21T22:09:48.281277+00:00,0.15,O,0,complete
2026-08-24T06:19:28.266562+00:00,8869,2026-08-29,UFC Fight Night: Nurmagomedov vs. Song,ufc,jingnan-xiong-vs-julia-polastri-80594,T2ZmZXJOb2RlOjEwMzY3NzQ3Mg==,T3V0Y29tZU5vZGU6Njc5MTAxMw==,Polymarket,exchange,KO,A_5,A_13,wins by TKO/KO,doesn't win by TKO/KO,,2.0,Will Julia Polastri win by KO or TKO? - No,julia-polastri-39425,1,-1900,-4900,+400,-4900,2026-08-24T06:10:27.787655+00:00,2026-08-15T22:05:17.178253+00:00,0.15,O,0,complete
2026-08-24T06:29:15.083299+00:00,9111,2026-08-25,Dana White's Contender Series: Contender Series 2026: Week 3,dwcs,sean-clancy-jr-vs-gary-balletto-jr-79266,T2ZmZXJOb2RlOjEwMzY3NDg2NA==,T3V0Y29tZU5vZGU6Njc4NzQwNg==,Polymarket,exchange,OVERUNDER_0.5,A_4,A_1,Over 0.5 rounds,Under 0.5 rounds,,0.5,Over 0.5,,0,-2400,-4900,+900,-4900,2026-08-24T06:25:07.075573+00:00,2026-08-12T22:10:40.958830+00:00,0.07,O,0,complete
2026-08-24T06:29:15.083299+00:00,9111,2026-08-25,Dana White's Contender Series: Contender Series 2026: Week 3,dwcs,sean-clancy-jr-vs-gary-balletto-jr-79266,T2ZmZXJOb2RlOjEwMzY3NDg2NA==,T3V0Y29tZU5vZGU6Njc4NzQwNw==,Polymarket,exchange,OVERUNDER_0.5,A_4,A_1,Over 0.5 rounds,Under 0.5 rounds,,0.5,Under 0.5,,1,-2400,-4900,-1329,-4900,2026-08-24T06:25:07.075573+00:00,2026-08-12T22:10:40.958830+00:00,0.07,O,0,complete
2026-08-24T06:29:15.083299+00:00,9111,2026-08-25,Dana White's Contender Series: Contender Series 2026: Week 3,dwcs,alexis-miranda-vs-ronald-humphrey-79267,T2ZmZXJOb2RlOjEwMzY3NDg3MA==,T3V0Y29tZU5vZGU6Njc4NzQxOQ==,Polymarket,exchange,KO,A_5,A_13,wins by TKO/KO,doesn't win by TKO/KO,,2.0,Will Ronald Humphrey win by KO or TKO? - No,ronald-humphrey-71850,1,-300,-3233,-245,-4900,2026-08-24T06:20:34.956218+00:00,2026-08-12T22:10:41.041835+00:00,0.14,O,0,complete
2026-08-24T06:29:15.083299+00:00,8869,2026-08-29,UFC Fight Night: Nurmagomedov vs. Song,ufc,kai-asakura-vs-qileng-aori-80038,T2ZmZXJOb2RlOjEwMzY3NzQyOA==,T3V0Y29tZU5vZGU6Njc5MDkyNA==,Polymarket,exchange,KO,A_5,A_13,wins by TKO/KO,doesn't win by TKO/KO,,2.0,Will Aoriqileng win by KO or TKO? - Yes,qileng-aori-28905,0,-3233,-4900,-1900,-4900,2026-08-24T06:20:35.137028+00:00,2026-08-15T22:05:13.748918+00:00,0.14,O,0,complete
2026-08-24T06:29:15.083299+00:00,8869,2026-08-29,UFC Fight Night: Nurmagomedov vs. Song,ufc,jingnan-xiong-vs-julia-polastri-80594,T2ZmZXJOb2RlOjEwMzY3NzQ3Mg==,T3V0Y29tZU5vZGU6Njc5MTAxMg==,Polymarket,exchange,KO,A_5,A_13,wins by TKO/KO,doesn't win by TKO/KO,,2.0,Will Julia Polastri win by KO or TKO? - Yes,julia-polastri-39425,0,-1329,-4900,-525,-4900,2026-08-24T06:25:07.520945+00:00,2026-08-15T22:05:17.178253+00:00,0.07,O,0,complete
2026-08-24T06:29:15.083299+00:00,8869,2026-08-29,UFC Fight Night: Nurmagomedov vs. Song,ufc,jingnan-xiong-vs-julia-polastri-80594,T2ZmZXJOb2RlOjEwMzY3NzQ3Mg==,T3V0Y29tZU5vZGU6Njc5MTAxMw==,Polymarket,exchange,KO,A_5,A_13,wins by TKO/KO,doesn't win by TKO/KO,,2.0,Will Julia Polastri win by KO or TKO? - No,julia-polastri-39425,1,-3233,-4900,+400,-4900,2026-08-24T06:25:07.520945+00:00,2026-08-15T22:05:17.178253+00:00,0.07,O,0,complete
2026-08-24T06:39:02.169226+00:00,9111,2026-08-25,Dana White's Contender Series: Contender Series 2026: Week 3,dwcs,sean-clancy-jr-vs-gary-balletto-jr-79266,T2ZmZXJOb2RlOjEwMzY3NDg2NA==,T3V0Y29tZU5vZGU6Njc4NzQwNg==,Polymarket,exchange,OVERUNDER_0.5,A_4,A_1,Over 0.5 rounds,Under 0.5 rounds,,0.5,Over 0.5,,0,-1567,-4900,+900,-4900,2026-08-24T06:30:28.884418+00:00,2026-08-12T22:10:40.958830+00:00,0.14,O,0,complete
2026-08-24T06:39:02.169226+00:00,9111,2026-08-25,Dana White's Contender Series: Contender Series 2026: Week 3,dwcs,sean-clancy-jr-vs-gary-balletto-jr-79266,T2ZmZXJOb2RlOjEwMzY3NDg2NA==,T3V0Y29tZU5vZGU6Njc4NzQwNw==,Polymarket,exchange,OVERUNDER_0.5,A_4,A_1,Over 0.5 rounds,Under 0.5 rounds,,0.5,Under 0.5,,1,-1567,-4900,-1329,-4900,2026-08-24T06:30:28.884418+00:00,2026-08-12T22:10:40.958830+00:00,0.14,O,0,complete
2026-08-24T06:39:02.169226+00:00,9111,2026-08-25,Dana White's Contender Series: Contender Series 2026: Week 3,dwcs,sean-clancy-jr-vs-gary-balletto-jr-79266,T2ZmZXJOb2RlOjEwMzY3NDg2MQ==,T3V0Y29tZU5vZGU6Njc4NzQwMQ==,Polymarket,exchange,KO,A_5,A_13,wins by TKO/KO,doesn't win by TKO/KO,,2.0,Will Gary Balletto win by KO or TKO? - No,gary-balletto-jr-7869,1,-4900,-4900,-1567,-4900,2026-08-24T06:30:28.790957+00:00,2026-08-12T22:10:40.915987+00:00,0.14,O,0,complete
2026-08-24T06:39:02.169226+00:00,8869,2026-08-29,UFC Fight Night: Nurmagomedov vs. Song,ufc,bilal-hasan-vs-nilson-rojas-80821,T2ZmZXJOb2RlOjEwMzY5MDY4MQ==,T3V0Y29tZU5vZGU6NjgwODUyNg==,Stake,sportsbook,OVERUNDER_1.5,A_4,A_1,Over 1.5 rounds,Under 1.5 rounds,,1.5,Over 1.5,,0,-112,+101,+101,-112,2026-08-24T06:33:17.546304+00:00,2026-08-23T18:30:28.924948+00:00,0.1,O,0,complete
2026-08-24T06:39:02.169226+00:00,8869,2026-08-29,UFC Fight Night: Nurmagomedov vs. Song,ufc,bilal-hasan-vs-nilson-rojas-80821,T2ZmZXJOb2RlOjEwMzY5MDY4MQ==,T3V0Y29tZU5vZGU6NjgwODUyNw==,Stake,sportsbook,OVERUNDER_1.5,A_4,A_1,Over 1.5 rounds,Under 1.5 rounds,,1.5,Under 1.5,,1,-112,-130,-112,-130,2026-08-24T06:33:17.546304+00:00,2026-08-23T18:30:28.924948+00:00,0.1,O,0,complete
2026-08-24T06:39:02.169226+00:00,8869,2026-08-29,UFC Fight Night: Nurmagomedov vs. Song,ufc,bilal-hasan-vs-nilson-rojas-80821,T2ZmZXJOb2RlOjEwMzY4ODkwNQ==,T3V0Y29tZU5vZGU6NjgwNTkzNA==,Polymarket,exchange,OVERUNDER_1.5,A_4,A_1,Over 1.5 rounds,Under 1.5 rounds,,1.5,Over 1.5,,0,-1329,-4900,+104,-4900,2026-08-24T06:30:30.987598+00:00,2026-08-21T22:09:48.281277+00:00,0.14,O,0,complete
2026-08-24T06:39:02.169226+00:00,8869,2026-08-29,UFC Fight Night: Nurmagomedov vs. Song,ufc,jingnan-xiong-vs-julia-polastri-80594,T2ZmZXJOb2RlOjEwMzY3NzQ3Mg==,T3V0Y29tZU5vZGU6Njc5MTAxMg==,Polymarket,exchange,KO,A_5,A_13,wins by TKO/KO,doesn't win by TKO/KO,,2.0,Will Julia Polastri win by KO or TKO? - Yes,julia-polastri-39425,0,-1567,-4900,-525,-4900,2026-08-24T06:30:30.353897+00:00,2026-08-15T22:05:17.178253+00:00,0.14,O,0,complete
2026-08-24T06:48:45.773824+00:00,9111,2026-08-25,Dana White's Contender Series: Contender Series 2026: Week 3,dwcs,mario-piazzon-vs-guilherme-uriel-silva-costa-78018,T2ZmZXJOb2RlOjEwMzY3NDg1NQ==,T3V0Y29tZU5vZGU6Njc4NzM4OA==,Polymarket,exchange,OVERUNDER_0.5,A_4,A_1,Over 0.5 rounds,Under 0.5 rounds,,0.5,Over 0.5,,0,-1900,-3233,+488,-4900,2026-08-24T06:45:18.419372+00:00,2026-08-12T22:10:40.832031+00:00,0.06,O,0,complete
2026-08-24T06:48:45.773824+00:00,9111,2026-08-25,Dana White's Contender Series: Contender Series 2026: Week 3,dwcs,mario-piazzon-vs-guilherme-uriel-silva-costa-78018,T2ZmZXJOb2RlOjEwMzY3NDg1NQ==,T3V0Y29tZU5vZGU6Njc4NzM4OQ==,Polymarket,exchange,OVERUNDER_0.5,A_4,A_1,Over 0.5 rounds,Under 0.5 rounds,,0.5,Under 0.5,,1,-1900,-3233,-488,-4900,2026-08-24T06:45:18.419372+00:00,2026-08-12T22:10:40.832031+00:00,0.06,O,0,complete
2026-08-24T06:48:45.773824+00:00,9111,2026-08-25,Dana White's Contender Series: Contender Series 2026: Week 3,dwcs,sean-clancy-jr-vs-gary-balletto-jr-79266,T2ZmZXJOb2RlOjEwMzY3NDg2NA==,T3V0Y29tZU5vZGU6Njc4NzQwNg==,Polymarket,exchange,OVERUNDER_0.5,A_4,A_1,Over 0.5 rounds,Under 0.5 rounds,,0.5,Over 0.5,,0,-1900,-4900,+900,-4900,2026-08-24T06:45:18.464615+00:00,2026-08-12T22:10:40.958830+00:00,0.06,O,0,complete
2026-08-24T06:48:45.773824+00:00,9111,2026-08-25,Dana White's Contender Series: Contender Series 2026: Week 3,dwcs,sean-clancy-jr-vs-gary-balletto-jr-79266,T2ZmZXJOb2RlOjEwMzY3NDg2NA==,T3V0Y29tZU5vZGU6Njc4NzQwNw==,Polymarket,exchange,OVERUNDER_0.5,A_4,A_1,Over 0.5 rounds,Under 0.5 rounds,,0.5,Under 0.5,,1,-2400,-4900,-1329,-4900,2026-08-24T06:45:18.464615+00:00,2026-08-12T22:10:40.958830+00:00,0.06,O,0,complete
2026-08-24T06:48:45.773824+00:00,9111,2026-08-25,Dana White's Contender Series: Contender Series 2026: Week 3,dwcs,sean-clancy-jr-vs-gary-balletto-jr-79266,T2ZmZXJOb2RlOjEwMzY3NDg2MQ==,T3V0Y29tZU5vZGU6Njc4NzQwMQ==,Polymarket,exchange,KO,A_5,A_13,wins by TKO/KO,doesn't win by TKO/KO,,2.0,Will Gary Balletto win by KO or TKO? - No,gary-balletto-jr-7869,1,-3233,-4900,-1567,-4900,2026-08-24T06:40:00.851560+00:00,2026-08-12T22:10:40.915987+00:00,0.15,O,0,complete
2026-08-24T06:48:45.773824+00:00,8869,2026-08-29,UFC Fight Night: Nurmagomedov vs. Song,ufc,umar-nurmagomedov-vs-yadong-song-79649,T2ZmZXJOb2RlOjEwMzY3NzQwNg==,T3V0Y29tZU5vZGU6Njc5MDg4MA==,Polymarket,exchange,END_KO,A_4,A_5,"Fight ends by KO, TKO or DQ","Fight doesn't end by KO, TKO or DQ",,,Will the fight be won by KO or TKO? - Yes,,0,-1567,-4900,-1567,-4900,2026-08-24T06:40:00.926860+00:00,2026-08-15T22:05:12.341441+00:00,0.15,O,0,complete
2026-08-24T06:48:45.773824+00:00,8869,2026-08-29,UFC Fight Night: Nurmagomedov vs. Song,ufc,bilal-hasan-vs-nilson-rojas-80821,T2ZmZXJOb2RlOjEwMzY4ODkwNQ==,T3V0Y29tZU5vZGU6NjgwNTkzNA==,Polymarket,exchange,OVERUNDER_1.5,A_4,A_1,Over 1.5 rounds,Under 1.5 rounds,,1.5,Over 1.5,,0,-1900,-4900,+104,-4900,2026-08-24T06:45:19.907422+00:00,2026-08-21T22:09:48.281277+00:00,0.06,O,0,complete
2026-08-24T06:48:45.773824+00:00,8869,2026-08-29,UFC Fight Night: Nurmagomedov vs. Song,ufc,jingnan-xiong-vs-julia-polastri-80594,T2ZmZXJOb2RlOjEwMzY3NzQ3Mg==,T3V0Y29tZU5vZGU6Njc5MTAxMg==,Polymarket,exchange,KO,A_5,A_13,wins by TKO/KO,doesn't win by TKO/KO,,2.0,Will Julia Polastri win by KO or TKO? - Yes,julia-polastri-39425,0,-1900,-4900,-525,-4900,2026-08-24T06:40:01.209312+00:00,2026-08-15T22:05:17.178253+00:00,0.15,O,0,complete
2026-08-24T07:34:23.851208+00:00,9111,2026-08-25,Dana White's Contender Series: Contender Series 2026: Week 3,dwcs,bella-mir-vs-alex-apodaca-80595,T2ZmZXJOb2RlOjEwMzY3NDg0OA==,T3V0Y29tZU5vZGU6Njc4NzM3NA==,Polymarket,exchange,OVERUNDER_2.5,A_4,A_1,Over 2.5 rounds,Under 2.5 rounds,,2.5,Over 2.5,,0,-809,-9900,-809,-9900,2026-08-24T07:16:00.870567+00:00,2026-08-12T22:10:40.750575+00:00,0.31,O,0,complete
2026-08-24T07:34:23.851208+00:00,9111,2026-08-25,Dana White's Contender Series: Contender Series 2026: Week 3,dwcs,mario-piazzon-vs-guilherme-uriel-silva-costa-78018,T2ZmZXJOb2RlOjEwMzY3NDg1NQ==,T3V0Y29tZU5vZGU6Njc4NzM4OA==,Polymarket,exchange,OVERUNDER_0.5,A_4,A_1,Over 0.5 rounds,Under 0.5 rounds,,0.5,Over 0.5,,0,-2400,-3233,+488,-4900,2026-08-24T07:20:36.172646+00:00,2026-08-12T22:10:40.832031+00:00,0.23,O,0,complete
2026-08-24T07:34:23.851208+00:00,9111,2026-08-25,Dana White's Contender Series: Contender Series 2026: Week 3,dwcs,mario-piazzon-vs-guilherme-uriel-silva-costa-78018,T2ZmZXJOb2RlOjEwMzY3NDg1MA==,T3V0Y29tZU5vZGU6Njc4NzM3OA==,Polymarket,exchange,DISTANCE,A_4,A_2,Fight goes the distance,Fight ends inside distance,,,Fight to Go the Distance? - Yes,,0,-809,-9900,-809,-9900,2026-08-24T07:16:00.921139+00:00,2026-08-12T22:10:40.773730+00:00,0.31,O,0,complete
2026-08-24T07:34:23.851208+00:00,9111,2026-08-25,Dana White's Contender Series: Contender Series 2026: Week 3,dwcs,sean-clancy-jr-vs-gary-balletto-jr-79266,T2ZmZXJOb2RlOjEwMzY3NDg2NA==,T3V0Y29tZU5vZGU6Njc4NzQwNg==,Polymarket,exchange,OVERUNDER_0.5,A_4,A_1,Over 0.5 rounds,Under 0.5 rounds,,0.5,Over 0.5,,0,-1567,-4900,+900,-4900,2026-08-24T07:29:53.016213+00:00,2026-08-12T22:10:40.958830+00:00,0.08,O,0,complete
2026-08-24T07:34:23.851208+00:00,9111,2026-08-25,Dana White's Contender Series: Contender Series 2026: Week 3,dwcs,sean-clancy-jr-vs-gary-balletto-jr-79266,T2ZmZXJOb2RlOjEwMzY3NDg2NA==,T3V0Y29tZU5vZGU6Njc4NzQwNw==,Polymarket,exchange,OVERUNDER_0.5,A_4,A_1,Over 0.5 rounds,Under 0.5 rounds,,0.5,Under 0.5,,1,-1567,-4900,-1329,-4900,2026-08-24T07:29:53.016213+00:00,2026-08-12T22:10:40.958830+00:00,0.08,O,0,complete
2026-08-24T07:34:23.851208+00:00,9111,2026-08-25,Dana White's Contender Series: Contender Series 2026: Week 3,dwcs,sean-clancy-jr-vs-gary-balletto-jr-79266,T2ZmZXJOb2RlOjEwMzY3NDg1OQ==,T3V0Y29tZU5vZGU6Njc4NzM5Ng==,Polymarket,exchange,DISTANCE,A_4,A_2,Fight goes the distance,Fight ends inside distance,,,Fight to Go the Distance? - Yes,,0,-809,-9900,-809,-9900,2026-08-24T07:16:00.941926+00:00,2026-08-12T22:10:40.887762+00:00,0.31,O,0,complete
2026-08-24T07:34:23.851208+00:00,9111,2026-08-25,Dana White's Contender Series: Contender Series 2026: Week 3,dwcs,alexis-miranda-vs-ronald-humphrey-79267,T2ZmZXJOb2RlOjEwMzY3NDg2OA==,T3V0Y29tZU5vZGU6Njc4NzQxNA==,Polymarket,exchange,DISTANCE,A_4,A_2,Fight goes the distance,Fight ends inside distance,,,Fight to Go the Distance? - Yes,,0,-809,-9900,-809,-9900,2026-08-24T07:16:00.964820+00:00,2026-08-12T22:10:41.013797+00:00,0.31,O,0,complete
2026-08-24T07:34:23.851208+00:00,8869,2026-08-29,UFC Fight Night: Nurmagomedov vs. Song,ufc,umar-nurmagomedov-vs-yadong-song-79649,T2ZmZXJOb2RlOjEwMzY3NzQwOQ==,T3V0Y29tZU5vZGU6Njc5MDg4Nw==,Polymarket,exchange,END_SUB,A_4,A_5,Fight ends in submission,Fight doesn't end in submission,,,Will the fight be won by submission? - No,,1,-2400,-4900,-2400,-4900,2026-08-24T07:16:01.063110+00:00,2026-08-15T22:05:12.606747+00:00,0.31,O,0,complete
2026-08-24T07:34:23.851208+00:00,8869,2026-08-29,UFC Fight Night: Nurmagomedov vs. Song,ufc,umar-nurmagomedov-vs-yadong-song-79649,T2ZmZXJOb2RlOjEwMzY3NzQwNg==,T3V0Y29tZU5vZGU6Njc5MDg4MA==,Polymarket,exchange,END_KO,A_4,A_5,"Fight ends by KO, TKO or DQ","Fight doesn't end by KO, TKO or DQ",,,Will the fight be won by KO or TKO? - Yes,,0,-2400,-4900,-1567,-4900,2026-08-24T07:29:53.077213+00:00,2026-08-15T22:05:12.341441+00:00,0.08,O,0,complete
2026-08-24T07:34:23.851208+00:00,8869,2026-08-29,UFC Fight Night: Nurmagomedov vs. Song,ufc,bilal-hasan-vs-nilson-rojas-80821,T2ZmZXJOb2RlOjEwMzY4ODkwNQ==,T3V0Y29tZU5vZGU6NjgwNTkzNQ==,Polymarket,exchange,OVERUNDER_1.5,A_4,A_1,Over 1.5 rounds,Under 1.5 rounds,,1.5,Under 1.5,,1,-1567,-4900,-156,-4900,2026-08-24T07:29:53.436015+00:00,2026-08-21T22:09:48.281277+00:00,0.08,O,0,complete
2026-08-24T07:34:23.851208+00:00,8869,2026-08-29,UFC Fight Night: Nurmagomedov vs. Song,ufc,jingnan-xiong-vs-julia-polastri-80594,T2ZmZXJOb2RlOjEwMzY3NzQ3Mg==,T3V0Y29tZU5vZGU6Njc5MTAxMg==,Polymarket,exchange,KO,A_5,A_13,wins by TKO/KO,doesn't win by TKO/KO,,2.0,Will Julia Polastri win by KO or TKO? - Yes,julia-polastri-39425,0,-1567,-4900,-525,-4900,2026-08-24T07:29:53.299238+00:00,2026-08-15T22:05:17.178253+00:00,0.08,O,0,complete
2026-08-24T07:44:06.277521+00:00,9111,2026-08-25,Dana White's Contender Series: Contender Series 2026: Week 3,dwcs,mario-piazzon-vs-guilherme-uriel-silva-costa-78018,T2ZmZXJOb2RlOjEwMzY3NDg1NQ==,T3V0Y29tZU5vZGU6Njc4NzM4OA==,Polymarket,exchange,OVERUNDER_0.5,A_4,A_1,Over 0.5 rounds,Under 0.5 rounds,,0.5,Over 0.5,,0,-1900,-3233,+488,-4900,2026-08-24T07:35:39.400644+00:00,2026-08-12T22:10:40.832031+00:00,0.14,O,0,complete
2026-08-24T07:44:06.277521+00:00,9111,2026-08-25,Dana White's Contender Series: Contender Series 2026: Week 3,dwcs,mario-piazzon-vs-guilherme-uriel-silva-costa-78018,T2ZmZXJOb2RlOjEwMzY3NDg1NQ==,T3V0Y29tZU5vZGU6Njc4NzM4OQ==,Polymarket,exchange,OVERUNDER_0.5,A_4,A_1,Over 0.5 rounds,Under 0.5 rounds,,0.5,Under 0.5,,1,-1567,-3233,-488,-4900,2026-08-24T07:35:39.400644+00:00,2026-08-12T22:10:40.832031+00:00,0.14,O,0,complete
2026-08-24T07:44:06.277521+00:00,9111,2026-08-25,Dana White's Contender Series: Contender Series 2026: Week 3,dwcs,sean-clancy-jr-vs-gary-balletto-jr-79266,T2ZmZXJOb2RlOjEwMzY3NDg2NA==,T3V0Y29tZU5vZGU6Njc4NzQwNw==,Polymarket,exchange,OVERUNDER_0.5,A_4,A_1,Over 0.5 rounds,Under 0.5 rounds,,0.5,Under 0.5,,1,-2400,-4900,-1329,-4900,2026-08-24T07:35:39.421070+00:00,2026-08-12T22:10:40.958830+00:00,0.14,O,0,complete
2026-08-24T07:44:06.277521+00:00,8869,2026-08-29,UFC Fight Night: Nurmagomedov vs. Song,ufc,umar-nurmagomedov-vs-yadong-song-79649,T2ZmZXJOb2RlOjEwMzY3NzQxMA==,T3V0Y29tZU5vZGU6Njc5MDg4OQ==,Polymarket,exchange,OVERUNDER_0.5,A_4,A_1,Over 0.5 rounds,Under 0.5 rounds,,0.5,Under 0.5,,1,+488,-4900,+488,-4900,2026-08-24T07:35:39.531147+00:00,2026-08-15T22:05:12.681804+00:00,0.14,O,0,complete
2026-08-24T07:44:06.277521+00:00,8869,2026-08-29,UFC Fight Night: Nurmagomedov vs. Song,ufc,jingnan-xiong-vs-julia-polastri-80594,T2ZmZXJOb2RlOjEwMzY3NzQ3Mw==,T3V0Y29tZU5vZGU6Njc5MTAxNA==,Polymarket,exchange,END_SUB,A_4,A_5,Fight ends in submission,Fight doesn't end in submission,,,Will the fight be won by submission? - Yes,,0,-2400,-4900,-2400,-4900,2026-08-24T07:35:39.809095+00:00,2026-08-15T22:05:17.247309+00:00,0.14,O,0,complete
2026-08-24T07:53:57.489621+00:00,9111,2026-08-25,Dana White's Contender Series: Contender Series 2026: Week 3,dwcs,mario-piazzon-vs-guilherme-uriel-silva-costa-78018,T2ZmZXJOb2RlOjEwMzY3NDg1NQ==,T3V0Y29tZU5vZGU6Njc4NzM4OQ==,Polymarket,exchange,OVERUNDER_0.5,A_4,A_1,Over 0.5 rounds,Under 0.5 rounds,,0.5,Under 0.5,,1,-2400,-3233,-488,-4900,2026-08-24T07:50:19.942226+00:00,2026-08-12T22:10:40.832031+00:00,0.06,O,0,complete
2026-08-24T07:53:57.489621+00:00,9111,2026-08-25,Dana White's Contender Series: Contender Series 2026: Week 3,dwcs,sean-clancy-jr-vs-gary-balletto-jr-79266,T2ZmZXJOb2RlOjEwMzY3NDg2NA==,T3V0Y29tZU5vZGU6Njc4NzQwNw==,Polymarket,exchange,OVERUNDER_0.5,A_4,A_1,Over 0.5 rounds,Under 0.5 rounds,,0.5,Under 0.5,,1,-1567,-4900,-1329,-4900,2026-08-24T07:50:19.994740+00:00,2026-08-12T22:10:40.958830+00:00,0.06,O,0,complete
2026-08-24T07:53:57.489621+00:00,9111,2026-08-25,Dana White's Contender Series: Contender Series 2026: Week 3,dwcs,alexis-miranda-vs-ronald-humphrey-79267,T2ZmZXJOb2RlOjEwMzY3NDg3MA==,T3V0Y29tZU5vZGU6Njc4NzQxOQ==,Polymarket,exchange,KO,A_5,A_13,wins by TKO/KO,doesn't win by TKO/KO,,2.0,Will Ronald Humphrey win by KO or TKO? - No,ronald-humphrey-71850,1,-285,-3233,-245,-4900,2026-08-24T07:50:20.040416+00:00,2026-08-12T22:10:41.041835+00:00,0.06,O,0,complete
2026-08-24T07:53:57.489621+00:00,8869,2026-08-29,UFC Fight Night: Nurmagomedov vs. Song,ufc,umar-nurmagomedov-vs-yadong-song-79649,T2ZmZXJOb2RlOjEwMzY3NzQxMA==,T3V0Y29tZU5vZGU6Njc5MDg4OA==,Polymarket,exchange,OVERUNDER_0.5,A_4,A_1,Over 0.5 rounds,Under 0.5 rounds,,0.5,Over 0.5,,0,-2400,-4900,-1567,-4900,2026-08-24T07:45:15.017044+00:00,2026-08-15T22:05:12.681804+00:00,0.15,O,0,complete
2026-08-24T07:53:57.489621+00:00,8869,2026-08-29,UFC Fight Night: Nurmagomedov vs. Song,ufc,bilal-hasan-vs-nilson-rojas-80821,T2ZmZXJOb2RlOjEwMzY4ODkwNQ==,T3V0Y29tZU5vZGU6NjgwNTkzNA==,Polymarket,exchange,OVERUNDER_1.5,A_4,A_1,Over 1.5 rounds,Under 1.5 rounds,,1.5,Over 1.5,,0,-1329,-4900,+104,-4900,2026-08-24T07:50:21.188761+00:00,2026-08-21T22:09:48.281277+00:00,0.06,O,0,complete
2026-08-24T07:53:57.489621+00:00,8869,2026-08-29,UFC Fight Night: Nurmagomedov vs. Song,ufc,jingnan-xiong-vs-julia-polastri-80594,T2ZmZXJOb2RlOjEwMzY3NzQ3Mw==,T3V0Y29tZU5vZGU6Njc5MTAxNA==,Polymarket,exchange,END_SUB,A_4,A_5,Fight ends in submission,Fight doesn't end in submission,,,Will the fight be won by submission? - Yes,,0,-3233,-4900,-2400,-4900,2026-08-24T07:45:16.072975+00:00,2026-08-15T22:05:17.247309+00:00,0.14,O,0,complete
2026-08-24T08:03:43.787425+00:00,9111,2026-08-25,Dana White's Contender Series: Contender Series 2026: Week 3,dwcs,bella-mir-vs-alex-apodaca-80595,T2ZmZXJOb2RlOjEwMzY3NDg0OA==,T3V0Y29tZU5vZGU6Njc4NzM3NA==,Polymarket,exchange,OVERUNDER_2.5,A_4,A_1,Over 2.5 rounds,Under 2.5 rounds,,2.5,Over 2.5,,0,-900,-9900,-809,-9900,2026-08-24T07:56:33.762292+00:00,2026-08-12T22:10:40.750575+00:00,0.12,O,0,complete
2026-08-24T08:03:43.787425+00:00,9111,2026-08-25,Dana White's Contender Series: Contender Series 2026: Week 3,dwcs,mario-piazzon-vs-guilherme-uriel-silva-costa-78018,T2ZmZXJOb2RlOjEwMzY3NDg1Mw==,T3V0Y29tZU5vZGU6Njc4NzM4NQ==,Polymarket,exchange,KO,A_5,A_13,wins by TKO/KO,doesn't win by TKO/KO,,2.0,Will Guilherme Uriel win by KO or TKO? - No,guilherme-uriel-silva-costa-50652,1,-900,-3233,-669,-4900,2026-08-24T07:56:33.819297+00:00,2026-08-12T22:10:40.807102+00:00,0.12,O,0,complete
2026-08-24T08:03:43.787425+00:00,9111,2026-08-25,Dana White's Contender Series: Contender Series 2026: Week 3,dwcs,mario-piazzon-vs-guilherme-uriel-silva-costa-78018,T2ZmZXJOb2RlOjEwMzY3NDg1NQ==,T3V0Y29tZU5vZGU6Njc4NzM4OA==,Polymarket,exchange,OVERUNDER_0.5,A_4,A_1,Over 0.5 rounds,Under 0.5 rounds,,0.5,Over 0.5,,0,-1567,-3233,+488,-4900,2026-08-24T07:56:33.837310+00:00,2026-08-12T22:10:40.832031+00:00,0.12,O,0,complete
2026-08-24T08:03:43.787425+00:00,9111,2026-08-25,Dana White's Contender Series: Contender Series 2026: Week 3,dwcs,mario-piazzon-vs-guilherme-uriel-silva-costa-78018,T2ZmZXJOb2RlOjEwMzY3NDg1NQ==,T3V0Y29tZU5vZGU6Njc4NzM4OQ==,Polymarket,exchange,OVERUNDER_0.5,A_4,A_1,Over 0.5 rounds,Under 0.5 rounds,,0.5,Under 0.5,,1,-1900,-3233,-488,-4900,2026-08-24T07:56:33.837310+00:00,2026-08-12T22:10:40.832031+00:00,0.12,O,0,complete
2026-08-24T08:03:43.787425+00:00,9111,2026-08-25,Dana White's Contender Series: Contender Series 2026: Week 3,dwcs,mario-piazzon-vs-guilherme-uriel-silva-costa-78018,T2ZmZXJOb2RlOjEwMzY3NDg1MQ==,T3V0Y29tZU5vZGU6Njc4NzM4MQ==,Polymarket,exchange,END_KO,A_4,A_5,"Fight ends by KO, TKO or DQ","Fight doesn't end by KO, TKO or DQ",,,Will the fight be won by KO or TKO? - No,,1,-900,-3233,-809,-4900,2026-08-24T07:56:33.794590+00:00,2026-08-12T22:10:40.784395+00:00,0.12,O,0,complete
2026-08-24T08:03:43.787425+00:00,9111,2026-08-25,Dana White's Contender Series: Contender Series 2026: Week 3,dwcs,sean-clancy-jr-vs-gary-balletto-jr-79266,T2ZmZXJOb2RlOjEwMzY3NDg2NA==,T3V0Y29tZU5vZGU6Njc4NzQwNw==,Polymarket,exchange,OVERUNDER_0.5,A_4,A_1,Over 0.5 rounds,Under 0.5 rounds,,0.5,Under 0.5,,1,-1900,-4900,-1329,-4900,2026-08-24T07:56:33.879150+00:00,2026-08-12T22:10:40.958830+00:00,0.12,O,0,complete
2026-08-24T08:03:43.787425+00:00,8869,2026-08-29,UFC Fight Night: Nurmagomedov vs. Song,ufc,alex-perez-vs-su-mudaerji-79689,T2ZmZXJOb2RlOjEwMzY5MDYyNw==,T3V0Y29tZU5vZGU6NjgwODQxOA==,Novig,exchange,OVERUNDER_2.5,A_4,A_1,Over 2.5 rounds,Under 2.5 rounds,,2.5,Over 2.5,,0,-108,-125,-106,-125,2026-08-24T08:00:37.956849+00:00,2026-08-23T16:30:46.493239+00:00,0.05,O,0,complete
2026-08-24T08:03:43.787425+00:00,8869,2026-08-29,UFC Fight Night: Nurmagomedov vs. Song,ufc,alex-perez-vs-su-mudaerji-79689,T2ZmZXJOb2RlOjEwMzY5MDYyNw==,T3V0Y29tZU5vZGU6NjgwODQxOQ==,Novig,exchange,OVERUNDER_2.5,A_4,A_1,Over 2.5 rounds,Under 2.5 rounds,,2.5,Under 2.5,,1,-147,-125,-125,-147,2026-08-24T08:00:37.956849+00:00,2026-08-23T16:30:46.493239+00:00,0.05,O,0,complete
2026-08-24T08:03:43.787425+00:00,8869,2026-08-29,UFC Fight Night: Nurmagomedov vs. Song,ufc,bilal-hasan-vs-nilson-rojas-80821,T2ZmZXJOb2RlOjEwMzY4ODkwNQ==,T3V0Y29tZU5vZGU6NjgwNTkzNA==,Polymarket,exchange,OVERUNDER_1.5,A_4,A_1,Over 1.5 rounds,Under 1.5 rounds,,1.5,Over 1.5,,0,-1567,-4900,+104,-4900,2026-08-24T07:56:35.157409+00:00,2026-08-21T22:09:48.281277+00:00,0.12,O,0,complete
2026-08-24T08:03:43.787425+00:00,8869,2026-08-29,UFC Fight Night: Nurmagomedov vs. Song,ufc,jingnan-xiong-vs-julia-polastri-80594,T2ZmZXJOb2RlOjEwMzY3NzQ3Mg==,T3V0Y29tZU5vZGU6Njc5MTAxMg==,Polymarket,exchange,KO,A_5,A_13,wins by TKO/KO,doesn't win by TKO/KO,,2.0,Will Julia Polastri win by KO or TKO? - Yes,julia-polastri-39425,0,-1900,-4900,-525,-4900,2026-08-24T07:56:34.792110+00:00,2026-08-15T22:05:17.178253+00:00,0.12,O,0,complete
2026-08-24T08:13:45.148506+00:00,9111,2026-08-25,Dana White's Contender Series: Contender Series 2026: Week 3,dwcs,bella-mir-vs-alex-apodaca-80595,T2ZmZXJOb2RlOjEwMzY3NDg0OA==,T3V0Y29tZU5vZGU6Njc4NzM3NA==,Polymarket,exchange,OVERUNDER_2.5,A_4,A_1,Over 2.5 rounds,Under 2.5 rounds,,2.5,Over 2.5,,0,-809,-9900,-809,-9900,2026-08-24T08:04:43.061145+00:00,2026-08-12T22:10:40.750575+00:00,0.15,O,0,complete
2026-08-24T08:13:45.148506+00:00,9111,2026-08-25,Dana White's Contender Series: Contender Series 2026: Week 3,dwcs,mario-piazzon-vs-guilherme-uriel-silva-costa-78018,T2ZmZXJOb2RlOjEwMzY3NDg1Mw==,T3V0Y29tZU5vZGU6Njc4NzM4NQ==,Polymarket,exchange,KO,A_5,A_13,wins by TKO/KO,doesn't win by TKO/KO,,2.0,Will Guilherme Uriel win by KO or TKO? - No,guilherme-uriel-silva-costa-50652,1,-809,-3233,-669,-4900,2026-08-24T08:04:43.073531+00:00,2026-08-12T22:10:40.807102+00:00,0.15,O,0,complete
2026-08-24T08:13:45.148506+00:00,9111,2026-08-25,Dana White's Contender Series: Contender Series 2026: Week 3,dwcs,mario-piazzon-vs-guilherme-uriel-silva-costa-78018,T2ZmZXJOb2RlOjEwMzY3NDg1MQ==,T3V0Y29tZU5vZGU6Njc4NzM4MQ==,Polymarket,exchange,END_KO,A_4,A_5,"Fight ends by KO, TKO or DQ","Fight doesn't end by KO, TKO or DQ",,,Will the fight be won by KO or TKO? - No,,1,-809,-3233,-809,-4900,2026-08-24T08:04:43.069033+00:00,2026-08-12T22:10:40.784395+00:00,0.15,O,0,complete
2026-08-24T08:13:45.148506+00:00,9111,2026-08-25,Dana White's Contender Series: Contender Series 2026: Week 3,dwcs,sean-clancy-jr-vs-gary-balletto-jr-79266,T2ZmZXJOb2RlOjEwMzY3NDg2NA==,T3V0Y29tZU5vZGU6Njc4NzQwNg==,Polymarket,exchange,OVERUNDER_0.5,A_4,A_1,Over 0.5 rounds,Under 0.5 rounds,,0.5,Over 0.5,,0,-2400,-4900,+900,-4900,2026-08-24T08:04:43.106935+00:00,2026-08-12T22:10:40.958830+00:00,0.15,O,0,complete
2026-08-24T08:13:45.148506+00:00,9111,2026-08-25,Dana White's Contender Series: Contender Series 2026: Week 3,dwcs,sean-clancy-jr-vs-gary-balletto-jr-79266,T2ZmZXJOb2RlOjEwMzY3NDg2NA==,T3V0Y29tZU5vZGU6Njc4NzQwNw==,Polymarket,exchange,OVERUNDER_0.5,A_4,A_1,Over 0.5 rounds,Under 0.5 rounds,,0.5,Under 0.5,,1,-2400,-4900,-1329,-4900,2026-08-24T08:04:43.106935+00:00,2026-08-12T22:10:40.958830+00:00,0.15,O,0,complete
2026-08-24T08:13:45.148506+00:00,9111,2026-08-25,Dana White's Contender Series: Contender Series 2026: Week 3,dwcs,alexis-miranda-vs-ronald-humphrey-79267,T2ZmZXJOb2RlOjEwMzY3NDg3MA==,T3V0Y29tZU5vZGU6Njc4NzQxOQ==,Polymarket,exchange,KO,A_5,A_13,wins by TKO/KO,doesn't win by TKO/KO,,2.0,Will Ronald Humphrey win by KO or TKO? - No,ronald-humphrey-71850,1,-300,-3233,-245,-4900,2026-08-24T08:04:43.127617+00:00,2026-08-12T22:10:41.041835+00:00,0.15,O,0,complete
2026-08-24T08:13:45.148506+00:00,8869,2026-08-29,UFC Fight Night: Nurmagomedov vs. Song,ufc,jingnan-xiong-vs-julia-polastri-80594,T2ZmZXJOb2RlOjEwMzY3NzQ3Mg==,T3V0Y29tZU5vZGU6Njc5MTAxMg==,Polymarket,exchange,KO,A_5,A_13,wins by TKO/KO,doesn't win by TKO/KO,,2.0,Will Julia Polastri win by KO or TKO? - Yes,julia-polastri-39425,0,-1329,-4900,-525,-4900,2026-08-24T08:10:05.176508+00:00,2026-08-15T22:05:17.178253+00:00,0.06,O,0,complete
2026-08-24T08:23:25.426353+00:00,9111,2026-08-25,Dana White's Contender Series: Contender Series 2026: Week 3,dwcs,mario-piazzon-vs-guilherme-uriel-silva-costa-78018,T2ZmZXJOb2RlOjEwMzY3NDg1NQ==,T3V0Y29tZU5vZGU6Njc4NzM4OA==,Polymarket,exchange,OVERUNDER_0.5,A_4,A_1,Over 0.5 rounds,Under 0.5 rounds,,0.5,Over 0.5,,0,-2400,-3233,+488,-4900,2026-08-24T08:21:09.653497+00:00,2026-08-12T22:10:40.832031+00:00,0.04,O,0,complete
2026-08-24T08:23:25.426353+00:00,9111,2026-08-25,Dana White's Contender Series: Contender Series 2026: Week 3,dwcs,mario-piazzon-vs-guilherme-uriel-silva-costa-78018,T2ZmZXJOb2RlOjEwMzY3NDg1NQ==,T3V0Y29tZU5vZGU6Njc4NzM4OQ==,Polymarket,exchange,OVERUNDER_0.5,A_4,A_1,Over 0.5 rounds,Under 0.5 rounds,,0.5,Under 0.5,,1,-1567,-3233,-488,-4900,2026-08-24T08:21:09.653497+00:00,2026-08-12T22:10:40.832031+00:00,0.04,O,0,complete
2026-08-24T08:23:25.426353+00:00,9111,2026-08-25,Dana White's Contender Series: Contender Series 2026: Week 3,dwcs,sean-clancy-jr-vs-gary-balletto-jr-79266,T2ZmZXJOb2RlOjEwMzY3NDg2NA==,T3V0Y29tZU5vZGU6Njc4NzQwNg==,Polymarket,exchange,OVERUNDER_0.5,A_4,A_1,Over 0.5 rounds,Under 0.5 rounds,,0.5,Over 0.5,,0,-1567,-4900,+900,-4900,2026-08-24T08:21:09.679287+00:00,2026-08-12T22:10:40.958830+00:00,0.04,O,0,complete
2026-08-24T08:23:25.426353+00:00,9111,2026-08-25,Dana White's Contender Series: Contender Series 2026: Week 3,dwcs,sean-clancy-jr-vs-gary-balletto-jr-79266,T2ZmZXJOb2RlOjEwMzY3NDg2NA==,T3V0Y29tZU5vZGU6Njc4NzQwNw==,Polymarket,exchange,OVERUNDER_0.5,A_4,A_1,Over 0.5 rounds,Under 0.5 rounds,,0.5,Under 0.5,,1,-1567,-4900,-1329,-4900,2026-08-24T08:21:09.679287+00:00,2026-08-12T22:10:40.958830+00:00,0.04,O,0,complete
2026-08-24T08:23:25.426353+00:00,8869,2026-08-29,UFC Fight Night: Nurmagomedov vs. Song,ufc,bilal-hasan-vs-nilson-rojas-80821,T2ZmZXJOb2RlOjEwMzY4ODkwNQ==,T3V0Y29tZU5vZGU6NjgwNTkzNA==,Polymarket,exchange,OVERUNDER_1.5,A_4,A_1,Over 1.5 rounds,Under 1.5 rounds,,1.5,Over 1.5,,0,-1329,-4900,+104,-4900,2026-08-24T08:21:10.868812+00:00,2026-08-21T22:09:48.281277+00:00,0.04,O,0,complete
2026-08-24T08:23:25.426353+00:00,8869,2026-08-29,UFC Fight Night: Nurmagomedov vs. Song,ufc,bilal-hasan-vs-nilson-rojas-80821,T2ZmZXJOb2RlOjEwMzY4ODkwNQ==,T3V0Y29tZU5vZGU6NjgwNTkzNQ==,Polymarket,exchange,OVERUNDER_1.5,A_4,A_1,Over 1.5 rounds,Under 1.5 rounds,,1.5,Under 1.5,,1,-1900,-4900,-156,-4900,2026-08-24T08:21:10.868812+00:00,2026-08-21T22:09:48.281277+00:00,0.04,O,0,complete
2026-08-24T08:23:25.426353+00:00,8869,2026-08-29,UFC Fight Night: Nurmagomedov vs. Song,ufc,jingnan-xiong-vs-julia-polastri-80594,T2ZmZXJOb2RlOjEwMzY3NzQ3Mg==,T3V0Y29tZU5vZGU6Njc5MTAxMg==,Polymarket,exchange,KO,A_5,A_13,wins by TKO/KO,doesn't win by TKO/KO,,2.0,Will Julia Polastri win by KO or TKO? - Yes,julia-polastri-39425,0,-1567,-4900,-525,-4900,2026-08-24T08:21:10.550735+00:00,2026-08-15T22:05:17.178253+00:00,0.04,O,0,complete
2026-08-24T09:10:48.175331+00:00,9111,2026-08-25,Dana White's Contender Series: Contender Series 2026: Week 3,dwcs,mario-piazzon-vs-guilherme-uriel-silva-costa-78018,T2ZmZXJOb2RlOjEwMzY3NDg1NQ==,T3V0Y29tZU5vZGU6Njc4NzM4OA==,Polymarket,exchange,OVERUNDER_0.5,A_4,A_1,Over 0.5 rounds,Under 0.5 rounds,,0.5,Over 0.5,,0,-1900,-3233,+488,-4900,2026-08-24T09:10:06.794597+00:00,2026-08-12T22:10:40.832031+00:00,0.01,O,0,complete
2026-08-24T09:10:48.175331+00:00,9111,2026-08-25,Dana White's Contender Series: Contender Series 2026: Week 3,dwcs,mario-piazzon-vs-guilherme-uriel-silva-costa-78018,T2ZmZXJOb2RlOjEwMzY3NDg1NQ==,T3V0Y29tZU5vZGU6Njc4NzM4OQ==,Polymarket,exchange,OVERUNDER_0.5,A_4,A_1,Over 0.5 rounds,Under 0.5 rounds,,0.5,Under 0.5,,1,-2400,-3233,-488,-4900,2026-08-24T09:10:06.794597+00:00,2026-08-12T22:10:40.832031+00:00,0.01,O,0,complete
2026-08-24T09:10:48.175331+00:00,9111,2026-08-25,Dana White's Contender Series: Contender Series 2026: Week 3,dwcs,sean-clancy-jr-vs-gary-balletto-jr-79266,T2ZmZXJOb2RlOjEwMzY3NDg2NA==,T3V0Y29tZU5vZGU6Njc4NzQwNg==,Polymarket,exchange,OVERUNDER_0.5,A_4,A_1,Over 0.5 rounds,Under 0.5 rounds,,0.5,Over 0.5,,0,-1900,-4900,+900,-4900,2026-08-24T09:10:07.044159+00:00,2026-08-12T22:10:40.958830+00:00,0.01,O,0,complete
2026-08-24T09:10:48.175331+00:00,8869,2026-08-29,UFC Fight Night: Nurmagomedov vs. Song,ufc,umar-nurmagomedov-vs-yadong-song-79649,T2ZmZXJOb2RlOjEwMzY5MDYwOQ==,T3V0Y29tZU5vZGU6NjgwODM4Mw==,Novig,exchange,OVERUNDER_4.5,A_4,A_1,Over 4.5 rounds,Under 4.5 rounds,,4.5,Under 4.5,,1,+167,+167,+170,+163,2026-08-24T09:00:44.749227+00:00,2026-08-23T16:01:02.886423+00:00,0.17,O,0,complete
2026-08-24T09:10:48.175331+00:00,8869,2026-08-29,UFC Fight Night: Nurmagomedov vs. Song,ufc,bilal-hasan-vs-nilson-rojas-80821,T2ZmZXJOb2RlOjEwMzY4ODkwNQ==,T3V0Y29tZU5vZGU6NjgwNTkzNQ==,Polymarket,exchange,OVERUNDER_1.5,A_4,A_1,Over 1.5 rounds,Under 1.5 rounds,,1.5,Under 1.5,,1,-1567,-4900,-156,-4900,2026-08-24T09:10:09.599666+00:00,2026-08-21T22:09:48.281277+00:00,0.01,O,0,complete
2026-08-24T09:10:48.175331+00:00,8869,2026-08-29,UFC Fight Night: Nurmagomedov vs. Song,ufc,jingnan-xiong-vs-julia-polastri-80594,T2ZmZXJOb2RlOjEwMzY3NzQ3Mg==,T3V0Y29tZU5vZGU6Njc5MTAxMw==,Polymarket,exchange,KO,A_5,A_13,wins by TKO/KO,doesn't win by TKO/KO,,2.0,Will Julia Polastri win by KO or TKO? - No,julia-polastri-39425,1,-2400,-4900,+400,-4900,2026-08-24T09:10:08.590589+00:00,2026-08-15T22:05:17.178253+00:00,0.01,O,0,complete
2026-08-24T09:20:31.439573+00:00,8869,2026-08-29,UFC Fight Night: Nurmagomedov vs. Song,ufc,bilal-hasan-vs-nilson-rojas-80821,T2ZmZXJOb2RlOjEwMzY4ODkwNQ==,T3V0Y29tZU5vZGU6NjgwNTkzNQ==,Polymarket,exchange,OVERUNDER_1.5,A_4,A_1,Over 1.5 rounds,Under 1.5 rounds,,1.5,Under 1.5,,1,-1900,-4900,-156,-4900,2026-08-24T09:16:08.891148+00:00,2026-08-21T22:09:48.281277+00:00,0.07,O,0,complete
2026-08-24T09:20:31.439573+00:00,8869,2026-08-29,UFC Fight Night: Nurmagomedov vs. Song,ufc,jingnan-xiong-vs-julia-polastri-80594,T2ZmZXJOb2RlOjEwMzY3NzQ3Mg==,T3V0Y29tZU5vZGU6Njc5MTAxMg==,Polymarket,exchange,KO,A_5,A_13,wins by TKO/KO,doesn't win by TKO/KO,,2.0,Will Julia Polastri win by KO or TKO? - Yes,julia-polastri-39425,0,-1900,-4900,-525,-4900,2026-08-24T09:16:08.782709+00:00,2026-08-15T22:05:17.178253+00:00,0.07,O,0,complete
2026-08-24T09:30:15.483851+00:00,9111,2026-08-25,Dana White's Contender Series: Contender Series 2026: Week 3,dwcs,mario-piazzon-vs-guilherme-uriel-silva-costa-78018,T2ZmZXJOb2RlOjEwMzY3NDg1NQ==,T3V0Y29tZU5vZGU6Njc4NzM4OA==,Polymarket,exchange,OVERUNDER_0.5,A_4,A_1,Over 0.5 rounds,Under 0.5 rounds,,0.5,Over 0.5,,0,-1567,-3233,+488,-4900,2026-08-24T09:24:59.087747+00:00,2026-08-12T22:10:40.832031+00:00,0.09,O,0,complete
2026-08-24T09:30:15.483851+00:00,9111,2026-08-25,Dana White's Contender Series: Contender Series 2026: Week 3,dwcs,sean-clancy-jr-vs-gary-balletto-jr-79266,T2ZmZXJOb2RlOjEwMzY3NDg2NA==,T3V0Y29tZU5vZGU6Njc4NzQwNg==,Polymarket,exchange,OVERUNDER_0.5,A_4,A_1,Over 0.5 rounds,Under 0.5 rounds,,0.5,Over 0.5,,0,-2400,-4900,+900,-4900,2026-08-24T09:24:59.110151+00:00,2026-08-12T22:10:40.958830+00:00,0.09,O,0,complete
2026-08-24T09:30:15.483851+00:00,9111,2026-08-25,Dana White's Contender Series: Contender Series 2026: Week 3,dwcs,sean-clancy-jr-vs-gary-balletto-jr-79266,T2ZmZXJOb2RlOjEwMzY3NDg2NA==,T3V0Y29tZU5vZGU6Njc4NzQwNw==,Polymarket,exchange,OVERUNDER_0.5,A_4,A_1,Over 0.5 rounds,Under 0.5 rounds,,0.5,Under 0.5,,1,-2400,-4900,-1329,-4900,2026-08-24T09:24:59.110151+00:00,2026-08-12T22:10:40.958830+00:00,0.09,O,0,complete
2026-08-24T09:30:15.483851+00:00,8869,2026-08-29,UFC Fight Night: Nurmagomedov vs. Song,ufc,bilal-hasan-vs-nilson-rojas-80821,T2ZmZXJOb2RlOjEwMzY4ODkwNQ==,T3V0Y29tZU5vZGU6NjgwNTkzNA==,Polymarket,exchange,OVERUNDER_1.5,A_4,A_1,Over 1.5 rounds,Under 1.5 rounds,,1.5,Over 1.5,,0,-1567,-4900,+104,-4900,2026-08-24T09:24:59.492308+00:00,2026-08-21T22:09:48.281277+00:00,0.09,O,0,complete
2026-08-24T09:30:15.483851+00:00,8869,2026-08-29,UFC Fight Night: Nurmagomedov vs. Song,ufc,bilal-hasan-vs-nilson-rojas-80821,T2ZmZXJOb2RlOjEwMzY4ODkwNQ==,T3V0Y29tZU5vZGU6NjgwNTkzNQ==,Polymarket,exchange,OVERUNDER_1.5,A_4,A_1,Over 1.5 rounds,Under 1.5 rounds,,1.5,Under 1.5,,1,-1567,-4900,-156,-4900,2026-08-24T09:24:59.492308+00:00,2026-08-21T22:09:48.281277+00:00,0.09,O,0,complete
2026-08-24T09:30:15.483851+00:00,8869,2026-08-29,UFC Fight Night: Nurmagomedov vs. Song,ufc,jingnan-xiong-vs-julia-polastri-80594,T2ZmZXJOb2RlOjEwMzY3NzQ3Mg==,T3V0Y29tZU5vZGU6Njc5MTAxMg==,Polymarket,exchange,KO,A_5,A_13,wins by TKO/KO,doesn't win by TKO/KO,,2.0,Will Julia Polastri win by KO or TKO? - Yes,julia-polastri-39425,0,-1567,-4900,-525,-4900,2026-08-24T09:24:59.373563+00:00,2026-08-15T22:05:17.178253+00:00,0.09,O,0,complete
2026-08-24T09:40:06.865403+00:00,9111,2026-08-25,Dana White's Contender Series: Contender Series 2026: Week 3,dwcs,mario-piazzon-vs-guilherme-uriel-silva-costa-78018,T2ZmZXJOb2RlOjEwMzY3NDg1NQ==,T3V0Y29tZU5vZGU6Njc4NzM4OA==,Polymarket,exchange,OVERUNDER_0.5,A_4,A_1,Over 0.5 rounds,Under 0.5 rounds,,0.5,Over 0.5,,0,-2400,-3233,+488,-4900,2026-08-24T09:35:22.874430+00:00,2026-08-12T22:10:40.832031+00:00,0.08,O,0,complete
2026-08-24T09:40:06.865403+00:00,9111,2026-08-25,Dana White's Contender Series: Contender Series 2026: Week 3,dwcs,sean-clancy-jr-vs-gary-balletto-jr-79266,T2ZmZXJOb2RlOjEwMzY3NDg2NA==,T3V0Y29tZU5vZGU6Njc4NzQwNg==,Polymarket,exchange,OVERUNDER_0.5,A_4,A_1,Over 0.5 rounds,Under 0.5 rounds,,0.5,Over 0.5,,0,-1900,-4900,+900,-4900,2026-08-24T09:35:22.916168+00:00,2026-08-12T22:10:40.958830+00:00,0.08,O,0,complete
2026-08-24T09:40:06.865403+00:00,9111,2026-08-25,Dana White's Contender Series: Contender Series 2026: Week 3,dwcs,sean-clancy-jr-vs-gary-balletto-jr-79266,T2ZmZXJOb2RlOjEwMzY3NDg2NA==,T3V0Y29tZU5vZGU6Njc4NzQwNw==,Polymarket,exchange,OVERUNDER_0.5,A_4,A_1,Over 0.5 rounds,Under 0.5 rounds,,0.5,Under 0.5,,1,-1567,-4900,-1329,-4900,2026-08-24T09:35:22.916168+00:00,2026-08-12T22:10:40.958830+00:00,0.08,O,0,complete
2026-08-24T09:40:06.865403+00:00,9111,2026-08-25,Dana White's Contender Series: Contender Series 2026: Week 3,dwcs,alexis-miranda-vs-ronald-humphrey-79267,T2ZmZXJOb2RlOjEwMzY3NDg3MA==,T3V0Y29tZU5vZGU6Njc4NzQxOQ==,Polymarket,exchange,KO,A_5,A_13,wins by TKO/KO,doesn't win by TKO/KO,,2.0,Will Ronald Humphrey win by KO or TKO? - No,ronald-humphrey-71850,1,-285,-3233,-245,-4900,2026-08-24T09:35:22.939168+00:00,2026-08-12T22:10:41.041835+00:00,0.08,O,0,complete
2026-08-24T09:40:06.865403+00:00,8869,2026-08-29,UFC Fight Night: Nurmagomedov vs. Song,ufc,bilal-hasan-vs-nilson-rojas-80821,T2ZmZXJOb2RlOjEwMzY4ODkwNQ==,T3V0Y29tZU5vZGU6NjgwNTkzNA==,Polymarket,exchange,OVERUNDER_1.5,A_4,A_1,Over 1.5 rounds,Under 1.5 rounds,,1.5,Over 1.5,,0,-1900,-4900,+104,-4900,2026-08-24T09:35:23.478884+00:00,2026-08-21T22:09:48.281277+00:00,0.08,O,0,complete
2026-08-24T09:40:06.865403+00:00,8869,2026-08-29,UFC Fight Night: Nurmagomedov vs. Song,ufc,bilal-hasan-vs-nilson-rojas-80821,T2ZmZXJOb2RlOjEwMzY4ODkwNQ==,T3V0Y29tZU5vZGU6NjgwNTkzNQ==,Polymarket,exchange,OVERUNDER_1.5,A_4,A_1,Over 1.5 rounds,Under 1.5 rounds,,1.5,Under 1.5,,1,-2400,-4900,-156,-4900,2026-08-24T09:35:23.478884+00:00,2026-08-21T22:09:48.281277+00:00,0.08,O,0,complete
2026-08-24T09:40:06.865403+00:00,8869,2026-08-29,UFC Fight Night: Nurmagomedov vs. Song,ufc,jingnan-xiong-vs-julia-polastri-80594,T2ZmZXJOb2RlOjEwMzY3NzQ3Mg==,T3V0Y29tZU5vZGU6Njc5MTAxMw==,Polymarket,exchange,KO,A_5,A_13,wins by TKO/KO,doesn't win by TKO/KO,,2.0,Will Julia Polastri win by KO or TKO? - No,julia-polastri-39425,1,-1900,-4900,+400,-4900,2026-08-24T09:35:23.305979+00:00,2026-08-15T22:05:17.178253+00:00,0.08,O,0,complete
2026-08-24T09:49:53.056953+00:00,9111,2026-08-25,Dana White's Contender Series: Contender Series 2026: Week 3,dwcs,mario-piazzon-vs-guilherme-uriel-silva-costa-78018,T2ZmZXJOb2RlOjEwMzY3NDg1NQ==,T3V0Y29tZU5vZGU6Njc4NzM4OQ==,Polymarket,exchange,OVERUNDER_0.5,A_4,A_1,Over 0.5 rounds,Under 0.5 rounds,,0.5,Under 0.5,,1,-1567,-3233,-488,-4900,2026-08-24T09:45:51.185689+00:00,2026-08-12T22:10:40.832031+00:00,0.07,O,0,complete
2026-08-24T09:49:53.056953+00:00,9111,2026-08-25,Dana White's Contender Series: Contender Series 2026: Week 3,dwcs,sean-clancy-jr-vs-gary-balletto-jr-79266,T2ZmZXJOb2RlOjEwMzY3NDg2NA==,T3V0Y29tZU5vZGU6Njc4NzQwNg==,Polymarket,exchange,OVERUNDER_0.5,A_4,A_1,Over 0.5 rounds,Under 0.5 rounds,,0.5,Over 0.5,,0,-1567,-4900,+900,-4900,2026-08-24T09:45:51.215149+00:00,2026-08-12T22:10:40.958830+00:00,0.07,O,0,complete
2026-08-24T09:49:53.056953+00:00,8869,2026-08-29,UFC Fight Night: Nurmagomedov vs. Song,ufc,alex-perez-vs-su-mudaerji-79689,T2ZmZXJOb2RlOjEwMzY3NzQ0MA==,T3V0Y29tZU5vZGU6Njc5MDk0OQ==,Polymarket,exchange,OVERUNDER_2.5,A_4,A_1,Over 2.5 rounds,Under 2.5 rounds,,2.5,Under 2.5,,1,-117,-9900,-117,-9900,2026-08-24T09:45:51.704682+00:00,2026-08-15T22:05:14.629578+00:00,0.07,O,0,complete
2026-08-24T09:49:53.056953+00:00,8869,2026-08-29,UFC Fight Night: Nurmagomedov vs. Song,ufc,bilal-hasan-vs-nilson-rojas-80821,T2ZmZXJOb2RlOjEwMzY4ODkwNQ==,T3V0Y29tZU5vZGU6NjgwNTkzNQ==,Polymarket,exchange,OVERUNDER_1.5,A_4,A_1,Over 1.5 rounds,Under 1.5 rounds,,1.5,Under 1.5,,1,-1900,-4900,-156,-4900,2026-08-24T09:45:52.323428+00:00,2026-08-21T22:09:48.281277+00:00,0.07,O,0,complete
2026-08-24T09:49:53.056953+00:00,8869,2026-08-29,UFC Fight Night: Nurmagomedov vs. Song,ufc,jingnan-xiong-vs-julia-polastri-80594,T2ZmZXJOb2RlOjEwMzY3NzQ3Mg==,T3V0Y29tZU5vZGU6Njc5MTAxMg==,Polymarket,exchange,KO,A_5,A_13,wins by TKO/KO,doesn't win by TKO/KO,,2.0,Will Julia Polastri win by KO or TKO? - Yes,julia-polastri-39425,0,-1900,-4900,-525,-4900,2026-08-24T09:45:51.977468+00:00,2026-08-15T22:05:17.178253+00:00,0.07,O,0,complete
2026-08-24T09:49:53.056953+00:00,8869,2026-08-29,UFC Fight Night: Nurmagomedov vs. Song,ufc,jingnan-xiong-vs-julia-polastri-80594,T2ZmZXJOb2RlOjEwMzY3NzQ3Mg==,T3V0Y29tZU5vZGU6Njc5MTAxMw==,Polymarket,exchange,KO,A_5,A_13,wins by TKO/KO,doesn't win by TKO/KO,,2.0,Will Julia Polastri win by KO or TKO? - No,julia-polastri-39425,1,-2400,-4900,+400,-4900,2026-08-24T09:45:51.977468+00:00,2026-08-15T22:05:17.178253+00:00,0.07,O,0,complete
2026-08-24T09:59:44.658008+00:00,9111,2026-08-25,Dana White's Contender Series: Contender Series 2026: Week 3,dwcs,mario-piazzon-vs-guilherme-uriel-silva-costa-78018,T2ZmZXJOb2RlOjEwMzY3NDg1NQ==,T3V0Y29tZU5vZGU6Njc4NzM4OA==,Polymarket,exchange,OVERUNDER_0.5,A_4,A_1,Over 0.5 rounds,Under 0.5 rounds,,0.5,Over 0.5,,0,-1567,-3233,+488,-4900,2026-08-24T09:55:43.211543+00:00,2026-08-12T22:10:40.832031+00:00,0.07,O,0,complete
2026-08-24T09:59:44.658008+00:00,9111,2026-08-25,Dana White's Contender Series: Contender Series 2026: Week 3,dwcs,sean-clancy-jr-vs-gary-balletto-jr-79266,T2ZmZXJOb2RlOjEwMzY3NDg2NA==,T3V0Y29tZU5vZGU6Njc4NzQwNg==,Polymarket,exchange,OVERUNDER_0.5,A_4,A_1,Over 0.5 rounds,Under 0.5 rounds,,0.5,Over 0.5,,0,-2400,-4900,+900,-4900,2026-08-24T09:55:43.240167+00:00,2026-08-12T22:10:40.958830+00:00,0.07,O,0,complete
2026-08-24T09:59:44.658008+00:00,9111,2026-08-25,Dana White's Contender Series: Contender Series 2026: Week 3,dwcs,sean-clancy-jr-vs-gary-balletto-jr-79266,T2ZmZXJOb2RlOjEwMzY3NDg2NA==,T3V0Y29tZU5vZGU6Njc4NzQwNw==,Polymarket,exchange,OVERUNDER_0.5,A_4,A_1,Over 0.5 rounds,Under 0.5 rounds,,0.5,Under 0.5,,1,-1900,-4900,-1329,-4900,2026-08-24T09:55:43.240167+00:00,2026-08-12T22:10:40.958830+00:00,0.07,O,0,complete
2026-08-24T09:59:44.658008+00:00,8869,2026-08-29,UFC Fight Night: Nurmagomedov vs. Song,ufc,xiaonan-yan-vs-denise-gomes-79865,T2ZmZXJOb2RlOjEwMzY3NzQyMA==,T3V0Y29tZU5vZGU6Njc5MDkwOA==,Polymarket,exchange,END_SUB,A_4,A_5,Fight ends in submission,Fight doesn't end in submission,,,Will the fight be won by submission? - Yes,,0,-2400,-4900,-1900,-4900,2026-08-24T09:55:43.347730+00:00,2026-08-15T22:05:13.279636+00:00,0.07,O,0,complete
2026-08-24T09:59:44.658008+00:00,8869,2026-08-29,UFC Fight Night: Nurmagomedov vs. Song,ufc,jingnan-xiong-vs-julia-polastri-80594,T2ZmZXJOb2RlOjEwMzY3NzQ3Mg==,T3V0Y29tZU5vZGU6Njc5MTAxMw==,Polymarket,exchange,KO,A_5,A_13,wins by TKO/KO,doesn't win by TKO/KO,,2.0,Will Julia Polastri win by KO or TKO? - No,julia-polastri-39425,1,-1900,-4900,+400,-4900,2026-08-24T09:55:43.512729+00:00,2026-08-15T22:05:17.178253+00:00,0.07,O,0,complete
2026-08-24T09:59:44.658008+00:00,8869,2026-08-29,UFC Fight Night: Nurmagomedov vs. Song,ufc,jingnan-xiong-vs-julia-polastri-80594,T2ZmZXJOb2RlOjEwMzY3NzQ4Ng==,T3V0Y29tZU5vZGU6Njc5MTA0MA==,Polymarket,exchange,DISTANCE,A_4,A_2,Fight goes the distance,Fight ends inside distance,,,Fight to Go the Distance? - Yes,,0,-2400,-3233,-2400,-4900,2026-08-24T09:55:43.505011+00:00,2026-08-15T22:14:29.991355+00:00,0.07,O,0,complete
2026-08-24T10:08:54.213430+00:00,9111,2026-08-25,Dana White's Contender Series: Contender Series 2026: Week 3,dwcs,mario-piazzon-vs-guilherme-uriel-silva-costa-78018,T2ZmZXJOb2RlOjEwMzY3NDg1NQ==,T3V0Y29tZU5vZGU6Njc4NzM4OA==,Polymarket,exchange,OVERUNDER_0.5,A_4,A_1,Over 0.5 rounds,Under 0.5 rounds,,0.5,Over 0.5,,0,-2400,-3233,+488,-4900,2026-08-24T10:06:05.450686+00:00,2026-08-12T22:10:40.832031+00:00,0.05,O,0,complete
2026-08-24T10:08:54.213430+00:00,9111,2026-08-25,Dana White's Contender Series: Contender Series 2026: Week 3,dwcs,mario-piazzon-vs-guilherme-uriel-silva-costa-78018,T2ZmZXJOb2RlOjEwMzY3NDg1NQ==,T3V0Y29tZU5vZGU6Njc4NzM4OQ==,Polymarket,exchange,OVERUNDER_0.5,A_4,A_1,Over 0.5 rounds,Under 0.5 rounds,,0.5,Under 0.5,,1,-2400,-3233,-488,-4900,2026-08-24T10:06:05.450686+00:00,2026-08-12T22:10:40.832031+00:00,0.05,O,0,complete
2026-08-24T10:08:54.213430+00:00,9111,2026-08-25,Dana White's Contender Series: Contender Series 2026: Week 3,dwcs,sean-clancy-jr-vs-gary-balletto-jr-79266,T2ZmZXJOb2RlOjEwMzY3NDg2NA==,T3V0Y29tZU5vZGU6Njc4NzQwNg==,Polymarket,exchange,OVERUNDER_0.5,A_4,A_1,Over 0.5 rounds,Under 0.5 rounds,,0.5,Over 0.5,,0,-1900,-4900,+900,-4900,2026-08-24T10:06:05.714830+00:00,2026-08-12T22:10:40.958830+00:00,0.05,O,0,complete
2026-08-24T10:08:54.213430+00:00,9111,2026-08-25,Dana White's Contender Series: Contender Series 2026: Week 3,dwcs,sean-clancy-jr-vs-gary-balletto-jr-79266,T2ZmZXJOb2RlOjEwMzY3NDg2NA==,T3V0Y29tZU5vZGU6Njc4NzQwNw==,Polymarket,exchange,OVERUNDER_0.5,A_4,A_1,Over 0.5 rounds,Under 0.5 rounds,,0.5,Under 0.5,,1,-1567,-4900,-1329,-4900,2026-08-24T10:06:05.714830+00:00,2026-08-12T22:10:40.958830+00:00,0.05,O,0,complete
2026-08-24T10:08:54.213430+00:00,9111,2026-08-25,Dana White's Contender Series: Contender Series 2026: Week 3,dwcs,alexis-miranda-vs-ronald-humphrey-79267,T2ZmZXJOb2RlOjEwMzY3NDg3MA==,T3V0Y29tZU5vZGU6Njc4NzQxOQ==,Polymarket,exchange,KO,A_5,A_13,wins by TKO/KO,doesn't win by TKO/KO,,2.0,Will Ronald Humphrey win by KO or TKO? - No,ronald-humphrey-71850,1,-300,-3233,-245,-4900,2026-08-24T10:00:03.199972+00:00,2026-08-12T22:10:41.041835+00:00,0.15,O,0,complete
2026-08-24T10:08:54.213430+00:00,8869,2026-08-29,UFC Fight Night: Nurmagomedov vs. Song,ufc,umar-nurmagomedov-vs-yadong-song-79649,T2ZmZXJOb2RlOjEwMzY5MDYwOQ==,T3V0Y29tZU5vZGU6NjgwODM4Mg==,Novig,exchange,OVERUNDER_4.5,A_4,A_1,Over 4.5 rounds,Under 4.5 rounds,,4.5,Over 4.5,,0,-170,-160,-160,-245,2026-08-24T10:00:49.775740+00:00,2026-08-23T16:01:02.886423+00:00,0.13,O,0,complete
2026-08-24T10:08:54.213430+00:00,8869,2026-08-29,UFC Fight Night: Nurmagomedov vs. Song,ufc,xiaonan-yan-vs-denise-gomes-79865,T2ZmZXJOb2RlOjEwMzY3NzQyMA==,T3V0Y29tZU5vZGU6Njc5MDkwOA==,Polymarket,exchange,END_SUB,A_4,A_5,Fight ends in submission,Fight doesn't end in submission,,,Will the fight be won by submission? - Yes,,0,-3233,-4900,-1900,-4900,2026-08-24T10:00:03.692764+00:00,2026-08-15T22:05:13.279636+00:00,0.15,O,0,complete
2026-08-24T10:08:54.213430+00:00,8869,2026-08-29,UFC Fight Night: Nurmagomedov vs. Song,ufc,kai-asakura-vs-qileng-aori-80038,T2ZmZXJOb2RlOjEwMzY3NzQyOA==,T3V0Y29tZU5vZGU6Njc5MDkyNA==,Polymarket,exchange,KO,A_5,A_13,wins by TKO/KO,doesn't win by TKO/KO,,2.0,Will Aoriqileng win by KO or TKO? - Yes,qileng-aori-28905,0,-2400,-4900,-1900,-4900,2026-08-24T10:00:04.068685+00:00,2026-08-15T22:05:13.748918+00:00,0.15,O,0,complete
2026-08-24T10:08:54.213430+00:00,8869,2026-08-29,UFC Fight Night: Nurmagomedov vs. Song,ufc,kai-asakura-vs-qileng-aori-80038,T2ZmZXJOb2RlOjEwMzY3NzQyOA==,T3V0Y29tZU5vZGU6Njc5MDkyNQ==,Polymarket,exchange,KO,A_5,A_13,wins by TKO/KO,doesn't win by TKO/KO,,2.0,Will Aoriqileng win by KO or TKO? - No,qileng-aori-28905,1,-2400,-4900,-1900,-4900,2026-08-24T10:00:04.068685+00:00,2026-08-15T22:05:13.748918+00:00,0.15,O,0,complete
2026-08-24T10:08:54.213430+00:00,8869,2026-08-29,UFC Fight Night: Nurmagomedov vs. Song,ufc,bilal-hasan-vs-nilson-rojas-80821,T2ZmZXJOb2RlOjEwMzY4ODkwNQ==,T3V0Y29tZU5vZGU6NjgwNTkzNQ==,Polymarket,exchange,OVERUNDER_1.5,A_4,A_1,Over 1.5 rounds,Under 1.5 rounds,,1.5,Under 1.5,,1,-3233,-4900,-156,-4900,2026-08-24T10:06:07.190110+00:00,2026-08-21T22:09:48.281277+00:00,0.05,O,0,complete
2026-08-24T10:08:54.213430+00:00,8869,2026-08-29,UFC Fight Night: Nurmagomedov vs. Song,ufc,jack-jenkins-vs-sean-woodson-80520,T2ZmZXJOb2RlOjEwMzY3NzQ2MA==,T3V0Y29tZU5vZGU6Njc5MDk4OQ==,Polymarket,exchange,KO,A_5,A_13,wins by TKO/KO,doesn't win by TKO/KO,,2.0,Will Jack Jenkins win by KO or TKO? - No,jack-jenkins-48125,1,-2400,-4900,-1900,-4900,2026-08-24T10:06:06.704708+00:00,2026-08-15T22:05:16.056434+00:00,0.05,O,0,complete
2026-08-24T10:08:54.213430+00:00,8869,2026-08-29,UFC Fight Night: Nurmagomedov vs. Song,ufc,jingnan-xiong-vs-julia-polastri-80594,T2ZmZXJOb2RlOjEwMzY3NzQ3Mg==,T3V0Y29tZU5vZGU6Njc5MTAxMw==,Polymarket,exchange,KO,A_5,A_13,wins by TKO/KO,doesn't win by TKO/KO,,2.0,Will Julia Polastri win by KO or TKO? - No,julia-polastri-39425,1,-2400,-4900,+400,-4900,2026-08-24T10:06:06.795621+00:00,2026-08-15T22:05:17.178253+00:00,0.05,O,0,complete
2026-08-24T10:08:54.213430+00:00,8869,2026-08-29,UFC Fight Night: Nurmagomedov vs. Song,ufc,jingnan-xiong-vs-julia-polastri-80594,T2ZmZXJOb2RlOjEwMzY3NzQ4Ng==,T3V0Y29tZU5vZGU6Njc5MTA0MA==,Polymarket,exchange,DISTANCE,A_4,A_2,Fight goes the distance,Fight ends inside distance,,,Fight to Go the Distance? - Yes,,0,-3233,-3233,-2400,-4900,2026-08-24T10:00:04.733688+00:00,2026-08-15T22:14:29.991355+00:00,0.15,O,0,complete
2026-08-24T10:18:39.899858+00:00,9111,2026-08-25,Dana White's Contender Series: Contender Series 2026: Week 3,dwcs,mario-piazzon-vs-guilherme-uriel-silva-costa-78018,T2ZmZXJOb2RlOjEwMzY3NDg1NQ==,T3V0Y29tZU5vZGU6Njc4NzM4OQ==,Polymarket,exchange,OVERUNDER_0.5,A_4,A_1,Over 0.5 rounds,Under 0.5 rounds,,0.5,Under 0.5,,1,-1900,-3233,-488,-4900,2026-08-24T10:15:15.997895+00:00,2026-08-12T22:10:40.832031+00:00,0.06,O,0,complete
2026-08-24T10:18:39.899858+00:00,9111,2026-08-25,Dana White's Contender Series: Contender Series 2026: Week 3,dwcs,sean-clancy-jr-vs-gary-balletto-jr-79266,T2ZmZXJOb2RlOjEwMzY3NDg2NA==,T3V0Y29tZU5vZGU6Njc4NzQwNg==,Polymarket,exchange,OVERUNDER_0.5,A_4,A_1,Over 0.5 rounds,Under 0.5 rounds,,0.5,Over 0.5,,0,-2400,-4900,+900,-4900,2026-08-24T10:15:16.116902+00:00,2026-08-12T22:10:40.958830+00:00,0.06,O,0,complete
2026-08-24T10:18:39.899858+00:00,9111,2026-08-25,Dana White's Contender Series: Contender Series 2026: Week 3,dwcs,sean-clancy-jr-vs-gary-balletto-jr-79266,T2ZmZXJOb2RlOjEwMzY3NDg2NA==,T3V0Y29tZU5vZGU6Njc4NzQwNw==,Polymarket,exchange,OVERUNDER_0.5,A_4,A_1,Over 0.5 rounds,Under 0.5 rounds,,0.5,Under 0.5,,1,-1900,-4900,-1329,-4900,2026-08-24T10:15:16.116902+00:00,2026-08-12T22:10:40.958830+00:00,0.06,O,0,complete
2026-08-24T10:18:39.899858+00:00,9111,2026-08-25,Dana White's Contender Series: Contender Series 2026: Week 3,dwcs,alexis-miranda-vs-ronald-humphrey-79267,T2ZmZXJOb2RlOjEwMzY3NDg3MA==,T3V0Y29tZU5vZGU6Njc4NzQxOA==,Polymarket,exchange,KO,A_5,A_13,wins by TKO/KO,doesn't win by TKO/KO,,2.0,Will Ronald Humphrey win by KO or TKO? - Yes,ronald-humphrey-71850,0,-3233,-3233,-2400,-4900,2026-08-24T10:15:16.174954+00:00,2026-08-12T22:10:41.041835+00:00,0.06,O,0,complete
2026-08-24T10:18:39.899858+00:00,8869,2026-08-29,UFC Fight Night: Nurmagomedov vs. Song,ufc,umar-nurmagomedov-vs-yadong-song-79649,T2ZmZXJOb2RlOjEwMzY5MDYwOQ==,T3V0Y29tZU5vZGU6NjgwODM4Mg==,Novig,exchange,OVERUNDER_4.5,A_4,A_1,Over 4.5 rounds,Under 4.5 rounds,,4.5,Over 4.5,,0,-190,-160,-160,-245,2026-08-24T10:15:26.188137+00:00,2026-08-23T16:01:02.886423+00:00,0.05,O,0,complete
2026-08-24T10:18:39.899858+00:00,8869,2026-08-29,UFC Fight Night: Nurmagomedov vs. Song,ufc,umar-nurmagomedov-vs-yadong-song-79649,T2ZmZXJOb2RlOjEwMzY3NzQwOQ==,T3V0Y29tZU5vZGU6Njc5MDg4Nw==,Polymarket,exchange,END_SUB,A_4,A_5,Fight ends in submission,Fight doesn't end in submission,,,Will the fight be won by submission? - No,,1,-3233,-4900,-2400,-4900,2026-08-24T10:15:16.508978+00:00,2026-08-15T22:05:12.606747+00:00,0.06,O,0,complete
2026-08-24T10:18:39.899858+00:00,8869,2026-08-29,UFC Fight Night: Nurmagomedov vs. Song,ufc,xiaonan-yan-vs-denise-gomes-79865,T2ZmZXJOb2RlOjEwMzY5MDgxNA==,T3V0Y29tZU5vZGU6NjgwODc5MA==,Novig,exchange,OVERUNDER_2.5,A_4,A_1,Over 2.5 rounds,Under 2.5 rounds,,2.5,Over 2.5,,0,-300,-326,-300,-326,2026-08-24T10:15:26.158374+00:00,2026-08-24T03:00:35.708190+00:00,0.05,O,0,complete
2026-08-24T10:18:39.899858+00:00,8869,2026-08-29,UFC Fight Night: Nurmagomedov vs. Song,ufc,xiaonan-yan-vs-denise-gomes-79865,T2ZmZXJOb2RlOjEwMzY5MDgxNA==,T3V0Y29tZU5vZGU6NjgwODc5MQ==,Novig,exchange,OVERUNDER_2.5,A_4,A_1,Over 2.5 rounds,Under 2.5 rounds,,2.5,Under 2.5,,1,+228,+212,+228,+212,2026-08-24T10:15:26.158374+00:00,2026-08-24T03:00:35.708190+00:00,0.05,O,0,complete
2026-08-24T10:18:39.899858+00:00,8869,2026-08-29,UFC Fight Night: Nurmagomedov vs. Song,ufc,kai-asakura-vs-qileng-aori-80038,T2ZmZXJOb2RlOjEwMzY3NzQyOA==,T3V0Y29tZU5vZGU6Njc5MDkyNA==,Polymarket,exchange,KO,A_5,A_13,wins by TKO/KO,doesn't win by TKO/KO,,2.0,Will Aoriqileng win by KO or TKO? - Yes,qileng-aori-28905,0,-3233,-4900,-1900,-4900,2026-08-24T10:15:16.752981+00:00,2026-08-15T22:05:13.748918+00:00,0.06,O,0,complete
2026-08-24T10:18:39.899858+00:00,8869,2026-08-29,UFC Fight Night: Nurmagomedov vs. Song,ufc,kai-asakura-vs-qileng-aori-80038,T2ZmZXJOb2RlOjEwMzY3NzQyOA==,T3V0Y29tZU5vZGU6Njc5MDkyNQ==,Polymarket,exchange,KO,A_5,A_13,wins by TKO/KO,doesn't win by TKO/KO,,2.0,Will Aoriqileng win by KO or TKO? - No,qileng-aori-28905,1,-3233,-4900,-1900,-4900,2026-08-24T10:15:16.752981+00:00,2026-08-15T22:05:13.748918+00:00,0.06,O,0,complete
2026-08-24T10:18:39.899858+00:00,8869,2026-08-29,UFC Fight Night: Nurmagomedov vs. Song,ufc,alex-perez-vs-su-mudaerji-79689,T2ZmZXJOb2RlOjEwMzY3NzQzNg==,T3V0Y29tZU5vZGU6Njc5MDk0MQ==,Polymarket,exchange,KO,A_5,A_13,wins by TKO/KO,doesn't win by TKO/KO,,2.0,Will Sumudaerji win by KO or TKO? - No,su-mudaerji-29403,1,-3233,-4900,-1900,-4900,2026-08-24T10:15:16.874066+00:00,2026-08-15T22:05:14.326001+00:00,0.06,O,0,complete
2026-08-24T10:18:39.899858+00:00,8869,2026-08-29,UFC Fight Night: Nurmagomedov vs. Song,ufc,alex-perez-vs-su-mudaerji-79689,T2ZmZXJOb2RlOjEwMzY3NzQzNA==,T3V0Y29tZU5vZGU6Njc5MDkzNw==,Polymarket,exchange,END_KO,A_4,A_5,"Fight ends by KO, TKO or DQ","Fight doesn't end by KO, TKO or DQ",,,Will the fight be won by KO or TKO? - No,,1,-3233,-4900,-2400,-4900,2026-08-24T10:15:16.847974+00:00,2026-08-15T22:05:14.202817+00:00,0.06,O,0,complete
2026-08-24T10:18:39.899858+00:00,8869,2026-08-29,UFC Fight Night: Nurmagomedov vs. Song,ufc,alex-perez-vs-su-mudaerji-79689,T2ZmZXJOb2RlOjEwMzY3NzQzNw==,T3V0Y29tZU5vZGU6Njc5MDk0Mg==,Polymarket,exchange,END_SUB,A_4,A_5,Fight ends in submission,Fight doesn't end in submission,,,Will the fight be won by submission? - Yes,,0,-3233,-4900,-2400,-4900,2026-08-24T10:15:16.884743+00:00,2026-08-15T22:05:14.393859+00:00,0.06,O,0,complete
2026-08-24T10:18:39.899858+00:00,8869,2026-08-29,UFC Fight Night: Nurmagomedov vs. Song,ufc,bilal-hasan-vs-nilson-rojas-80821,T2ZmZXJOb2RlOjEwMzY4ODkwNQ==,T3V0Y29tZU5vZGU6NjgwNTkzNQ==,Polymarket,exchange,OVERUNDER_1.5,A_4,A_1,Over 1.5 rounds,Under 1.5 rounds,,1.5,Under 1.5,,1,-1900,-4900,-156,-4900,2026-08-24T10:15:17.892015+00:00,2026-08-21T22:09:48.281277+00:00,0.06,O,0,complete
2026-08-24T10:18:39.899858+00:00,8869,2026-08-29,UFC Fight Night: Nurmagomedov vs. Song,ufc,jack-jenkins-vs-sean-woodson-80520,T2ZmZXJOb2RlOjEwMzY3NzQ1OQ==,T3V0Y29tZU5vZGU6Njc5MDk4Nw==,Polymarket,exchange,KO,A_5,A_13,wins by TKO/KO,doesn't win by TKO/KO,,2.0,Will Sean Woodson win by KO or TKO? - No,sean-woodson-11833,1,-3233,-4900,-1900,-4900,2026-08-24T10:15:17.232933+00:00,2026-08-15T22:05:15.973803+00:00,0.06,O,0,complete
2026-08-24T10:18:39.899858+00:00,8869,2026-08-29,UFC Fight Night: Nurmagomedov vs. Song,ufc,jingnan-xiong-vs-julia-polastri-80594,T2ZmZXJOb2RlOjEwMzY3NzQ3Mg==,T3V0Y29tZU5vZGU6Njc5MTAxMg==,Polymarket,exchange,KO,A_5,A_13,wins by TKO/KO,doesn't win by TKO/KO,,2.0,Will Julia Polastri win by KO or TKO? - Yes,julia-polastri-39425,0,-1567,-4900,-525,-4900,2026-08-24T10:15:17.473432+00:00,2026-08-15T22:05:17.178253+00:00,0.06,O,0,complete
2026-08-24T10:18:39.899858+00:00,8869,2026-08-29,UFC Fight Night: Nurmagomedov vs. Song,ufc,jingnan-xiong-vs-julia-polastri-80594,T2ZmZXJOb2RlOjEwMzY3NzQ3Mg==,T3V0Y29tZU5vZGU6Njc5MTAxMw==,Polymarket,exchange,KO,A_5,A_13,wins by TKO/KO,doesn't win by TKO/KO,,2.0,Will Julia Polastri win by KO or TKO? - No,julia-polastri-39425,1,-1900,-4900,+400,-4900,2026-08-24T10:15:17.473432+00:00,2026-08-15T22:05:17.178253+00:00,0.06,O,0,complete
2026-08-24T10:18:39.899858+00:00,8869,2026-08-29,UFC Fight Night: Nurmagomedov vs. Song,ufc,meng-ding-vs-cameron-nelson-80702,T2ZmZXJOb2RlOjEwMzY5MDI4NQ==,T3V0Y29tZU5vZGU6NjgwNzc5MQ==,Polymarket,exchange,END_KO,A_4,A_5,"Fight ends by KO, TKO or DQ","Fight doesn't end by KO, TKO or DQ",,,Will the fight be won by KO or TKO? - No,,1,-3233,-4900,-1567,-4900,2026-08-24T10:15:18.026414+00:00,2026-08-22T22:09:54.430285+00:00,0.06,O,0,complete
2026-08-24T10:28:23.271907+00:00,9111,2026-08-25,Dana White's Contender Series: Contender Series 2026: Week 3,dwcs,mario-piazzon-vs-guilherme-uriel-silva-costa-78018,T2ZmZXJOb2RlOjEwMzY3NDg1NQ==,T3V0Y29tZU5vZGU6Njc4NzM4OA==,Polymarket,exchange,OVERUNDER_0.5,A_4,A_1,Over 0.5 rounds,Under 0.5 rounds,,0.5,Over 0.5,,0,-1567,-3233,+488,-4900,2026-08-24T10:25:26.049437+00:00,2026-08-12T22:10:40.832031+00:00,0.05,O,0,complete
2026-08-24T10:28:23.271907+00:00,9111,2026-08-25,Dana White's Contender Series: Contender Series 2026: Week 3,dwcs,mario-piazzon-vs-guilherme-uriel-silva-costa-78018,T2ZmZXJOb2RlOjEwMzY3NDg1NQ==,T3V0Y29tZU5vZGU6Njc4NzM4OQ==,Polymarket,exchange,OVERUNDER_0.5,A_4,A_1,Over 0.5 rounds,Under 0.5 rounds,,0.5,Under 0.5,,1,-1567,-3233,-488,-4900,2026-08-24T10:25:26.049437+00:00,2026-08-12T22:10:40.832031+00:00,0.05,O,0,complete
2026-08-24T10:28:23.271907+00:00,9111,2026-08-25,Dana White's Contender Series: Contender Series 2026: Week 3,dwcs,sean-clancy-jr-vs-gary-balletto-jr-79266,T2ZmZXJOb2RlOjEwMzY3NDg2NA==,T3V0Y29tZU5vZGU6Njc4NzQwNg==,Polymarket,exchange,OVERUNDER_0.5,A_4,A_1,Over 0.5 rounds,Under 0.5 rounds,,0.5,Over 0.5,,0,-1567,-4900,+900,-4900,2026-08-24T10:25:26.259468+00:00,2026-08-12T22:10:40.958830+00:00,0.05,O,0,complete
2026-08-24T10:28:23.271907+00:00,9111,2026-08-25,Dana White's Contender Series: Contender Series 2026: Week 3,dwcs,sean-clancy-jr-vs-gary-balletto-jr-79266,T2ZmZXJOb2RlOjEwMzY3NDg2NA==,T3V0Y29tZU5vZGU6Njc4NzQwNw==,Polymarket,exchange,OVERUNDER_0.5,A_4,A_1,Over 0.5 rounds,Under 0.5 rounds,,0.5,Under 0.5,,1,-2400,-4900,-1329,-4900,2026-08-24T10:25:26.259468+00:00,2026-08-12T22:10:40.958830+00:00,0.05,O,0,complete
2026-08-24T10:28:23.271907+00:00,8869,2026-08-29,UFC Fight Night: Nurmagomedov vs. Song,ufc,bilal-hasan-vs-nilson-rojas-80821,T2ZmZXJOb2RlOjEwMzY4ODkwNQ==,T3V0Y29tZU5vZGU6NjgwNTkzNQ==,Polymarket,exchange,OVERUNDER_1.5,A_4,A_1,Over 1.5 rounds,Under 1.5 rounds,,1.5,Under 1.5,,1,-3233,-4900,-156,-4900,2026-08-24T10:25:29.834961+00:00,2026-08-21T22:09:48.281277+00:00,0.05,O,0,complete
2026-08-24T10:28:23.271907+00:00,8869,2026-08-29,UFC Fight Night: Nurmagomedov vs. Song,ufc,jingnan-xiong-vs-julia-polastri-80594,T2ZmZXJOb2RlOjEwMzY3NzQ3Mg==,T3V0Y29tZU5vZGU6Njc5MTAxMg==,Polymarket,exchange,KO,A_5,A_13,wins by TKO/KO,doesn't win by TKO/KO,,2.0,Will Julia Polastri win by KO or TKO? - Yes,julia-polastri-39425,0,-1900,-4900,-525,-4900,2026-08-24T10:25:28.272927+00:00,2026-08-15T22:05:17.178253+00:00,0.05,O,0,complete
2026-08-24T10:28:23.271907+00:00,8869,2026-08-29,UFC Fight Night: Nurmagomedov vs. Song,ufc,jingnan-xiong-vs-julia-polastri-80594,T2ZmZXJOb2RlOjEwMzY3NzQ3Mg==,T3V0Y29tZU5vZGU6Njc5MTAxMw==,Polymarket,exchange,KO,A_5,A_13,wins by TKO/KO,doesn't win by TKO/KO,,2.0,Will Julia Polastri win by KO or TKO? - No,julia-polastri-39425,1,-2400,-4900,+400,-4900,2026-08-24T10:25:28.272927+00:00,2026-08-15T22:05:17.178253+00:00,0.05,O,0,complete
2026-08-24T10:38:04.688899+00:00,8869,2026-08-29,UFC Fight Night: Nurmagomedov vs. Song,ufc,kai-asakura-vs-qileng-aori-80038,T2ZmZXJOb2RlOjEwMzY5MDgxMw==,T3V0Y29tZU5vZGU6NjgwODc4OQ==,Novig,exchange,OVERUNDER_2.5,A_4,A_1,Over 2.5 rounds,Under 2.5 rounds,,2.5,Under 2.5,,1,-239,-233,-233,-239,2026-08-24T10:30:37.194348+00:00,2026-08-24T03:00:35.619874+00:00,0.12,O,0,complete
2026-08-24T10:38:04.688899+00:00,8869,2026-08-29,UFC Fight Night: Nurmagomedov vs. Song,ufc,andre-lima-vs-namsrai-batbayar-80336,T2ZmZXJOb2RlOjEwMzY5MDgzMQ==,T3V0Y29tZU5vZGU6NjgwODgyMw==,Novig,exchange,OVERUNDER_2.5,A_4,A_1,Over 2.5 rounds,Under 2.5 rounds,,2.5,Over 2.5,,0,+106,+106,+106,+106,2026-08-24T10:30:37.874744+00:00,2026-08-24T10:30:37.508289+00:00,0.12,O,0,complete
2026-08-24T10:38:04.688899+00:00,8869,2026-08-29,UFC Fight Night: Nurmagomedov vs. Song,ufc,andre-lima-vs-namsrai-batbayar-80336,T2ZmZXJOb2RlOjEwMzY5MDgzMQ==,T3V0Y29tZU5vZGU6NjgwODgyNA==,Novig,exchange,OVERUNDER_2.5,A_4,A_1,Over 2.5 rounds,Under 2.5 rounds,,2.5,Under 2.5,,1,-106,-106,-106,-106,2026-08-24T10:30:37.874744+00:00,2026-08-24T10:30:37.508289+00:00,0.12,O,0,complete
2026-08-24T10:47:48.394527+00:00,9111,2026-08-25,Dana White's Contender Series: Contender Series 2026: Week 3,dwcs,mario-piazzon-vs-guilherme-uriel-silva-costa-78018,T2ZmZXJOb2RlOjEwMzY3NDg1NQ==,T3V0Y29tZU5vZGU6Njc4NzM4OA==,Polymarket,exchange,OVERUNDER_0.5,A_4,A_1,Over 0.5 rounds,Under 0.5 rounds,,0.5,Over 0.5,,0,-1900,-3233,+488,-4900,2026-08-24T10:41:13.423968+00:00,2026-08-12T22:10:40.832031+00:00,0.11,O,0,complete
2026-08-24T10:47:48.394527+00:00,9111,2026-08-25,Dana White's Contender Series: Contender Series 2026: Week 3,dwcs,mario-piazzon-vs-guilherme-uriel-silva-costa-78018,T2ZmZXJOb2RlOjEwMzY3NDg1NQ==,T3V0Y29tZU5vZGU6Njc4NzM4OQ==,Polymarket,exchange,OVERUNDER_0.5,A_4,A_1,Over 0.5 rounds,Under 0.5 rounds,,0.5,Under 0.5,,1,-1900,-3233,-488,-4900,2026-08-24T10:41:13.423968+00:00,2026-08-12T22:10:40.832031+00:00,0.11,O,0,complete
2026-08-24T10:47:48.394527+00:00,9111,2026-08-25,Dana White's Contender Series: Contender Series 2026: Week 3,dwcs,sean-clancy-jr-vs-gary-balletto-jr-79266,T2ZmZXJOb2RlOjEwMzY3NDg2NA==,T3V0Y29tZU5vZGU6Njc4NzQwNw==,Polymarket,exchange,OVERUNDER_0.5,A_4,A_1,Over 0.5 rounds,Under 0.5 rounds,,0.5,Under 0.5,,1,-1567,-4900,-1329,-4900,2026-08-24T10:41:13.566576+00:00,2026-08-12T22:10:40.958830+00:00,0.11,O,0,complete
2026-08-24T10:47:48.394527+00:00,9111,2026-08-25,Dana White's Contender Series: Contender Series 2026: Week 3,dwcs,alexis-miranda-vs-ronald-humphrey-79267,T2ZmZXJOb2RlOjEwMzY3NDg3MA==,T3V0Y29tZU5vZGU6Njc4NzQxOQ==,Polymarket,exchange,KO,A_5,A_13,wins by TKO/KO,doesn't win by TKO/KO,,2.0,Will Ronald Humphrey win by KO or TKO? - No,ronald-humphrey-71850,1,-285,-3233,-245,-4900,2026-08-24T10:41:13.704077+00:00,2026-08-12T22:10:41.041835+00:00,0.11,O,0,complete
2026-08-24T10:47:48.394527+00:00,8869,2026-08-29,UFC Fight Night: Nurmagomedov vs. Song,ufc,alex-perez-vs-su-mudaerji-79689,T2ZmZXJOb2RlOjEwMzY3NzQzNQ==,T3V0Y29tZU5vZGU6Njc5MDkzOQ==,Polymarket,exchange,KO,A_5,A_13,wins by TKO/KO,doesn't win by TKO/KO,,2.0,Will Alex Perez win by KO or TKO? - No,alex-perez-10820,1,-2400,-4900,-2400,-4900,2026-08-24T10:41:14.590665+00:00,2026-08-15T22:05:14.274404+00:00,0.11,O,0,complete
2026-08-24T10:47:48.394527+00:00,8869,2026-08-29,UFC Fight Night: Nurmagomedov vs. Song,ufc,alex-perez-vs-su-mudaerji-79689,T2ZmZXJOb2RlOjEwMzY3NzQzNw==,T3V0Y29tZU5vZGU6Njc5MDk0Mg==,Polymarket,exchange,END_SUB,A_4,A_5,Fight ends in submission,Fight doesn't end in submission,,,Will the fight be won by submission? - Yes,,0,-2400,-4900,-2400,-4900,2026-08-24T10:41:14.620184+00:00,2026-08-15T22:05:14.393859+00:00,0.11,O,0,complete
2026-08-24T10:47:48.394527+00:00,8869,2026-08-29,UFC Fight Night: Nurmagomedov vs. Song,ufc,bilal-hasan-vs-nilson-rojas-80821,T2ZmZXJOb2RlOjEwMzY4ODkwNQ==,T3V0Y29tZU5vZGU6NjgwNTkzNA==,Polymarket,exchange,OVERUNDER_1.5,A_4,A_1,Over 1.5 rounds,Under 1.5 rounds,,1.5,Over 1.5,,0,-1567,-4900,+104,-4900,2026-08-24T10:41:16.325713+00:00,2026-08-21T22:09:48.281277+00:00,0.11,O,0,complete
2026-08-24T10:47:48.394527+00:00,8869,2026-08-29,UFC Fight Night: Nurmagomedov vs. Song,ufc,bilal-hasan-vs-nilson-rojas-80821,T2ZmZXJOb2RlOjEwMzY4ODkwNQ==,T3V0Y29tZU5vZGU6NjgwNTkzNQ==,Polymarket,exchange,OVERUNDER_1.5,A_4,A_1,Over 1.5 rounds,Under 1.5 rounds,,1.5,Under 1.5,,1,-1900,-4900,-156,-4900,2026-08-24T10:41:16.325713+00:00,2026-08-21T22:09:48.281277+00:00,0.11,O,0,complete
2026-08-24T10:47:48.394527+00:00,8869,2026-08-29,UFC Fight Night: Nurmagomedov vs. Song,ufc,jingnan-xiong-vs-julia-polastri-80594,T2ZmZXJOb2RlOjEwMzY3NzQ3Mg==,T3V0Y29tZU5vZGU6Njc5MTAxMw==,Polymarket,exchange,KO,A_5,A_13,wins by TKO/KO,doesn't win by TKO/KO,,2.0,Will Julia Polastri win by KO or TKO? - No,julia-polastri-39425,1,-1900,-4900,+400,-4900,2026-08-24T10:41:15.396084+00:00,2026-08-15T22:05:17.178253+00:00,0.11,O,0,complete
2026-08-24T10:57:29.766766+00:00,9111,2026-08-25,Dana White's Contender Series: Contender Series 2026: Week 3,dwcs,sean-clancy-jr-vs-gary-balletto-jr-79266,T2ZmZXJOb2RlOjEwMzY3NDg2NA==,T3V0Y29tZU5vZGU6Njc4NzQwNg==,Polymarket,exchange,OVERUNDER_0.5,A_4,A_1,Over 0.5 rounds,Under 0.5 rounds,,0.5,Over 0.5,,0,-2400,-4900,+900,-4900,2026-08-24T10:50:30.321163+00:00,2026-08-12T22:10:40.958830+00:00,0.12,O,0,complete
2026-08-24T10:57:29.766766+00:00,9111,2026-08-25,Dana White's Contender Series: Contender Series 2026: Week 3,dwcs,sean-clancy-jr-vs-gary-balletto-jr-79266,T2ZmZXJOb2RlOjEwMzY3NDg2NA==,T3V0Y29tZU5vZGU6Njc4NzQwNw==,Polymarket,exchange,OVERUNDER_0.5,A_4,A_1,Over 0.5 rounds,Under 0.5 rounds,,0.5,Under 0.5,,1,-2400,-4900,-1329,-4900,2026-08-24T10:50:30.321163+00:00,2026-08-12T22:10:40.958830+00:00,0.12,O,0,complete
2026-08-24T10:57:29.766766+00:00,8869,2026-08-29,UFC Fight Night: Nurmagomedov vs. Song,ufc,alex-perez-vs-su-mudaerji-79689,T2ZmZXJOb2RlOjEwMzY3NzQzNQ==,T3V0Y29tZU5vZGU6Njc5MDkzOA==,Polymarket,exchange,KO,A_5,A_13,wins by TKO/KO,doesn't win by TKO/KO,,2.0,Will Alex Perez win by KO or TKO? - Yes,alex-perez-10820,0,-3233,-4900,-2400,-4900,2026-08-24T10:50:30.563046+00:00,2026-08-15T22:05:14.274404+00:00,0.12,O,0,complete
2026-08-24T10:57:29.766766+00:00,8869,2026-08-29,UFC Fight Night: Nurmagomedov vs. Song,ufc,alex-perez-vs-su-mudaerji-79689,T2ZmZXJOb2RlOjEwMzY3NzQzNw==,T3V0Y29tZU5vZGU6Njc5MDk0Mg==,Polymarket,exchange,END_SUB,A_4,A_5,Fight ends in submission,Fight doesn't end in submission,,,Will the fight be won by submission? - Yes,,0,-3233,-4900,-2400,-4900,2026-08-24T10:50:30.568428+00:00,2026-08-15T22:05:14.393859+00:00,0.12,O,0,complete
2026-08-24T10:57:29.766766+00:00,8869,2026-08-29,UFC Fight Night: Nurmagomedov vs. Song,ufc,bilal-hasan-vs-nilson-rojas-80821,T2ZmZXJOb2RlOjEwMzY4ODkwNQ==,T3V0Y29tZU5vZGU6NjgwNTkzNQ==,Polymarket,exchange,OVERUNDER_1.5,A_4,A_1,Over 1.5 rounds,Under 1.5 rounds,,1.5,Under 1.5,,1,-1567,-4900,-156,-4900,2026-08-24T10:50:31.026438+00:00,2026-08-21T22:09:48.281277+00:00,0.12,O,0,complete
2026-08-24T10:57:29.766766+00:00,8869,2026-08-29,UFC Fight Night: Nurmagomedov vs. Song,ufc,jingnan-xiong-vs-julia-polastri-80594,T2ZmZXJOb2RlOjEwMzY3NzQ3Mg==,T3V0Y29tZU5vZGU6Njc5MTAxMg==,Polymarket,exchange,KO,A_5,A_13,wins by TKO/KO,doesn't win by TKO/KO,,2.0,Will Julia Polastri win by KO or TKO? - Yes,julia-polastri-39425,0,-1567,-4900,-525,-4900,2026-08-24T10:56:01.921172+00:00,2026-08-15T22:05:17.178253+00:00,0.02,O,0,complete
2026-08-24T10:57:29.766766+00:00,8869,2026-08-29,UFC Fight Night: Nurmagomedov vs. Song,ufc,jingnan-xiong-vs-julia-polastri-80594,T2ZmZXJOb2RlOjEwMzY3NzQ3Mg==,T3V0Y29tZU5vZGU6Njc5MTAxMw==,Polymarket,exchange,KO,A_5,A_13,wins by TKO/KO,doesn't win by TKO/KO,,2.0,Will Julia Polastri win by KO or TKO? - No,julia-polastri-39425,1,-2400,-4900,+400,-4900,2026-08-24T10:56:01.921172+00:00,2026-08-15T22:05:17.178253+00:00,0.02,O,0,complete
2026-08-24T11:08:55.281811+00:00,9111,2026-08-25,Dana White's Contender Series: Contender Series 2026: Week 3,dwcs,mario-piazzon-vs-guilherme-uriel-silva-costa-78018,T2ZmZXJOb2RlOjEwMzY3NDg1NQ==,T3V0Y29tZU5vZGU6Njc4NzM4OA==,Polymarket,exchange,OVERUNDER_0.5,A_4,A_1,Over 0.5 rounds,Under 0.5 rounds,,0.5,Over 0.5,,0,-1567,-3233,+488,-4900,2026-08-24T11:05:10.760708+00:00,2026-08-12T22:10:40.832031+00:00,0.06,O,0,complete
2026-08-24T11:08:55.281811+00:00,9111,2026-08-25,Dana White's Contender Series: Contender Series 2026: Week 3,dwcs,mario-piazzon-vs-guilherme-uriel-silva-costa-78018,T2ZmZXJOb2RlOjEwMzY3NDg1NQ==,T3V0Y29tZU5vZGU6Njc4NzM4OQ==,Polymarket,exchange,OVERUNDER_0.5,A_4,A_1,Over 0.5 rounds,Under 0.5 rounds,,0.5,Under 0.5,,1,-2400,-3233,-488,-4900,2026-08-24T11:05:10.760708+00:00,2026-08-12T22:10:40.832031+00:00,0.06,O,0,complete
2026-08-24T11:08:55.281811+00:00,9111,2026-08-25,Dana White's Contender Series: Contender Series 2026: Week 3,dwcs,sean-clancy-jr-vs-gary-balletto-jr-79266,T2ZmZXJOb2RlOjEwMzY3NDg2NA==,T3V0Y29tZU5vZGU6Njc4NzQwNw==,Polymarket,exchange,OVERUNDER_0.5,A_4,A_1,Over 0.5 rounds,Under 0.5 rounds,,0.5,Under 0.5,,1,-1900,-4900,-1329,-4900,2026-08-24T11:05:10.881395+00:00,2026-08-12T22:10:40.958830+00:00,0.06,O,0,complete
2026-08-24T11:08:55.281811+00:00,9111,2026-08-25,Dana White's Contender Series: Contender Series 2026: Week 3,dwcs,alexis-miranda-vs-ronald-humphrey-79267,T2ZmZXJOb2RlOjEwMzY3NDg3MA==,T3V0Y29tZU5vZGU6Njc4NzQxOQ==,Polymarket,exchange,KO,A_5,A_13,wins by TKO/KO,doesn't win by TKO/KO,,2.0,Will Ronald Humphrey win by KO or TKO? - No,ronald-humphrey-71850,1,-300,-3233,-245,-4900,2026-08-24T11:05:10.961805+00:00,2026-08-12T22:10:41.041835+00:00,0.06,O,0,complete
2026-08-24T11:08:55.281811+00:00,8869,2026-08-29,UFC Fight Night: Nurmagomedov vs. Song,ufc,umar-nurmagomedov-vs-yadong-song-79649,T2ZmZXJOb2RlOjEwMzY3NzQwOA==,T3V0Y29tZU5vZGU6Njc5MDg4NA==,Polymarket,exchange,KO,A_5,A_13,wins by TKO/KO,doesn't win by TKO/KO,,2.0,Will Umar Nurmagomedov win by KO or TKO? - Yes,umar-nurmagomedov-28334,0,-1567,-4900,-1567,-4900,2026-08-24T11:05:11.165405+00:00,2026-08-15T22:05:12.495755+00:00,0.06,O,0,complete
2026-08-24T11:08:55.281811+00:00,8869,2026-08-29,UFC Fight Night: Nurmagomedov vs. Song,ufc,bilal-hasan-vs-nilson-rojas-80821,T2ZmZXJOb2RlOjEwMzY4ODkwNQ==,T3V0Y29tZU5vZGU6NjgwNTkzNQ==,Polymarket,exchange,OVERUNDER_1.5,A_4,A_1,Over 1.5 rounds,Under 1.5 rounds,,1.5,Under 1.5,,1,-1900,-4900,-156,-4900,2026-08-24T11:05:12.393232+00:00,2026-08-21T22:09:48.281277+00:00,0.06,O,0,complete
2026-08-24T11:08:55.281811+00:00,8869,2026-08-29,UFC Fight Night: Nurmagomedov vs. Song,ufc,jingnan-xiong-vs-julia-polastri-80594,T2ZmZXJOb2RlOjEwMzY3NzQ3Mg==,T3V0Y29tZU5vZGU6Njc5MTAxMg==,Polymarket,exchange,KO,A_5,A_13,wins by TKO/KO,doesn't win by TKO/KO,,2.0,Will Julia Polastri win by KO or TKO? - Yes,julia-polastri-39425,0,-1329,-4900,-525,-4900,2026-08-24T11:05:11.944636+00:00,2026-08-15T22:05:17.178253+00:00,0.06,O,0,complete
2026-08-24T11:08:55.281811+00:00,8869,2026-08-29,UFC Fight Night: Nurmagomedov vs. Song,ufc,jingnan-xiong-vs-julia-polastri-80594,T2ZmZXJOb2RlOjEwMzY3NzQ3Mg==,T3V0Y29tZU5vZGU6Njc5MTAxMw==,Polymarket,exchange,KO,A_5,A_13,wins by TKO/KO,doesn't win by TKO/KO,,2.0,Will Julia Polastri win by KO or TKO? - No,julia-polastri-39425,1,-1900,-4900,+400,-4900,2026-08-24T11:05:11.944636+00:00,2026-08-15T22:05:17.178253+00:00,0.06,O,0,complete
2026-08-24T11:18:36.295005+00:00,9111,2026-08-25,Dana White's Contender Series: Contender Series 2026: Week 3,dwcs,mario-piazzon-vs-guilherme-uriel-silva-costa-78018,T2ZmZXJOb2RlOjEwMzY3NDg1NQ==,T3V0Y29tZU5vZGU6Njc4NzM4OA==,Polymarket,exchange,OVERUNDER_0.5,A_4,A_1,Over 0.5 rounds,Under 0.5 rounds,,0.5,Over 0.5,,0,-1900,-3233,+488,-4900,2026-08-24T11:11:17.775110+00:00,2026-08-12T22:10:40.832031+00:00,0.12,O,0,complete
2026-08-24T11:18:36.295005+00:00,9111,2026-08-25,Dana White's Contender Series: Contender Series 2026: Week 3,dwcs,mario-piazzon-vs-guilherme-uriel-silva-costa-78018,T2ZmZXJOb2RlOjEwMzY3NDg1NQ==,T3V0Y29tZU5vZGU6Njc4NzM4OQ==,Polymarket,exchange,OVERUNDER_0.5,A_4,A_1,Over 0.5 rounds,Under 0.5 rounds,,0.5,Under 0.5,,1,-1567,-3233,-488,-4900,2026-08-24T11:11:17.775110+00:00,2026-08-12T22:10:40.832031+00:00,0.12,O,0,complete
2026-08-24T11:18:36.295005+00:00,9111,2026-08-25,Dana White's Contender Series: Contender Series 2026: Week 3,dwcs,mario-piazzon-vs-guilherme-uriel-silva-costa-78018,T2ZmZXJOb2RlOjEwMzY3NDg1MQ==,T3V0Y29tZU5vZGU6Njc4NzM4MQ==,Polymarket,exchange,END_KO,A_4,A_5,"Fight ends by KO, TKO or DQ","Fight doesn't end by KO, TKO or DQ",,,Will the fight be won by KO or TKO? - No,,1,-900,-3233,-809,-4900,2026-08-24T11:11:17.759456+00:00,2026-08-12T22:10:40.784395+00:00,0.12,O,0,complete
2026-08-24T11:18:36.295005+00:00,9111,2026-08-25,Dana White's Contender Series: Contender Series 2026: Week 3,dwcs,sean-clancy-jr-vs-gary-balletto-jr-79266,T2ZmZXJOb2RlOjEwMzY3NDg2NA==,T3V0Y29tZU5vZGU6Njc4NzQwNg==,Polymarket,exchange,OVERUNDER_0.5,A_4,A_1,Over 0.5 rounds,Under 0.5 rounds,,0.5,Over 0.5,,0,-1900,-4900,+900,-4900,2026-08-24T11:11:17.811793+00:00,2026-08-12T22:10:40.958830+00:00,0.12,O,0,complete
2026-08-24T11:18:36.295005+00:00,9111,2026-08-25,Dana White's Contender Series: Contender Series 2026: Week 3,dwcs,sean-clancy-jr-vs-gary-balletto-jr-79266,T2ZmZXJOb2RlOjEwMzY3NDg2NA==,T3V0Y29tZU5vZGU6Njc4NzQwNw==,Polymarket,exchange,OVERUNDER_0.5,A_4,A_1,Over 0.5 rounds,Under 0.5 rounds,,0.5,Under 0.5,,1,-1567,-4900,-1329,-4900,2026-08-24T11:11:17.811793+00:00,2026-08-12T22:10:40.958830+00:00,0.12,O,0,complete
2026-08-24T11:18:36.295005+00:00,8869,2026-08-29,UFC Fight Night: Nurmagomedov vs. Song,ufc,umar-nurmagomedov-vs-yadong-song-79649,T2ZmZXJOb2RlOjEwMzY3NzQwOA==,T3V0Y29tZU5vZGU6Njc5MDg4NA==,Polymarket,exchange,KO,A_5,A_13,wins by TKO/KO,doesn't win by TKO/KO,,2.0,Will Umar Nurmagomedov win by KO or TKO? - Yes,umar-nurmagomedov-28334,0,-1150,-4900,-1150,-4900,2026-08-24T11:11:17.911336+00:00,2026-08-15T22:05:12.495755+00:00,0.12,O,0,complete
2026-08-24T11:18:36.295005+00:00,8869,2026-08-29,UFC Fight Night: Nurmagomedov vs. Song,ufc,bilal-hasan-vs-nilson-rojas-80821,T2ZmZXJOb2RlOjEwMzY4ODkwNQ==,T3V0Y29tZU5vZGU6NjgwNTkzNA==,Polymarket,exchange,OVERUNDER_1.5,A_4,A_1,Over 1.5 rounds,Under 1.5 rounds,,1.5,Over 1.5,,0,-1900,-4900,+104,-4900,2026-08-24T11:11:18.331703+00:00,2026-08-21T22:09:48.281277+00:00,0.12,O,0,complete
2026-08-24T11:18:36.295005+00:00,8869,2026-08-29,UFC Fight Night: Nurmagomedov vs. Song,ufc,bilal-hasan-vs-nilson-rojas-80821,T2ZmZXJOb2RlOjEwMzY4ODkwNQ==,T3V0Y29tZU5vZGU6NjgwNTkzNQ==,Polymarket,exchange,OVERUNDER_1.5,A_4,A_1,Over 1.5 rounds,Under 1.5 rounds,,1.5,Under 1.5,,1,-3233,-4900,-156,-4900,2026-08-24T11:11:18.331703+00:00,2026-08-21T22:09:48.281277+00:00,0.12,O,0,complete
2026-08-24T11:18:36.295005+00:00,8869,2026-08-29,UFC Fight Night: Nurmagomedov vs. Song,ufc,jingnan-xiong-vs-julia-polastri-80594,T2ZmZXJOb2RlOjEwMzY3NzQ3Mg==,T3V0Y29tZU5vZGU6Njc5MTAxMg==,Polymarket,exchange,KO,A_5,A_13,wins by TKO/KO,doesn't win by TKO/KO,,2.0,Will Julia Polastri win by KO or TKO? - Yes,julia-polastri-39425,0,-1567,-4900,-525,-4900,2026-08-24T11:11:18.173441+00:00,2026-08-15T22:05:17.178253+00:00,0.12,O,0,complete
2026-08-24T11:28:21.505551+00:00,9111,2026-08-25,Dana White's Contender Series: Contender Series 2026: Week 3,dwcs,mario-piazzon-vs-guilherme-uriel-silva-costa-78018,T2ZmZXJOb2RlOjEwMzY3NDg1MQ==,T3V0Y29tZU5vZGU6Njc4NzM4MQ==,Polymarket,exchange,END_KO,A_4,A_5,"Fight ends by KO, TKO or DQ","Fight doesn't end by KO, TKO or DQ",,,Will the fight be won by KO or TKO? - No,,1,-809,-3233,-809,-4900,2026-08-24T11:20:13.208262+00:00,2026-08-12T22:10:40.784395+00:00,0.14,O,0,complete
2026-08-24T11:28:21.505551+00:00,9111,2026-08-25,Dana White's Contender Series: Contender Series 2026: Week 3,dwcs,sean-clancy-jr-vs-gary-balletto-jr-79266,T2ZmZXJOb2RlOjEwMzY3NDg2NA==,T3V0Y29tZU5vZGU6Njc4NzQwNg==,Polymarket,exchange,OVERUNDER_0.5,A_4,A_1,Over 0.5 rounds,Under 0.5 rounds,,0.5,Over 0.5,,0,-1567,-4900,+900,-4900,2026-08-24T11:26:08.944748+00:00,2026-08-12T22:10:40.958830+00:00,0.04,O,0,complete
2026-08-24T11:28:21.505551+00:00,9111,2026-08-25,Dana White's Contender Series: Contender Series 2026: Week 3,dwcs,sean-clancy-jr-vs-gary-balletto-jr-79266,T2ZmZXJOb2RlOjEwMzY3NDg2NA==,T3V0Y29tZU5vZGU6Njc4NzQwNw==,Polymarket,exchange,OVERUNDER_0.5,A_4,A_1,Over 0.5 rounds,Under 0.5 rounds,,0.5,Under 0.5,,1,-1900,-4900,-1329,-4900,2026-08-24T11:26:08.944748+00:00,2026-08-12T22:10:40.958830+00:00,0.04,O,0,complete
2026-08-24T11:28:21.505551+00:00,8869,2026-08-29,UFC Fight Night: Nurmagomedov vs. Song,ufc,umar-nurmagomedov-vs-yadong-song-79649,T2ZmZXJOb2RlOjEwMzY3NzQwOA==,T3V0Y29tZU5vZGU6Njc5MDg4NA==,Polymarket,exchange,KO,A_5,A_13,wins by TKO/KO,doesn't win by TKO/KO,,2.0,Will Umar Nurmagomedov win by KO or TKO? - Yes,umar-nurmagomedov-28334,0,-525,-4900,-525,-4900,2026-08-24T11:26:09.183088+00:00,2026-08-15T22:05:12.495755+00:00,0.04,O,0,complete
2026-08-24T11:28:21.505551+00:00,8869,2026-08-29,UFC Fight Night: Nurmagomedov vs. Song,ufc,bilal-hasan-vs-nilson-rojas-80821,T2ZmZXJOb2RlOjEwMzY4ODkwNQ==,T3V0Y29tZU5vZGU6NjgwNTkzNA==,Polymarket,exchange,OVERUNDER_1.5,A_4,A_1,Over 1.5 rounds,Under 1.5 rounds,,1.5,Over 1.5,,0,-1567,-4900,+104,-4900,2026-08-24T11:26:10.041765+00:00,2026-08-21T22:09:48.281277+00:00,0.04,O,0,complete
2026-08-24T11:28:21.505551+00:00,8869,2026-08-29,UFC Fight Night: Nurmagomedov vs. Song,ufc,jingnan-xiong-vs-julia-polastri-80594,T2ZmZXJOb2RlOjEwMzY3NzQ3Mg==,T3V0Y29tZU5vZGU6Njc5MTAxMg==,Polymarket,exchange,KO,A_5,A_13,wins by TKO/KO,doesn't win by TKO/KO,,2.0,Will Julia Polastri win by KO or TKO? - Yes,julia-polastri-39425,0,-1329,-4900,-525,-4900,2026-08-24T11:26:09.802259+00:00,2026-08-15T22:05:17.178253+00:00,0.04,O,0,complete
2026-08-24T11:38:06.323933+00:00,9111,2026-08-25,Dana White's Contender Series: Contender Series 2026: Week 3,dwcs,mario-piazzon-vs-guilherme-uriel-silva-costa-78018,T2ZmZXJOb2RlOjEwMzY3NDg1NQ==,T3V0Y29tZU5vZGU6Njc4NzM4OA==,Polymarket,exchange,OVERUNDER_0.5,A_4,A_1,Over 0.5 rounds,Under 0.5 rounds,,0.5,Over 0.5,,0,-2400,-3233,+488,-4900,2026-08-24T11:36:21.756429+00:00,2026-08-12T22:10:40.832031+00:00,0.03,O,0,complete
2026-08-24T11:38:06.323933+00:00,9111,2026-08-25,Dana White's Contender Series: Contender Series 2026: Week 3,dwcs,mario-piazzon-vs-guilherme-uriel-silva-costa-78018,T2ZmZXJOb2RlOjEwMzY3NDg1NQ==,T3V0Y29tZU5vZGU6Njc4NzM4OQ==,Polymarket,exchange,OVERUNDER_0.5,A_4,A_1,Over 0.5 rounds,Under 0.5 rounds,,0.5,Under 0.5,,1,-1900,-3233,-488,-4900,2026-08-24T11:36:21.756429+00:00,2026-08-12T22:10:40.832031+00:00,0.03,O,0,complete
2026-08-24T11:38:06.323933+00:00,9111,2026-08-25,Dana White's Contender Series: Contender Series 2026: Week 3,dwcs,sean-clancy-jr-vs-gary-balletto-jr-79266,T2ZmZXJOb2RlOjEwMzY3NDg2NA==,T3V0Y29tZU5vZGU6Njc4NzQwNg==,Polymarket,exchange,OVERUNDER_0.5,A_4,A_1,Over 0.5 rounds,Under 0.5 rounds,,0.5,Over 0.5,,0,-2400,-4900,+900,-4900,2026-08-24T11:36:21.876228+00:00,2026-08-12T22:10:40.958830+00:00,0.03,O,0,complete
2026-08-24T11:38:06.323933+00:00,9111,2026-08-25,Dana White's Contender Series: Contender Series 2026: Week 3,dwcs,sean-clancy-jr-vs-gary-balletto-jr-79266,T2ZmZXJOb2RlOjEwMzY3NDg2NA==,T3V0Y29tZU5vZGU6Njc4NzQwNw==,Polymarket,exchange,OVERUNDER_0.5,A_4,A_1,Over 0.5 rounds,Under 0.5 rounds,,0.5,Under 0.5,,1,-1567,-4900,-1329,-4900,2026-08-24T11:36:21.876228+00:00,2026-08-12T22:10:40.958830+00:00,0.03,O,0,complete
2026-08-24T11:38:06.323933+00:00,8869,2026-08-29,UFC Fight Night: Nurmagomedov vs. Song,ufc,umar-nurmagomedov-vs-yadong-song-79649,T2ZmZXJOb2RlOjEwMzY3NzQwOA==,T3V0Y29tZU5vZGU6Njc5MDg4NA==,Polymarket,exchange,KO,A_5,A_13,wins by TKO/KO,doesn't win by TKO/KO,,2.0,Will Umar Nurmagomedov win by KO or TKO? - Yes,umar-nurmagomedov-28334,0,-1011,-4900,-525,-4900,2026-08-24T11:36:22.187344+00:00,2026-08-15T22:05:12.495755+00:00,0.03,O,0,complete
2026-08-24T11:38:06.323933+00:00,8869,2026-08-29,UFC Fight Night: Nurmagomedov vs. Song,ufc,bilal-hasan-vs-nilson-rojas-80821,T2ZmZXJOb2RlOjEwMzY4ODkwNQ==,T3V0Y29tZU5vZGU6NjgwNTkzNA==,Polymarket,exchange,OVERUNDER_1.5,A_4,A_1,Over 1.5 rounds,Under 1.5 rounds,,1.5,Over 1.5,,0,-1900,-4900,+104,-4900,2026-08-24T11:36:23.389533+00:00,2026-08-21T22:09:48.281277+00:00,0.03,O,0,complete
2026-08-24T11:38:06.323933+00:00,8869,2026-08-29,UFC Fight Night: Nurmagomedov vs. Song,ufc,bilal-hasan-vs-nilson-rojas-80821,T2ZmZXJOb2RlOjEwMzY4ODkwNQ==,T3V0Y29tZU5vZGU6NjgwNTkzNQ==,Polymarket,exchange,OVERUNDER_1.5,A_4,A_1,Over 1.5 rounds,Under 1.5 rounds,,1.5,Under 1.5,,1,-2400,-4900,-156,-4900,2026-08-24T11:36:23.389533+00:00,2026-08-21T22:09:48.281277+00:00,0.03,O,0,complete
2026-08-24T11:47:49.832517+00:00,9111,2026-08-25,Dana White's Contender Series: Contender Series 2026: Week 3,dwcs,sean-clancy-jr-vs-gary-balletto-jr-79266,T2ZmZXJOb2RlOjEwMzY3NDg2NA==,T3V0Y29tZU5vZGU6Njc4NzQwNg==,Polymarket,exchange,OVERUNDER_0.5,A_4,A_1,Over 0.5 rounds,Under 0.5 rounds,,0.5,Over 0.5,,0,-1567,-4900,+900,-4900,2026-08-24T11:45:17.898769+00:00,2026-08-12T22:10:40.958830+00:00,0.04,O,0,complete
2026-08-24T11:47:49.832517+00:00,9111,2026-08-25,Dana White's Contender Series: Contender Series 2026: Week 3,dwcs,sean-clancy-jr-vs-gary-balletto-jr-79266,T2ZmZXJOb2RlOjEwMzY3NDg2NA==,T3V0Y29tZU5vZGU6Njc4NzQwNw==,Polymarket,exchange,OVERUNDER_0.5,A_4,A_1,Over 0.5 rounds,Under 0.5 rounds,,0.5,Under 0.5,,1,-1900,-4900,-1329,-4900,2026-08-24T11:45:17.898769+00:00,2026-08-12T22:10:40.958830+00:00,0.04,O,0,complete
2026-08-24T11:47:49.832517+00:00,8869,2026-08-29,UFC Fight Night: Nurmagomedov vs. Song,ufc,umar-nurmagomedov-vs-yadong-song-79649,T2ZmZXJOb2RlOjEwMzY3NzQwOA==,T3V0Y29tZU5vZGU6Njc5MDg4NA==,Polymarket,exchange,KO,A_5,A_13,wins by TKO/KO,doesn't win by TKO/KO,,2.0,Will Umar Nurmagomedov win by KO or TKO? - Yes,umar-nurmagomedov-28334,0,-614,-4900,-525,-4900,2026-08-24T11:45:18.327265+00:00,2026-08-15T22:05:12.495755+00:00,0.04,O,0,complete
2026-08-24T11:47:49.832517+00:00,8869,2026-08-29,UFC Fight Night: Nurmagomedov vs. Song,ufc,bilal-hasan-vs-nilson-rojas-80821,T2ZmZXJOb2RlOjEwMzY4ODkwNQ==,T3V0Y29tZU5vZGU6NjgwNTkzNA==,Polymarket,exchange,OVERUNDER_1.5,A_4,A_1,Over 1.5 rounds,Under 1.5 rounds,,1.5,Over 1.5,,0,-1329,-4900,+104,-4900,2026-08-24T11:45:20.124050+00:00,2026-08-21T22:09:48.281277+00:00,0.04,O,0,complete
2026-08-24T11:47:49.832517+00:00,8869,2026-08-29,UFC Fight Night: Nurmagomedov vs. Song,ufc,bilal-hasan-vs-nilson-rojas-80821,T2ZmZXJOb2RlOjEwMzY4ODkwNQ==,T3V0Y29tZU5vZGU6NjgwNTkzNQ==,Polymarket,exchange,OVERUNDER_1.5,A_4,A_1,Over 1.5 rounds,Under 1.5 rounds,,1.5,Under 1.5,,1,-1900,-4900,-156,-4900,2026-08-24T11:45:20.124050+00:00,2026-08-21T22:09:48.281277+00:00,0.04,O,0,complete
2026-08-24T11:47:49.832517+00:00,8869,2026-08-29,UFC Fight Night: Nurmagomedov vs. Song,ufc,jingnan-xiong-vs-julia-polastri-80594,T2ZmZXJOb2RlOjEwMzY3NzQ3Mg==,T3V0Y29tZU5vZGU6Njc5MTAxMg==,Polymarket,exchange,KO,A_5,A_13,wins by TKO/KO,doesn't win by TKO/KO,,2.0,Will Julia Polastri win by KO or TKO? - Yes,julia-polastri-39425,0,-1567,-4900,-525,-4900,2026-08-24T11:45:19.364000+00:00,2026-08-15T22:05:17.178253+00:00,0.04,O,0,complete
2026-08-24T11:47:49.832517+00:00,8869,2026-08-29,UFC Fight Night: Nurmagomedov vs. Song,ufc,jingnan-xiong-vs-julia-polastri-80594,T2ZmZXJOb2RlOjEwMzY3NzQ3Mg==,T3V0Y29tZU5vZGU6Njc5MTAxMw==,Polymarket,exchange,KO,A_5,A_13,wins by TKO/KO,doesn't win by TKO/KO,,2.0,Will Julia Polastri win by KO or TKO? - No,julia-polastri-39425,1,-2400,-4900,+400,-4900,2026-08-24T11:45:19.364000+00:00,2026-08-15T22:05:17.178253+00:00,0.04,O,0,complete
2026-08-24T11:50:19.772414+00:00,8869,2026-08-29,UFC Fight Night: Nurmagomedov vs. Song,ufc,umar-nurmagomedov-vs-yadong-song-79649,T2ZmZXJOb2RlOjEwMzY3NzQwOQ==,T3V0Y29tZU5vZGU6Njc5MDg4Ng==,Polymarket,exchange,END_SUB,A_4,A_5,Fight ends in submission,Fight doesn't end in submission,,,Will the fight be won by submission? - Yes,,0,-3233,-4900,-2400,-4900,2026-08-24T11:50:18.726178+00:00,2026-08-15T22:05:12.606747+00:00,0.0,O,0,complete
2026-08-24T11:50:19.772414+00:00,8869,2026-08-29,UFC Fight Night: Nurmagomedov vs. Song,ufc,umar-nurmagomedov-vs-yadong-song-79649,T2ZmZXJOb2RlOjEwMzY3NzQwOA==,T3V0Y29tZU5vZGU6Njc5MDg4NA==,Polymarket,exchange,KO,A_5,A_13,wins by TKO/KO,doesn't win by TKO/KO,,2.0,Will Umar Nurmagomedov win by KO or TKO? - Yes,umar-nurmagomedov-28334,0,-525,-4900,-525,-4900,2026-08-24T11:50:18.715312+00:00,2026-08-15T22:05:12.495755+00:00,0.0,O,0,complete
2026-08-24T11:50:19.772414+00:00,8869,2026-08-29,UFC Fight Night: Nurmagomedov vs. Song,ufc,umar-nurmagomedov-vs-yadong-song-79649,T2ZmZXJOb2RlOjEwMzY3NzQwOA==,T3V0Y29tZU5vZGU6Njc5MDg4NQ==,Polymarket,exchange,KO,A_5,A_13,wins by TKO/KO,doesn't win by TKO/KO,,2.0,Will Umar Nurmagomedov win by KO or TKO? - No,umar-nurmagomedov-28334,1,-3233,-4900,-1900,-4900,2026-08-24T11:50:18.715312+00:00,2026-08-15T22:05:12.495755+00:00,0.0,O,0,complete
2026-08-24T11:50:19.772414+00:00,8869,2026-08-29,UFC Fight Night: Nurmagomedov vs. Song,ufc,umar-nurmagomedov-vs-yadong-song-79649,T2ZmZXJOb2RlOjEwMzY3NzQwNg==,T3V0Y29tZU5vZGU6Njc5MDg4MA==,Polymarket,exchange,END_KO,A_4,A_5,"Fight ends by KO, TKO or DQ","Fight doesn't end by KO, TKO or DQ",,,Will the fight be won by KO or TKO? - Yes,,0,-3233,-4900,-1567,-4900,2026-08-24T11:50:18.689044+00:00,2026-08-15T22:05:12.341441+00:00,0.0,O,0,complete
2026-08-24T11:50:19.772414+00:00,8869,2026-08-29,UFC Fight Night: Nurmagomedov vs. Song,ufc,alex-perez-vs-su-mudaerji-79689,T2ZmZXJOb2RlOjEwMzY3NzQzNg==,T3V0Y29tZU5vZGU6Njc5MDk0MA==,Polymarket,exchange,KO,A_5,A_13,wins by TKO/KO,doesn't win by TKO/KO,,2.0,Will Sumudaerji win by KO or TKO? - Yes,su-mudaerji-29403,0,-3233,-4900,-2400,-4900,2026-08-24T11:50:19.044897+00:00,2026-08-15T22:05:14.326001+00:00,0.0,O,0,complete
2026-08-24T11:50:19.772414+00:00,8869,2026-08-29,UFC Fight Night: Nurmagomedov vs. Song,ufc,alex-perez-vs-su-mudaerji-79689,T2ZmZXJOb2RlOjEwMzY3NzQzNQ==,T3V0Y29tZU5vZGU6Njc5MDkzOQ==,Polymarket,exchange,KO,A_5,A_13,wins by TKO/KO,doesn't win by TKO/KO,,2.0,Will Alex Perez win by KO or TKO? - No,alex-perez-10820,1,-3233,-4900,-2400,-4900,2026-08-24T11:50:19.032891+00:00,2026-08-15T22:05:14.274404+00:00,0.0,O,0,complete
2026-08-24T11:50:19.772414+00:00,8869,2026-08-29,UFC Fight Night: Nurmagomedov vs. Song,ufc,alex-perez-vs-su-mudaerji-79689,T2ZmZXJOb2RlOjEwMzY3NzQzNA==,T3V0Y29tZU5vZGU6Njc5MDkzNg==,Polymarket,exchange,END_KO,A_4,A_5,"Fight ends by KO, TKO or DQ","Fight doesn't end by KO, TKO or DQ",,,Will the fight be won by KO or TKO? - Yes,,0,-3233,-4900,-1900,-4900,2026-08-24T11:50:19.022145+00:00,2026-08-15T22:05:14.202817+00:00,0.0,O,0,complete
2026-08-24T11:50:19.772414+00:00,8869,2026-08-29,UFC Fight Night: Nurmagomedov vs. Song,ufc,alex-perez-vs-su-mudaerji-79689,T2ZmZXJOb2RlOjEwMzY3NzQzNw==,T3V0Y29tZU5vZGU6Njc5MDk0Mw==,Polymarket,exchange,END_SUB,A_4,A_5,Fight ends in submission,Fight doesn't end in submission,,,Will the fight be won by submission? - No,,1,-3233,-4900,-1567,-4900,2026-08-24T11:50:19.058057+00:00,2026-08-15T22:05:14.393859+00:00,0.0,O,0,complete
2026-08-24T11:50:19.772414+00:00,8869,2026-08-29,UFC Fight Night: Nurmagomedov vs. Song,ufc,levi-rodrigues-vs-ce-liu-80790,T2ZmZXJOb2RlOjEwMzY5MDYzMw==,T3V0Y29tZU5vZGU6NjgwODQzMA==,Bovada,sportsbook,OVERUNDER_1.5,A_4,A_1,Over 1.5 rounds,Under 1.5 rounds,,1.5,Over 1.5,,0,+140,-130,+140,-130,2026-08-23T20:54:20.265128+00:00,2026-08-23T16:39:52.861180+00:00,14.93,C,0,complete
2026-08-24T11:50:19.772414+00:00,8869,2026-08-29,UFC Fight Night: Nurmagomedov vs. Song,ufc,levi-rodrigues-vs-ce-liu-80790,T2ZmZXJOb2RlOjEwMzY5MDYzMw==,T3V0Y29tZU5vZGU6NjgwODQzMQ==,Bovada,sportsbook,OVERUNDER_1.5,A_4,A_1,Over 1.5 rounds,Under 1.5 rounds,,1.5,Under 1.5,,1,-185,+100,+100,-185,2026-08-23T20:54:20.265128+00:00,2026-08-23T16:39:52.861180+00:00,14.93,C,0,complete
2026-08-24T11:50:19.772414+00:00,8869,2026-08-29,UFC Fight Night: Nurmagomedov vs. Song,ufc,bilal-hasan-vs-nilson-rojas-80821,T2ZmZXJOb2RlOjEwMzY5MDY1MQ==,T3V0Y29tZU5vZGU6NjgwODQ2Ng==,Bovada,sportsbook,OVERUNDER_1.5,A_4,A_1,Over 1.5 rounds,Under 1.5 rounds,,1.5,Over 1.5,,0,-115,+160,+160,-115,2026-08-24T02:34:26.284656+00:00,2026-08-23T16:59:16.090690+00:00,9.26,C,0,complete
2026-08-24T11:50:19.772414+00:00,8869,2026-08-29,UFC Fight Night: Nurmagomedov vs. Song,ufc,bilal-hasan-vs-nilson-rojas-80821,T2ZmZXJOb2RlOjEwMzY5MDY1MQ==,T3V0Y29tZU5vZGU6NjgwODQ2Nw==,Bovada,sportsbook,OVERUNDER_1.5,A_4,A_1,Over 1.5 rounds,Under 1.5 rounds,,1.5,Under 1.5,,1,-115,-210,-115,-210,2026-08-24T02:34:26.284656+00:00,2026-08-23T16:59:16.090690+00:00,9.26,C,0,complete
2026-08-24T11:50:19.772414+00:00,8869,2026-08-29,UFC Fight Night: Nurmagomedov vs. Song,ufc,bilal-hasan-vs-nilson-rojas-80821,T2ZmZXJOb2RlOjEwMzY4ODkwNQ==,T3V0Y29tZU5vZGU6NjgwNTkzNA==,Polymarket,exchange,OVERUNDER_1.5,A_4,A_1,Over 1.5 rounds,Under 1.5 rounds,,1.5,Over 1.5,,0,-1567,-4900,+104,-4900,2026-08-24T11:50:20.197682+00:00,2026-08-21T22:09:48.281277+00:00,-0.0,O,0,complete
2026-08-24T11:50:19.772414+00:00,8869,2026-08-29,UFC Fight Night: Nurmagomedov vs. Song,ufc,bilal-hasan-vs-nilson-rojas-80821,T2ZmZXJOb2RlOjEwMzY4ODkwNQ==,T3V0Y29tZU5vZGU6NjgwNTkzNQ==,Polymarket,exchange,OVERUNDER_1.5,A_4,A_1,Over 1.5 rounds,Under 1.5 rounds,,1.5,Under 1.5,,1,-3233,-4900,-156,-4900,2026-08-24T11:50:20.197682+00:00,2026-08-21T22:09:48.281277+00:00,-0.0,O,0,complete
2026-08-24T11:50:19.772414+00:00,8869,2026-08-29,UFC Fight Night: Nurmagomedov vs. Song,ufc,rei-tsuruya-vs-kevin-borjas-79779,T2ZmZXJOb2RlOjEwMzY3NzQ2NA==,T3V0Y29tZU5vZGU6Njc5MDk5Ng==,Polymarket,exchange,END_KO,A_4,A_5,"Fight ends by KO, TKO or DQ","Fight doesn't end by KO, TKO or DQ",,,Will the fight be won by KO or TKO? - Yes,,0,-3233,-4900,-2400,-4900,2026-08-24T11:50:19.439530+00:00,2026-08-15T22:05:16.385439+00:00,0.0,O,0,complete
2026-08-24T11:50:19.772414+00:00,8869,2026-08-29,UFC Fight Night: Nurmagomedov vs. Song,ufc,jack-jenkins-vs-sean-woodson-80520,T2ZmZXJOb2RlOjEwMzY3NzQ1OA==,T3V0Y29tZU5vZGU6Njc5MDk4NQ==,Polymarket,exchange,END_KO,A_4,A_5,"Fight ends by KO, TKO or DQ","Fight doesn't end by KO, TKO or DQ",,,Will the fight be won by KO or TKO? - No,,1,-3233,-4900,-2400,-4900,2026-08-24T11:50:19.257759+00:00,2026-08-15T22:05:15.899908+00:00,0.0,O,0,complete
2026-08-24T11:50:19.772414+00:00,8869,2026-08-29,UFC Fight Night: Nurmagomedov vs. Song,ufc,jack-jenkins-vs-sean-woodson-80520,T2ZmZXJOb2RlOjEwMzY3NzQ2MA==,T3V0Y29tZU5vZGU6Njc5MDk4OQ==,Polymarket,exchange,KO,A_5,A_13,wins by TKO/KO,doesn't win by TKO/KO,,2.0,Will Jack Jenkins win by KO or TKO? - No,jack-jenkins-48125,1,-3233,-4900,-1900,-4900,2026-08-24T11:50:19.322582+00:00,2026-08-15T22:05:16.056434+00:00,0.0,O,0,complete
2026-08-24T11:50:19.772414+00:00,8869,2026-08-29,UFC Fight Night: Nurmagomedov vs. Song,ufc,jack-jenkins-vs-sean-woodson-80520,T2ZmZXJOb2RlOjEwMzY3NzQ2MQ==,T3V0Y29tZU5vZGU6Njc5MDk5MA==,Polymarket,exchange,END_SUB,A_4,A_5,Fight ends in submission,Fight doesn't end in submission,,,Will the fight be won by submission? - Yes,,0,-3233,-4900,-1900,-4900,2026-08-24T11:50:19.336508+00:00,2026-08-15T22:05:16.141552+00:00,0.0,O,0,complete
2026-08-24T11:50:19.772414+00:00,8869,2026-08-29,UFC Fight Night: Nurmagomedov vs. Song,ufc,jack-jenkins-vs-sean-woodson-80520,T2ZmZXJOb2RlOjEwMzY3NzQ1OQ==,T3V0Y29tZU5vZGU6Njc5MDk4Ng==,Polymarket,exchange,KO,A_5,A_13,wins by TKO/KO,doesn't win by TKO/KO,,2.0,Will Sean Woodson win by KO or TKO? - Yes,sean-woodson-11833,0,-3233,-4900,-1900,-4900,2026-08-24T11:50:19.281674+00:00,2026-08-15T22:05:15.973803+00:00,0.0,O,0,complete
2026-08-24T11:50:19.772414+00:00,8869,2026-08-29,UFC Fight Night: Nurmagomedov vs. Song,ufc,jingnan-xiong-vs-julia-polastri-80594,T2ZmZXJOb2RlOjEwMzY3NzQ3Mg==,T3V0Y29tZU5vZGU6Njc5MTAxMg==,Polymarket,exchange,KO,A_5,A_13,wins by TKO/KO,doesn't win by TKO/KO,,2.0,Will Julia Polastri win by KO or TKO? - Yes,julia-polastri-39425,0,-1900,-4900,-525,-4900,2026-08-24T11:50:19.615501+00:00,2026-08-15T22:05:17.178253+00:00,0.0,O,0,complete
2026-08-24T11:50:19.772414+00:00,8869,2026-08-29,UFC Fight Night: Nurmagomedov vs. Song,ufc,meng-ding-vs-cameron-nelson-80702,T2ZmZXJOb2RlOjEwMzY5MDY0Nw==,T3V0Y29tZU5vZGU6NjgwODQ1OA==,Bovada,sportsbook,OVERUNDER_2.5,A_4,A_1,Over 2.5 rounds,Under 2.5 rounds,,2.5,Over 2.5,,0,-120,-135,-120,-135,2026-08-23T21:19:08.444625+00:00,2026-08-23T16:54:51.956433+00:00,14.52,C,0,complete
2026-08-24T11:50:19.772414+00:00,8869,2026-08-29,UFC Fight Night: Nurmagomedov vs. Song,ufc,meng-ding-vs-cameron-nelson-80702,T2ZmZXJOb2RlOjEwMzY5MDY0Nw==,T3V0Y29tZU5vZGU6NjgwODQ1OQ==,Bovada,sportsbook,OVERUNDER_2.5,A_4,A_1,Over 2.5 rounds,Under 2.5 rounds,,2.5,Under 2.5,,1,-110,+105,+105,-110,2026-08-23T21:19:08.444625+00:00,2026-08-23T16:54:51.956433+00:00,14.52,C,0,complete
2026-08-24T11:50:19.772414+00:00,8869,2026-08-29,UFC Fight Night: Nurmagomedov vs. Song,ufc,meng-ding-vs-cameron-nelson-80702,T2ZmZXJOb2RlOjEwMzY5MDI4Ng==,T3V0Y29tZU5vZGU6NjgwNzc5Mw==,Polymarket,exchange,KO,A_5,A_13,wins by TKO/KO,doesn't win by TKO/KO,,2.0,Will Ding Meng win by KO or TKO? - No,meng-ding-30933,1,-3233,-4900,-1900,-4900,2026-08-24T11:50:20.293646+00:00,2026-08-22T22:09:54.445732+00:00,-0.0,O,0,complete
2026-08-24T12:00:00.645458+00:00,9111,2026-08-25,Dana White's Contender Series: Contender Series 2026: Week 3,dwcs,mario-piazzon-vs-guilherme-uriel-silva-costa-78018,T2ZmZXJOb2RlOjEwMzY3NDg1NQ==,T3V0Y29tZU5vZGU6Njc4NzM4OQ==,Polymarket,exchange,OVERUNDER_0.5,A_4,A_1,Over 0.5 rounds,Under 0.5 rounds,,0.5,Under 0.5,,1,-1567,-3233,-488,-4900,2026-08-24T11:55:42.808166+00:00,2026-08-12T22:10:40.832031+00:00,0.07,O,0,complete
2026-08-24T12:00:00.645458+00:00,9111,2026-08-25,Dana White's Contender Series: Contender Series 2026: Week 3,dwcs,sean-clancy-jr-vs-gary-balletto-jr-79266,T2ZmZXJOb2RlOjEwMzY3NDg2NA==,T3V0Y29tZU5vZGU6Njc4NzQwNg==,Polymarket,exchange,OVERUNDER_0.5,A_4,A_1,Over 0.5 rounds,Under 0.5 rounds,,0.5,Over 0.5,,0,-1900,-4900,+900,-4900,2026-08-24T11:55:42.856288+00:00,2026-08-12T22:10:40.958830+00:00,0.07,O,0,complete
2026-08-24T12:00:00.645458+00:00,9111,2026-08-25,Dana White's Contender Series: Contender Series 2026: Week 3,dwcs,sean-clancy-jr-vs-gary-balletto-jr-79266,T2ZmZXJOb2RlOjEwMzY3NDg2NA==,T3V0Y29tZU5vZGU6Njc4NzQwNw==,Polymarket,exchange,OVERUNDER_0.5,A_4,A_1,Over 0.5 rounds,Under 0.5 rounds,,0.5,Under 0.5,,1,-1567,-4900,-1329,-4900,2026-08-24T11:55:42.856288+00:00,2026-08-12T22:10:40.958830+00:00,0.07,O,0,complete
2026-08-24T12:00:00.645458+00:00,9111,2026-08-25,Dana White's Contender Series: Contender Series 2026: Week 3,dwcs,alexis-miranda-vs-ronald-humphrey-79267,T2ZmZXJOb2RlOjEwMzY3NDg3Mw==,T3V0Y29tZU5vZGU6Njc4NzQyNQ==,Polymarket,exchange,OVERUNDER_0.5,A_4,A_1,Over 0.5 rounds,Under 0.5 rounds,,0.5,Under 0.5,,1,-3233,-3233,-1900,-4900,2026-08-24T11:50:18.501165+00:00,2026-08-12T22:10:41.096685+00:00,0.16,O,0,complete
2026-08-24T12:00:00.645458+00:00,9111,2026-08-25,Dana White's Contender Series: Contender Series 2026: Week 3,dwcs,nick-galanti-vs-carlos-petruzzella-75965,T2ZmZXJOb2RlOjEwMzY3NDg4Mg==,T3V0Y29tZU5vZGU6Njc4NzQ0Mw==,Polymarket,exchange,OVERUNDER_0.5,A_4,A_1,Over 0.5 rounds,Under 0.5 rounds,,0.5,Under 0.5,,1,-3233,-3233,-1900,-4900,2026-08-24T11:50:18.586195+00:00,2026-08-12T22:10:41.275345+00:00,0.16,O,0,complete
2026-08-24T12:00:00.645458+00:00,9111,2026-08-25,Dana White's Contender Series: Contender Series 2026: Week 3,dwcs,nick-galanti-vs-carlos-petruzzella-75965,T2ZmZXJOb2RlOjEwMzY3NDg4MA==,T3V0Y29tZU5vZGU6Njc4NzQzOA==,Polymarket,exchange,KO,A_5,A_13,wins by TKO/KO,doesn't win by TKO/KO,,2.0,Will Nick Galanti win by KO or TKO? - Yes,nick-galanti-38086,0,-3233,-3233,-1900,-4900,2026-08-24T11:50:18.568590+00:00,2026-08-12T22:10:41.233037+00:00,0.16,O,0,complete
2026-08-24T12:00:00.645458+00:00,8869,2026-08-29,UFC Fight Night: Nurmagomedov vs. Song,ufc,umar-nurmagomedov-vs-yadong-song-79649,T2ZmZXJOb2RlOjEwMzY3NzQwOA==,T3V0Y29tZU5vZGU6Njc5MDg4NA==,Polymarket,exchange,KO,A_5,A_13,wins by TKO/KO,doesn't win by TKO/KO,,2.0,Will Umar Nurmagomedov win by KO or TKO? - Yes,umar-nurmagomedov-28334,0,-1329,-4900,-525,-4900,2026-08-24T11:55:43.017742+00:00,2026-08-15T22:05:12.495755+00:00,0.07,O,0,complete
2026-08-24T12:00:00.645458+00:00,8869,2026-08-29,UFC Fight Night: Nurmagomedov vs. Song,ufc,umar-nurmagomedov-vs-yadong-song-79649,T2ZmZXJOb2RlOjEwMzY3NzQwOA==,T3V0Y29tZU5vZGU6Njc5MDg4NQ==,Polymarket,exchange,KO,A_5,A_13,wins by TKO/KO,doesn't win by TKO/KO,,2.0,Will Umar Nurmagomedov win by KO or TKO? - No,umar-nurmagomedov-28334,1,-2400,-4900,-1900,-4900,2026-08-24T11:55:43.017742+00:00,2026-08-15T22:05:12.495755+00:00,0.07,O,0,complete
2026-08-24T12:00:00.645458+00:00,8869,2026-08-29,UFC Fight Night: Nurmagomedov vs. Song,ufc,levi-rodrigues-vs-ce-liu-80790,T2ZmZXJOb2RlOjEwMzY5MDYzMw==,T3V0Y29tZU5vZGU6NjgwODQzMA==,Bovada,sportsbook,OVERUNDER_1.5,A_4,A_1,Over 1.5 rounds,Under 1.5 rounds,,1.5,Over 1.5,,0,+140,-130,+140,-130,2026-08-23T20:54:20.265128+00:00,2026-08-23T16:39:52.861180+00:00,15.09,O,0,complete
2026-08-24T12:00:00.645458+00:00,8869,2026-08-29,UFC Fight Night: Nurmagomedov vs. Song,ufc,levi-rodrigues-vs-ce-liu-80790,T2ZmZXJOb2RlOjEwMzY5MDYzMw==,T3V0Y29tZU5vZGU6NjgwODQzMQ==,Bovada,sportsbook,OVERUNDER_1.5,A_4,A_1,Over 1.5 rounds,Under 1.5 rounds,,1.5,Under 1.5,,1,-185,+100,+100,-185,2026-08-23T20:54:20.265128+00:00,2026-08-23T16:39:52.861180+00:00,15.09,O,0,complete
2026-08-24T12:00:00.645458+00:00,8869,2026-08-29,UFC Fight Night: Nurmagomedov vs. Song,ufc,bilal-hasan-vs-nilson-rojas-80821,T2ZmZXJOb2RlOjEwMzY5MDY1MQ==,T3V0Y29tZU5vZGU6NjgwODQ2Ng==,Bovada,sportsbook,OVERUNDER_1.5,A_4,A_1,Over 1.5 rounds,Under 1.5 rounds,,1.5,Over 1.5,,0,-115,+160,+160,-115,2026-08-24T02:34:26.284656+00:00,2026-08-23T16:59:16.090690+00:00,9.43,O,0,complete
2026-08-24T12:00:00.645458+00:00,8869,2026-08-29,UFC Fight Night: Nurmagomedov vs. Song,ufc,bilal-hasan-vs-nilson-rojas-80821,T2ZmZXJOb2RlOjEwMzY5MDY1MQ==,T3V0Y29tZU5vZGU6NjgwODQ2Nw==,Bovada,sportsbook,OVERUNDER_1.5,A_4,A_1,Over 1.5 rounds,Under 1.5 rounds,,1.5,Under 1.5,,1,-115,-210,-115,-210,2026-08-24T02:34:26.284656+00:00,2026-08-23T16:59:16.090690+00:00,9.43,O,0,complete
2026-08-24T12:00:00.645458+00:00,8869,2026-08-29,UFC Fight Night: Nurmagomedov vs. Song,ufc,bilal-hasan-vs-nilson-rojas-80821,T2ZmZXJOb2RlOjEwMzY4ODkwNQ==,T3V0Y29tZU5vZGU6NjgwNTkzNQ==,Polymarket,exchange,OVERUNDER_1.5,A_4,A_1,Over 1.5 rounds,Under 1.5 rounds,,1.5,Under 1.5,,1,-1567,-4900,-156,-4900,2026-08-24T11:55:43.629991+00:00,2026-08-21T22:09:48.281277+00:00,0.07,O,0,complete
2026-08-24T12:00:00.645458+00:00,8869,2026-08-29,UFC Fight Night: Nurmagomedov vs. Song,ufc,andre-lima-vs-namsrai-batbayar-80336,T2ZmZXJOb2RlOjEwMzY5MDYzNQ==,T3V0Y29tZU5vZGU6NjgwODQzNA==,BetUS,sportsbook,OVERUNDER_2.5,A_4,A_1,Over 2.5 rounds,Under 2.5 rounds,,2.5,Over 2.5,,0,+118,+130,+130,+118,2026-08-23T16:45:39.351341+00:00,2026-08-23T16:41:02.839373+00:00,19.24,C,0,complete
2026-08-24T12:00:00.645458+00:00,8869,2026-08-29,UFC Fight Night: Nurmagomedov vs. Song,ufc,andre-lima-vs-namsrai-batbayar-80336,T2ZmZXJOb2RlOjEwMzY5MDYzNQ==,T3V0Y29tZU5vZGU6NjgwODQzNQ==,BetUS,sportsbook,OVERUNDER_2.5,A_4,A_1,Over 2.5 rounds,Under 2.5 rounds,,2.5,Under 2.5,,1,-140,-155,-140,-155,2026-08-23T16:45:39.351341+00:00,2026-08-23T16:41:02.839373+00:00,19.24,C,0,complete
2026-08-24T12:00:00.645458+00:00,8869,2026-08-29,UFC Fight Night: Nurmagomedov vs. Song,ufc,jack-jenkins-vs-sean-woodson-80520,T2ZmZXJOb2RlOjEwMzY5MDYzOQ==,T3V0Y29tZU5vZGU6NjgwODQ0Mg==,BetUS,sportsbook,OVERUNDER_2.5,A_4,A_1,Over 2.5 rounds,Under 2.5 rounds,,2.5,Over 2.5,,0,-175,-130,-130,-175,2026-08-23T16:50:36.087896+00:00,2026-08-23T16:45:39.393331+00:00,19.16,C,0,complete
2026-08-24T12:00:00.645458+00:00,8869,2026-08-29,UFC Fight Night: Nurmagomedov vs. Song,ufc,jack-jenkins-vs-sean-woodson-80520,T2ZmZXJOb2RlOjEwMzY5MDYzOQ==,T3V0Y29tZU5vZGU6NjgwODQ0Mw==,BetUS,sportsbook,OVERUNDER_2.5,A_4,A_1,Over 2.5 rounds,Under 2.5 rounds,,2.5,Under 2.5,,1,+146,+110,+146,+110,2026-08-23T16:50:36.087896+00:00,2026-08-23T16:45:39.393331+00:00,19.16,C,0,complete
2026-08-24T12:00:00.645458+00:00,8869,2026-08-29,UFC Fight Night: Nurmagomedov vs. Song,ufc,jack-jenkins-vs-sean-woodson-80520,T2ZmZXJOb2RlOjEwMzY3NzQ1OA==,T3V0Y29tZU5vZGU6Njc5MDk4NA==,Polymarket,exchange,END_KO,A_4,A_5,"Fight ends by KO, TKO or DQ","Fight doesn't end by KO, TKO or DQ",,,Will the fight be won by KO or TKO? - Yes,,0,-2400,-4900,-2400,-4900,2026-08-24T11:55:43.261203+00:00,2026-08-15T22:05:15.899908+00:00,0.07,O,0,complete
2026-08-24T12:00:00.645458+00:00,8869,2026-08-29,UFC Fight Night: Nurmagomedov vs. Song,ufc,lawrence-lui-vs-hector-santiago-80953,T2ZmZXJOb2RlOjEwMzY5MDI3OQ==,T3V0Y29tZU5vZGU6NjgwNzc3OA==,Polymarket,exchange,END_SUB,A_4,A_5,Fight ends in submission,Fight doesn't end in submission,,,Will the fight be won by submission? - Yes,,0,-1567,-2400,-1567,-2400,2026-08-24T11:55:43.671063+00:00,2026-08-22T22:09:54.337710+00:00,0.07,O,0,complete
2026-08-24T12:00:00.645458+00:00,8869,2026-08-29,UFC Fight Night: Nurmagomedov vs. Song,ufc,jingnan-xiong-vs-julia-polastri-80594,T2ZmZXJOb2RlOjEwMzY5MDY0Mw==,T3V0Y29tZU5vZGU6NjgwODQ1MA==,BetUS,sportsbook,OVERUNDER_2.5,A_4,A_1,Over 2.5 rounds,Under 2.5 rounds,,2.5,Over 2.5,,0,-350,-285,-285,-350,2026-08-23T16:55:30.326461+00:00,2026-08-23T16:50:36.293115+00:00,19.08,C,0,complete
2026-08-24T12:00:00.645458+00:00,8869,2026-08-29,UFC Fight Night: Nurmagomedov vs. Song,ufc,jingnan-xiong-vs-julia-polastri-80594,T2ZmZXJOb2RlOjEwMzY5MDY0Mw==,T3V0Y29tZU5vZGU6NjgwODQ1MQ==,BetUS,sportsbook,OVERUNDER_2.5,A_4,A_1,Over 2.5 rounds,Under 2.5 rounds,,2.5,Under 2.5,,1,+279,+234,+279,+234,2026-08-23T16:55:30.326461+00:00,2026-08-23T16:50:36.293115+00:00,19.08,C,0,complete
2026-08-24T12:00:00.645458+00:00,8869,2026-08-29,UFC Fight Night: Nurmagomedov vs. Song,ufc,jingnan-xiong-vs-julia-polastri-80594,T2ZmZXJOb2RlOjEwMzY3NzQ3Mg==,T3V0Y29tZU5vZGU6Njc5MTAxMg==,Polymarket,exchange,KO,A_5,A_13,wins by TKO/KO,doesn't win by TKO/KO,,2.0,Will Julia Polastri win by KO or TKO? - Yes,julia-polastri-39425,0,-1329,-4900,-525,-4900,2026-08-24T11:55:43.378048+00:00,2026-08-15T22:05:17.178253+00:00,0.07,O,0,complete
2026-08-24T12:00:00.645458+00:00,8869,2026-08-29,UFC Fight Night: Nurmagomedov vs. Song,ufc,meng-ding-vs-cameron-nelson-80702,T2ZmZXJOb2RlOjEwMzY5MDY0OQ==,T3V0Y29tZU5vZGU6NjgwODQ2Mg==,BetUS,sportsbook,OVERUNDER_2.5,A_4,A_1,Over 2.5 rounds,Under 2.5 rounds,,2.5,Over 2.5,,0,-115,-130,-115,-130,2026-08-23T21:15:48.533970+00:00,2026-08-23T16:55:30.393203+00:00,14.74,C,0,complete
2026-08-24T12:00:00.645458+00:00,8869,2026-08-29,UFC Fight Night: Nurmagomedov vs. Song,ufc,meng-ding-vs-cameron-nelson-80702,T2ZmZXJOb2RlOjEwMzY5MDY0OQ==,T3V0Y29tZU5vZGU6NjgwODQ2Mw==,BetUS,sportsbook,OVERUNDER_2.5,A_4,A_1,Over 2.5 rounds,Under 2.5 rounds,,2.5,Under 2.5,,1,-105,+110,+110,-105,2026-08-23T21:15:48.533970+00:00,2026-08-23T16:55:30.393203+00:00,14.74,C,0,complete
2026-08-24T12:00:00.645458+00:00,8869,2026-08-29,UFC Fight Night: Nurmagomedov vs. Song,ufc,meng-ding-vs-cameron-nelson-80702,T2ZmZXJOb2RlOjEwMzY5MDY0Nw==,T3V0Y29tZU5vZGU6NjgwODQ1OA==,Bovada,sportsbook,OVERUNDER_2.5,A_4,A_1,Over 2.5 rounds,Under 2.5 rounds,,2.5,Over 2.5,,0,-120,-135,-120,-135,2026-08-23T21:19:08.444625+00:00,2026-08-23T16:54:51.956433+00:00,14.68,O,0,complete
2026-08-24T12:00:00.645458+00:00,8869,2026-08-29,UFC Fight Night: Nurmagomedov vs. Song,ufc,meng-ding-vs-cameron-nelson-80702,T2ZmZXJOb2RlOjEwMzY5MDY0Nw==,T3V0Y29tZU5vZGU6NjgwODQ1OQ==,Bovada,sportsbook,OVERUNDER_2.5,A_4,A_1,Over 2.5 rounds,Under 2.5 rounds,,2.5,Under 2.5,,1,-110,+105,+105,-110,2026-08-23T21:19:08.444625+00:00,2026-08-23T16:54:51.956433+00:00,14.68,O,0,complete
2026-08-24T12:10:02.959540+00:00,9111,2026-08-25,Dana White's Contender Series: Contender Series 2026: Week 3,dwcs,sean-clancy-jr-vs-gary-balletto-jr-79266,T2ZmZXJOb2RlOjEwMzY3NDg2NA==,T3V0Y29tZU5vZGU6Njc4NzQwNg==,Polymarket,exchange,OVERUNDER_0.5,A_4,A_1,Over 0.5 rounds,Under 0.5 rounds,,0.5,Over 0.5,,0,-2400,-4900,+900,-4900,2026-08-24T12:06:36.710259+00:00,2026-08-12T22:10:40.958830+00:00,0.06,O,0,complete
2026-08-24T12:10:02.959540+00:00,9111,2026-08-25,Dana White's Contender Series: Contender Series 2026: Week 3,dwcs,sean-clancy-jr-vs-gary-balletto-jr-79266,T2ZmZXJOb2RlOjEwMzY3NDg2NA==,T3V0Y29tZU5vZGU6Njc4NzQwNw==,Polymarket,exchange,OVERUNDER_0.5,A_4,A_1,Over 0.5 rounds,Under 0.5 rounds,,0.5,Under 0.5,,1,-1900,-4900,-1329,-4900,2026-08-24T12:06:36.710259+00:00,2026-08-12T22:10:40.958830+00:00,0.06,O,0,complete
2026-08-24T12:10:02.959540+00:00,8869,2026-08-29,UFC Fight Night: Nurmagomedov vs. Song,ufc,umar-nurmagomedov-vs-yadong-song-79649,T2ZmZXJOb2RlOjEwMzY3NzQwOA==,T3V0Y29tZU5vZGU6Njc5MDg4NA==,Polymarket,exchange,KO,A_5,A_13,wins by TKO/KO,doesn't win by TKO/KO,,2.0,Will Umar Nurmagomedov win by KO or TKO? - Yes,umar-nurmagomedov-28334,0,-733,-4900,-525,-4900,2026-08-24T12:06:36.844992+00:00,2026-08-15T22:05:12.495755+00:00,0.06,O,0,complete
2026-08-24T12:10:02.959540+00:00,8869,2026-08-29,UFC Fight Night: Nurmagomedov vs. Song,ufc,alex-perez-vs-su-mudaerji-79689,T2ZmZXJOb2RlOjEwMzY3NzQzOQ==,T3V0Y29tZU5vZGU6Njc5MDk0Nw==,Polymarket,exchange,OVERUNDER_1.5,A_4,A_1,Over 1.5 rounds,Under 1.5 rounds,,1.5,Under 1.5,,1,-1150,-9900,-567,-9900,2026-08-24T12:06:36.995807+00:00,2026-08-15T22:05:14.548928+00:00,0.06,O,0,complete
2026-08-24T12:10:02.959540+00:00,8869,2026-08-29,UFC Fight Night: Nurmagomedov vs. Song,ufc,alex-perez-vs-su-mudaerji-79689,T2ZmZXJOb2RlOjEwMzY3NzQzOA==,T3V0Y29tZU5vZGU6Njc5MDk0NQ==,Polymarket,exchange,OVERUNDER_0.5,A_4,A_1,Over 0.5 rounds,Under 0.5 rounds,,0.5,Under 0.5,,1,-1011,-4900,-567,-4900,2026-08-24T12:06:36.990347+00:00,2026-08-15T22:05:14.479760+00:00,0.06,O,0,complete
2026-08-24T12:10:02.959540+00:00,8869,2026-08-29,UFC Fight Night: Nurmagomedov vs. Song,ufc,bilal-hasan-vs-nilson-rojas-80821,T2ZmZXJOb2RlOjEwMzY4ODkwNQ==,T3V0Y29tZU5vZGU6NjgwNTkzNA==,Polymarket,exchange,OVERUNDER_1.5,A_4,A_1,Over 1.5 rounds,Under 1.5 rounds,,1.5,Over 1.5,,0,-1329,-4900,+104,-4900,2026-08-24T12:06:37.564236+00:00,2026-08-21T22:09:48.281277+00:00,0.06,O,0,complete
2026-08-24T12:10:02.959540+00:00,8869,2026-08-29,UFC Fight Night: Nurmagomedov vs. Song,ufc,bilal-hasan-vs-nilson-rojas-80821,T2ZmZXJOb2RlOjEwMzY4ODkwNQ==,T3V0Y29tZU5vZGU6NjgwNTkzNQ==,Polymarket,exchange,OVERUNDER_1.5,A_4,A_1,Over 1.5 rounds,Under 1.5 rounds,,1.5,Under 1.5,,1,-3233,-4900,-156,-4900,2026-08-24T12:06:37.564236+00:00,2026-08-21T22:09:48.281277+00:00,0.06,O,0,complete
2026-08-24T12:10:02.959540+00:00,8869,2026-08-29,UFC Fight Night: Nurmagomedov vs. Song,ufc,andre-lima-vs-namsrai-batbayar-80336,T2ZmZXJOb2RlOjEwMzY5MDYzNQ==,T3V0Y29tZU5vZGU6NjgwODQzNA==,BetUS,sportsbook,OVERUNDER_2.5,A_4,A_1,Over 2.5 rounds,Under 2.5 rounds,,2.5,Over 2.5,,0,+118,+130,+130,+118,2026-08-23T16:45:39.351341+00:00,2026-08-23T16:41:02.839373+00:00,19.41,O,0,complete
2026-08-24T12:10:02.959540+00:00,8869,2026-08-29,UFC Fight Night: Nurmagomedov vs. Song,ufc,andre-lima-vs-namsrai-batbayar-80336,T2ZmZXJOb2RlOjEwMzY5MDYzNQ==,T3V0Y29tZU5vZGU6NjgwODQzNQ==,BetUS,sportsbook,OVERUNDER_2.5,A_4,A_1,Over 2.5 rounds,Under 2.5 rounds,,2.5,Under 2.5,,1,-140,-155,-140,-155,2026-08-23T16:45:39.351341+00:00,2026-08-23T16:41:02.839373+00:00,19.41,O,0,complete
2026-08-24T12:10:02.959540+00:00,8869,2026-08-29,UFC Fight Night: Nurmagomedov vs. Song,ufc,jack-jenkins-vs-sean-woodson-80520,T2ZmZXJOb2RlOjEwMzY5MDYzOQ==,T3V0Y29tZU5vZGU6NjgwODQ0Mg==,BetUS,sportsbook,OVERUNDER_2.5,A_4,A_1,Over 2.5 rounds,Under 2.5 rounds,,2.5,Over 2.5,,0,-175,-130,-130,-175,2026-08-23T16:50:36.087896+00:00,2026-08-23T16:45:39.393331+00:00,19.32,O,0,complete
2026-08-24T12:10:02.959540+00:00,8869,2026-08-29,UFC Fight Night: Nurmagomedov vs. Song,ufc,jack-jenkins-vs-sean-woodson-80520,T2ZmZXJOb2RlOjEwMzY5MDYzOQ==,T3V0Y29tZU5vZGU6NjgwODQ0Mw==,BetUS,sportsbook,OVERUNDER_2.5,A_4,A_1,Over 2.5 rounds,Under 2.5 rounds,,2.5,Under 2.5,,1,+146,+110,+146,+110,2026-08-23T16:50:36.087896+00:00,2026-08-23T16:45:39.393331+00:00,19.32,O,0,complete
2026-08-24T12:10:02.959540+00:00,8869,2026-08-29,UFC Fight Night: Nurmagomedov vs. Song,ufc,lawrence-lui-vs-hector-santiago-80953,T2ZmZXJOb2RlOjEwMzY5MDI3OQ==,T3V0Y29tZU5vZGU6NjgwNzc3OA==,Polymarket,exchange,END_SUB,A_4,A_5,Fight ends in submission,Fight doesn't end in submission,,,Will the fight be won by submission? - Yes,,0,-1900,-2400,-1567,-2400,2026-08-24T12:06:37.604343+00:00,2026-08-22T22:09:54.337710+00:00,0.06,O,0,complete
2026-08-24T12:10:02.959540+00:00,8869,2026-08-29,UFC Fight Night: Nurmagomedov vs. Song,ufc,jingnan-xiong-vs-julia-polastri-80594,T2ZmZXJOb2RlOjEwMzY5MDY0Mw==,T3V0Y29tZU5vZGU6NjgwODQ1MA==,BetUS,sportsbook,OVERUNDER_2.5,A_4,A_1,Over 2.5 rounds,Under 2.5 rounds,,2.5,Over 2.5,,0,-350,-285,-285,-350,2026-08-23T16:55:30.326461+00:00,2026-08-23T16:50:36.293115+00:00,19.24,O,0,complete
2026-08-24T12:10:02.959540+00:00,8869,2026-08-29,UFC Fight Night: Nurmagomedov vs. Song,ufc,jingnan-xiong-vs-julia-polastri-80594,T2ZmZXJOb2RlOjEwMzY5MDY0Mw==,T3V0Y29tZU5vZGU6NjgwODQ1MQ==,BetUS,sportsbook,OVERUNDER_2.5,A_4,A_1,Over 2.5 rounds,Under 2.5 rounds,,2.5,Under 2.5,,1,+279,+234,+279,+234,2026-08-23T16:55:30.326461+00:00,2026-08-23T16:50:36.293115+00:00,19.24,O,0,complete
2026-08-24T12:10:02.959540+00:00,8869,2026-08-29,UFC Fight Night: Nurmagomedov vs. Song,ufc,jingnan-xiong-vs-julia-polastri-80594,T2ZmZXJOb2RlOjEwMzY3NzQ3Mg==,T3V0Y29tZU5vZGU6Njc5MTAxMw==,Polymarket,exchange,KO,A_5,A_13,wins by TKO/KO,doesn't win by TKO/KO,,2.0,Will Julia Polastri win by KO or TKO? - No,julia-polastri-39425,1,-1900,-4900,+400,-4900,2026-08-24T12:06:37.186760+00:00,2026-08-15T22:05:17.178253+00:00,0.06,O,0,complete
2026-08-24T12:10:02.959540+00:00,8869,2026-08-29,UFC Fight Night: Nurmagomedov vs. Song,ufc,meng-ding-vs-cameron-nelson-80702,T2ZmZXJOb2RlOjEwMzY5MDY0OQ==,T3V0Y29tZU5vZGU6NjgwODQ2Mg==,BetUS,sportsbook,OVERUNDER_2.5,A_4,A_1,Over 2.5 rounds,Under 2.5 rounds,,2.5,Over 2.5,,0,-115,-130,-115,-130,2026-08-23T21:15:48.533970+00:00,2026-08-23T16:55:30.393203+00:00,14.9,O,0,complete
2026-08-24T12:10:02.959540+00:00,8869,2026-08-29,UFC Fight Night: Nurmagomedov vs. Song,ufc,meng-ding-vs-cameron-nelson-80702,T2ZmZXJOb2RlOjEwMzY5MDY0OQ==,T3V0Y29tZU5vZGU6NjgwODQ2Mw==,BetUS,sportsbook,OVERUNDER_2.5,A_4,A_1,Over 2.5 rounds,Under 2.5 rounds,,2.5,Under 2.5,,1,-105,+110,+110,-105,2026-08-23T21:15:48.533970+00:00,2026-08-23T16:55:30.393203+00:00,14.9,O,0,complete
2026-08-24T12:19:55.556129+00:00,9111,2026-08-25,Dana White's Contender Series: Contender Series 2026: Week 3,dwcs,sean-clancy-jr-vs-gary-balletto-jr-79266,T2ZmZXJOb2RlOjEwMzY3NDg2NA==,T3V0Y29tZU5vZGU6Njc4NzQwNg==,Polymarket,exchange,OVERUNDER_0.5,A_4,A_1,Over 0.5 rounds,Under 0.5 rounds,,0.5,Over 0.5,,0,-1329,-4900,+900,-4900,2026-08-24T12:15:39.027813+00:00,2026-08-12T22:10:40.958830+00:00,0.07,O,0,complete
2026-08-24T12:19:55.556129+00:00,9111,2026-08-25,Dana White's Contender Series: Contender Series 2026: Week 3,dwcs,sean-clancy-jr-vs-gary-balletto-jr-79266,T2ZmZXJOb2RlOjEwMzY3NDg2NA==,T3V0Y29tZU5vZGU6Njc4NzQwNw==,Polymarket,exchange,OVERUNDER_0.5,A_4,A_1,Over 0.5 rounds,Under 0.5 rounds,,0.5,Under 0.5,,1,-1567,-4900,-1329,-4900,2026-08-24T12:15:39.027813+00:00,2026-08-12T22:10:40.958830+00:00,0.07,O,0,complete
2026-08-24T12:19:55.556129+00:00,8869,2026-08-29,UFC Fight Night: Nurmagomedov vs. Song,ufc,umar-nurmagomedov-vs-yadong-song-79649,T2ZmZXJOb2RlOjEwMzY5MDgzNg==,T3V0Y29tZU5vZGU6NjgwODgzMw==,Bet105,sportsbook,OVERUNDER_4.5,A_4,A_1,Over 4.5 rounds,Under 4.5 rounds,,4.5,Over 4.5,,0,-219,-219,-219,-219,2026-08-24T12:14:24.590284+00:00,2026-08-24T12:14:23.547167+00:00,0.09,O,0,complete
2026-08-24T12:19:55.556129+00:00,8869,2026-08-29,UFC Fight Night: Nurmagomedov vs. Song,ufc,umar-nurmagomedov-vs-yadong-song-79649,T2ZmZXJOb2RlOjEwMzY5MDgzNg==,T3V0Y29tZU5vZGU6NjgwODgzNA==,Bet105,sportsbook,OVERUNDER_4.5,A_4,A_1,Over 4.5 rounds,Under 4.5 rounds,,4.5,Under 4.5,,1,+177,+177,+177,+177,2026-08-24T12:14:24.590284+00:00,2026-08-24T12:14:23.547167+00:00,0.09,O,0,complete
2026-08-24T12:19:55.556129+00:00,8869,2026-08-29,UFC Fight Night: Nurmagomedov vs. Song,ufc,umar-nurmagomedov-vs-yadong-song-79649,T2ZmZXJOb2RlOjEwMzY5MDYwOA==,T3V0Y29tZU5vZGU6NjgwODM4MA==,BetUS,sportsbook,OVERUNDER_4.5,A_4,A_1,Over 4.5 rounds,Under 4.5 rounds,,4.5,Over 4.5,,0,-225,-145,-145,-225,2026-08-24T12:15:51.150692+00:00,2026-08-23T15:55:26.731455+00:00,0.07,O,0,complete
2026-08-24T12:19:55.556129+00:00,8869,2026-08-29,UFC Fight Night: Nurmagomedov vs. Song,ufc,umar-nurmagomedov-vs-yadong-song-79649,T2ZmZXJOb2RlOjEwMzY5MDYwOA==,T3V0Y29tZU5vZGU6NjgwODM4MQ==,BetUS,sportsbook,OVERUNDER_4.5,A_4,A_1,Over 4.5 rounds,Under 4.5 rounds,,4.5,Under 4.5,,1,+186,+122,+186,+122,2026-08-24T12:15:51.150692+00:00,2026-08-23T15:55:26.731455+00:00,0.07,O,0,complete
2026-08-24T12:19:55.556129+00:00,8869,2026-08-29,UFC Fight Night: Nurmagomedov vs. Song,ufc,umar-nurmagomedov-vs-yadong-song-79649,T2ZmZXJOb2RlOjEwMzY5MDYwNw==,T3V0Y29tZU5vZGU6NjgwODM3OA==,Bovada,sportsbook,OVERUNDER_4.5,A_4,A_1,Over 4.5 rounds,Under 4.5 rounds,,4.5,Over 4.5,,0,-240,-130,-130,-240,2026-08-24T12:15:09.722314+00:00,2026-08-23T15:54:14.817697+00:00,0.08,O,0,complete
2026-08-24T12:19:55.556129+00:00,8869,2026-08-29,UFC Fight Night: Nurmagomedov vs. Song,ufc,umar-nurmagomedov-vs-yadong-song-79649,T2ZmZXJOb2RlOjEwMzY5MDYwNw==,T3V0Y29tZU5vZGU6NjgwODM3OQ==,Bovada,sportsbook,OVERUNDER_4.5,A_4,A_1,Over 4.5 rounds,Under 4.5 rounds,,4.5,Under 4.5,,1,+180,+100,+180,+100,2026-08-24T12:15:09.722314+00:00,2026-08-23T15:54:14.817697+00:00,0.08,O,0,complete
2026-08-24T12:19:55.556129+00:00,8869,2026-08-29,UFC Fight Night: Nurmagomedov vs. Song,ufc,umar-nurmagomedov-vs-yadong-song-79649,T2ZmZXJOb2RlOjEwMzY5MDYwNA==,T3V0Y29tZU5vZGU6NjgwODM3Mg==,BetOnline,sportsbook,OVERUNDER_4.5,A_4,A_1,Over 4.5 rounds,Under 4.5 rounds,,4.5,Over 4.5,,0,-225,-125,-125,-225,2026-08-24T12:13:34.495465+00:00,2026-08-23T15:52:54.816823+00:00,0.11,O,0,complete
2026-08-24T12:19:55.556129+00:00,8869,2026-08-29,UFC Fight Night: Nurmagomedov vs. Song,ufc,umar-nurmagomedov-vs-yadong-song-79649,T2ZmZXJOb2RlOjEwMzY5MDYwNA==,T3V0Y29tZU5vZGU6NjgwODM3Mw==,BetOnline,sportsbook,OVERUNDER_4.5,A_4,A_1,Over 4.5 rounds,Under 4.5 rounds,,4.5,Under 4.5,,1,+189,+105,+189,+105,2026-08-24T12:13:34.495465+00:00,2026-08-23T15:52:54.816823+00:00,0.11,O,0,complete
2026-08-24T12:19:55.556129+00:00,8869,2026-08-29,UFC Fight Night: Nurmagomedov vs. Song,ufc,umar-nurmagomedov-vs-yadong-song-79649,T2ZmZXJOb2RlOjEwMzY3NzQxNA==,T3V0Y29tZU5vZGU6Njc5MDg5Ng==,Polymarket,exchange,OVERUNDER_4.5,A_4,A_1,Over 4.5 rounds,Under 4.5 rounds,,4.5,Over 4.5,,0,-223,-9900,-223,-9900,2026-08-24T12:15:39.175806+00:00,2026-08-15T22:05:12.962821+00:00,0.07,O,0,complete
2026-08-24T12:19:55.556129+00:00,8869,2026-08-29,UFC Fight Night: Nurmagomedov vs. Song,ufc,umar-nurmagomedov-vs-yadong-song-79649,T2ZmZXJOb2RlOjEwMzY3NzQxNA==,T3V0Y29tZU5vZGU6Njc5MDg5Nw==,Polymarket,exchange,OVERUNDER_4.5,A_4,A_1,Over 4.5 rounds,Under 4.5 rounds,,4.5,Under 4.5,,1,+170,-9900,+170,-9900,2026-08-24T12:15:39.175806+00:00,2026-08-15T22:05:12.962821+00:00,0.07,O,0,complete
2026-08-24T12:19:55.556129+00:00,8869,2026-08-29,UFC Fight Night: Nurmagomedov vs. Song,ufc,umar-nurmagomedov-vs-yadong-song-79649,T2ZmZXJOb2RlOjEwMzY3NzQwOA==,T3V0Y29tZU5vZGU6Njc5MDg4NA==,Polymarket,exchange,KO,A_5,A_13,wins by TKO/KO,doesn't win by TKO/KO,,2.0,Will Umar Nurmagomedov win by KO or TKO? - Yes,umar-nurmagomedov-28334,0,-1011,-4900,-525,-4900,2026-08-24T12:15:39.153495+00:00,2026-08-15T22:05:12.495755+00:00,0.07,O,0,complete
2026-08-24T12:19:55.556129+00:00,8869,2026-08-29,UFC Fight Night: Nurmagomedov vs. Song,ufc,xiaonan-yan-vs-denise-gomes-79865,T2ZmZXJOb2RlOjEwMzY5MDgzNw==,T3V0Y29tZU5vZGU6NjgwODgzNQ==,Bet105,sportsbook,OVERUNDER_2.5,A_4,A_1,Over 2.5 rounds,Under 2.5 rounds,,2.5,Over 2.5,,0,-279,-279,-279,-279,2026-08-24T12:14:24.832978+00:00,2026-08-24T12:14:23.624927+00:00,0.09,O,0,complete
2026-08-24T12:19:55.556129+00:00,8869,2026-08-29,UFC Fight Night: Nurmagomedov vs. Song,ufc,xiaonan-yan-vs-denise-gomes-79865,T2ZmZXJOb2RlOjEwMzY5MDgzNw==,T3V0Y29tZU5vZGU6NjgwODgzNg==,Bet105,sportsbook,OVERUNDER_2.5,A_4,A_1,Over 2.5 rounds,Under 2.5 rounds,,2.5,Under 2.5,,1,+221,+221,+221,+221,2026-08-24T12:14:24.832978+00:00,2026-08-24T12:14:23.624927+00:00,0.09,O,0,complete
2026-08-24T12:19:55.556129+00:00,8869,2026-08-29,UFC Fight Night: Nurmagomedov vs. Song,ufc,xiaonan-yan-vs-denise-gomes-79865,T2ZmZXJOb2RlOjEwMzY5MDYxMw==,T3V0Y29tZU5vZGU6NjgwODM5MA==,BetUS,sportsbook,OVERUNDER_2.5,A_4,A_1,Over 2.5 rounds,Under 2.5 rounds,,2.5,Over 2.5,,0,-285,-275,-275,-285,2026-08-24T12:15:51.168806+00:00,2026-08-23T16:10:59.558586+00:00,0.07,O,0,complete
2026-08-24T12:19:55.556129+00:00,8869,2026-08-29,UFC Fight Night: Nurmagomedov vs. Song,ufc,xiaonan-yan-vs-denise-gomes-79865,T2ZmZXJOb2RlOjEwMzY5MDYxMw==,T3V0Y29tZU5vZGU6NjgwODM5MQ==,BetUS,sportsbook,OVERUNDER_2.5,A_4,A_1,Over 2.5 rounds,Under 2.5 rounds,,2.5,Under 2.5,,1,+234,+226,+234,+226,2026-08-24T12:15:51.168806+00:00,2026-08-23T16:10:59.558586+00:00,0.07,O,0,complete
2026-08-24T12:19:55.556129+00:00,8869,2026-08-29,UFC Fight Night: Nurmagomedov vs. Song,ufc,xiaonan-yan-vs-denise-gomes-79865,T2ZmZXJOb2RlOjEwMzY5MDYwNg==,T3V0Y29tZU5vZGU6NjgwODM3Ng==,Bovada,sportsbook,OVERUNDER_2.5,A_4,A_1,Over 2.5 rounds,Under 2.5 rounds,,2.5,Over 2.5,,0,-300,-300,-285,-310,2026-08-24T12:19:50.504237+00:00,2026-08-23T15:54:14.796520+00:00,0.0,O,0,complete
2026-08-24T12:19:55.556129+00:00,8869,2026-08-29,UFC Fight Night: Nurmagomedov vs. Song,ufc,xiaonan-yan-vs-denise-gomes-79865,T2ZmZXJOb2RlOjEwMzY5MDYwNg==,T3V0Y29tZU5vZGU6NjgwODM3Nw==,Bovada,sportsbook,OVERUNDER_2.5,A_4,A_1,Over 2.5 rounds,Under 2.5 rounds,,2.5,Under 2.5,,1,+220,+220,+225,+210,2026-08-24T12:19:50.504237+00:00,2026-08-23T15:54:14.796520+00:00,0.0,O,0,complete
2026-08-24T12:19:55.556129+00:00,8869,2026-08-29,UFC Fight Night: Nurmagomedov vs. Song,ufc,xiaonan-yan-vs-denise-gomes-79865,T2ZmZXJOb2RlOjEwMzY5MDYwNQ==,T3V0Y29tZU5vZGU6NjgwODM3NA==,BetOnline,sportsbook,OVERUNDER_2.5,A_4,A_1,Over 2.5 rounds,Under 2.5 rounds,,2.5,Over 2.5,,0,-285,-275,-275,-285,2026-08-24T12:13:34.513354+00:00,2026-08-23T15:52:54.835653+00:00,0.11,O,0,complete
2026-08-24T12:19:55.556129+00:00,8869,2026-08-29,UFC Fight Night: Nurmagomedov vs. Song,ufc,xiaonan-yan-vs-denise-gomes-79865,T2ZmZXJOb2RlOjEwMzY5MDYwNQ==,T3V0Y29tZU5vZGU6NjgwODM3NQ==,BetOnline,sportsbook,OVERUNDER_2.5,A_4,A_1,Over 2.5 rounds,Under 2.5 rounds,,2.5,Under 2.5,,1,+234,+226,+234,+226,2026-08-24T12:13:34.513354+00:00,2026-08-23T15:52:54.835653+00:00,0.11,O,0,complete
2026-08-24T12:19:55.556129+00:00,8869,2026-08-29,UFC Fight Night: Nurmagomedov vs. Song,ufc,xiaonan-yan-vs-denise-gomes-79865,T2ZmZXJOb2RlOjEwMzY3NzQyMw==,T3V0Y29tZU5vZGU6Njc5MDkxNA==,Polymarket,exchange,OVERUNDER_2.5,A_4,A_1,Over 2.5 rounds,Under 2.5 rounds,,2.5,Over 2.5,,0,-285,-9900,-285,-9900,2026-08-24T12:15:39.212581+00:00,2026-08-15T22:05:13.454342+00:00,0.07,O,0,complete
2026-08-24T12:19:55.556129+00:00,8869,2026-08-29,UFC Fight Night: Nurmagomedov vs. Song,ufc,xiaonan-yan-vs-denise-gomes-79865,T2ZmZXJOb2RlOjEwMzY3NzQyMw==,T3V0Y29tZU5vZGU6Njc5MDkxNQ==,Polymarket,exchange,OVERUNDER_2.5,A_4,A_1,Over 2.5 rounds,Under 2.5 rounds,,2.5,Under 2.5,,1,+194,-9900,+194,-9900,2026-08-24T12:15:39.212581+00:00,2026-08-15T22:05:13.454342+00:00,0.07,O,0,complete
2026-08-24T12:19:55.556129+00:00,8869,2026-08-29,UFC Fight Night: Nurmagomedov vs. Song,ufc,kai-asakura-vs-qileng-aori-80038,T2ZmZXJOb2RlOjEwMzY5MDgzOA==,T3V0Y29tZU5vZGU6NjgwODgzNw==,Bet105,sportsbook,OVERUNDER_2.5,A_4,A_1,Over 2.5 rounds,Under 2.5 rounds,,2.5,Over 2.5,,0,+161,+161,+161,+161,2026-08-24T12:14:25.009325+00:00,2026-08-24T12:14:23.683529+00:00,0.09,O,0,complete
2026-08-24T12:19:55.556129+00:00,8869,2026-08-29,UFC Fight Night: Nurmagomedov vs. Song,ufc,kai-asakura-vs-qileng-aori-80038,T2ZmZXJOb2RlOjEwMzY5MDgzOA==,T3V0Y29tZU5vZGU6NjgwODgzOA==,Bet105,sportsbook,OVERUNDER_2.5,A_4,A_1,Over 2.5 rounds,Under 2.5 rounds,,2.5,Under 2.5,,1,-198,-198,-198,-198,2026-08-24T12:14:25.009325+00:00,2026-08-24T12:14:23.683529+00:00,0.09,O,0,complete
2026-08-24T12:19:55.556129+00:00,8869,2026-08-29,UFC Fight Night: Nurmagomedov vs. Song,ufc,kai-asakura-vs-qileng-aori-80038,T2ZmZXJOb2RlOjEwMzY5MDgxMw==,T3V0Y29tZU5vZGU6NjgwODc4OA==,Novig,exchange,OVERUNDER_2.5,A_4,A_1,Over 2.5 rounds,Under 2.5 rounds,,2.5,Over 2.5,,0,+156,+153,+156,+153,2026-08-24T12:15:35.844388+00:00,2026-08-24T03:00:35.619874+00:00,0.07,O,0,complete
2026-08-24T12:19:55.556129+00:00,8869,2026-08-29,UFC Fight Night: Nurmagomedov vs. Song,ufc,kai-asakura-vs-qileng-aori-80038,T2ZmZXJOb2RlOjEwMzY5MDYyMg==,T3V0Y29tZU5vZGU6NjgwODQwOA==,Bovada,sportsbook,OVERUNDER_2.5,A_4,A_1,Over 2.5 rounds,Under 2.5 rounds,,2.5,Over 2.5,,0,+165,+145,+165,+145,2026-08-24T12:15:09.649688+00:00,2026-08-23T16:24:18.598538+00:00,0.08,O,0,complete
2026-08-24T12:19:55.556129+00:00,8869,2026-08-29,UFC Fight Night: Nurmagomedov vs. Song,ufc,kai-asakura-vs-qileng-aori-80038,T2ZmZXJOb2RlOjEwMzY5MDYyMg==,T3V0Y29tZU5vZGU6NjgwODQwOQ==,Bovada,sportsbook,OVERUNDER_2.5,A_4,A_1,Over 2.5 rounds,Under 2.5 rounds,,2.5,Under 2.5,,1,-220,-190,-190,-220,2026-08-24T12:15:09.649688+00:00,2026-08-23T16:24:18.598538+00:00,0.08,O,0,complete
2026-08-24T12:19:55.556129+00:00,8869,2026-08-29,UFC Fight Night: Nurmagomedov vs. Song,ufc,kai-asakura-vs-qileng-aori-80038,T2ZmZXJOb2RlOjEwMzY5MDYxOA==,T3V0Y29tZU5vZGU6NjgwODQwMA==,BetOnline,sportsbook,OVERUNDER_2.5,A_4,A_1,Over 2.5 rounds,Under 2.5 rounds,,2.5,Over 2.5,,0,+175,-110,+175,-110,2026-08-24T12:13:34.529891+00:00,2026-08-23T16:20:52.612913+00:00,0.11,O,0,complete
2026-08-24T12:19:55.556129+00:00,8869,2026-08-29,UFC Fight Night: Nurmagomedov vs. Song,ufc,kai-asakura-vs-qileng-aori-80038,T2ZmZXJOb2RlOjEwMzY5MDYxOA==,T3V0Y29tZU5vZGU6NjgwODQwMQ==,BetOnline,sportsbook,OVERUNDER_2.5,A_4,A_1,Over 2.5 rounds,Under 2.5 rounds,,2.5,Under 2.5,,1,-201,-110,-110,-201,2026-08-24T12:13:34.529891+00:00,2026-08-23T16:20:52.612913+00:00,0.11,O,0,complete
2026-08-24T12:19:55.556129+00:00,8869,2026-08-29,UFC Fight Night: Nurmagomedov vs. Song,ufc,kai-asakura-vs-qileng-aori-80038,T2ZmZXJOb2RlOjEwMzY5MDYxNg==,T3V0Y29tZU5vZGU6NjgwODM5Ng==,BetUS,sportsbook,OVERUNDER_2.5,A_4,A_1,Over 2.5 rounds,Under 2.5 rounds,,2.5,Over 2.5,,0,+166,-110,+166,-110,2026-08-24T12:15:51.191323+00:00,2026-08-23T16:20:40.872014+00:00,0.07,O,0,complete
2026-08-24T12:19:55.556129+00:00,8869,2026-08-29,UFC Fight Night: Nurmagomedov vs. Song,ufc,kai-asakura-vs-qileng-aori-80038,T2ZmZXJOb2RlOjEwMzY5MDYxNg==,T3V0Y29tZU5vZGU6NjgwODM5Nw==,BetUS,sportsbook,OVERUNDER_2.5,A_4,A_1,Over 2.5 rounds,Under 2.5 rounds,,2.5,Under 2.5,,1,-200,-110,-110,-200,2026-08-24T12:15:51.191323+00:00,2026-08-23T16:20:40.872014+00:00,0.07,O,0,complete
2026-08-24T12:19:55.556129+00:00,8869,2026-08-29,UFC Fight Night: Nurmagomedov vs. Song,ufc,kai-asakura-vs-qileng-aori-80038,T2ZmZXJOb2RlOjEwMzY3NzQzMg==,T3V0Y29tZU5vZGU6Njc5MDkzMg==,Polymarket,exchange,OVERUNDER_2.5,A_4,A_1,Over 2.5 rounds,Under 2.5 rounds,,2.5,Over 2.5,,0,+156,-9900,+156,-9900,2026-08-24T12:15:39.246240+00:00,2026-08-15T22:05:14.070699+00:00,0.07,O,0,complete
2026-08-24T12:19:55.556129+00:00,8869,2026-08-29,UFC Fight Night: Nurmagomedov vs. Song,ufc,kai-asakura-vs-qileng-aori-80038,T2ZmZXJOb2RlOjEwMzY3NzQzMg==,T3V0Y29tZU5vZGU6Njc5MDkzMw==,Polymarket,exchange,OVERUNDER_2.5,A_4,A_1,Over 2.5 rounds,Under 2.5 rounds,,2.5,Under 2.5,,1,-203,-9900,-203,-9900,2026-08-24T12:15:39.246240+00:00,2026-08-15T22:05:14.070699+00:00,0.07,O,0,complete
2026-08-24T12:19:55.556129+00:00,8869,2026-08-29,UFC Fight Night: Nurmagomedov vs. Song,ufc,alex-perez-vs-su-mudaerji-79689,T2ZmZXJOb2RlOjEwMzY5MDgzOQ==,T3V0Y29tZU5vZGU6NjgwODgzOQ==,Bet105,sportsbook,OVERUNDER_2.5,A_4,A_1,Over 2.5 rounds,Under 2.5 rounds,,2.5,Over 2.5,,0,+104,+104,+104,+104,2026-08-24T12:14:25.192908+00:00,2026-08-24T12:14:23.737954+00:00,0.09,O,0,complete
2026-08-24T12:19:55.556129+00:00,8869,2026-08-29,UFC Fight Night: Nurmagomedov vs. Song,ufc,alex-perez-vs-su-mudaerji-79689,T2ZmZXJOb2RlOjEwMzY5MDgzOQ==,T3V0Y29tZU5vZGU6NjgwODg0MA==,Bet105,sportsbook,OVERUNDER_2.5,A_4,A_1,Over 2.5 rounds,Under 2.5 rounds,,2.5,Under 2.5,,1,-126,-126,-126,-126,2026-08-24T12:14:25.192908+00:00,2026-08-24T12:14:23.737954+00:00,0.09,O,0,complete
2026-08-24T12:19:55.556129+00:00,8869,2026-08-29,UFC Fight Night: Nurmagomedov vs. Song,ufc,alex-perez-vs-su-mudaerji-79689,T2ZmZXJOb2RlOjEwMzY5MDYyNw==,T3V0Y29tZU5vZGU6NjgwODQxOA==,Novig,exchange,OVERUNDER_2.5,A_4,A_1,Over 2.5 rounds,Under 2.5 rounds,,2.5,Over 2.5,,0,-104,-125,-104,-125,2026-08-24T12:15:35.772100+00:00,2026-08-23T16:30:46.493239+00:00,0.07,O,0,complete
2026-08-24T12:19:55.556129+00:00,8869,2026-08-29,UFC Fight Night: Nurmagomedov vs. Song,ufc,alex-perez-vs-su-mudaerji-79689,T2ZmZXJOb2RlOjEwMzY5MDYyNw==,T3V0Y29tZU5vZGU6NjgwODQxOQ==,Novig,exchange,OVERUNDER_2.5,A_4,A_1,Over 2.5 rounds,Under 2.5 rounds,,2.5,Under 2.5,,1,-144,-125,-125,-147,2026-08-24T12:15:35.772100+00:00,2026-08-23T16:30:46.493239+00:00,0.07,O,0,complete
2026-08-24T12:19:55.556129+00:00,8869,2026-08-29,UFC Fight Night: Nurmagomedov vs. Song,ufc,alex-perez-vs-su-mudaerji-79689,T2ZmZXJOb2RlOjEwMzY5MDYxOQ==,T3V0Y29tZU5vZGU6NjgwODQwMg==,BetOnline,sportsbook,OVERUNDER_2.5,A_4,A_1,Over 2.5 rounds,Under 2.5 rounds,,2.5,Over 2.5,,0,+107,-135,+115,-135,2026-08-24T12:13:34.544008+00:00,2026-08-23T16:20:52.676001+00:00,0.11,O,0,complete
2026-08-24T12:19:55.556129+00:00,8869,2026-08-29,UFC Fight Night: Nurmagomedov vs. Song,ufc,alex-perez-vs-su-mudaerji-79689,T2ZmZXJOb2RlOjEwMzY5MDYxOQ==,T3V0Y29tZU5vZGU6NjgwODQwMw==,BetOnline,sportsbook,OVERUNDER_2.5,A_4,A_1,Over 2.5 rounds,Under 2.5 rounds,,2.5,Under 2.5,,1,-127,+115,+115,-135,2026-08-24T12:13:34.544008+00:00,2026-08-23T16:20:52.676001+00:00,0.11,O,0,complete
2026-08-24T12:19:55.556129+00:00,8869,2026-08-29,UFC Fight Night: Nurmagomedov vs. Song,ufc,alex-perez-vs-su-mudaerji-79689,T2ZmZXJOb2RlOjEwMzY3NzQ0MA==,T3V0Y29tZU5vZGU6Njc5MDk0OA==,Polymarket,exchange,OVERUNDER_2.5,A_4,A_1,Over 2.5 rounds,Under 2.5 rounds,,2.5,Over 2.5,,0,+100,-9900,+100,-9900,2026-08-24T12:15:39.272396+00:00,2026-08-15T22:05:14.629578+00:00,0.07,O,0,complete
2026-08-24T12:19:55.556129+00:00,8869,2026-08-29,UFC Fight Night: Nurmagomedov vs. Song,ufc,alex-perez-vs-su-mudaerji-79689,T2ZmZXJOb2RlOjEwMzY3NzQzOQ==,T3V0Y29tZU5vZGU6Njc5MDk0Nw==,Polymarket,exchange,OVERUNDER_1.5,A_4,A_1,Over 1.5 rounds,Under 1.5 rounds,,1.5,Under 1.5,,1,-900,-9900,-567,-9900,2026-08-24T12:15:39.270146+00:00,2026-08-15T22:05:14.548928+00:00,0.07,O,0,complete
2026-08-24T12:19:55.556129+00:00,8869,2026-08-29,UFC Fight Night: Nurmagomedov vs. Song,ufc,alex-perez-vs-su-mudaerji-79689,T2ZmZXJOb2RlOjEwMzY3NzQzOA==,T3V0Y29tZU5vZGU6Njc5MDk0NQ==,Polymarket,exchange,OVERUNDER_0.5,A_4,A_1,Over 0.5 rounds,Under 0.5 rounds,,0.5,Under 0.5,,1,-900,-4900,-567,-4900,2026-08-24T12:15:39.268020+00:00,2026-08-15T22:05:14.479760+00:00,0.07,O,0,complete
2026-08-24T12:19:55.556129+00:00,8869,2026-08-29,UFC Fight Night: Nurmagomedov vs. Song,ufc,levi-rodrigues-vs-ce-liu-80790,T2ZmZXJOb2RlOjEwMzY5MDg0MQ==,T3V0Y29tZU5vZGU6NjgwODg0Mw==,Bet105,sportsbook,OVERUNDER_1.5,A_4,A_1,Over 1.5 rounds,Under 1.5 rounds,,1.5,Over 1.5,,0,+142,+142,+142,+142,2026-08-24T12:14:26.516186+00:00,2026-08-24T12:14:23.873639+00:00,0.09,O,0,complete
2026-08-24T12:19:55.556129+00:00,8869,2026-08-29,UFC Fight Night: Nurmagomedov vs. Song,ufc,levi-rodrigues-vs-ce-liu-80790,T2ZmZXJOb2RlOjEwMzY5MDg0MQ==,T3V0Y29tZU5vZGU6NjgwODg0NA==,Bet105,sportsbook,OVERUNDER_1.5,A_4,A_1,Over 1.5 rounds,Under 1.5 rounds,,1.5,Under 1.5,,1,-173,-173,-173,-173,2026-08-24T12:14:26.516186+00:00,2026-08-24T12:14:23.873639+00:00,0.09,O,0,complete
2026-08-24T12:19:55.556129+00:00,8869,2026-08-29,UFC Fight Night: Nurmagomedov vs. Song,ufc,levi-rodrigues-vs-ce-liu-80790,T2ZmZXJOb2RlOjEwMzY5MDYzNA==,T3V0Y29tZU5vZGU6NjgwODQzMg==,BetUS,sportsbook,OVERUNDER_1.5,A_4,A_1,Over 1.5 rounds,Under 1.5 rounds,,1.5,Over 1.5,,0,+154,+105,+154,+105,2026-08-24T12:15:51.236467+00:00,2026-08-23T16:41:02.699729+00:00,0.07,O,0,complete
2026-08-24T12:19:55.556129+00:00,8869,2026-08-29,UFC Fight Night: Nurmagomedov vs. Song,ufc,levi-rodrigues-vs-ce-liu-80790,T2ZmZXJOb2RlOjEwMzY5MDYzNA==,T3V0Y29tZU5vZGU6NjgwODQzMw==,BetUS,sportsbook,OVERUNDER_1.5,A_4,A_1,Over 1.5 rounds,Under 1.5 rounds,,1.5,Under 1.5,,1,-185,-125,-125,-185,2026-08-24T12:15:51.236467+00:00,2026-08-23T16:41:02.699729+00:00,0.07,O,0,complete
2026-08-24T12:19:55.556129+00:00,8869,2026-08-29,UFC Fight Night: Nurmagomedov vs. Song,ufc,levi-rodrigues-vs-ce-liu-80790,T2ZmZXJOb2RlOjEwMzY5MDYzMw==,T3V0Y29tZU5vZGU6NjgwODQzMA==,Bovada,sportsbook,OVERUNDER_1.5,A_4,A_1,Over 1.5 rounds,Under 1.5 rounds,,1.5,Over 1.5,,0,+145,-130,+150,-130,2026-08-24T12:19:50.487846+00:00,2026-08-23T16:39:52.861180+00:00,0.0,O,0,complete
2026-08-24T12:19:55.556129+00:00,8869,2026-08-29,UFC Fight Night: Nurmagomedov vs. Song,ufc,levi-rodrigues-vs-ce-liu-80790,T2ZmZXJOb2RlOjEwMzY5MDYzMw==,T3V0Y29tZU5vZGU6NjgwODQzMQ==,Bovada,sportsbook,OVERUNDER_1.5,A_4,A_1,Over 1.5 rounds,Under 1.5 rounds,,1.5,Under 1.5,,1,-190,+100,+100,-200,2026-08-24T12:19:50.487846+00:00,2026-08-23T16:39:52.861180+00:00,0.0,O,0,complete
2026-08-24T12:19:55.556129+00:00,8869,2026-08-29,UFC Fight Night: Nurmagomedov vs. Song,ufc,levi-rodrigues-vs-ce-liu-80790,T2ZmZXJOb2RlOjEwMzY5MDYzMA==,T3V0Y29tZU5vZGU6NjgwODQyNA==,BetOnline,sportsbook,OVERUNDER_1.5,A_4,A_1,Over 1.5 rounds,Under 1.5 rounds,,1.5,Over 1.5,,0,+161,-125,+161,-125,2026-08-24T12:14:58.838442+00:00,2026-08-23T16:39:51.843641+00:00,0.08,O,0,complete
2026-08-24T12:19:55.556129+00:00,8869,2026-08-29,UFC Fight Night: Nurmagomedov vs. Song,ufc,levi-rodrigues-vs-ce-liu-80790,T2ZmZXJOb2RlOjEwMzY5MDYzMA==,T3V0Y29tZU5vZGU6NjgwODQyNQ==,BetOnline,sportsbook,OVERUNDER_1.5,A_4,A_1,Over 1.5 rounds,Under 1.5 rounds,,1.5,Under 1.5,,1,-185,+105,+105,-185,2026-08-24T12:14:58.838442+00:00,2026-08-23T16:39:51.843641+00:00,0.08,O,0,complete
2026-08-24T12:19:55.556129+00:00,8869,2026-08-29,UFC Fight Night: Nurmagomedov vs. Song,ufc,bilal-hasan-vs-nilson-rojas-80821,T2ZmZXJOb2RlOjEwMzY5MDg0Ng==,T3V0Y29tZU5vZGU6NjgwODg1Mw==,Bet105,sportsbook,OVERUNDER_1.5,A_4,A_1,Over 1.5 rounds,Under 1.5 rounds,,1.5,Over 1.5,,0,-110,-110,-110,-110,2026-08-24T12:14:27.637071+00:00,2026-08-24T12:14:24.143811+00:00,0.09,O,0,complete
2026-08-24T12:19:55.556129+00:00,8869,2026-08-29,UFC Fight Night: Nurmagomedov vs. Song,ufc,bilal-hasan-vs-nilson-rojas-80821,T2ZmZXJOb2RlOjEwMzY5MDg0Ng==,T3V0Y29tZU5vZGU6NjgwODg1NA==,Bet105,sportsbook,OVERUNDER_1.5,A_4,A_1,Over 1.5 rounds,Under 1.5 rounds,,1.5,Under 1.5,,1,-110,-110,-110,-110,2026-08-24T12:14:27.637071+00:00,2026-08-24T12:14:24.143811+00:00,0.09,O,0,complete
2026-08-24T12:19:55.556129+00:00,8869,2026-08-29,UFC Fight Night: Nurmagomedov vs. Song,ufc,bilal-hasan-vs-nilson-rojas-80821,T2ZmZXJOb2RlOjEwMzY5MDY1NQ==,T3V0Y29tZU5vZGU6NjgwODQ3NA==,Novig,exchange,OVERUNDER_1.5,A_4,A_1,Over 1.5 rounds,Under 1.5 rounds,,1.5,Over 1.5,,0,-127,+150,+150,-127,2026-08-24T12:15:36.013390+00:00,2026-08-23T17:00:57.322026+00:00,0.07,O,0,complete
2026-08-24T12:19:55.556129+00:00,8869,2026-08-29,UFC Fight Night: Nurmagomedov vs. Song,ufc,bilal-hasan-vs-nilson-rojas-80821,T2ZmZXJOb2RlOjEwMzY5MDY1NQ==,T3V0Y29tZU5vZGU6NjgwODQ3NQ==,Novig,exchange,OVERUNDER_1.5,A_4,A_1,Over 1.5 rounds,Under 1.5 rounds,,1.5,Under 1.5,,1,-120,-125,-120,-141,2026-08-24T12:15:36.013390+00:00,2026-08-23T17:00:57.322026+00:00,0.07,O,0,complete
2026-08-24T12:19:55.556129+00:00,8869,2026-08-29,UFC Fight Night: Nurmagomedov vs. Song,ufc,bilal-hasan-vs-nilson-rojas-80821,T2ZmZXJOb2RlOjEwMzY4ODkwNQ==,T3V0Y29tZU5vZGU6NjgwNTkzNQ==,Polymarket,exchange,OVERUNDER_1.5,A_4,A_1,Over 1.5 rounds,Under 1.5 rounds,,1.5,Under 1.5,,1,-1900,-4900,-156,-4900,2026-08-24T12:15:39.548276+00:00,2026-08-21T22:09:48.281277+00:00,0.07,O,0,complete
2026-08-24T12:19:55.556129+00:00,8869,2026-08-29,UFC Fight Night: Nurmagomedov vs. Song,ufc,andre-lima-vs-namsrai-batbayar-80336,T2ZmZXJOb2RlOjEwMzY5MDg0MA==,T3V0Y29tZU5vZGU6NjgwODg0MQ==,Bet105,sportsbook,OVERUNDER_2.5,A_4,A_1,Over 2.5 rounds,Under 2.5 rounds,,2.5,Over 2.5,,0,+117,+117,+117,+117,2026-08-24T12:14:25.418159+00:00,2026-08-24T12:14:23.805614+00:00,0.09,O,0,complete
2026-08-24T12:19:55.556129+00:00,8869,2026-08-29,UFC Fight Night: Nurmagomedov vs. Song,ufc,andre-lima-vs-namsrai-batbayar-80336,T2ZmZXJOb2RlOjEwMzY5MDg0MA==,T3V0Y29tZU5vZGU6NjgwODg0Mg==,Bet105,sportsbook,OVERUNDER_2.5,A_4,A_1,Over 2.5 rounds,Under 2.5 rounds,,2.5,Under 2.5,,1,-142,-142,-142,-142,2026-08-24T12:14:25.418159+00:00,2026-08-24T12:14:23.805614+00:00,0.09,O,0,complete
2026-08-24T12:19:55.556129+00:00,8869,2026-08-29,UFC Fight Night: Nurmagomedov vs. Song,ufc,andre-lima-vs-namsrai-batbayar-80336,T2ZmZXJOb2RlOjEwMzY5MDgzMQ==,T3V0Y29tZU5vZGU6NjgwODgyMw==,Novig,exchange,OVERUNDER_2.5,A_4,A_1,Over 2.5 rounds,Under 2.5 rounds,,2.5,Over 2.5,,0,+111,+106,+111,+106,2026-08-24T12:15:35.865215+00:00,2026-08-24T10:30:37.508289+00:00,0.07,O,0,complete
2026-08-24T12:19:55.556129+00:00,8869,2026-08-29,UFC Fight Night: Nurmagomedov vs. Song,ufc,andre-lima-vs-namsrai-batbayar-80336,T2ZmZXJOb2RlOjEwMzY5MDgzMQ==,T3V0Y29tZU5vZGU6NjgwODgyNA==,Novig,exchange,OVERUNDER_2.5,A_4,A_1,Over 2.5 rounds,Under 2.5 rounds,,2.5,Under 2.5,,1,-167,-106,-106,-167,2026-08-24T12:15:35.865215+00:00,2026-08-24T10:30:37.508289+00:00,0.07,O,0,complete
2026-08-24T12:19:55.556129+00:00,8869,2026-08-29,UFC Fight Night: Nurmagomedov vs. Song,ufc,andre-lima-vs-namsrai-batbayar-80336,T2ZmZXJOb2RlOjEwMzY5MDYzNQ==,T3V0Y29tZU5vZGU6NjgwODQzNA==,BetUS,sportsbook,OVERUNDER_2.5,A_4,A_1,Over 2.5 rounds,Under 2.5 rounds,,2.5,Over 2.5,,0,+122,+130,+130,+118,2026-08-24T12:15:51.244950+00:00,2026-08-23T16:41:02.839373+00:00,0.07,O,0,complete
2026-08-24T12:19:55.556129+00:00,8869,2026-08-29,UFC Fight Night: Nurmagomedov vs. Song,ufc,andre-lima-vs-namsrai-batbayar-80336,T2ZmZXJOb2RlOjEwMzY5MDYzNQ==,T3V0Y29tZU5vZGU6NjgwODQzNQ==,BetUS,sportsbook,OVERUNDER_2.5,A_4,A_1,Over 2.5 rounds,Under 2.5 rounds,,2.5,Under 2.5,,1,-145,-155,-140,-155,2026-08-24T12:15:51.244950+00:00,2026-08-23T16:41:02.839373+00:00,0.07,O,0,complete
2026-08-24T12:19:55.556129+00:00,8869,2026-08-29,UFC Fight Night: Nurmagomedov vs. Song,ufc,andre-lima-vs-namsrai-batbayar-80336,T2ZmZXJOb2RlOjEwMzY5MDYzMQ==,T3V0Y29tZU5vZGU6NjgwODQyNg==,BetOnline,sportsbook,OVERUNDER_2.5,A_4,A_1,Over 2.5 rounds,Under 2.5 rounds,,2.5,Over 2.5,,0,+125,-125,+135,-125,2026-08-24T12:14:58.846122+00:00,2026-08-23T16:39:51.859099+00:00,0.08,O,0,complete
2026-08-24T12:19:55.556129+00:00,8869,2026-08-29,UFC Fight Night: Nurmagomedov vs. Song,ufc,andre-lima-vs-namsrai-batbayar-80336,T2ZmZXJOb2RlOjEwMzY5MDYzMQ==,T3V0Y29tZU5vZGU6NjgwODQyNw==,BetOnline,sportsbook,OVERUNDER_2.5,A_4,A_1,Over 2.5 rounds,Under 2.5 rounds,,2.5,Under 2.5,,1,-145,+105,+105,-155,2026-08-24T12:14:58.846122+00:00,2026-08-23T16:39:51.859099+00:00,0.08,O,0,complete
2026-08-24T12:19:55.556129+00:00,8869,2026-08-29,UFC Fight Night: Nurmagomedov vs. Song,ufc,andre-lima-vs-namsrai-batbayar-80336,T2ZmZXJOb2RlOjEwMzY3NzQ1Ng==,T3V0Y29tZU5vZGU6Njc5MDk4MQ==,Polymarket,exchange,OVERUNDER_2.5,A_4,A_1,Over 2.5 rounds,Under 2.5 rounds,,2.5,Under 2.5,,1,-150,-9900,-150,-9900,2026-08-24T12:15:39.325684+00:00,2026-08-15T22:05:15.783726+00:00,0.07,O,0,complete
2026-08-24T12:19:55.556129+00:00,8869,2026-08-29,UFC Fight Night: Nurmagomedov vs. Song,ufc,rei-tsuruya-vs-kevin-borjas-79779,T2ZmZXJOb2RlOjEwMzY5MDg0Mw==,T3V0Y29tZU5vZGU6NjgwODg0Nw==,Bet105,sportsbook,OVERUNDER_2.5,A_4,A_1,Over 2.5 rounds,Under 2.5 rounds,,2.5,Over 2.5,,0,-101,-101,-101,-101,2026-08-24T12:14:26.967152+00:00,2026-08-24T12:14:23.987093+00:00,0.09,O,0,complete
2026-08-24T12:19:55.556129+00:00,8869,2026-08-29,UFC Fight Night: Nurmagomedov vs. Song,ufc,rei-tsuruya-vs-kevin-borjas-79779,T2ZmZXJOb2RlOjEwMzY5MDg0Mw==,T3V0Y29tZU5vZGU6NjgwODg0OA==,Bet105,sportsbook,OVERUNDER_2.5,A_4,A_1,Over 2.5 rounds,Under 2.5 rounds,,2.5,Under 2.5,,1,-120,-120,-120,-120,2026-08-24T12:14:26.967152+00:00,2026-08-24T12:14:23.987093+00:00,0.09,O,0,complete
2026-08-24T12:19:55.556129+00:00,8869,2026-08-29,UFC Fight Night: Nurmagomedov vs. Song,ufc,rei-tsuruya-vs-kevin-borjas-79779,T2ZmZXJOb2RlOjEwMzY5MDgwNg==,T3V0Y29tZU5vZGU6NjgwODc3NA==,Novig,exchange,OVERUNDER_2.5,A_4,A_1,Over 2.5 rounds,Under 2.5 rounds,,2.5,Over 2.5,,0,-115,-113,-113,-115,2026-08-24T12:15:35.874468+00:00,2026-08-24T01:46:00.852137+00:00,0.07,O,0,complete
2026-08-24T12:19:55.556129+00:00,8869,2026-08-29,UFC Fight Night: Nurmagomedov vs. Song,ufc,rei-tsuruya-vs-kevin-borjas-79779,T2ZmZXJOb2RlOjEwMzY5MDgwNg==,T3V0Y29tZU5vZGU6NjgwODc3NQ==,Novig,exchange,OVERUNDER_2.5,A_4,A_1,Over 2.5 rounds,Under 2.5 rounds,,2.5,Under 2.5,,1,-133,-138,-133,-138,2026-08-24T12:15:35.874468+00:00,2026-08-24T01:46:00.852137+00:00,0.07,O,0,complete
2026-08-24T12:19:55.556129+00:00,8869,2026-08-29,UFC Fight Night: Nurmagomedov vs. Song,ufc,rei-tsuruya-vs-kevin-borjas-79779,T2ZmZXJOb2RlOjEwMzY5MDY2Mg==,T3V0Y29tZU5vZGU6NjgwODQ4OA==,ReBet,sportsbook,OVERUNDER_2.5,A_4,A_1,Over 2.5 rounds,Under 2.5 rounds,,2.5,Over 2.5,,0,-103,+128,+140,-103,2026-08-24T12:16:24.446719+00:00,2026-08-23T17:01:04.389624+00:00,0.06,O,0,complete
2026-08-24T12:19:55.556129+00:00,8869,2026-08-29,UFC Fight Night: Nurmagomedov vs. Song,ufc,rei-tsuruya-vs-kevin-borjas-79779,T2ZmZXJOb2RlOjEwMzY5MDY2Mg==,T3V0Y29tZU5vZGU6NjgwODQ4OQ==,ReBet,sportsbook,OVERUNDER_2.5,A_4,A_1,Over 2.5 rounds,Under 2.5 rounds,,2.5,Under 2.5,,1,-123,-164,-123,-180,2026-08-24T12:16:24.446719+00:00,2026-08-23T17:01:04.389624+00:00,0.06,O,0,complete
2026-08-24T12:19:55.556129+00:00,8869,2026-08-29,UFC Fight Night: Nurmagomedov vs. Song,ufc,rei-tsuruya-vs-kevin-borjas-79779,T2ZmZXJOb2RlOjEwMzY5MDY0Mg==,T3V0Y29tZU5vZGU6NjgwODQ0OA==,BetUS,sportsbook,OVERUNDER_2.5,A_4,A_1,Over 2.5 rounds,Under 2.5 rounds,,2.5,Over 2.5,,0,-105,+130,+142,-105,2026-08-24T12:15:51.284052+00:00,2026-08-23T16:50:36.235608+00:00,0.07,O,0,complete
2026-08-24T12:19:55.556129+00:00,8869,2026-08-29,UFC Fight Night: Nurmagomedov vs. Song,ufc,rei-tsuruya-vs-kevin-borjas-79779,T2ZmZXJOb2RlOjEwMzY5MDY0Mg==,T3V0Y29tZU5vZGU6NjgwODQ0OQ==,BetUS,sportsbook,OVERUNDER_2.5,A_4,A_1,Over 2.5 rounds,Under 2.5 rounds,,2.5,Under 2.5,,1,-115,-155,-115,-170,2026-08-24T12:15:51.284052+00:00,2026-08-23T16:50:36.235608+00:00,0.07,O,0,complete
2026-08-24T12:19:55.556129+00:00,8869,2026-08-29,UFC Fight Night: Nurmagomedov vs. Song,ufc,rei-tsuruya-vs-kevin-borjas-79779,T2ZmZXJOb2RlOjEwMzY5MDY0MQ==,T3V0Y29tZU5vZGU6NjgwODQ0Ng==,Bovada,sportsbook,OVERUNDER_2.5,A_4,A_1,Over 2.5 rounds,Under 2.5 rounds,,2.5,Over 2.5,,0,-110,+130,+140,-110,2026-08-24T12:19:50.480393+00:00,2026-08-23T16:50:35.395030+00:00,0.0,O,0,complete
2026-08-24T12:19:55.556129+00:00,8869,2026-08-29,UFC Fight Night: Nurmagomedov vs. Song,ufc,rei-tsuruya-vs-kevin-borjas-79779,T2ZmZXJOb2RlOjEwMzY5MDY0MQ==,T3V0Y29tZU5vZGU6NjgwODQ0Nw==,Bovada,sportsbook,OVERUNDER_2.5,A_4,A_1,Over 2.5 rounds,Under 2.5 rounds,,2.5,Under 2.5,,1,-120,-170,-120,-185,2026-08-24T12:19:50.480393+00:00,2026-08-23T16:50:35.395030+00:00,0.0,O,0,complete
2026-08-24T12:19:55.556129+00:00,8869,2026-08-29,UFC Fight Night: Nurmagomedov vs. Song,ufc,rei-tsuruya-vs-kevin-borjas-79779,T2ZmZXJOb2RlOjEwMzY5MDYzOA==,T3V0Y29tZU5vZGU6NjgwODQ0MA==,BetOnline,sportsbook,OVERUNDER_2.5,A_4,A_1,Over 2.5 rounds,Under 2.5 rounds,,2.5,Over 2.5,,0,-105,-140,+149,-140,2026-08-24T12:14:58.866504+00:00,2026-08-23T16:44:48.159964+00:00,0.08,O,0,complete
2026-08-24T12:19:55.556129+00:00,8869,2026-08-29,UFC Fight Night: Nurmagomedov vs. Song,ufc,rei-tsuruya-vs-kevin-borjas-79779,T2ZmZXJOb2RlOjEwMzY5MDYzOA==,T3V0Y29tZU5vZGU6NjgwODQ0MQ==,BetOnline,sportsbook,OVERUNDER_2.5,A_4,A_1,Over 2.5 rounds,Under 2.5 rounds,,2.5,Under 2.5,,1,-115,+120,+120,-170,2026-08-24T12:14:58.866504+00:00,2026-08-23T16:44:48.159964+00:00,0.08,O,0,complete
2026-08-24T12:19:55.556129+00:00,8869,2026-08-29,UFC Fight Night: Nurmagomedov vs. Song,ufc,rei-tsuruya-vs-kevin-borjas-79779,T2ZmZXJOb2RlOjEwMzY3NzQ4NQ==,T3V0Y29tZU5vZGU6Njc5MTAzOA==,Polymarket,exchange,OVERUNDER_2.5,A_4,A_1,Over 2.5 rounds,Under 2.5 rounds,,2.5,Over 2.5,,0,-108,-3233,-108,-4900,2026-08-24T12:15:39.380142+00:00,2026-08-15T22:14:29.973781+00:00,0.07,O,0,complete
2026-08-24T12:19:55.556129+00:00,8869,2026-08-29,UFC Fight Night: Nurmagomedov vs. Song,ufc,rei-tsuruya-vs-kevin-borjas-79779,T2ZmZXJOb2RlOjEwMzY3NzQ4NQ==,T3V0Y29tZU5vZGU6Njc5MTAzOQ==,Polymarket,exchange,OVERUNDER_2.5,A_4,A_1,Over 2.5 rounds,Under 2.5 rounds,,2.5,Under 2.5,,1,-127,-3233,-127,-4900,2026-08-24T12:15:39.380142+00:00,2026-08-15T22:14:29.973781+00:00,0.07,O,0,complete
2026-08-24T12:19:55.556129+00:00,8869,2026-08-29,UFC Fight Night: Nurmagomedov vs. Song,ufc,long-xiao-vs-francesco-nuzzi-80954,T2ZmZXJOb2RlOjEwMzY5MDg1Mg==,T3V0Y29tZU5vZGU6NjgwODg2NQ==,Novig,exchange,OVERUNDER_2.5,A_4,A_1,Over 2.5 rounds,Under 2.5 rounds,,2.5,Over 2.5,,0,-156,-156,-156,-156,2026-08-24T12:15:36.268411+00:00,2026-08-24T12:15:36.024016+00:00,0.07,O,0,complete
2026-08-24T12:19:55.556129+00:00,8869,2026-08-29,UFC Fight Night: Nurmagomedov vs. Song,ufc,long-xiao-vs-francesco-nuzzi-80954,T2ZmZXJOb2RlOjEwMzY5MDg1Mg==,T3V0Y29tZU5vZGU6NjgwODg2Ng==,Novig,exchange,OVERUNDER_2.5,A_4,A_1,Over 2.5 rounds,Under 2.5 rounds,,2.5,Under 2.5,,1,+102,+102,+102,+102,2026-08-24T12:15:36.268411+00:00,2026-08-24T12:15:36.024016+00:00,0.07,O,0,complete
2026-08-24T12:19:55.556129+00:00,8869,2026-08-29,UFC Fight Night: Nurmagomedov vs. Song,ufc,long-xiao-vs-francesco-nuzzi-80954,T2ZmZXJOb2RlOjEwMzY5MDg1MQ==,T3V0Y29tZU5vZGU6NjgwODg2Mw==,Bet105,sportsbook,OVERUNDER_2.5,A_4,A_1,Over 2.5 rounds,Under 2.5 rounds,,2.5,Over 2.5,,0,-136,-136,-136,-136,2026-08-24T12:14:28.694441+00:00,2026-08-24T12:14:24.319560+00:00,0.09,O,0,complete
2026-08-24T12:19:55.556129+00:00,8869,2026-08-29,UFC Fight Night: Nurmagomedov vs. Song,ufc,long-xiao-vs-francesco-nuzzi-80954,T2ZmZXJOb2RlOjEwMzY5MDg1MQ==,T3V0Y29tZU5vZGU6NjgwODg2NA==,Bet105,sportsbook,OVERUNDER_2.5,A_4,A_1,Over 2.5 rounds,Under 2.5 rounds,,2.5,Under 2.5,,1,+112,+112,+112,+112,2026-08-24T12:14:28.694441+00:00,2026-08-24T12:14:24.319560+00:00,0.09,O,0,complete
2026-08-24T12:19:55.556129+00:00,8869,2026-08-29,UFC Fight Night: Nurmagomedov vs. Song,ufc,jack-jenkins-vs-sean-woodson-80520,T2ZmZXJOb2RlOjEwMzY5MDg0Mg==,T3V0Y29tZU5vZGU6NjgwODg0NQ==,Bet105,sportsbook,OVERUNDER_2.5,A_4,A_1,Over 2.5 rounds,Under 2.5 rounds,,2.5,Over 2.5,,0,-178,-178,-178,-178,2026-08-24T12:14:26.741731+00:00,2026-08-24T12:14:23.925914+00:00,0.09,O,0,complete
2026-08-24T12:19:55.556129+00:00,8869,2026-08-29,UFC Fight Night: Nurmagomedov vs. Song,ufc,jack-jenkins-vs-sean-woodson-80520,T2ZmZXJOb2RlOjEwMzY5MDg0Mg==,T3V0Y29tZU5vZGU6NjgwODg0Ng==,Bet105,sportsbook,OVERUNDER_2.5,A_4,A_1,Over 2.5 rounds,Under 2.5 rounds,,2.5,Under 2.5,,1,+146,+146,+146,+146,2026-08-24T12:14:26.741731+00:00,2026-08-24T12:14:23.925914+00:00,0.09,O,0,complete
2026-08-24T12:19:55.556129+00:00,8869,2026-08-29,UFC Fight Night: Nurmagomedov vs. Song,ufc,jack-jenkins-vs-sean-woodson-80520,T2ZmZXJOb2RlOjEwMzY5MDYzOQ==,T3V0Y29tZU5vZGU6NjgwODQ0Mg==,BetUS,sportsbook,OVERUNDER_2.5,A_4,A_1,Over 2.5 rounds,Under 2.5 rounds,,2.5,Over 2.5,,0,-180,-130,-130,-180,2026-08-24T12:15:51.255566+00:00,2026-08-23T16:45:39.393331+00:00,0.07,O,0,complete
2026-08-24T12:19:55.556129+00:00,8869,2026-08-29,UFC Fight Night: Nurmagomedov vs. Song,ufc,jack-jenkins-vs-sean-woodson-80520,T2ZmZXJOb2RlOjEwMzY5MDYzOQ==,T3V0Y29tZU5vZGU6NjgwODQ0Mw==,BetUS,sportsbook,OVERUNDER_2.5,A_4,A_1,Over 2.5 rounds,Under 2.5 rounds,,2.5,Under 2.5,,1,+150,+110,+150,+110,2026-08-24T12:15:51.255566+00:00,2026-08-23T16:45:39.393331+00:00,0.07,O,0,complete
2026-08-24T12:19:55.556129+00:00,8869,2026-08-29,UFC Fight Night: Nurmagomedov vs. Song,ufc,jack-jenkins-vs-sean-woodson-80520,T2ZmZXJOb2RlOjEwMzY5MDYzNg==,T3V0Y29tZU5vZGU6NjgwODQzNg==,BetOnline,sportsbook,OVERUNDER_2.5,A_4,A_1,Over 2.5 rounds,Under 2.5 rounds,,2.5,Over 2.5,,0,-180,-150,-150,-180,2026-08-24T12:14:58.853206+00:00,2026-08-23T16:42:26.913611+00:00,0.08,O,0,complete
2026-08-24T12:19:55.556129+00:00,8869,2026-08-29,UFC Fight Night: Nurmagomedov vs. Song,ufc,jack-jenkins-vs-sean-woodson-80520,T2ZmZXJOb2RlOjEwMzY5MDYzNg==,T3V0Y29tZU5vZGU6NjgwODQzNw==,BetOnline,sportsbook,OVERUNDER_2.5,A_4,A_1,Over 2.5 rounds,Under 2.5 rounds,,2.5,Under 2.5,,1,+157,+130,+157,+130,2026-08-24T12:14:58.853206+00:00,2026-08-23T16:42:26.913611+00:00,0.08,O,0,complete
2026-08-24T12:19:55.556129+00:00,8869,2026-08-29,UFC Fight Night: Nurmagomedov vs. Song,ufc,jack-jenkins-vs-sean-woodson-80520,T2ZmZXJOb2RlOjEwMzY3NzQ4Mg==,T3V0Y29tZU5vZGU6Njc5MTAzMg==,Polymarket,exchange,OVERUNDER_2.5,A_4,A_1,Over 2.5 rounds,Under 2.5 rounds,,2.5,Over 2.5,,0,-186,-3233,-186,-4900,2026-08-24T12:15:39.349170+00:00,2026-08-15T22:14:29.917318+00:00,0.07,O,0,complete
2026-08-24T12:19:55.556129+00:00,8869,2026-08-29,UFC Fight Night: Nurmagomedov vs. Song,ufc,lawrence-lui-vs-hector-santiago-80953,T2ZmZXJOb2RlOjEwMzY5MDg1MA==,T3V0Y29tZU5vZGU6NjgwODg2MQ==,Bet105,sportsbook,OVERUNDER_2.5,A_4,A_1,Over 2.5 rounds,Under 2.5 rounds,,2.5,Over 2.5,,0,-110,-110,-110,-110,2026-08-24T12:14:28.523800+00:00,2026-08-24T12:14:24.274536+00:00,0.09,O,0,complete
2026-08-24T12:19:55.556129+00:00,8869,2026-08-29,UFC Fight Night: Nurmagomedov vs. Song,ufc,lawrence-lui-vs-hector-santiago-80953,T2ZmZXJOb2RlOjEwMzY5MDg1MA==,T3V0Y29tZU5vZGU6NjgwODg2Mg==,Bet105,sportsbook,OVERUNDER_2.5,A_4,A_1,Over 2.5 rounds,Under 2.5 rounds,,2.5,Under 2.5,,1,-110,-110,-110,-110,2026-08-24T12:14:28.523800+00:00,2026-08-24T12:14:24.274536+00:00,0.09,O,0,complete
2026-08-24T12:19:55.556129+00:00,8869,2026-08-29,UFC Fight Night: Nurmagomedov vs. Song,ufc,lawrence-lui-vs-hector-santiago-80953,T2ZmZXJOb2RlOjEwMzY5MDY3Mg==,T3V0Y29tZU5vZGU6NjgwODUwOA==,Novig,exchange,OVERUNDER_2.5,A_4,A_1,Over 2.5 rounds,Under 2.5 rounds,,2.5,Over 2.5,,0,-122,-125,-122,-125,2026-08-24T12:15:35.909459+00:00,2026-08-23T17:30:33.995841+00:00,0.07,O,0,complete
2026-08-24T12:19:55.556129+00:00,8869,2026-08-29,UFC Fight Night: Nurmagomedov vs. Song,ufc,lawrence-lui-vs-hector-santiago-80953,T2ZmZXJOb2RlOjEwMzY5MDY3Mg==,T3V0Y29tZU5vZGU6NjgwODUwOQ==,Novig,exchange,OVERUNDER_2.5,A_4,A_1,Over 2.5 rounds,Under 2.5 rounds,,2.5,Under 2.5,,1,-122,-125,-122,-125,2026-08-24T12:15:35.909459+00:00,2026-08-23T17:30:33.995841+00:00,0.07,O,0,complete
2026-08-24T12:19:55.556129+00:00,8869,2026-08-29,UFC Fight Night: Nurmagomedov vs. Song,ufc,jingnan-xiong-vs-julia-polastri-80594,T2ZmZXJOb2RlOjEwMzY5MDg0NQ==,T3V0Y29tZU5vZGU6NjgwODg1MQ==,Bet105,sportsbook,OVERUNDER_2.5,A_4,A_1,Over 2.5 rounds,Under 2.5 rounds,,2.5,Over 2.5,,0,-356,-356,-356,-356,2026-08-24T12:14:27.454681+00:00,2026-08-24T12:14:24.073724+00:00,0.09,O,0,complete
2026-08-24T12:19:55.556129+00:00,8869,2026-08-29,UFC Fight Night: Nurmagomedov vs. Song,ufc,jingnan-xiong-vs-julia-polastri-80594,T2ZmZXJOb2RlOjEwMzY5MDg0NQ==,T3V0Y29tZU5vZGU6NjgwODg1Mg==,Bet105,sportsbook,OVERUNDER_2.5,A_4,A_1,Over 2.5 rounds,Under 2.5 rounds,,2.5,Under 2.5,,1,+275,+275,+275,+275,2026-08-24T12:14:27.454681+00:00,2026-08-24T12:14:24.073724+00:00,0.09,O,0,complete
2026-08-24T12:19:55.556129+00:00,8869,2026-08-29,UFC Fight Night: Nurmagomedov vs. Song,ufc,jingnan-xiong-vs-julia-polastri-80594,T2ZmZXJOb2RlOjEwMzY5MDY0Mw==,T3V0Y29tZU5vZGU6NjgwODQ1MA==,BetUS,sportsbook,OVERUNDER_2.5,A_4,A_1,Over 2.5 rounds,Under 2.5 rounds,,2.5,Over 2.5,,0,-360,-285,-285,-360,2026-08-24T12:15:51.304646+00:00,2026-08-23T16:50:36.293115+00:00,0.07,O,0,complete
2026-08-24T12:19:55.556129+00:00,8869,2026-08-29,UFC Fight Night: Nurmagomedov vs. Song,ufc,jingnan-xiong-vs-julia-polastri-80594,T2ZmZXJOb2RlOjEwMzY5MDY0Mw==,T3V0Y29tZU5vZGU6NjgwODQ1MQ==,BetUS,sportsbook,OVERUNDER_2.5,A_4,A_1,Over 2.5 rounds,Under 2.5 rounds,,2.5,Under 2.5,,1,+285,+234,+285,+234,2026-08-24T12:15:51.304646+00:00,2026-08-23T16:50:36.293115+00:00,0.07,O,0,complete
2026-08-24T12:19:55.556129+00:00,8869,2026-08-29,UFC Fight Night: Nurmagomedov vs. Song,ufc,jingnan-xiong-vs-julia-polastri-80594,T2ZmZXJOb2RlOjEwMzY5MDY0MA==,T3V0Y29tZU5vZGU6NjgwODQ0NA==,BetOnline,sportsbook,OVERUNDER_2.5,A_4,A_1,Over 2.5 rounds,Under 2.5 rounds,,2.5,Over 2.5,,0,-360,-285,-285,-360,2026-08-24T12:16:19.947015+00:00,2026-08-23T16:50:32.885591+00:00,0.06,O,0,complete
2026-08-24T12:19:55.556129+00:00,8869,2026-08-29,UFC Fight Night: Nurmagomedov vs. Song,ufc,jingnan-xiong-vs-julia-polastri-80594,T2ZmZXJOb2RlOjEwMzY5MDY0MA==,T3V0Y29tZU5vZGU6NjgwODQ0NQ==,BetOnline,sportsbook,OVERUNDER_2.5,A_4,A_1,Over 2.5 rounds,Under 2.5 rounds,,2.5,Under 2.5,,1,+289,+234,+289,+234,2026-08-24T12:16:19.947015+00:00,2026-08-23T16:50:32.885591+00:00,0.06,O,0,complete
2026-08-24T12:19:55.556129+00:00,8869,2026-08-29,UFC Fight Night: Nurmagomedov vs. Song,ufc,jingnan-xiong-vs-julia-polastri-80594,T2ZmZXJOb2RlOjEwMzY3NzQ3Mg==,T3V0Y29tZU5vZGU6Njc5MTAxMg==,Polymarket,exchange,KO,A_5,A_13,wins by TKO/KO,doesn't win by TKO/KO,,2.0,Will Julia Polastri win by KO or TKO? - Yes,julia-polastri-39425,0,-1900,-4900,-525,-4900,2026-08-24T12:15:39.395950+00:00,2026-08-15T22:05:17.178253+00:00,0.07,O,0,complete
2026-08-24T12:19:55.556129+00:00,8869,2026-08-29,UFC Fight Night: Nurmagomedov vs. Song,ufc,meng-ding-vs-cameron-nelson-80702,T2ZmZXJOb2RlOjEwMzY5MDg0NA==,T3V0Y29tZU5vZGU6NjgwODg0OQ==,Bet105,sportsbook,OVERUNDER_2.5,A_4,A_1,Over 2.5 rounds,Under 2.5 rounds,,2.5,Over 2.5,,0,-116,-116,-116,-116,2026-08-24T12:14:27.193818+00:00,2026-08-24T12:14:24.034731+00:00,0.09,O,0,complete
2026-08-24T12:19:55.556129+00:00,8869,2026-08-29,UFC Fight Night: Nurmagomedov vs. Song,ufc,meng-ding-vs-cameron-nelson-80702,T2ZmZXJOb2RlOjEwMzY5MDg0NA==,T3V0Y29tZU5vZGU6NjgwODg1MA==,Bet105,sportsbook,OVERUNDER_2.5,A_4,A_1,Over 2.5 rounds,Under 2.5 rounds,,2.5,Under 2.5,,1,-104,-104,-104,-104,2026-08-24T12:14:27.193818+00:00,2026-08-24T12:14:24.034731+00:00,0.09,O,0,complete
2026-08-24T12:19:55.556129+00:00,8869,2026-08-29,UFC Fight Night: Nurmagomedov vs. Song,ufc,meng-ding-vs-cameron-nelson-80702,T2ZmZXJOb2RlOjEwMzY5MDcxOQ==,T3V0Y29tZU5vZGU6NjgwODYwMA==,Novig,exchange,OVERUNDER_2.5,A_4,A_1,Over 2.5 rounds,Under 2.5 rounds,,2.5,Over 2.5,,0,-130,-133,-130,-133,2026-08-24T12:15:35.799275+00:00,2026-08-23T21:31:29.221158+00:00,0.07,O,0,complete
2026-08-24T12:19:55.556129+00:00,8869,2026-08-29,UFC Fight Night: Nurmagomedov vs. Song,ufc,meng-ding-vs-cameron-nelson-80702,T2ZmZXJOb2RlOjEwMzY5MDcxOQ==,T3V0Y29tZU5vZGU6NjgwODYwMQ==,Novig,exchange,OVERUNDER_2.5,A_4,A_1,Over 2.5 rounds,Under 2.5 rounds,,2.5,Under 2.5,,1,-115,-117,-115,-117,2026-08-24T12:15:35.799275+00:00,2026-08-23T21:31:29.221158+00:00,0.07,O,0,complete
2026-08-24T12:30:01.466914+00:00,9111,2026-08-25,Dana White's Contender Series: Contender Series 2026: Week 3,dwcs,bella-mir-vs-alex-apodaca-80595,T2ZmZXJOb2RlOjEwMzY3NDg0OA==,T3V0Y29tZU5vZGU6Njc4NzM3NA==,Polymarket,exchange,OVERUNDER_2.5,A_4,A_1,Over 2.5 rounds,Under 2.5 rounds,,2.5,Over 2.5,,0,-900,-9900,-809,-9900,2026-08-24T12:25:11.983341+00:00,2026-08-12T22:10:40.750575+00:00,0.08,O,0,complete
2026-08-24T12:30:01.466914+00:00,9111,2026-08-25,Dana White's Contender Series: Contender Series 2026: Week 3,dwcs,mario-piazzon-vs-guilherme-uriel-silva-costa-78018,T2ZmZXJOb2RlOjEwMzY3NDg1Mw==,T3V0Y29tZU5vZGU6Njc4NzM4NQ==,Polymarket,exchange,KO,A_5,A_13,wins by TKO/KO,doesn't win by TKO/KO,,2.0,Will Guilherme Uriel win by KO or TKO? - No,guilherme-uriel-silva-costa-50652,1,-900,-3233,-669,-4900,2026-08-24T12:25:12.054974+00:00,2026-08-12T22:10:40.807102+00:00,0.08,O,0,complete
2026-08-24T12:30:01.466914+00:00,9111,2026-08-25,Dana White's Contender Series: Contender Series 2026: Week 3,dwcs,mario-piazzon-vs-guilherme-uriel-silva-costa-78018,T2ZmZXJOb2RlOjEwMzY3NDg1NQ==,T3V0Y29tZU5vZGU6Njc4NzM4OQ==,Polymarket,exchange,OVERUNDER_0.5,A_4,A_1,Over 0.5 rounds,Under 0.5 rounds,,0.5,Under 0.5,,1,-2400,-3233,-488,-4900,2026-08-24T12:25:12.077835+00:00,2026-08-12T22:10:40.832031+00:00,0.08,O,0,complete
2026-08-24T12:30:01.466914+00:00,9111,2026-08-25,Dana White's Contender Series: Contender Series 2026: Week 3,dwcs,mario-piazzon-vs-guilherme-uriel-silva-costa-78018,T2ZmZXJOb2RlOjEwMzY3NDg1MA==,T3V0Y29tZU5vZGU6Njc4NzM3OA==,Polymarket,exchange,DISTANCE,A_4,A_2,Fight goes the distance,Fight ends inside distance,,,Fight to Go the Distance? - Yes,,0,-900,-9900,-809,-9900,2026-08-24T12:25:12.014192+00:00,2026-08-12T22:10:40.773730+00:00,0.08,O,0,complete
2026-08-24T12:30:01.466914+00:00,9111,2026-08-25,Dana White's Contender Series: Contender Series 2026: Week 3,dwcs,mario-piazzon-vs-guilherme-uriel-silva-costa-78018,T2ZmZXJOb2RlOjEwMzY3NDg1MQ==,T3V0Y29tZU5vZGU6Njc4NzM4MQ==,Polymarket,exchange,END_KO,A_4,A_5,"Fight ends by KO, TKO or DQ","Fight doesn't end by KO, TKO or DQ",,,Will the fight be won by KO or TKO? - No,,1,-900,-3233,-809,-4900,2026-08-24T12:25:12.029415+00:00,2026-08-12T22:10:40.784395+00:00,0.08,O,0,complete
2026-08-24T12:30:01.466914+00:00,9111,2026-08-25,Dana White's Contender Series: Contender Series 2026: Week 3,dwcs,sean-clancy-jr-vs-gary-balletto-jr-79266,T2ZmZXJOb2RlOjEwMzY3NDg2NA==,T3V0Y29tZU5vZGU6Njc4NzQwNg==,Polymarket,exchange,OVERUNDER_0.5,A_4,A_1,Over 0.5 rounds,Under 0.5 rounds,,0.5,Over 0.5,,0,-2400,-4900,+900,-4900,2026-08-24T12:25:12.161523+00:00,2026-08-12T22:10:40.958830+00:00,0.08,O,0,complete
2026-08-24T12:30:01.466914+00:00,9111,2026-08-25,Dana White's Contender Series: Contender Series 2026: Week 3,dwcs,sean-clancy-jr-vs-gary-balletto-jr-79266,T2ZmZXJOb2RlOjEwMzY3NDg2NA==,T3V0Y29tZU5vZGU6Njc4NzQwNw==,Polymarket,exchange,OVERUNDER_0.5,A_4,A_1,Over 0.5 rounds,Under 0.5 rounds,,0.5,Under 0.5,,1,-2400,-4900,-1329,-4900,2026-08-24T12:25:12.161523+00:00,2026-08-12T22:10:40.958830+00:00,0.08,O,0,complete
2026-08-24T12:30:01.466914+00:00,9111,2026-08-25,Dana White's Contender Series: Contender Series 2026: Week 3,dwcs,sean-clancy-jr-vs-gary-balletto-jr-79266,T2ZmZXJOb2RlOjEwMzY3NDg1OQ==,T3V0Y29tZU5vZGU6Njc4NzM5Ng==,Polymarket,exchange,DISTANCE,A_4,A_2,Fight goes the distance,Fight ends inside distance,,,Fight to Go the Distance? - Yes,,0,-900,-9900,-809,-9900,2026-08-24T12:25:12.110985+00:00,2026-08-12T22:10:40.887762+00:00,0.08,O,0,complete
2026-08-24T12:30:01.466914+00:00,9111,2026-08-25,Dana White's Contender Series: Contender Series 2026: Week 3,dwcs,alexis-miranda-vs-ronald-humphrey-79267,T2ZmZXJOb2RlOjEwMzY3NDg2OA==,T3V0Y29tZU5vZGU6Njc4NzQxNA==,Polymarket,exchange,DISTANCE,A_4,A_2,Fight goes the distance,Fight ends inside distance,,,Fight to Go the Distance? - Yes,,0,-900,-9900,-809,-9900,2026-08-24T12:25:12.207891+00:00,2026-08-12T22:10:41.013797+00:00,0.08,O,0,complete
2026-08-24T12:30:01.466914+00:00,8869,2026-08-29,UFC Fight Night: Nurmagomedov vs. Song,ufc,umar-nurmagomedov-vs-yadong-song-79649,T2ZmZXJOb2RlOjEwMzY5MDg1Mw==,T3V0Y29tZU5vZGU6NjgwODg2Nw==,SXBet,exchange,OVERUNDER_4.5,A_4,A_1,Over 4.5 rounds,Under 4.5 rounds,,4.5,Under 4.5,,1,+156,+156,+156,+156,2026-08-24T12:20:51.706729+00:00,2026-08-24T12:20:51.508531+00:00,0.15,S,0,complete
2026-08-24T12:30:01.466914+00:00,8869,2026-08-29,UFC Fight Night: Nurmagomedov vs. Song,ufc,umar-nurmagomedov-vs-yadong-song-79649,T2ZmZXJOb2RlOjEwMzY5MDYxMA==,T3V0Y29tZU5vZGU6NjgwODM4NA==,MyBookie,sportsbook,OVERUNDER_4.5,A_4,A_1,Over 4.5 rounds,Under 4.5 rounds,,4.5,Over 4.5,,0,-242,-133,-133,-242,2026-08-24T12:28:39.274826+00:00,2026-08-23T16:02:11.446505+00:00,0.02,O,0,complete
2026-08-24T12:30:01.466914+00:00,8869,2026-08-29,UFC Fight Night: Nurmagomedov vs. Song,ufc,umar-nurmagomedov-vs-yadong-song-79649,T2ZmZXJOb2RlOjEwMzY5MDYxMA==,T3V0Y29tZU5vZGU6NjgwODM4NQ==,MyBookie,sportsbook,OVERUNDER_4.5,A_4,A_1,Over 4.5 rounds,Under 4.5 rounds,,4.5,Under 4.5,,1,+177,+100,+177,+100,2026-08-24T12:28:39.274826+00:00,2026-08-23T16:02:11.446505+00:00,0.02,O,0,complete
2026-08-24T12:30:01.466914+00:00,8869,2026-08-29,UFC Fight Night: Nurmagomedov vs. Song,ufc,umar-nurmagomedov-vs-yadong-song-79649,T2ZmZXJOb2RlOjEwMzY5MDYwNw==,T3V0Y29tZU5vZGU6NjgwODM3OA==,Bovada,sportsbook,OVERUNDER_4.5,A_4,A_1,Over 4.5 rounds,Under 4.5 rounds,,4.5,Over 4.5,,0,-230,-130,-130,-240,2026-08-24T12:29:38.027007+00:00,2026-08-23T15:54:14.817697+00:00,0.01,O,0,complete
2026-08-24T12:30:01.466914+00:00,8869,2026-08-29,UFC Fight Night: Nurmagomedov vs. Song,ufc,umar-nurmagomedov-vs-yadong-song-79649,T2ZmZXJOb2RlOjEwMzY5MDYwNw==,T3V0Y29tZU5vZGU6NjgwODM3OQ==,Bovada,sportsbook,OVERUNDER_4.5,A_4,A_1,Over 4.5 rounds,Under 4.5 rounds,,4.5,Under 4.5,,1,+175,+100,+180,+100,2026-08-24T12:29:38.027007+00:00,2026-08-23T15:54:14.817697+00:00,0.01,O,0,complete
2026-08-24T12:30:01.466914+00:00,8869,2026-08-29,UFC Fight Night: Nurmagomedov vs. Song,ufc,umar-nurmagomedov-vs-yadong-song-79649,T2ZmZXJOb2RlOjEwMzY3NzQxMw==,T3V0Y29tZU5vZGU6Njc5MDg5NQ==,Polymarket,exchange,OVERUNDER_3.5,A_4,A_1,Over 3.5 rounds,Under 3.5 rounds,,3.5,Under 3.5,,1,-233,-9900,-233,-9900,2026-08-24T12:25:12.475692+00:00,2026-08-15T22:05:12.879305+00:00,0.08,O,0,complete
2026-08-24T12:30:01.466914+00:00,8869,2026-08-29,UFC Fight Night: Nurmagomedov vs. Song,ufc,umar-nurmagomedov-vs-yadong-song-79649,T2ZmZXJOb2RlOjEwMzY3NzQxNA==,T3V0Y29tZU5vZGU6Njc5MDg5Ng==,Polymarket,exchange,OVERUNDER_4.5,A_4,A_1,Over 4.5 rounds,Under 4.5 rounds,,4.5,Over 4.5,,0,-213,-9900,-213,-9900,2026-08-24T12:25:12.492465+00:00,2026-08-15T22:05:12.962821+00:00,0.08,O,0,complete
2026-08-24T12:30:01.466914+00:00,8869,2026-08-29,UFC Fight Night: Nurmagomedov vs. Song,ufc,umar-nurmagomedov-vs-yadong-song-79649,T2ZmZXJOb2RlOjEwMzY3NzQwOA==,T3V0Y29tZU5vZGU6Njc5MDg4NA==,Polymarket,exchange,KO,A_5,A_13,wins by TKO/KO,doesn't win by TKO/KO,,2.0,Will Umar Nurmagomedov win by KO or TKO? - Yes,umar-nurmagomedov-28334,0,-614,-4900,-525,-4900,2026-08-24T12:25:12.415450+00:00,2026-08-15T22:05:12.495755+00:00,0.08,O,0,complete
2026-08-24T12:30:01.466914+00:00,8869,2026-08-29,UFC Fight Night: Nurmagomedov vs. Song,ufc,xiaonan-yan-vs-denise-gomes-79865,T2ZmZXJOb2RlOjEwMzY5MDg1NQ==,T3V0Y29tZU5vZGU6NjgwODg2OQ==,SXBet,exchange,OVERUNDER_2.5,A_4,A_1,Over 2.5 rounds,Under 2.5 rounds,,2.5,Under 2.5,,1,+194,+194,+194,+194,2026-08-24T12:20:52.015013+00:00,2026-08-24T12:20:51.541671+00:00,0.15,S,0,complete
2026-08-24T12:30:01.466914+00:00,8869,2026-08-29,UFC Fight Night: Nurmagomedov vs. Song,ufc,xiaonan-yan-vs-denise-gomes-79865,T2ZmZXJOb2RlOjEwMzY5MDYxNA==,T3V0Y29tZU5vZGU6NjgwODM5Mg==,MyBookie,sportsbook,OVERUNDER_2.5,A_4,A_1,Over 2.5 rounds,Under 2.5 rounds,,2.5,Over 2.5,,0,-310,-300,-300,-310,2026-08-24T12:28:39.280524+00:00,2026-08-23T16:15:24.716652+00:00,0.02,O,0,complete
2026-08-24T12:30:01.466914+00:00,8869,2026-08-29,UFC Fight Night: Nurmagomedov vs. Song,ufc,xiaonan-yan-vs-denise-gomes-79865,T2ZmZXJOb2RlOjEwMzY5MDYxNA==,T3V0Y29tZU5vZGU6NjgwODM5Mw==,MyBookie,sportsbook,OVERUNDER_2.5,A_4,A_1,Over 2.5 rounds,Under 2.5 rounds,,2.5,Under 2.5,,1,+218,+212,+218,+212,2026-08-24T12:28:39.280524+00:00,2026-08-23T16:15:24.716652+00:00,0.02,O,0,complete
2026-08-24T12:30:01.466914+00:00,8869,2026-08-29,UFC Fight Night: Nurmagomedov vs. Song,ufc,xiaonan-yan-vs-denise-gomes-79865,T2ZmZXJOb2RlOjEwMzY3NzQyMw==,T3V0Y29tZU5vZGU6Njc5MDkxNA==,Polymarket,exchange,OVERUNDER_2.5,A_4,A_1,Over 2.5 rounds,Under 2.5 rounds,,2.5,Over 2.5,,0,-270,-9900,-270,-9900,2026-08-24T12:25:12.599030+00:00,2026-08-15T22:05:13.454342+00:00,0.08,O,0,complete
2026-08-24T12:30:01.466914+00:00,8869,2026-08-29,UFC Fight Night: Nurmagomedov vs. Song,ufc,xiaonan-yan-vs-denise-gomes-79865,T2ZmZXJOb2RlOjEwMzY3NzQyMw==,T3V0Y29tZU5vZGU6Njc5MDkxNQ==,Polymarket,exchange,OVERUNDER_2.5,A_4,A_1,Over 2.5 rounds,Under 2.5 rounds,,2.5,Under 2.5,,1,+213,-9900,+213,-9900,2026-08-24T12:25:12.599030+00:00,2026-08-15T22:05:13.454342+00:00,0.08,O,0,complete
2026-08-24T12:30:01.466914+00:00,8869,2026-08-29,UFC Fight Night: Nurmagomedov vs. Song,ufc,kai-asakura-vs-qileng-aori-80038,T2ZmZXJOb2RlOjEwMzY5MDg2Mw==,T3V0Y29tZU5vZGU6NjgwODg4Mw==,SXBet,exchange,OVERUNDER_2.5,A_4,A_1,Over 2.5 rounds,Under 2.5 rounds,,2.5,Over 2.5,,0,+143,+143,+143,+143,2026-08-24T12:26:18.147004+00:00,2026-08-24T12:26:17.994313+00:00,0.06,S,0,complete
2026-08-24T12:30:01.466914+00:00,8869,2026-08-29,UFC Fight Night: Nurmagomedov vs. Song,ufc,kai-asakura-vs-qileng-aori-80038,T2ZmZXJOb2RlOjEwMzY5MDYyOQ==,T3V0Y29tZU5vZGU6NjgwODQyMg==,MyBookie,sportsbook,OVERUNDER_2.5,A_4,A_1,Over 2.5 rounds,Under 2.5 rounds,,2.5,Over 2.5,,0,+160,+141,+160,+141,2026-08-24T12:28:39.299551+00:00,2026-08-23T16:37:14.264942+00:00,0.02,O,0,complete
2026-08-24T12:30:01.466914+00:00,8869,2026-08-29,UFC Fight Night: Nurmagomedov vs. Song,ufc,kai-asakura-vs-qileng-aori-80038,T2ZmZXJOb2RlOjEwMzY5MDYyOQ==,T3V0Y29tZU5vZGU6NjgwODQyMw==,MyBookie,sportsbook,OVERUNDER_2.5,A_4,A_1,Over 2.5 rounds,Under 2.5 rounds,,2.5,Under 2.5,,1,-218,-190,-190,-218,2026-08-24T12:28:39.299551+00:00,2026-08-23T16:37:14.264942+00:00,0.02,O,0,complete
2026-08-24T12:30:01.466914+00:00,8869,2026-08-29,UFC Fight Night: Nurmagomedov vs. Song,ufc,kai-asakura-vs-qileng-aori-80038,T2ZmZXJOb2RlOjEwMzY5MDYyMg==,T3V0Y29tZU5vZGU6NjgwODQwOA==,Bovada,sportsbook,OVERUNDER_2.5,A_4,A_1,Over 2.5 rounds,Under 2.5 rounds,,2.5,Over 2.5,,0,+160,+145,+165,+145,2026-08-24T12:29:38.012525+00:00,2026-08-23T16:24:18.598538+00:00,0.01,O,0,complete
2026-08-24T12:30:01.466914+00:00,8869,2026-08-29,UFC Fight Night: Nurmagomedov vs. Song,ufc,kai-asakura-vs-qileng-aori-80038,T2ZmZXJOb2RlOjEwMzY5MDYyMg==,T3V0Y29tZU5vZGU6NjgwODQwOQ==,Bovada,sportsbook,OVERUNDER_2.5,A_4,A_1,Over 2.5 rounds,Under 2.5 rounds,,2.5,Under 2.5,,1,-210,-190,-190,-220,2026-08-24T12:29:38.012525+00:00,2026-08-23T16:24:18.598538+00:00,0.01,O,0,complete
2026-08-24T12:30:01.466914+00:00,8869,2026-08-29,UFC Fight Night: Nurmagomedov vs. Song,ufc,kai-asakura-vs-qileng-aori-80038,T2ZmZXJOb2RlOjEwMzY3NzQzMg==,T3V0Y29tZU5vZGU6Njc5MDkzMg==,Polymarket,exchange,OVERUNDER_2.5,A_4,A_1,Over 2.5 rounds,Under 2.5 rounds,,2.5,Over 2.5,,0,+163,-9900,+163,-9900,2026-08-24T12:25:12.733800+00:00,2026-08-15T22:05:14.070699+00:00,0.08,O,0,complete
2026-08-24T12:30:01.466914+00:00,8869,2026-08-29,UFC Fight Night: Nurmagomedov vs. Song,ufc,alex-perez-vs-su-mudaerji-79689,T2ZmZXJOb2RlOjEwMzY3NzQzOQ==,T3V0Y29tZU5vZGU6Njc5MDk0Nw==,Polymarket,exchange,OVERUNDER_1.5,A_4,A_1,Over 1.5 rounds,Under 1.5 rounds,,1.5,Under 1.5,,1,-809,-9900,-567,-9900,2026-08-24T12:25:12.838386+00:00,2026-08-15T22:05:14.548928+00:00,0.08,O,0,complete
2026-08-24T12:30:01.466914+00:00,8869,2026-08-29,UFC Fight Night: Nurmagomedov vs. Song,ufc,alex-perez-vs-su-mudaerji-79689,T2ZmZXJOb2RlOjEwMzY3NzQzOA==,T3V0Y29tZU5vZGU6Njc5MDk0NQ==,Polymarket,exchange,OVERUNDER_0.5,A_4,A_1,Over 0.5 rounds,Under 0.5 rounds,,0.5,Under 0.5,,1,-809,-4900,-567,-4900,2026-08-24T12:25:12.825781+00:00,2026-08-15T22:05:14.479760+00:00,0.08,O,0,complete
2026-08-24T12:30:01.466914+00:00,8869,2026-08-29,UFC Fight Night: Nurmagomedov vs. Song,ufc,levi-rodrigues-vs-ce-liu-80790,T2ZmZXJOb2RlOjEwMzY5MDg1Nw==,T3V0Y29tZU5vZGU6NjgwODg3MQ==,Pinnacle,sportsbook,OVERUNDER_1.5,A_4,A_1,Over 1.5 rounds,Under 1.5 rounds,,1.5,Over 1.5,,0,+142,+142,+142,+142,2026-08-24T12:23:22.658234+00:00,2026-08-24T12:23:21.934197+00:00,0.11,O,0,complete
2026-08-24T12:30:01.466914+00:00,8869,2026-08-29,UFC Fight Night: Nurmagomedov vs. Song,ufc,levi-rodrigues-vs-ce-liu-80790,T2ZmZXJOb2RlOjEwMzY5MDg1Nw==,T3V0Y29tZU5vZGU6NjgwODg3Mg==,Pinnacle,sportsbook,OVERUNDER_1.5,A_4,A_1,Over 1.5 rounds,Under 1.5 rounds,,1.5,Under 1.5,,1,-173,-173,-173,-173,2026-08-24T12:23:22.658234+00:00,2026-08-24T12:23:21.934197+00:00,0.11,O,0,complete
2026-08-24T12:30:01.466914+00:00,8869,2026-08-29,UFC Fight Night: Nurmagomedov vs. Song,ufc,bilal-hasan-vs-nilson-rojas-80821,T2ZmZXJOb2RlOjEwMzY4ODkwNQ==,T3V0Y29tZU5vZGU6NjgwNTkzNA==,Polymarket,exchange,OVERUNDER_1.5,A_4,A_1,Over 1.5 rounds,Under 1.5 rounds,,1.5,Over 1.5,,0,-108,-4900,+104,-4900,2026-08-24T12:25:13.711388+00:00,2026-08-21T22:09:48.281277+00:00,0.08,O,0,complete
2026-08-24T12:30:01.466914+00:00,8869,2026-08-29,UFC Fight Night: Nurmagomedov vs. Song,ufc,bilal-hasan-vs-nilson-rojas-80821,T2ZmZXJOb2RlOjEwMzY4ODkwNQ==,T3V0Y29tZU5vZGU6NjgwNTkzNQ==,Polymarket,exchange,OVERUNDER_1.5,A_4,A_1,Over 1.5 rounds,Under 1.5 rounds,,1.5,Under 1.5,,1,-113,-4900,-113,-4900,2026-08-24T12:25:13.711388+00:00,2026-08-21T22:09:48.281277+00:00,0.08,O,0,complete
2026-08-24T12:30:01.466914+00:00,8869,2026-08-29,UFC Fight Night: Nurmagomedov vs. Song,ufc,andre-lima-vs-namsrai-batbayar-80336,T2ZmZXJOb2RlOjEwMzY5MDg1Ng==,T3V0Y29tZU5vZGU6NjgwODg3MA==,SXBet,exchange,OVERUNDER_2.5,A_4,A_1,Over 2.5 rounds,Under 2.5 rounds,,2.5,Over 2.5,,0,+108,+108,+108,+108,2026-08-24T12:20:52.164566+00:00,2026-08-24T12:20:51.556443+00:00,0.15,S,0,complete
2026-08-24T12:30:01.466914+00:00,8869,2026-08-29,UFC Fight Night: Nurmagomedov vs. Song,ufc,andre-lima-vs-namsrai-batbayar-80336,T2ZmZXJOb2RlOjEwMzY5MDY0Ng==,T3V0Y29tZU5vZGU6NjgwODQ1Ng==,MyBookie,sportsbook,OVERUNDER_2.5,A_4,A_1,Over 2.5 rounds,Under 2.5 rounds,,2.5,Over 2.5,,0,+117,+113,+117,+113,2026-08-24T12:28:39.315594+00:00,2026-08-23T16:52:25.708379+00:00,0.02,O,0,complete
2026-08-24T12:30:01.466914+00:00,8869,2026-08-29,UFC Fight Night: Nurmagomedov vs. Song,ufc,andre-lima-vs-namsrai-batbayar-80336,T2ZmZXJOb2RlOjEwMzY5MDY0Ng==,T3V0Y29tZU5vZGU6NjgwODQ1Nw==,MyBookie,sportsbook,OVERUNDER_2.5,A_4,A_1,Over 2.5 rounds,Under 2.5 rounds,,2.5,Under 2.5,,1,-155,-150,-150,-155,2026-08-24T12:28:39.315594+00:00,2026-08-23T16:52:25.708379+00:00,0.02,O,0,complete
2026-08-24T12:30:01.466914+00:00,8869,2026-08-29,UFC Fight Night: Nurmagomedov vs. Song,ufc,andre-lima-vs-namsrai-batbayar-80336,T2ZmZXJOb2RlOjEwMzY3NzQ1Ng==,T3V0Y29tZU5vZGU6Njc5MDk4MA==,Polymarket,exchange,OVERUNDER_2.5,A_4,A_1,Over 2.5 rounds,Under 2.5 rounds,,2.5,Over 2.5,,0,+117,-9900,+117,-9900,2026-08-24T12:25:13.051057+00:00,2026-08-15T22:05:15.783726+00:00,0.08,O,0,complete
2026-08-24T12:30:01.466914+00:00,8869,2026-08-29,UFC Fight Night: Nurmagomedov vs. Song,ufc,andre-lima-vs-namsrai-batbayar-80336,T2ZmZXJOb2RlOjEwMzY3NzQ1Ng==,T3V0Y29tZU5vZGU6Njc5MDk4MQ==,Polymarket,exchange,OVERUNDER_2.5,A_4,A_1,Over 2.5 rounds,Under 2.5 rounds,,2.5,Under 2.5,,1,-144,-9900,-144,-9900,2026-08-24T12:25:13.051057+00:00,2026-08-15T22:05:15.783726+00:00,0.08,O,0,complete
2026-08-24T12:30:01.466914+00:00,8869,2026-08-29,UFC Fight Night: Nurmagomedov vs. Song,ufc,rei-tsuruya-vs-kevin-borjas-79779,T2ZmZXJOb2RlOjEwMzY5MDY1NA==,T3V0Y29tZU5vZGU6NjgwODQ3Mg==,MyBookie,sportsbook,OVERUNDER_2.5,A_4,A_1,Over 2.5 rounds,Under 2.5 rounds,,2.5,Over 2.5,,0,-110,+126,+137,-110,2026-08-24T12:28:39.292498+00:00,2026-08-23T17:00:36.500268+00:00,0.02,O,0,complete
2026-08-24T12:30:01.466914+00:00,8869,2026-08-29,UFC Fight Night: Nurmagomedov vs. Song,ufc,rei-tsuruya-vs-kevin-borjas-79779,T2ZmZXJOb2RlOjEwMzY5MDY1NA==,T3V0Y29tZU5vZGU6NjgwODQ3Mw==,MyBookie,sportsbook,OVERUNDER_2.5,A_4,A_1,Over 2.5 rounds,Under 2.5 rounds,,2.5,Under 2.5,,1,-120,-168,-120,-184,2026-08-24T12:28:39.292498+00:00,2026-08-23T17:00:36.500268+00:00,0.02,O,0,complete
2026-08-24T12:30:01.466914+00:00,8869,2026-08-29,UFC Fight Night: Nurmagomedov vs. Song,ufc,rei-tsuruya-vs-kevin-borjas-79779,T2ZmZXJOb2RlOjEwMzY5MDY0MQ==,T3V0Y29tZU5vZGU6NjgwODQ0Ng==,Bovada,sportsbook,OVERUNDER_2.5,A_4,A_1,Over 2.5 rounds,Under 2.5 rounds,,2.5,Over 2.5,,0,-105,+130,+140,-110,2026-08-24T12:29:37.980367+00:00,2026-08-23T16:50:35.395030+00:00,0.01,O,0,complete
2026-08-24T12:30:01.466914+00:00,8869,2026-08-29,UFC Fight Night: Nurmagomedov vs. Song,ufc,rei-tsuruya-vs-kevin-borjas-79779,T2ZmZXJOb2RlOjEwMzY5MDY0MQ==,T3V0Y29tZU5vZGU6NjgwODQ0Nw==,Bovada,sportsbook,OVERUNDER_2.5,A_4,A_1,Over 2.5 rounds,Under 2.5 rounds,,2.5,Under 2.5,,1,-125,-170,-120,-185,2026-08-24T12:29:37.980367+00:00,2026-08-23T16:50:35.395030+00:00,0.01,O,0,complete
2026-08-24T12:30:01.466914+00:00,8869,2026-08-29,UFC Fight Night: Nurmagomedov vs. Song,ufc,rei-tsuruya-vs-kevin-borjas-79779,T2ZmZXJOb2RlOjEwMzY3NzQ4NQ==,T3V0Y29tZU5vZGU6Njc5MTAzOA==,Polymarket,exchange,OVERUNDER_2.5,A_4,A_1,Over 2.5 rounds,Under 2.5 rounds,,2.5,Over 2.5,,0,+100,-3233,+100,-4900,2026-08-24T12:25:13.211252+00:00,2026-08-15T22:14:29.973781+00:00,0.08,O,0,complete
2026-08-24T12:30:01.466914+00:00,8869,2026-08-29,UFC Fight Night: Nurmagomedov vs. Song,ufc,rei-tsuruya-vs-kevin-borjas-79779,T2ZmZXJOb2RlOjEwMzY3NzQ4NQ==,T3V0Y29tZU5vZGU6Njc5MTAzOQ==,Polymarket,exchange,OVERUNDER_2.5,A_4,A_1,Over 2.5 rounds,Under 2.5 rounds,,2.5,Under 2.5,,1,-122,-3233,-122,-4900,2026-08-24T12:25:13.211252+00:00,2026-08-15T22:14:29.973781+00:00,0.08,O,0,complete
2026-08-24T12:30:01.466914+00:00,8869,2026-08-29,UFC Fight Night: Nurmagomedov vs. Song,ufc,jack-jenkins-vs-sean-woodson-80520,T2ZmZXJOb2RlOjEwMzY5MDg1NA==,T3V0Y29tZU5vZGU6NjgwODg2OA==,SXBet,exchange,OVERUNDER_2.5,A_4,A_1,Over 2.5 rounds,Under 2.5 rounds,,2.5,Under 2.5,,1,+132,+132,+132,+132,2026-08-24T12:20:51.865005+00:00,2026-08-24T12:20:51.530406+00:00,0.15,S,0,complete
2026-08-24T12:30:01.466914+00:00,8869,2026-08-29,UFC Fight Night: Nurmagomedov vs. Song,ufc,jack-jenkins-vs-sean-woodson-80520,T2ZmZXJOb2RlOjEwMzY5MDY0NQ==,T3V0Y29tZU5vZGU6NjgwODQ1NA==,MyBookie,sportsbook,OVERUNDER_2.5,A_4,A_1,Over 2.5 rounds,Under 2.5 rounds,,2.5,Over 2.5,,0,-194,-161,-161,-194,2026-08-24T12:28:39.285889+00:00,2026-08-23T16:52:25.658776+00:00,0.02,O,0,complete
2026-08-24T12:30:01.466914+00:00,8869,2026-08-29,UFC Fight Night: Nurmagomedov vs. Song,ufc,jack-jenkins-vs-sean-woodson-80520,T2ZmZXJOb2RlOjEwMzY5MDY0NQ==,T3V0Y29tZU5vZGU6NjgwODQ1NQ==,MyBookie,sportsbook,OVERUNDER_2.5,A_4,A_1,Over 2.5 rounds,Under 2.5 rounds,,2.5,Under 2.5,,1,+144,+121,+144,+121,2026-08-24T12:28:39.285889+00:00,2026-08-23T16:52:25.658776+00:00,0.02,O,0,complete
2026-08-24T12:30:01.466914+00:00,8869,2026-08-29,UFC Fight Night: Nurmagomedov vs. Song,ufc,jack-jenkins-vs-sean-woodson-80520,T2ZmZXJOb2RlOjEwMzY3NzQ4Mg==,T3V0Y29tZU5vZGU6Njc5MTAzMg==,Polymarket,exchange,OVERUNDER_2.5,A_4,A_1,Over 2.5 rounds,Under 2.5 rounds,,2.5,Over 2.5,,0,-178,-3233,-178,-4900,2026-08-24T12:25:13.133599+00:00,2026-08-15T22:14:29.917318+00:00,0.08,O,0,complete
2026-08-24T12:30:01.466914+00:00,8869,2026-08-29,UFC Fight Night: Nurmagomedov vs. Song,ufc,jack-jenkins-vs-sean-woodson-80520,T2ZmZXJOb2RlOjEwMzY3NzQ4Mg==,T3V0Y29tZU5vZGU6Njc5MTAzMw==,Polymarket,exchange,OVERUNDER_2.5,A_4,A_1,Over 2.5 rounds,Under 2.5 rounds,,2.5,Under 2.5,,1,+144,-3233,+144,-3233,2026-08-24T12:25:13.133599+00:00,2026-08-15T22:14:29.917318+00:00,0.08,O,0,complete
2026-08-24T12:30:01.466914+00:00,8869,2026-08-29,UFC Fight Night: Nurmagomedov vs. Song,ufc,lawrence-lui-vs-hector-santiago-80953,T2ZmZXJOb2RlOjEwMzY5MDI4Mg==,T3V0Y29tZU5vZGU6NjgwNzc4NA==,Polymarket,exchange,OVERUNDER_2.5,A_4,A_1,Over 2.5 rounds,Under 2.5 rounds,,2.5,Over 2.5,,0,-113,-9900,-113,-9900,2026-08-24T12:25:13.819155+00:00,2026-08-22T22:09:54.383797+00:00,0.08,O,0,complete
2026-08-24T12:30:01.466914+00:00,8869,2026-08-29,UFC Fight Night: Nurmagomedov vs. Song,ufc,lawrence-lui-vs-hector-santiago-80953,T2ZmZXJOb2RlOjEwMzY5MDI4Mg==,T3V0Y29tZU5vZGU6NjgwNzc4NQ==,Polymarket,exchange,OVERUNDER_2.5,A_4,A_1,Over 2.5 rounds,Under 2.5 rounds,,2.5,Under 2.5,,1,-113,-9900,-113,-9900,2026-08-24T12:25:13.819155+00:00,2026-08-22T22:09:54.383797+00:00,0.08,O,0,complete
2026-08-24T12:30:01.466914+00:00,8869,2026-08-29,UFC Fight Night: Nurmagomedov vs. Song,ufc,jingnan-xiong-vs-julia-polastri-80594,T2ZmZXJOb2RlOjEwMzY5MDY2Ng==,T3V0Y29tZU5vZGU6NjgwODQ5Ng==,MyBookie,sportsbook,OVERUNDER_2.5,A_4,A_1,Over 2.5 rounds,Under 2.5 rounds,,2.5,Over 2.5,,0,-391,-380,-380,-391,2026-08-24T12:28:39.306578+00:00,2026-08-23T17:05:33.044612+00:00,0.02,O,0,complete
2026-08-24T12:30:01.466914+00:00,8869,2026-08-29,UFC Fight Night: Nurmagomedov vs. Song,ufc,jingnan-xiong-vs-julia-polastri-80594,T2ZmZXJOb2RlOjEwMzY5MDY2Ng==,T3V0Y29tZU5vZGU6NjgwODQ5Nw==,MyBookie,sportsbook,OVERUNDER_2.5,A_4,A_1,Over 2.5 rounds,Under 2.5 rounds,,2.5,Under 2.5,,1,+265,+255,+265,+255,2026-08-24T12:28:39.306578+00:00,2026-08-23T17:05:33.044612+00:00,0.02,O,0,complete
2026-08-24T12:30:01.466914+00:00,8869,2026-08-29,UFC Fight Night: Nurmagomedov vs. Song,ufc,jingnan-xiong-vs-julia-polastri-80594,T2ZmZXJOb2RlOjEwMzY3NzQ3Mg==,T3V0Y29tZU5vZGU6Njc5MTAxMg==,Polymarket,exchange,KO,A_5,A_13,wins by TKO/KO,doesn't win by TKO/KO,,2.0,Will Julia Polastri win by KO or TKO? - Yes,julia-polastri-39425,0,-1567,-4900,-525,-4900,2026-08-24T12:25:13.255558+00:00,2026-08-15T22:05:17.178253+00:00,0.08,O,0,complete
2026-08-24T12:30:01.466914+00:00,8869,2026-08-29,UFC Fight Night: Nurmagomedov vs. Song,ufc,jingnan-xiong-vs-julia-polastri-80594,T2ZmZXJOb2RlOjEwMzY3NzQ3Mg==,T3V0Y29tZU5vZGU6Njc5MTAxMw==,Polymarket,exchange,KO,A_5,A_13,wins by TKO/KO,doesn't win by TKO/KO,,2.0,Will Julia Polastri win by KO or TKO? - No,julia-polastri-39425,1,-2400,-4900,+400,-4900,2026-08-24T12:25:13.255558+00:00,2026-08-15T22:05:17.178253+00:00,0.08,O,0,complete
2026-08-24T12:30:01.466914+00:00,8869,2026-08-29,UFC Fight Night: Nurmagomedov vs. Song,ufc,meng-ding-vs-cameron-nelson-80702,T2ZmZXJOb2RlOjEwMzY5MDI5MQ==,T3V0Y29tZU5vZGU6NjgwNzgwMg==,Polymarket,exchange,OVERUNDER_2.5,A_4,A_1,Over 2.5 rounds,Under 2.5 rounds,,2.5,Over 2.5,,0,-117,-9900,-117,-9900,2026-08-24T12:25:13.974711+00:00,2026-08-22T22:09:54.552147+00:00,0.08,O,0,complete
2026-08-24T12:30:01.466914+00:00,8869,2026-08-29,UFC Fight Night: Nurmagomedov vs. Song,ufc,meng-ding-vs-cameron-nelson-80702,T2ZmZXJOb2RlOjEwMzY5MDI5MQ==,T3V0Y29tZU5vZGU6NjgwNzgwMw==,Polymarket,exchange,OVERUNDER_2.5,A_4,A_1,Over 2.5 rounds,Under 2.5 rounds,,2.5,Under 2.5,,1,-104,-9900,-104,-9900,2026-08-24T12:25:13.974711+00:00,2026-08-22T22:09:54.552147+00:00,0.08,O,0,complete
2026-08-24T12:39:46.660629+00:00,9111,2026-08-25,Dana White's Contender Series: Contender Series 2026: Week 3,dwcs,bella-mir-vs-alex-apodaca-80595,T2ZmZXJOb2RlOjEwMzY3NDg0OA==,T3V0Y29tZU5vZGU6Njc4NzM3NA==,Polymarket,exchange,OVERUNDER_2.5,A_4,A_1,Over 2.5 rounds,Under 2.5 rounds,,2.5,Over 2.5,,0,-809,-9900,-809,-9900,2026-08-24T12:35:57.006434+00:00,2026-08-12T22:10:40.750575+00:00,0.06,O,0,complete
2026-08-24T12:39:46.660629+00:00,9111,2026-08-25,Dana White's Contender Series: Contender Series 2026: Week 3,dwcs,mario-piazzon-vs-guilherme-uriel-silva-costa-78018,T2ZmZXJOb2RlOjEwMzY3NDg1Mw==,T3V0Y29tZU5vZGU6Njc4NzM4NQ==,Polymarket,exchange,KO,A_5,A_13,wins by TKO/KO,doesn't win by TKO/KO,,2.0,Will Guilherme Uriel win by KO or TKO? - No,guilherme-uriel-silva-costa-50652,1,-809,-3233,-669,-4900,2026-08-24T12:35:57.021798+00:00,2026-08-12T22:10:40.807102+00:00,0.06,O,0,complete
2026-08-24T12:39:46.660629+00:00,9111,2026-08-25,Dana White's Contender Series: Contender Series 2026: Week 3,dwcs,mario-piazzon-vs-guilherme-uriel-silva-costa-78018,T2ZmZXJOb2RlOjEwMzY3NDg1NQ==,T3V0Y29tZU5vZGU6Njc4NzM4OA==,Polymarket,exchange,OVERUNDER_0.5,A_4,A_1,Over 0.5 rounds,Under 0.5 rounds,,0.5,Over 0.5,,0,-1900,-3233,+488,-4900,2026-08-24T12:35:57.028462+00:00,2026-08-12T22:10:40.832031+00:00,0.06,O,0,complete
2026-08-24T12:39:46.660629+00:00,9111,2026-08-25,Dana White's Contender Series: Contender Series 2026: Week 3,dwcs,mario-piazzon-vs-guilherme-uriel-silva-costa-78018,T2ZmZXJOb2RlOjEwMzY3NDg1NQ==,T3V0Y29tZU5vZGU6Njc4NzM4OQ==,Polymarket,exchange,OVERUNDER_0.5,A_4,A_1,Over 0.5 rounds,Under 0.5 rounds,,0.5,Under 0.5,,1,-1329,-3233,-488,-4900,2026-08-24T12:35:57.028462+00:00,2026-08-12T22:10:40.832031+00:00,0.06,O,0,complete
2026-08-24T12:39:46.660629+00:00,9111,2026-08-25,Dana White's Contender Series: Contender Series 2026: Week 3,dwcs,mario-piazzon-vs-guilherme-uriel-silva-costa-78018,T2ZmZXJOb2RlOjEwMzY3NDg1MA==,T3V0Y29tZU5vZGU6Njc4NzM3OA==,Polymarket,exchange,DISTANCE,A_4,A_2,Fight goes the distance,Fight ends inside distance,,,Fight to Go the Distance? - Yes,,0,-809,-9900,-809,-9900,2026-08-24T12:35:57.012490+00:00,2026-08-12T22:10:40.773730+00:00,0.06,O,0,complete
2026-08-24T12:39:46.660629+00:00,9111,2026-08-25,Dana White's Contender Series: Contender Series 2026: Week 3,dwcs,mario-piazzon-vs-guilherme-uriel-silva-costa-78018,T2ZmZXJOb2RlOjEwMzY3NDg1MQ==,T3V0Y29tZU5vZGU6Njc4NzM4MQ==,Polymarket,exchange,END_KO,A_4,A_5,"Fight ends by KO, TKO or DQ","Fight doesn't end by KO, TKO or DQ",,,Will the fight be won by KO or TKO? - No,,1,-809,-3233,-809,-4900,2026-08-24T12:35:57.015293+00:00,2026-08-12T22:10:40.784395+00:00,0.06,O,0,complete
2026-08-24T12:39:46.660629+00:00,9111,2026-08-25,Dana White's Contender Series: Contender Series 2026: Week 3,dwcs,sean-clancy-jr-vs-gary-balletto-jr-79266,T2ZmZXJOb2RlOjEwMzY3NDg2NA==,T3V0Y29tZU5vZGU6Njc4NzQwNg==,Polymarket,exchange,OVERUNDER_0.5,A_4,A_1,Over 0.5 rounds,Under 0.5 rounds,,0.5,Over 0.5,,0,-1329,-4900,+900,-4900,2026-08-24T12:35:57.053875+00:00,2026-08-12T22:10:40.958830+00:00,0.06,O,0,complete
2026-08-24T12:39:46.660629+00:00,9111,2026-08-25,Dana White's Contender Series: Contender Series 2026: Week 3,dwcs,sean-clancy-jr-vs-gary-balletto-jr-79266,T2ZmZXJOb2RlOjEwMzY3NDg2NA==,T3V0Y29tZU5vZGU6Njc4NzQwNw==,Polymarket,exchange,OVERUNDER_0.5,A_4,A_1,Over 0.5 rounds,Under 0.5 rounds,,0.5,Under 0.5,,1,-1567,-4900,-1329,-4900,2026-08-24T12:35:57.053875+00:00,2026-08-12T22:10:40.958830+00:00,0.06,O,0,complete
2026-08-24T12:39:46.660629+00:00,9111,2026-08-25,Dana White's Contender Series: Contender Series 2026: Week 3,dwcs,sean-clancy-jr-vs-gary-balletto-jr-79266,T2ZmZXJOb2RlOjEwMzY3NDg1OQ==,T3V0Y29tZU5vZGU6Njc4NzM5Ng==,Polymarket,exchange,DISTANCE,A_4,A_2,Fight goes the distance,Fight ends inside distance,,,Fight to Go the Distance? - Yes,,0,-809,-9900,-809,-9900,2026-08-24T12:35:57.040249+00:00,2026-08-12T22:10:40.887762+00:00,0.06,O,0,complete
2026-08-24T12:39:46.660629+00:00,9111,2026-08-25,Dana White's Contender Series: Contender Series 2026: Week 3,dwcs,alexis-miranda-vs-ronald-humphrey-79267,T2ZmZXJOb2RlOjEwMzY3NDg2OA==,T3V0Y29tZU5vZGU6Njc4NzQxNA==,Polymarket,exchange,DISTANCE,A_4,A_2,Fight goes the distance,Fight ends inside distance,,,Fight to Go the Distance? - Yes,,0,-809,-9900,-809,-9900,2026-08-24T12:35:57.064390+00:00,2026-08-12T22:10:41.013797+00:00,0.06,O,0,complete
2026-08-24T12:39:46.660629+00:00,8869,2026-08-29,UFC Fight Night: Nurmagomedov vs. Song,ufc,umar-nurmagomedov-vs-yadong-song-79649,T2ZmZXJOb2RlOjEwMzY5MDYxMg==,T3V0Y29tZU5vZGU6NjgwODM4OA==,ReBet,sportsbook,OVERUNDER_4.5,A_4,A_1,Over 4.5 rounds,Under 4.5 rounds,,4.5,Over 4.5,,0,-238,-222,-212,-238,2026-08-24T12:32:58.493325+00:00,2026-08-23T16:03:14.895760+00:00,0.11,O,0,complete
2026-08-24T12:39:46.660629+00:00,8869,2026-08-29,UFC Fight Night: Nurmagomedov vs. Song,ufc,umar-nurmagomedov-vs-yadong-song-79649,T2ZmZXJOb2RlOjEwMzY5MDYxMg==,T3V0Y29tZU5vZGU6NjgwODM4OQ==,ReBet,sportsbook,OVERUNDER_4.5,A_4,A_1,Over 4.5 rounds,Under 4.5 rounds,,4.5,Under 4.5,,1,+181,+169,+181,+163,2026-08-24T12:32:58.493325+00:00,2026-08-23T16:03:14.895760+00:00,0.11,O,0,complete
2026-08-24T12:39:46.660629+00:00,8869,2026-08-29,UFC Fight Night: Nurmagomedov vs. Song,ufc,umar-nurmagomedov-vs-yadong-song-79649,T2ZmZXJOb2RlOjEwMzY3NzQwOA==,T3V0Y29tZU5vZGU6Njc5MDg4NA==,Polymarket,exchange,KO,A_5,A_13,wins by TKO/KO,doesn't win by TKO/KO,,2.0,Will Umar Nurmagomedov win by KO or TKO? - Yes,umar-nurmagomedov-28334,0,-1011,-4900,-525,-4900,2026-08-24T12:35:57.142421+00:00,2026-08-15T22:05:12.495755+00:00,0.06,O,0,complete
2026-08-24T12:39:46.660629+00:00,8869,2026-08-29,UFC Fight Night: Nurmagomedov vs. Song,ufc,xiaonan-yan-vs-denise-gomes-79865,T2ZmZXJOb2RlOjEwMzY5MDgzNw==,T3V0Y29tZU5vZGU6NjgwODgzNQ==,Bet105,sportsbook,OVERUNDER_2.5,A_4,A_1,Over 2.5 rounds,Under 2.5 rounds,,2.5,Over 2.5,,0,-283,-279,-279,-283,2026-08-24T12:33:47.042459+00:00,2026-08-24T12:14:23.624927+00:00,0.1,O,0,complete
2026-08-24T12:39:46.660629+00:00,8869,2026-08-29,UFC Fight Night: Nurmagomedov vs. Song,ufc,xiaonan-yan-vs-denise-gomes-79865,T2ZmZXJOb2RlOjEwMzY5MDgzNw==,T3V0Y29tZU5vZGU6NjgwODgzNg==,Bet105,sportsbook,OVERUNDER_2.5,A_4,A_1,Over 2.5 rounds,Under 2.5 rounds,,2.5,Under 2.5,,1,+224,+221,+224,+221,2026-08-24T12:33:47.042459+00:00,2026-08-24T12:14:23.624927+00:00,0.1,O,0,complete
2026-08-24T12:39:46.660629+00:00,8869,2026-08-29,UFC Fight Night: Nurmagomedov vs. Song,ufc,xiaonan-yan-vs-denise-gomes-79865,T2ZmZXJOb2RlOjEwMzY5MDYxNQ==,T3V0Y29tZU5vZGU6NjgwODM5NA==,ReBet,sportsbook,OVERUNDER_2.5,A_4,A_1,Over 2.5 rounds,Under 2.5 rounds,,2.5,Over 2.5,,0,-300,-290,-290,-300,2026-08-24T12:32:58.488396+00:00,2026-08-23T16:16:09.851125+00:00,0.11,O,0,complete
2026-08-24T12:39:46.660629+00:00,8869,2026-08-29,UFC Fight Night: Nurmagomedov vs. Song,ufc,xiaonan-yan-vs-denise-gomes-79865,T2ZmZXJOb2RlOjEwMzY5MDYxNQ==,T3V0Y29tZU5vZGU6NjgwODM5NQ==,ReBet,sportsbook,OVERUNDER_2.5,A_4,A_1,Over 2.5 rounds,Under 2.5 rounds,,2.5,Under 2.5,,1,+222,+216,+222,+216,2026-08-24T12:32:58.488396+00:00,2026-08-23T16:16:09.851125+00:00,0.11,O,0,complete
2026-08-24T12:39:46.660629+00:00,8869,2026-08-29,UFC Fight Night: Nurmagomedov vs. Song,ufc,xiaonan-yan-vs-denise-gomes-79865,T2ZmZXJOb2RlOjEwMzY3NzQyMg==,T3V0Y29tZU5vZGU6Njc5MDkxMg==,Polymarket,exchange,OVERUNDER_1.5,A_4,A_1,Over 1.5 rounds,Under 1.5 rounds,,1.5,Over 1.5,,0,-1329,-9900,-1329,-9900,2026-08-24T12:35:57.193133+00:00,2026-08-15T22:05:13.386909+00:00,0.06,O,0,complete
2026-08-24T12:39:46.660629+00:00,8869,2026-08-29,UFC Fight Night: Nurmagomedov vs. Song,ufc,xiaonan-yan-vs-denise-gomes-79865,T2ZmZXJOb2RlOjEwMzY3NzQxNg==,T3V0Y29tZU5vZGU6Njc5MDkwMA==,Polymarket,exchange,DISTANCE,A_4,A_2,Fight goes the distance,Fight ends inside distance,,,Fight to Go the Distance? - Yes,,0,-1900,-9900,-1900,-9900,2026-08-24T12:35:57.172318+00:00,2026-08-15T22:05:13.103284+00:00,0.06,O,0,complete
2026-08-24T12:39:46.660629+00:00,8869,2026-08-29,UFC Fight Night: Nurmagomedov vs. Song,ufc,kai-asakura-vs-qileng-aori-80038,T2ZmZXJOb2RlOjEwMzY5MDYyOA==,T3V0Y29tZU5vZGU6NjgwODQyMA==,ReBet,sportsbook,OVERUNDER_2.5,A_4,A_1,Over 2.5 rounds,Under 2.5 rounds,,2.5,Over 2.5,,0,+164,+144,+164,+144,2026-08-24T12:32:58.480652+00:00,2026-08-23T16:32:06.214500+00:00,0.11,O,0,complete
2026-08-24T12:39:46.660629+00:00,8869,2026-08-29,UFC Fight Night: Nurmagomedov vs. Song,ufc,kai-asakura-vs-qileng-aori-80038,T2ZmZXJOb2RlOjEwMzY5MDYyOA==,T3V0Y29tZU5vZGU6NjgwODQyMQ==,ReBet,sportsbook,OVERUNDER_2.5,A_4,A_1,Over 2.5 rounds,Under 2.5 rounds,,2.5,Under 2.5,,1,-214,-186,-186,-214,2026-08-24T12:32:58.480652+00:00,2026-08-23T16:32:06.214500+00:00,0.11,O,0,complete
2026-08-24T12:39:46.660629+00:00,8869,2026-08-29,UFC Fight Night: Nurmagomedov vs. Song,ufc,kai-asakura-vs-qileng-aori-80038,T2ZmZXJOb2RlOjEwMzY3NzQzMA==,T3V0Y29tZU5vZGU6Njc5MDkyOA==,Polymarket,exchange,OVERUNDER_0.5,A_4,A_1,Over 0.5 rounds,Under 0.5 rounds,,0.5,Over 0.5,,0,-1329,-4900,-1329,-4900,2026-08-24T12:35:57.223530+00:00,2026-08-15T22:05:13.902928+00:00,0.06,O,0,complete
2026-08-24T12:39:46.660629+00:00,8869,2026-08-29,UFC Fight Night: Nurmagomedov vs. Song,ufc,kai-asakura-vs-qileng-aori-80038,T2ZmZXJOb2RlOjEwMzY3NzQzMQ==,T3V0Y29tZU5vZGU6Njc5MDkzMA==,Polymarket,exchange,OVERUNDER_1.5,A_4,A_1,Over 1.5 rounds,Under 1.5 rounds,,1.5,Over 1.5,,0,-1329,-9900,-1329,-9900,2026-08-24T12:35:57.228238+00:00,2026-08-15T22:05:13.989996+00:00,0.06,O,0,complete
2026-08-24T12:39:46.660629+00:00,8869,2026-08-29,UFC Fight Night: Nurmagomedov vs. Song,ufc,kai-asakura-vs-qileng-aori-80038,T2ZmZXJOb2RlOjEwMzY3NzQyNQ==,T3V0Y29tZU5vZGU6Njc5MDkxOQ==,Polymarket,exchange,DISTANCE,A_4,A_2,Fight goes the distance,Fight ends inside distance,,,Fight to Go the Distance? - No,,1,-1900,-9900,-1900,-9900,2026-08-24T12:35:57.204982+00:00,2026-08-15T22:05:13.581660+00:00,0.06,O,0,complete
2026-08-24T12:39:46.660629+00:00,8869,2026-08-29,UFC Fight Night: Nurmagomedov vs. Song,ufc,alex-perez-vs-su-mudaerji-79689,T2ZmZXJOb2RlOjEwMzY3NzQ3Nw==,T3V0Y29tZU5vZGU6Njc5MTAyMg==,Polymarket,exchange,DISTANCE,A_4,A_2,Fight goes the distance,Fight ends inside distance,,,Fight to Go the Distance? - Yes,,0,-1900,-3233,-1900,-4900,2026-08-24T12:35:57.238690+00:00,2026-08-15T22:14:29.855079+00:00,0.06,O,0,complete
2026-08-24T12:39:46.660629+00:00,8869,2026-08-29,UFC Fight Night: Nurmagomedov vs. Song,ufc,alex-perez-vs-su-mudaerji-79689,T2ZmZXJOb2RlOjEwMzY3NzQ0MA==,T3V0Y29tZU5vZGU6Njc5MDk0OA==,Polymarket,exchange,OVERUNDER_2.5,A_4,A_1,Over 2.5 rounds,Under 2.5 rounds,,2.5,Over 2.5,,0,+104,-9900,+104,-9900,2026-08-24T12:35:57.263398+00:00,2026-08-15T22:05:14.629578+00:00,0.06,O,0,complete
2026-08-24T12:39:46.660629+00:00,8869,2026-08-29,UFC Fight Night: Nurmagomedov vs. Song,ufc,alex-perez-vs-su-mudaerji-79689,T2ZmZXJOb2RlOjEwMzY3NzQzOQ==,T3V0Y29tZU5vZGU6Njc5MDk0Ng==,Polymarket,exchange,OVERUNDER_1.5,A_4,A_1,Over 1.5 rounds,Under 1.5 rounds,,1.5,Over 1.5,,0,-1329,-9900,-1329,-9900,2026-08-24T12:35:57.261074+00:00,2026-08-15T22:05:14.548928+00:00,0.06,O,0,complete
2026-08-24T12:39:46.660629+00:00,8869,2026-08-29,UFC Fight Night: Nurmagomedov vs. Song,ufc,alex-perez-vs-su-mudaerji-79689,T2ZmZXJOb2RlOjEwMzY3NzQzOQ==,T3V0Y29tZU5vZGU6Njc5MDk0Nw==,Polymarket,exchange,OVERUNDER_1.5,A_4,A_1,Over 1.5 rounds,Under 1.5 rounds,,1.5,Under 1.5,,1,-733,-9900,-567,-9900,2026-08-24T12:35:57.261074+00:00,2026-08-15T22:05:14.548928+00:00,0.06,O,0,complete
2026-08-24T12:39:46.660629+00:00,8869,2026-08-29,UFC Fight Night: Nurmagomedov vs. Song,ufc,alex-perez-vs-su-mudaerji-79689,T2ZmZXJOb2RlOjEwMzY3NzQzOA==,T3V0Y29tZU5vZGU6Njc5MDk0NA==,Polymarket,exchange,OVERUNDER_0.5,A_4,A_1,Over 0.5 rounds,Under 0.5 rounds,,0.5,Over 0.5,,0,-1329,-4900,-1329,-4900,2026-08-24T12:35:57.258432+00:00,2026-08-15T22:05:14.479760+00:00,0.06,O,0,complete
2026-08-24T12:39:46.660629+00:00,8869,2026-08-29,UFC Fight Night: Nurmagomedov vs. Song,ufc,alex-perez-vs-su-mudaerji-79689,T2ZmZXJOb2RlOjEwMzY3NzQzOA==,T3V0Y29tZU5vZGU6Njc5MDk0NQ==,Polymarket,exchange,OVERUNDER_0.5,A_4,A_1,Over 0.5 rounds,Under 0.5 rounds,,0.5,Under 0.5,,1,-733,-4900,-567,-4900,2026-08-24T12:35:57.258432+00:00,2026-08-15T22:05:14.479760+00:00,0.06,O,0,complete
2026-08-24T12:39:46.660629+00:00,8869,2026-08-29,UFC Fight Night: Nurmagomedov vs. Song,ufc,bilal-hasan-vs-nilson-rojas-80821,T2ZmZXJOb2RlOjEwMzY4ODkwMg==,T3V0Y29tZU5vZGU6NjgwNTkyOA==,Polymarket,exchange,OVERUNDER_2.5,A_4,A_1,Over 2.5 rounds,Under 2.5 rounds,,2.5,Over 2.5,,0,-1329,-9900,-733,-9900,2026-08-24T12:35:57.666578+00:00,2026-08-21T22:04:29.868708+00:00,0.06,O,0,complete
2026-08-24T12:39:46.660629+00:00,8869,2026-08-29,UFC Fight Night: Nurmagomedov vs. Song,ufc,bilal-hasan-vs-nilson-rojas-80821,T2ZmZXJOb2RlOjEwMzY4ODkwMQ==,T3V0Y29tZU5vZGU6NjgwNTkyNg==,Polymarket,exchange,OVERUNDER_0.5,A_4,A_1,Over 0.5 rounds,Under 0.5 rounds,,0.5,Over 0.5,,0,-1329,-4900,-1329,-4900,2026-08-24T12:35:57.657525+00:00,2026-08-21T22:04:29.816012+00:00,0.06,O,0,complete
2026-08-24T12:39:46.660629+00:00,8869,2026-08-29,UFC Fight Night: Nurmagomedov vs. Song,ufc,bilal-hasan-vs-nilson-rojas-80821,T2ZmZXJOb2RlOjEwMzY4ODg5Ng==,T3V0Y29tZU5vZGU6NjgwNTkxNw==,Polymarket,exchange,DISTANCE,A_4,A_2,Fight goes the distance,Fight ends inside distance,,,Fight to Go the Distance? - No,,1,-1900,-9900,-1900,-9900,2026-08-24T12:35:57.638293+00:00,2026-08-21T22:04:29.640698+00:00,0.06,O,0,complete
2026-08-24T12:39:46.660629+00:00,8869,2026-08-29,UFC Fight Night: Nurmagomedov vs. Song,ufc,andre-lima-vs-namsrai-batbayar-80336,T2ZmZXJOb2RlOjEwMzY5MDg1Ng==,T3V0Y29tZU5vZGU6NjgwODg3MA==,SXBet,exchange,OVERUNDER_2.5,A_4,A_1,Over 2.5 rounds,Under 2.5 rounds,,2.5,Over 2.5,,0,+104,+108,+108,+104,2026-08-24T12:31:15.441989+00:00,2026-08-24T12:20:51.556443+00:00,0.14,S,0,complete
2026-08-24T12:39:46.660629+00:00,8869,2026-08-29,UFC Fight Night: Nurmagomedov vs. Song,ufc,andre-lima-vs-namsrai-batbayar-80336,T2ZmZXJOb2RlOjEwMzY5MDY2Mw==,T3V0Y29tZU5vZGU6NjgwODQ5MA==,ReBet,sportsbook,OVERUNDER_2.5,A_4,A_1,Over 2.5 rounds,Under 2.5 rounds,,2.5,Over 2.5,,0,+119,+115,+119,+115,2026-08-24T12:32:58.463241+00:00,2026-08-23T17:01:04.425691+00:00,0.11,O,0,complete
2026-08-24T12:39:46.660629+00:00,8869,2026-08-29,UFC Fight Night: Nurmagomedov vs. Song,ufc,andre-lima-vs-namsrai-batbayar-80336,T2ZmZXJOb2RlOjEwMzY5MDY2Mw==,T3V0Y29tZU5vZGU6NjgwODQ5MQ==,ReBet,sportsbook,OVERUNDER_2.5,A_4,A_1,Over 2.5 rounds,Under 2.5 rounds,,2.5,Under 2.5,,1,-152,-147,-147,-152,2026-08-24T12:32:58.463241+00:00,2026-08-23T17:01:04.425691+00:00,0.11,O,0,complete
2026-08-24T12:39:46.660629+00:00,8869,2026-08-29,UFC Fight Night: Nurmagomedov vs. Song,ufc,andre-lima-vs-namsrai-batbayar-80336,T2ZmZXJOb2RlOjEwMzY3NzQ1NQ==,T3V0Y29tZU5vZGU6Njc5MDk3OA==,Polymarket,exchange,OVERUNDER_1.5,A_4,A_1,Over 1.5 rounds,Under 1.5 rounds,,1.5,Over 1.5,,0,-1329,-9900,-1329,-9900,2026-08-24T12:35:57.331350+00:00,2026-08-15T22:05:15.733113+00:00,0.06,O,0,complete
2026-08-24T12:39:46.660629+00:00,8869,2026-08-29,UFC Fight Night: Nurmagomedov vs. Song,ufc,andre-lima-vs-namsrai-batbayar-80336,T2ZmZXJOb2RlOjEwMzY3NzQ1NA==,T3V0Y29tZU5vZGU6Njc5MDk3Ng==,Polymarket,exchange,OVERUNDER_0.5,A_4,A_1,Over 0.5 rounds,Under 0.5 rounds,,0.5,Over 0.5,,0,-1329,-4900,-1329,-4900,2026-08-24T12:35:57.327159+00:00,2026-08-15T22:05:15.663917+00:00,0.06,O,0,complete
2026-08-24T12:39:46.660629+00:00,8869,2026-08-29,UFC Fight Night: Nurmagomedov vs. Song,ufc,andre-lima-vs-namsrai-batbayar-80336,T2ZmZXJOb2RlOjEwMzY3NzQ3OQ==,T3V0Y29tZU5vZGU6Njc5MTAyNg==,Polymarket,exchange,DISTANCE,A_4,A_2,Fight goes the distance,Fight ends inside distance,,,Fight to Go the Distance? - Yes,,0,-1900,-3233,-1900,-4900,2026-08-24T12:35:57.304135+00:00,2026-08-15T22:14:29.879254+00:00,0.06,O,0,complete
2026-08-24T12:39:46.660629+00:00,8869,2026-08-29,UFC Fight Night: Nurmagomedov vs. Song,ufc,rei-tsuruya-vs-kevin-borjas-79779,T2ZmZXJOb2RlOjEwMzY5MDY2Mg==,T3V0Y29tZU5vZGU6NjgwODQ4OA==,ReBet,sportsbook,OVERUNDER_2.5,A_4,A_1,Over 2.5 rounds,Under 2.5 rounds,,2.5,Over 2.5,,0,-108,+128,+140,-108,2026-08-24T12:32:58.456841+00:00,2026-08-23T17:01:04.389624+00:00,0.11,O,0,complete
2026-08-24T12:39:46.660629+00:00,8869,2026-08-29,UFC Fight Night: Nurmagomedov vs. Song,ufc,rei-tsuruya-vs-kevin-borjas-79779,T2ZmZXJOb2RlOjEwMzY5MDY2Mg==,T3V0Y29tZU5vZGU6NjgwODQ4OQ==,ReBet,sportsbook,OVERUNDER_2.5,A_4,A_1,Over 2.5 rounds,Under 2.5 rounds,,2.5,Under 2.5,,1,-118,-164,-118,-180,2026-08-24T12:32:58.456841+00:00,2026-08-23T17:01:04.389624+00:00,0.11,O,0,complete
2026-08-24T12:39:46.660629+00:00,8869,2026-08-29,UFC Fight Night: Nurmagomedov vs. Song,ufc,rei-tsuruya-vs-kevin-borjas-79779,T2ZmZXJOb2RlOjEwMzY3NzQ4Mw==,T3V0Y29tZU5vZGU6Njc5MTAzNA==,Polymarket,exchange,DISTANCE,A_4,A_2,Fight goes the distance,Fight ends inside distance,,,Fight to Go the Distance? - Yes,,0,-1900,-3233,-1900,-9900,2026-08-24T12:35:57.427119+00:00,2026-08-15T22:14:29.936510+00:00,0.06,O,0,complete
2026-08-24T12:39:46.660629+00:00,8869,2026-08-29,UFC Fight Night: Nurmagomedov vs. Song,ufc,rei-tsuruya-vs-kevin-borjas-79779,T2ZmZXJOb2RlOjEwMzY3NzQ4NA==,T3V0Y29tZU5vZGU6Njc5MTAzNg==,Polymarket,exchange,OVERUNDER_1.5,A_4,A_1,Over 1.5 rounds,Under 1.5 rounds,,1.5,Over 1.5,,0,-1329,-3233,-1329,-4900,2026-08-24T12:35:57.450150+00:00,2026-08-15T22:14:29.954523+00:00,0.06,O,0,complete
2026-08-24T12:39:46.660629+00:00,8869,2026-08-29,UFC Fight Night: Nurmagomedov vs. Song,ufc,rei-tsuruya-vs-kevin-borjas-79779,T2ZmZXJOb2RlOjEwMzY3NzQ2OA==,T3V0Y29tZU5vZGU6Njc5MTAwNA==,Polymarket,exchange,OVERUNDER_0.5,A_4,A_1,Over 0.5 rounds,Under 0.5 rounds,,0.5,Over 0.5,,0,-1329,-4900,-1329,-4900,2026-08-24T12:35:57.446813+00:00,2026-08-15T22:05:16.711086+00:00,0.06,O,0,complete
2026-08-24T12:39:46.660629+00:00,8869,2026-08-29,UFC Fight Night: Nurmagomedov vs. Song,ufc,jack-jenkins-vs-sean-woodson-80520,T2ZmZXJOb2RlOjEwMzY5MDY2MQ==,T3V0Y29tZU5vZGU6NjgwODQ4Ng==,ReBet,sportsbook,OVERUNDER_2.5,A_4,A_1,Over 2.5 rounds,Under 2.5 rounds,,2.5,Over 2.5,,0,-190,-186,-186,-190,2026-08-24T12:32:58.450493+00:00,2026-08-23T17:01:04.301732+00:00,0.11,O,0,complete
2026-08-24T12:39:46.660629+00:00,8869,2026-08-29,UFC Fight Night: Nurmagomedov vs. Song,ufc,jack-jenkins-vs-sean-woodson-80520,T2ZmZXJOb2RlOjEwMzY5MDY2MQ==,T3V0Y29tZU5vZGU6NjgwODQ4Nw==,ReBet,sportsbook,OVERUNDER_2.5,A_4,A_1,Over 2.5 rounds,Under 2.5 rounds,,2.5,Under 2.5,,1,+147,+144,+147,+144,2026-08-24T12:32:58.450493+00:00,2026-08-23T17:01:04.301732+00:00,0.11,O,0,complete
2026-08-24T12:39:46.660629+00:00,8869,2026-08-29,UFC Fight Night: Nurmagomedov vs. Song,ufc,jack-jenkins-vs-sean-woodson-80520,T2ZmZXJOb2RlOjEwMzY3NzQ4MQ==,T3V0Y29tZU5vZGU6Njc5MTAzMA==,Polymarket,exchange,OVERUNDER_1.5,A_4,A_1,Over 1.5 rounds,Under 1.5 rounds,,1.5,Over 1.5,,0,-1329,-3233,-1329,-3233,2026-08-24T12:35:57.395551+00:00,2026-08-15T22:14:29.902691+00:00,0.06,O,0,complete
2026-08-24T12:39:46.660629+00:00,8869,2026-08-29,UFC Fight Night: Nurmagomedov vs. Song,ufc,jack-jenkins-vs-sean-woodson-80520,T2ZmZXJOb2RlOjEwMzY3NzQ4MA==,T3V0Y29tZU5vZGU6Njc5MTAyOQ==,Polymarket,exchange,DISTANCE,A_4,A_2,Fight goes the distance,Fight ends inside distance,,,Fight to Go the Distance? - No,,1,-1900,-3233,-1900,-4900,2026-08-24T12:35:57.347151+00:00,2026-08-15T22:14:29.891912+00:00,0.06,O,0,complete
2026-08-24T12:39:46.660629+00:00,8869,2026-08-29,UFC Fight Night: Nurmagomedov vs. Song,ufc,jack-jenkins-vs-sean-woodson-80520,T2ZmZXJOb2RlOjEwMzY3NzQ2Mg==,T3V0Y29tZU5vZGU6Njc5MDk5Mw==,Polymarket,exchange,OVERUNDER_0.5,A_4,A_1,Over 0.5 rounds,Under 0.5 rounds,,0.5,Under 0.5,,1,-1329,-4900,-809,-4900,2026-08-24T12:35:57.388173+00:00,2026-08-15T22:05:16.216556+00:00,0.06,O,0,complete
2026-08-24T12:39:46.660629+00:00,8869,2026-08-29,UFC Fight Night: Nurmagomedov vs. Song,ufc,lawrence-lui-vs-hector-santiago-80953,T2ZmZXJOb2RlOjEwMzY5MDI4Mg==,T3V0Y29tZU5vZGU6NjgwNzc4NA==,Polymarket,exchange,OVERUNDER_2.5,A_4,A_1,Over 2.5 rounds,Under 2.5 rounds,,2.5,Over 2.5,,0,-108,-9900,-108,-9900,2026-08-24T12:35:57.717248+00:00,2026-08-22T22:09:54.383797+00:00,0.06,O,0,complete
2026-08-24T12:39:46.660629+00:00,8869,2026-08-29,UFC Fight Night: Nurmagomedov vs. Song,ufc,lawrence-lui-vs-hector-santiago-80953,T2ZmZXJOb2RlOjEwMzY5MDI4MQ==,T3V0Y29tZU5vZGU6NjgwNzc4Mg==,Polymarket,exchange,OVERUNDER_1.5,A_4,A_1,Over 1.5 rounds,Under 1.5 rounds,,1.5,Over 1.5,,0,-1329,-9900,-1329,-9900,2026-08-24T12:35:57.712252+00:00,2026-08-22T22:09:54.368043+00:00,0.06,O,0,complete
2026-08-24T12:39:46.660629+00:00,8869,2026-08-29,UFC Fight Night: Nurmagomedov vs. Song,ufc,lawrence-lui-vs-hector-santiago-80953,T2ZmZXJOb2RlOjEwMzY5MDI4MA==,T3V0Y29tZU5vZGU6NjgwNzc4MA==,Polymarket,exchange,OVERUNDER_0.5,A_4,A_1,Over 0.5 rounds,Under 0.5 rounds,,0.5,Over 0.5,,0,-1329,-4900,-1329,-4900,2026-08-24T12:35:57.706514+00:00,2026-08-22T22:09:54.353475+00:00,0.06,O,0,complete
2026-08-24T12:39:46.660629+00:00,8869,2026-08-29,UFC Fight Night: Nurmagomedov vs. Song,ufc,lawrence-lui-vs-hector-santiago-80953,T2ZmZXJOb2RlOjEwMzY5MDI3NQ==,T3V0Y29tZU5vZGU6NjgwNzc3MQ==,Polymarket,exchange,DISTANCE,A_4,A_2,Fight goes the distance,Fight ends inside distance,,,Fight to Go the Distance? - No,,1,-1900,-9900,-1900,-9900,2026-08-24T12:35:57.679298+00:00,2026-08-22T22:09:54.269613+00:00,0.06,O,0,complete
2026-08-24T12:39:46.660629+00:00,8869,2026-08-29,UFC Fight Night: Nurmagomedov vs. Song,ufc,jingnan-xiong-vs-julia-polastri-80594,T2ZmZXJOb2RlOjEwMzY5MDY2MA==,T3V0Y29tZU5vZGU6NjgwODQ4NA==,ReBet,sportsbook,OVERUNDER_2.5,A_4,A_1,Over 2.5 rounds,Under 2.5 rounds,,2.5,Over 2.5,,0,-380,-370,-370,-380,2026-08-24T12:32:58.431196+00:00,2026-08-23T17:01:04.233805+00:00,0.11,O,0,complete
2026-08-24T12:39:46.660629+00:00,8869,2026-08-29,UFC Fight Night: Nurmagomedov vs. Song,ufc,jingnan-xiong-vs-julia-polastri-80594,T2ZmZXJOb2RlOjEwMzY5MDY2MA==,T3V0Y29tZU5vZGU6NjgwODQ4NQ==,ReBet,sportsbook,OVERUNDER_2.5,A_4,A_1,Over 2.5 rounds,Under 2.5 rounds,,2.5,Under 2.5,,1,+270,+265,+270,+265,2026-08-24T12:32:58.431196+00:00,2026-08-23T17:01:04.233805+00:00,0.11,O,0,complete
2026-08-24T12:39:46.660629+00:00,8869,2026-08-29,UFC Fight Night: Nurmagomedov vs. Song,ufc,jingnan-xiong-vs-julia-polastri-80594,T2ZmZXJOb2RlOjEwMzY3NzQ4OA==,T3V0Y29tZU5vZGU6Njc5MTA0NA==,Polymarket,exchange,OVERUNDER_2.5,A_4,A_1,Over 2.5 rounds,Under 2.5 rounds,,2.5,Over 2.5,,0,-1329,-3233,-355,-4900,2026-08-24T12:35:57.489908+00:00,2026-08-15T22:14:30.023649+00:00,0.06,O,0,complete
2026-08-24T12:39:46.660629+00:00,8869,2026-08-29,UFC Fight Night: Nurmagomedov vs. Song,ufc,jingnan-xiong-vs-julia-polastri-80594,T2ZmZXJOb2RlOjEwMzY3NzQ4Nw==,T3V0Y29tZU5vZGU6Njc5MTA0Mg==,Polymarket,exchange,OVERUNDER_1.5,A_4,A_1,Over 1.5 rounds,Under 1.5 rounds,,1.5,Over 1.5,,0,-1329,-3233,-1329,-4900,2026-08-24T12:35:57.481331+00:00,2026-08-15T22:14:30.009371+00:00,0.06,O,0,complete
2026-08-24T12:39:46.660629+00:00,8869,2026-08-29,UFC Fight Night: Nurmagomedov vs. Song,ufc,jingnan-xiong-vs-julia-polastri-80594,T2ZmZXJOb2RlOjEwMzY3NzQ3Mg==,T3V0Y29tZU5vZGU6Njc5MTAxMw==,Polymarket,exchange,KO,A_5,A_13,wins by TKO/KO,doesn't win by TKO/KO,,2.0,Will Julia Polastri win by KO or TKO? - No,julia-polastri-39425,1,-1900,-4900,+400,-4900,2026-08-24T12:35:57.471759+00:00,2026-08-15T22:05:17.178253+00:00,0.06,O,0,complete
2026-08-24T12:39:46.660629+00:00,8869,2026-08-29,UFC Fight Night: Nurmagomedov vs. Song,ufc,jingnan-xiong-vs-julia-polastri-80594,T2ZmZXJOb2RlOjEwMzY3NzQ4Ng==,T3V0Y29tZU5vZGU6Njc5MTA0MA==,Polymarket,exchange,DISTANCE,A_4,A_2,Fight goes the distance,Fight ends inside distance,,,Fight to Go the Distance? - Yes,,0,-1900,-3233,-1900,-4900,2026-08-24T12:35:57.463647+00:00,2026-08-15T22:14:29.991355+00:00,0.06,O,0,complete
2026-08-24T12:39:46.660629+00:00,8869,2026-08-29,UFC Fight Night: Nurmagomedov vs. Song,ufc,meng-ding-vs-cameron-nelson-80702,T2ZmZXJOb2RlOjEwMzY5MDI5MQ==,T3V0Y29tZU5vZGU6NjgwNzgwMg==,Polymarket,exchange,OVERUNDER_2.5,A_4,A_1,Over 2.5 rounds,Under 2.5 rounds,,2.5,Over 2.5,,0,-113,-9900,-113,-9900,2026-08-24T12:35:57.757985+00:00,2026-08-22T22:09:54.552147+00:00,0.06,O,0,complete
2026-08-24T12:39:46.660629+00:00,8869,2026-08-29,UFC Fight Night: Nurmagomedov vs. Song,ufc,meng-ding-vs-cameron-nelson-80702,T2ZmZXJOb2RlOjEwMzY5MDI4NA==,T3V0Y29tZU5vZGU6NjgwNzc4OQ==,Polymarket,exchange,DISTANCE,A_4,A_2,Fight goes the distance,Fight ends inside distance,,,Fight to Go the Distance? - No,,1,-1900,-9900,-1900,-9900,2026-08-24T12:35:57.725273+00:00,2026-08-22T22:09:54.414757+00:00,0.06,O,0,complete
2026-08-24T12:39:46.660629+00:00,8869,2026-08-29,UFC Fight Night: Nurmagomedov vs. Song,ufc,meng-ding-vs-cameron-nelson-80702,T2ZmZXJOb2RlOjEwMzY5MDI5MA==,T3V0Y29tZU5vZGU6NjgwNzgwMA==,Polymarket,exchange,OVERUNDER_1.5,A_4,A_1,Over 1.5 rounds,Under 1.5 rounds,,1.5,Over 1.5,,0,-1329,-9900,-1329,-9900,2026-08-24T12:35:57.754341+00:00,2026-08-22T22:09:54.517817+00:00,0.06,O,0,complete
2026-08-24T12:39:46.660629+00:00,8869,2026-08-29,UFC Fight Night: Nurmagomedov vs. Song,ufc,meng-ding-vs-cameron-nelson-80702,T2ZmZXJOb2RlOjEwMzY5MDI4OQ==,T3V0Y29tZU5vZGU6NjgwNzc5OA==,Polymarket,exchange,OVERUNDER_0.5,A_4,A_1,Over 0.5 rounds,Under 0.5 rounds,,0.5,Over 0.5,,0,-1329,-4900,-1329,-4900,2026-08-24T12:35:57.750574+00:00,2026-08-22T22:09:54.496751+00:00,0.06,O,0,complete
2026-08-24T13:27:54.916233+00:00,9111,2026-08-25,Dana White's Contender Series: Contender Series 2026: Week 3,dwcs,mario-piazzon-vs-guilherme-uriel-silva-costa-78018,T2ZmZXJOb2RlOjEwMzY3NDg1NQ==,T3V0Y29tZU5vZGU6Njc4NzM4OA==,Polymarket,exchange,OVERUNDER_0.5,A_4,A_1,Over 0.5 rounds,Under 0.5 rounds,,0.5,Over 0.5,,0,-2400,-3233,+488,-4900,2026-08-24T13:26:55.819567+00:00,2026-08-12T22:10:40.832031+00:00,0.02,O,0,complete
2026-08-24T13:27:54.916233+00:00,9111,2026-08-25,Dana White's Contender Series: Contender Series 2026: Week 3,dwcs,mario-piazzon-vs-guilherme-uriel-silva-costa-78018,T2ZmZXJOb2RlOjEwMzY3NDg1NQ==,T3V0Y29tZU5vZGU6Njc4NzM4OQ==,Polymarket,exchange,OVERUNDER_0.5,A_4,A_1,Over 0.5 rounds,Under 0.5 rounds,,0.5,Under 0.5,,1,-1567,-3233,-488,-4900,2026-08-24T13:26:55.819567+00:00,2026-08-12T22:10:40.832031+00:00,0.02,O,0,complete
2026-08-24T13:27:54.916233+00:00,9111,2026-08-25,Dana White's Contender Series: Contender Series 2026: Week 3,dwcs,sean-clancy-jr-vs-gary-balletto-jr-79266,T2ZmZXJOb2RlOjEwMzY3NDg2NA==,T3V0Y29tZU5vZGU6Njc4NzQwNg==,Polymarket,exchange,OVERUNDER_0.5,A_4,A_1,Over 0.5 rounds,Under 0.5 rounds,,0.5,Over 0.5,,0,-1900,-4900,+900,-4900,2026-08-24T13:26:55.872153+00:00,2026-08-12T22:10:40.958830+00:00,0.02,O,0,complete
2026-08-24T13:27:54.916233+00:00,9111,2026-08-25,Dana White's Contender Series: Contender Series 2026: Week 3,dwcs,sean-clancy-jr-vs-gary-balletto-jr-79266,T2ZmZXJOb2RlOjEwMzY3NDg2NA==,T3V0Y29tZU5vZGU6Njc4NzQwNw==,Polymarket,exchange,OVERUNDER_0.5,A_4,A_1,Over 0.5 rounds,Under 0.5 rounds,,0.5,Under 0.5,,1,-2400,-4900,-1329,-4900,2026-08-24T13:26:55.872153+00:00,2026-08-12T22:10:40.958830+00:00,0.02,O,0,complete
2026-08-24T13:27:54.916233+00:00,8869,2026-08-29,UFC Fight Night: Nurmagomedov vs. Song,ufc,umar-nurmagomedov-vs-yadong-song-79649,T2ZmZXJOb2RlOjEwMzY5MDg3NQ==,T3V0Y29tZU5vZGU6NjgwODkwNg==,Pinnacle,sportsbook,OVERUNDER_4.5,A_4,A_1,Over 4.5 rounds,Under 4.5 rounds,,4.5,Over 4.5,,0,-219,-219,-219,-219,2026-08-24T12:53:54.262746+00:00,2026-08-24T12:53:54.065515+00:00,0.57,O,0,complete
2026-08-24T13:27:54.916233+00:00,8869,2026-08-29,UFC Fight Night: Nurmagomedov vs. Song,ufc,umar-nurmagomedov-vs-yadong-song-79649,T2ZmZXJOb2RlOjEwMzY5MDg3NQ==,T3V0Y29tZU5vZGU6NjgwODkwNw==,Pinnacle,sportsbook,OVERUNDER_4.5,A_4,A_1,Over 4.5 rounds,Under 4.5 rounds,,4.5,Under 4.5,,1,+177,+177,+177,+177,2026-08-24T12:53:54.262746+00:00,2026-08-24T12:53:54.065515+00:00,0.57,O,0,complete
2026-08-24T13:27:54.916233+00:00,8869,2026-08-29,UFC Fight Night: Nurmagomedov vs. Song,ufc,umar-nurmagomedov-vs-yadong-song-79649,T2ZmZXJOb2RlOjEwMzY5MDg3NA==,T3V0Y29tZU5vZGU6NjgwODkwNA==,ProphetX,exchange,OVERUNDER_4.5,A_4,A_1,Over 4.5 rounds,Under 4.5 rounds,,4.5,Over 4.5,,0,-230,-230,-230,-230,2026-08-24T12:41:33.741044+00:00,2026-08-24T12:41:33.063655+00:00,0.77,O,0,complete
2026-08-24T13:27:54.916233+00:00,8869,2026-08-29,UFC Fight Night: Nurmagomedov vs. Song,ufc,umar-nurmagomedov-vs-yadong-song-79649,T2ZmZXJOb2RlOjEwMzY5MDg3NA==,T3V0Y29tZU5vZGU6NjgwODkwNQ==,ProphetX,exchange,OVERUNDER_4.5,A_4,A_1,Over 4.5 rounds,Under 4.5 rounds,,4.5,Under 4.5,,1,+166,+166,+166,+166,2026-08-24T12:41:33.741044+00:00,2026-08-24T12:41:33.063655+00:00,0.77,O,0,complete
2026-08-24T13:27:54.916233+00:00,8869,2026-08-29,UFC Fight Night: Nurmagomedov vs. Song,ufc,umar-nurmagomedov-vs-yadong-song-79649,T2ZmZXJOb2RlOjEwMzY5MDYwOQ==,T3V0Y29tZU5vZGU6NjgwODM4Mg==,Novig,exchange,OVERUNDER_4.5,A_4,A_1,Over 4.5 rounds,Under 4.5 rounds,,4.5,Over 4.5,,0,-186,-160,-160,-245,2026-08-24T13:00:54.173784+00:00,2026-08-23T16:01:02.886423+00:00,0.45,O,0,complete
2026-08-24T13:27:54.916233+00:00,8869,2026-08-29,UFC Fight Night: Nurmagomedov vs. Song,ufc,umar-nurmagomedov-vs-yadong-song-79649,T2ZmZXJOb2RlOjEwMzY3NzQxNA==,T3V0Y29tZU5vZGU6Njc5MDg5Ng==,Polymarket,exchange,OVERUNDER_4.5,A_4,A_1,Over 4.5 rounds,Under 4.5 rounds,,4.5,Over 4.5,,0,-203,-9900,-203,-9900,2026-08-24T12:56:31.532386+00:00,2026-08-15T22:05:12.962821+00:00,0.52,O,0,complete
2026-08-24T13:27:54.916233+00:00,8869,2026-08-29,UFC Fight Night: Nurmagomedov vs. Song,ufc,umar-nurmagomedov-vs-yadong-song-79649,T2ZmZXJOb2RlOjEwMzY3NzQxNA==,T3V0Y29tZU5vZGU6Njc5MDg5Nw==,Polymarket,exchange,OVERUNDER_4.5,A_4,A_1,Over 4.5 rounds,Under 4.5 rounds,,4.5,Under 4.5,,1,+178,-9900,+178,-9900,2026-08-24T12:56:31.532386+00:00,2026-08-15T22:05:12.962821+00:00,0.52,O,0,complete
2026-08-24T13:27:54.916233+00:00,8869,2026-08-29,UFC Fight Night: Nurmagomedov vs. Song,ufc,umar-nurmagomedov-vs-yadong-song-79649,T2ZmZXJOb2RlOjEwMzY3NzQwOA==,T3V0Y29tZU5vZGU6Njc5MDg4NA==,Polymarket,exchange,KO,A_5,A_13,wins by TKO/KO,doesn't win by TKO/KO,,2.0,Will Umar Nurmagomedov win by KO or TKO? - Yes,umar-nurmagomedov-28334,0,-567,-4900,-525,-4900,2026-08-24T13:26:55.992755+00:00,2026-08-15T22:05:12.495755+00:00,0.02,O,0,complete
2026-08-24T13:27:54.916233+00:00,8869,2026-08-29,UFC Fight Night: Nurmagomedov vs. Song,ufc,xiaonan-yan-vs-denise-gomes-79865,T2ZmZXJOb2RlOjEwMzY5MDg4NA==,T3V0Y29tZU5vZGU6NjgwODkyNA==,Pinnacle,sportsbook,OVERUNDER_2.5,A_4,A_1,Over 2.5 rounds,Under 2.5 rounds,,2.5,Over 2.5,,0,-283,-283,-283,-283,2026-08-24T12:53:54.878368+00:00,2026-08-24T12:53:54.165025+00:00,0.57,O,0,complete
2026-08-24T13:27:54.916233+00:00,8869,2026-08-29,UFC Fight Night: Nurmagomedov vs. Song,ufc,xiaonan-yan-vs-denise-gomes-79865,T2ZmZXJOb2RlOjEwMzY5MDg4NA==,T3V0Y29tZU5vZGU6NjgwODkyNQ==,Pinnacle,sportsbook,OVERUNDER_2.5,A_4,A_1,Over 2.5 rounds,Under 2.5 rounds,,2.5,Under 2.5,,1,+224,+224,+224,+224,2026-08-24T12:53:54.878368+00:00,2026-08-24T12:53:54.165025+00:00,0.57,O,0,complete
2026-08-24T13:27:54.916233+00:00,8869,2026-08-29,UFC Fight Night: Nurmagomedov vs. Song,ufc,xiaonan-yan-vs-denise-gomes-79865,T2ZmZXJOb2RlOjEwMzY5MDg3MA==,T3V0Y29tZU5vZGU6NjgwODg5Ng==,ProphetX,exchange,OVERUNDER_2.5,A_4,A_1,Over 2.5 rounds,Under 2.5 rounds,,2.5,Over 2.5,,0,-295,-295,-295,-295,2026-08-24T12:41:33.517966+00:00,2026-08-24T12:41:33.012998+00:00,0.77,O,0,complete
2026-08-24T13:27:54.916233+00:00,8869,2026-08-29,UFC Fight Night: Nurmagomedov vs. Song,ufc,xiaonan-yan-vs-denise-gomes-79865,T2ZmZXJOb2RlOjEwMzY5MDg3MA==,T3V0Y29tZU5vZGU6NjgwODg5Nw==,ProphetX,exchange,OVERUNDER_2.5,A_4,A_1,Over 2.5 rounds,Under 2.5 rounds,,2.5,Under 2.5,,1,+210,+210,+210,+210,2026-08-24T12:41:33.517966+00:00,2026-08-24T12:41:33.012998+00:00,0.77,O,0,complete
2026-08-24T13:27:54.916233+00:00,8869,2026-08-29,UFC Fight Night: Nurmagomedov vs. Song,ufc,xiaonan-yan-vs-denise-gomes-79865,T2ZmZXJOb2RlOjEwMzY5MDgxNA==,T3V0Y29tZU5vZGU6NjgwODc5MA==,Novig,exchange,OVERUNDER_2.5,A_4,A_1,Over 2.5 rounds,Under 2.5 rounds,,2.5,Over 2.5,,0,-277,-326,-228,-326,2026-08-24T13:15:29.746787+00:00,2026-08-24T03:00:35.708190+00:00,0.21,O,0,complete
2026-08-24T13:27:54.916233+00:00,8869,2026-08-29,UFC Fight Night: Nurmagomedov vs. Song,ufc,xiaonan-yan-vs-denise-gomes-79865,T2ZmZXJOb2RlOjEwMzY5MDgwMg==,T3V0Y29tZU5vZGU6NjgwODc2Ng==,DraftKings,sportsbook,OVERUNDER_2.5,A_4,A_1,Over 2.5 rounds,Under 2.5 rounds,,2.5,Over 2.5,,0,-298,-280,-280,-298,2026-08-24T13:11:17.812668+00:00,2026-08-24T00:11:21.743641+00:00,0.28,O,0,complete
2026-08-24T13:27:54.916233+00:00,8869,2026-08-29,UFC Fight Night: Nurmagomedov vs. Song,ufc,xiaonan-yan-vs-denise-gomes-79865,T2ZmZXJOb2RlOjEwMzY5MDgwMg==,T3V0Y29tZU5vZGU6NjgwODc2Nw==,DraftKings,sportsbook,OVERUNDER_2.5,A_4,A_1,Over 2.5 rounds,Under 2.5 rounds,,2.5,Under 2.5,,1,+220,+210,+220,+210,2026-08-24T13:11:17.812668+00:00,2026-08-24T00:11:21.743641+00:00,0.28,O,0,complete
2026-08-24T13:27:54.916233+00:00,8869,2026-08-29,UFC Fight Night: Nurmagomedov vs. Song,ufc,xiaonan-yan-vs-denise-gomes-79865,T2ZmZXJOb2RlOjEwMzY3NzQyMw==,T3V0Y29tZU5vZGU6Njc5MDkxNA==,Polymarket,exchange,OVERUNDER_2.5,A_4,A_1,Over 2.5 rounds,Under 2.5 rounds,,2.5,Over 2.5,,0,-257,-9900,-257,-9900,2026-08-24T12:56:31.549183+00:00,2026-08-15T22:05:13.454342+00:00,0.52,O,0,complete
2026-08-24T13:27:54.916233+00:00,8869,2026-08-29,UFC Fight Night: Nurmagomedov vs. Song,ufc,xiaonan-yan-vs-denise-gomes-79865,T2ZmZXJOb2RlOjEwMzY3NzQyMw==,T3V0Y29tZU5vZGU6Njc5MDkxNQ==,Polymarket,exchange,OVERUNDER_2.5,A_4,A_1,Over 2.5 rounds,Under 2.5 rounds,,2.5,Under 2.5,,1,+223,-9900,+223,-9900,2026-08-24T12:56:31.549183+00:00,2026-08-15T22:05:13.454342+00:00,0.52,O,0,complete
2026-08-24T13:27:54.916233+00:00,8869,2026-08-29,UFC Fight Night: Nurmagomedov vs. Song,ufc,xiaonan-yan-vs-denise-gomes-79865,T2ZmZXJOb2RlOjEwMzY3NzQyMg==,T3V0Y29tZU5vZGU6Njc5MDkxMg==,Polymarket,exchange,OVERUNDER_1.5,A_4,A_1,Over 1.5 rounds,Under 1.5 rounds,,1.5,Over 1.5,,0,-1567,-9900,-1329,-9900,2026-08-24T13:26:56.057565+00:00,2026-08-15T22:05:13.386909+00:00,0.02,O,0,complete
2026-08-24T13:27:54.916233+00:00,8869,2026-08-29,UFC Fight Night: Nurmagomedov vs. Song,ufc,xiaonan-yan-vs-denise-gomes-79865,T2ZmZXJOb2RlOjEwMzY3NzQyMg==,T3V0Y29tZU5vZGU6Njc5MDkxMw==,Polymarket,exchange,OVERUNDER_1.5,A_4,A_1,Over 1.5 rounds,Under 1.5 rounds,,1.5,Under 1.5,,1,-1567,-9900,-567,-9900,2026-08-24T13:26:56.057565+00:00,2026-08-15T22:05:13.386909+00:00,0.02,O,0,complete
2026-08-24T13:27:54.916233+00:00,8869,2026-08-29,UFC Fight Night: Nurmagomedov vs. Song,ufc,xiaonan-yan-vs-denise-gomes-79865,T2ZmZXJOb2RlOjEwMzY3NzQxNg==,T3V0Y29tZU5vZGU6Njc5MDkwMA==,Polymarket,exchange,DISTANCE,A_4,A_2,Fight goes the distance,Fight ends inside distance,,,Fight to Go the Distance? - Yes,,0,-3233,-9900,-1900,-9900,2026-08-24T13:26:56.031854+00:00,2026-08-15T22:05:13.103284+00:00,0.02,O,0,complete
2026-08-24T13:27:54.916233+00:00,8869,2026-08-29,UFC Fight Night: Nurmagomedov vs. Song,ufc,xiaonan-yan-vs-denise-gomes-79865,T2ZmZXJOb2RlOjEwMzY3NzQxNg==,T3V0Y29tZU5vZGU6Njc5MDkwMQ==,Polymarket,exchange,DISTANCE,A_4,A_2,Fight goes the distance,Fight ends inside distance,,,Fight to Go the Distance? - No,,1,-1900,-9900,-1900,-9900,2026-08-24T13:26:56.031854+00:00,2026-08-15T22:05:13.103284+00:00,0.02,O,0,complete
2026-08-24T13:27:54.916233+00:00,8869,2026-08-29,UFC Fight Night: Nurmagomedov vs. Song,ufc,kai-asakura-vs-qileng-aori-80038,T2ZmZXJOb2RlOjEwMzY5MDg3Ng==,T3V0Y29tZU5vZGU6NjgwODkwOA==,Pinnacle,sportsbook,OVERUNDER_2.5,A_4,A_1,Over 2.5 rounds,Under 2.5 rounds,,2.5,Over 2.5,,0,+161,+161,+161,+161,2026-08-24T12:53:54.320631+00:00,2026-08-24T12:53:54.079901+00:00,0.57,O,0,complete
2026-08-24T13:27:54.916233+00:00,8869,2026-08-29,UFC Fight Night: Nurmagomedov vs. Song,ufc,kai-asakura-vs-qileng-aori-80038,T2ZmZXJOb2RlOjEwMzY5MDg3Ng==,T3V0Y29tZU5vZGU6NjgwODkwOQ==,Pinnacle,sportsbook,OVERUNDER_2.5,A_4,A_1,Over 2.5 rounds,Under 2.5 rounds,,2.5,Under 2.5,,1,-198,-198,-198,-198,2026-08-24T12:53:54.320631+00:00,2026-08-24T12:53:54.079901+00:00,0.57,O,0,complete
2026-08-24T13:27:54.916233+00:00,8869,2026-08-29,UFC Fight Night: Nurmagomedov vs. Song,ufc,kai-asakura-vs-qileng-aori-80038,T2ZmZXJOb2RlOjEwMzY5MDg3MQ==,T3V0Y29tZU5vZGU6NjgwODg5OA==,ProphetX,exchange,OVERUNDER_2.5,A_4,A_1,Over 2.5 rounds,Under 2.5 rounds,,2.5,Over 2.5,,0,+152,+152,+152,+152,2026-08-24T12:41:33.579477+00:00,2026-08-24T12:41:33.032161+00:00,0.77,O,0,complete
2026-08-24T13:27:54.916233+00:00,8869,2026-08-29,UFC Fight Night: Nurmagomedov vs. Song,ufc,kai-asakura-vs-qileng-aori-80038,T2ZmZXJOb2RlOjEwMzY5MDg3MQ==,T3V0Y29tZU5vZGU6NjgwODg5OQ==,ProphetX,exchange,OVERUNDER_2.5,A_4,A_1,Over 2.5 rounds,Under 2.5 rounds,,2.5,Under 2.5,,1,-205,-205,-205,-205,2026-08-24T12:41:33.579477+00:00,2026-08-24T12:41:33.032161+00:00,0.77,O,0,complete
2026-08-24T13:27:54.916233+00:00,8869,2026-08-29,UFC Fight Night: Nurmagomedov vs. Song,ufc,kai-asakura-vs-qileng-aori-80038,T2ZmZXJOb2RlOjEwMzY5MDg2Mw==,T3V0Y29tZU5vZGU6NjgwODg4Mw==,SXBet,exchange,OVERUNDER_2.5,A_4,A_1,Over 2.5 rounds,Under 2.5 rounds,,2.5,Over 2.5,,0,+149,+143,+149,+143,2026-08-24T13:02:31.469303+00:00,2026-08-24T12:26:17.994313+00:00,0.42,S,0,complete
2026-08-24T13:27:54.916233+00:00,8869,2026-08-29,UFC Fight Night: Nurmagomedov vs. Song,ufc,kai-asakura-vs-qileng-aori-80038,T2ZmZXJOb2RlOjEwMzY5MDgxMw==,T3V0Y29tZU5vZGU6NjgwODc4OA==,Novig,exchange,OVERUNDER_2.5,A_4,A_1,Over 2.5 rounds,Under 2.5 rounds,,2.5,Over 2.5,,0,+170,+153,+170,+153,2026-08-24T13:15:29.711882+00:00,2026-08-24T03:00:35.619874+00:00,0.21,O,0,complete
2026-08-24T13:27:54.916233+00:00,8869,2026-08-29,UFC Fight Night: Nurmagomedov vs. Song,ufc,kai-asakura-vs-qileng-aori-80038,T2ZmZXJOb2RlOjEwMzY5MDgxMw==,T3V0Y29tZU5vZGU6NjgwODc4OQ==,Novig,exchange,OVERUNDER_2.5,A_4,A_1,Over 2.5 rounds,Under 2.5 rounds,,2.5,Under 2.5,,1,-170,-233,-153,-239,2026-08-24T13:15:29.711882+00:00,2026-08-24T03:00:35.619874+00:00,0.21,O,0,complete
2026-08-24T13:27:54.916233+00:00,8869,2026-08-29,UFC Fight Night: Nurmagomedov vs. Song,ufc,kai-asakura-vs-qileng-aori-80038,T2ZmZXJOb2RlOjEwMzY3NzQzMA==,T3V0Y29tZU5vZGU6Njc5MDkyOA==,Polymarket,exchange,OVERUNDER_0.5,A_4,A_1,Over 0.5 rounds,Under 0.5 rounds,,0.5,Over 0.5,,0,-1567,-4900,-1329,-4900,2026-08-24T13:15:31.126789+00:00,2026-08-15T22:05:13.902928+00:00,0.21,O,0,complete
2026-08-24T13:27:54.916233+00:00,8869,2026-08-29,UFC Fight Night: Nurmagomedov vs. Song,ufc,kai-asakura-vs-qileng-aori-80038,T2ZmZXJOb2RlOjEwMzY3NzQzMg==,T3V0Y29tZU5vZGU6Njc5MDkzMg==,Polymarket,exchange,OVERUNDER_2.5,A_4,A_1,Over 2.5 rounds,Under 2.5 rounds,,2.5,Over 2.5,,0,+170,-9900,+170,-9900,2026-08-24T12:56:31.590989+00:00,2026-08-15T22:05:14.070699+00:00,0.52,O,0,complete
2026-08-24T13:27:54.916233+00:00,8869,2026-08-29,UFC Fight Night: Nurmagomedov vs. Song,ufc,kai-asakura-vs-qileng-aori-80038,T2ZmZXJOb2RlOjEwMzY3NzQzMg==,T3V0Y29tZU5vZGU6Njc5MDkzMw==,Polymarket,exchange,OVERUNDER_2.5,A_4,A_1,Over 2.5 rounds,Under 2.5 rounds,,2.5,Under 2.5,,1,-194,-9900,-194,-9900,2026-08-24T12:56:31.590989+00:00,2026-08-15T22:05:14.070699+00:00,0.52,O,0,complete
2026-08-24T13:27:54.916233+00:00,8869,2026-08-29,UFC Fight Night: Nurmagomedov vs. Song,ufc,kai-asakura-vs-qileng-aori-80038,T2ZmZXJOb2RlOjEwMzY3NzQzMQ==,T3V0Y29tZU5vZGU6Njc5MDkzMA==,Polymarket,exchange,OVERUNDER_1.5,A_4,A_1,Over 1.5 rounds,Under 1.5 rounds,,1.5,Over 1.5,,0,-1567,-9900,-1329,-9900,2026-08-24T13:26:56.093163+00:00,2026-08-15T22:05:13.989996+00:00,0.02,O,0,complete
2026-08-24T13:27:54.916233+00:00,8869,2026-08-29,UFC Fight Night: Nurmagomedov vs. Song,ufc,kai-asakura-vs-qileng-aori-80038,T2ZmZXJOb2RlOjEwMzY3NzQzMQ==,T3V0Y29tZU5vZGU6Njc5MDkzMQ==,Polymarket,exchange,OVERUNDER_1.5,A_4,A_1,Over 1.5 rounds,Under 1.5 rounds,,1.5,Under 1.5,,1,-1567,-9900,-1329,-9900,2026-08-24T13:26:56.093163+00:00,2026-08-15T22:05:13.989996+00:00,0.02,O,0,complete
2026-08-24T13:27:54.916233+00:00,8869,2026-08-29,UFC Fight Night: Nurmagomedov vs. Song,ufc,kai-asakura-vs-qileng-aori-80038,T2ZmZXJOb2RlOjEwMzY3NzQyNQ==,T3V0Y29tZU5vZGU6Njc5MDkxOQ==,Polymarket,exchange,DISTANCE,A_4,A_2,Fight goes the distance,Fight ends inside distance,,,Fight to Go the Distance? - No,,1,-1329,-9900,-1329,-9900,2026-08-24T13:26:56.070443+00:00,2026-08-15T22:05:13.581660+00:00,0.02,O,0,complete
2026-08-24T13:27:54.916233+00:00,8869,2026-08-29,UFC Fight Night: Nurmagomedov vs. Song,ufc,alex-perez-vs-su-mudaerji-79689,T2ZmZXJOb2RlOjEwMzY5MDg4Nw==,T3V0Y29tZU5vZGU6NjgwODkzMA==,SXBet,exchange,OVERUNDER_2.5,A_4,A_1,Over 2.5 rounds,Under 2.5 rounds,,2.5,Over 2.5,,0,-105,-105,-105,-105,2026-08-24T12:56:06.186918+00:00,2026-08-24T12:56:05.488246+00:00,0.53,S,0,complete
2026-08-24T13:27:54.916233+00:00,8869,2026-08-29,UFC Fight Night: Nurmagomedov vs. Song,ufc,alex-perez-vs-su-mudaerji-79689,T2ZmZXJOb2RlOjEwMzY5MDg3Nw==,T3V0Y29tZU5vZGU6NjgwODkxMA==,Pinnacle,sportsbook,OVERUNDER_2.5,A_4,A_1,Over 2.5 rounds,Under 2.5 rounds,,2.5,Over 2.5,,0,+104,+104,+104,+104,2026-08-24T12:53:54.416498+00:00,2026-08-24T12:53:54.090512+00:00,0.57,O,0,complete
2026-08-24T13:27:54.916233+00:00,8869,2026-08-29,UFC Fight Night: Nurmagomedov vs. Song,ufc,alex-perez-vs-su-mudaerji-79689,T2ZmZXJOb2RlOjEwMzY5MDg3Nw==,T3V0Y29tZU5vZGU6NjgwODkxMQ==,Pinnacle,sportsbook,OVERUNDER_2.5,A_4,A_1,Over 2.5 rounds,Under 2.5 rounds,,2.5,Under 2.5,,1,-126,-126,-126,-126,2026-08-24T12:53:54.416498+00:00,2026-08-24T12:53:54.090512+00:00,0.57,O,0,complete
2026-08-24T13:27:54.916233+00:00,8869,2026-08-29,UFC Fight Night: Nurmagomedov vs. Song,ufc,alex-perez-vs-su-mudaerji-79689,T2ZmZXJOb2RlOjEwMzY5MDg3Mw==,T3V0Y29tZU5vZGU6NjgwODkwMg==,ProphetX,exchange,OVERUNDER_2.5,A_4,A_1,Over 2.5 rounds,Under 2.5 rounds,,2.5,Over 2.5,,0,-101,-101,-101,-101,2026-08-24T12:41:33.692072+00:00,2026-08-24T12:41:33.053861+00:00,0.77,O,0,complete
2026-08-24T13:27:54.916233+00:00,8869,2026-08-29,UFC Fight Night: Nurmagomedov vs. Song,ufc,alex-perez-vs-su-mudaerji-79689,T2ZmZXJOb2RlOjEwMzY5MDg3Mw==,T3V0Y29tZU5vZGU6NjgwODkwMw==,ProphetX,exchange,OVERUNDER_2.5,A_4,A_1,Over 2.5 rounds,Under 2.5 rounds,,2.5,Under 2.5,,1,-132,-132,-132,-132,2026-08-24T12:41:33.692072+00:00,2026-08-24T12:41:33.053861+00:00,0.77,O,0,complete
2026-08-24T13:27:54.916233+00:00,8869,2026-08-29,UFC Fight Night: Nurmagomedov vs. Song,ufc,alex-perez-vs-su-mudaerji-79689,T2ZmZXJOb2RlOjEwMzY5MDYyNw==,T3V0Y29tZU5vZGU6NjgwODQxOA==,Novig,exchange,OVERUNDER_2.5,A_4,A_1,Over 2.5 rounds,Under 2.5 rounds,,2.5,Over 2.5,,0,+147,-125,+147,-125,2026-08-24T13:15:29.646587+00:00,2026-08-23T16:30:46.493239+00:00,0.21,O,0,complete
2026-08-24T13:27:54.916233+00:00,8869,2026-08-29,UFC Fight Night: Nurmagomedov vs. Song,ufc,alex-perez-vs-su-mudaerji-79689,T2ZmZXJOb2RlOjEwMzY5MDYyNw==,T3V0Y29tZU5vZGU6NjgwODQxOQ==,Novig,exchange,OVERUNDER_2.5,A_4,A_1,Over 2.5 rounds,Under 2.5 rounds,,2.5,Under 2.5,,1,-147,-125,-125,-147,2026-08-24T13:15:29.646587+00:00,2026-08-23T16:30:46.493239+00:00,0.21,O,0,complete
2026-08-24T13:27:54.916233+00:00,8869,2026-08-29,UFC Fight Night: Nurmagomedov vs. Song,ufc,alex-perez-vs-su-mudaerji-79689,T2ZmZXJOb2RlOjEwMzY3NzQ3Nw==,T3V0Y29tZU5vZGU6Njc5MTAyMg==,Polymarket,exchange,DISTANCE,A_4,A_2,Fight goes the distance,Fight ends inside distance,,,Fight to Go the Distance? - Yes,,0,-3233,-3233,-1900,-4900,2026-08-24T13:15:31.164768+00:00,2026-08-15T22:14:29.855079+00:00,0.21,O,0,complete
2026-08-24T13:27:54.916233+00:00,8869,2026-08-29,UFC Fight Night: Nurmagomedov vs. Song,ufc,alex-perez-vs-su-mudaerji-79689,T2ZmZXJOb2RlOjEwMzY3NzQzOQ==,T3V0Y29tZU5vZGU6Njc5MDk0Ng==,Polymarket,exchange,OVERUNDER_1.5,A_4,A_1,Over 1.5 rounds,Under 1.5 rounds,,1.5,Over 1.5,,0,-1150,-9900,-1150,-9900,2026-08-24T13:26:56.126711+00:00,2026-08-15T22:05:14.548928+00:00,0.02,O,0,complete
2026-08-24T13:27:54.916233+00:00,8869,2026-08-29,UFC Fight Night: Nurmagomedov vs. Song,ufc,alex-perez-vs-su-mudaerji-79689,T2ZmZXJOb2RlOjEwMzY3NzQzOQ==,T3V0Y29tZU5vZGU6Njc5MDk0Nw==,Polymarket,exchange,OVERUNDER_1.5,A_4,A_1,Over 1.5 rounds,Under 1.5 rounds,,1.5,Under 1.5,,1,-809,-9900,-567,-9900,2026-08-24T13:26:56.126711+00:00,2026-08-15T22:05:14.548928+00:00,0.02,O,0,complete
2026-08-24T13:27:54.916233+00:00,8869,2026-08-29,UFC Fight Night: Nurmagomedov vs. Song,ufc,alex-perez-vs-su-mudaerji-79689,T2ZmZXJOb2RlOjEwMzY3NzQzOA==,T3V0Y29tZU5vZGU6Njc5MDk0NQ==,Polymarket,exchange,OVERUNDER_0.5,A_4,A_1,Over 0.5 rounds,Under 0.5 rounds,,0.5,Under 0.5,,1,-488,-4900,-488,-4900,2026-08-24T13:26:56.123076+00:00,2026-08-15T22:05:14.479760+00:00,0.02,O,0,complete
2026-08-24T13:27:54.916233+00:00,8869,2026-08-29,UFC Fight Night: Nurmagomedov vs. Song,ufc,bilal-hasan-vs-nilson-rojas-80821,T2ZmZXJOb2RlOjEwMzY5MDg4MQ==,T3V0Y29tZU5vZGU6NjgwODkxOA==,Pinnacle,sportsbook,OVERUNDER_1.5,A_4,A_1,Over 1.5 rounds,Under 1.5 rounds,,1.5,Over 1.5,,0,-125,-110,-110,-125,2026-08-24T13:22:35.412778+00:00,2026-08-24T12:53:54.130620+00:00,0.09,O,0,complete
2026-08-24T13:27:54.916233+00:00,8869,2026-08-29,UFC Fight Night: Nurmagomedov vs. Song,ufc,bilal-hasan-vs-nilson-rojas-80821,T2ZmZXJOb2RlOjEwMzY5MDg4MQ==,T3V0Y29tZU5vZGU6NjgwODkxOQ==,Pinnacle,sportsbook,OVERUNDER_1.5,A_4,A_1,Over 1.5 rounds,Under 1.5 rounds,,1.5,Under 1.5,,1,+103,-110,+103,-110,2026-08-24T13:22:35.412778+00:00,2026-08-24T12:53:54.130620+00:00,0.09,O,0,complete
2026-08-24T13:27:54.916233+00:00,8869,2026-08-29,UFC Fight Night: Nurmagomedov vs. Song,ufc,bilal-hasan-vs-nilson-rojas-80821,T2ZmZXJOb2RlOjEwMzY5MDg0Ng==,T3V0Y29tZU5vZGU6NjgwODg1Mw==,Bet105,sportsbook,OVERUNDER_1.5,A_4,A_1,Over 1.5 rounds,Under 1.5 rounds,,1.5,Over 1.5,,0,-145,-110,-110,-145,2026-08-24T13:24:06.781165+00:00,2026-08-24T12:14:24.143811+00:00,0.06,O,0,complete
2026-08-24T13:27:54.916233+00:00,8869,2026-08-29,UFC Fight Night: Nurmagomedov vs. Song,ufc,bilal-hasan-vs-nilson-rojas-80821,T2ZmZXJOb2RlOjEwMzY5MDg0Ng==,T3V0Y29tZU5vZGU6NjgwODg1NA==,Bet105,sportsbook,OVERUNDER_1.5,A_4,A_1,Over 1.5 rounds,Under 1.5 rounds,,1.5,Under 1.5,,1,+119,-110,+119,-110,2026-08-24T13:24:06.781165+00:00,2026-08-24T12:14:24.143811+00:00,0.06,O,0,complete
2026-08-24T13:27:54.916233+00:00,8869,2026-08-29,UFC Fight Night: Nurmagomedov vs. Song,ufc,bilal-hasan-vs-nilson-rojas-80821,T2ZmZXJOb2RlOjEwMzY5MDY3MQ==,T3V0Y29tZU5vZGU6NjgwODUwNg==,ReBet,sportsbook,OVERUNDER_1.5,A_4,A_1,Over 1.5 rounds,Under 1.5 rounds,,1.5,Over 1.5,,0,-133,-109,+101,-133,2026-08-24T13:02:26.384178+00:00,2026-08-23T17:15:49.399681+00:00,0.42,O,0,complete
2026-08-24T13:27:54.916233+00:00,8869,2026-08-29,UFC Fight Night: Nurmagomedov vs. Song,ufc,bilal-hasan-vs-nilson-rojas-80821,T2ZmZXJOb2RlOjEwMzY5MDY3MQ==,T3V0Y29tZU5vZGU6NjgwODUwNw==,ReBet,sportsbook,OVERUNDER_1.5,A_4,A_1,Over 1.5 rounds,Under 1.5 rounds,,1.5,Under 1.5,,1,+104,-117,+104,-129,2026-08-24T13:02:26.384178+00:00,2026-08-23T17:15:49.399681+00:00,0.42,O,0,complete
2026-08-24T13:27:54.916233+00:00,8869,2026-08-29,UFC Fight Night: Nurmagomedov vs. Song,ufc,bilal-hasan-vs-nilson-rojas-80821,T2ZmZXJOb2RlOjEwMzY5MDY2OA==,T3V0Y29tZU5vZGU6NjgwODUwMA==,MyBookie,sportsbook,OVERUNDER_1.5,A_4,A_1,Over 1.5 rounds,Under 1.5 rounds,,1.5,Over 1.5,,0,-136,-111,-101,-136,2026-08-24T13:06:59.908221+00:00,2026-08-23T17:11:06.813163+00:00,0.35,O,0,complete
2026-08-24T13:27:54.916233+00:00,8869,2026-08-29,UFC Fight Night: Nurmagomedov vs. Song,ufc,bilal-hasan-vs-nilson-rojas-80821,T2ZmZXJOb2RlOjEwMzY5MDY2OA==,T3V0Y29tZU5vZGU6NjgwODUwMQ==,MyBookie,sportsbook,OVERUNDER_1.5,A_4,A_1,Over 1.5 rounds,Under 1.5 rounds,,1.5,Under 1.5,,1,+102,-119,+102,-132,2026-08-24T13:06:59.908221+00:00,2026-08-23T17:11:06.813163+00:00,0.35,O,0,complete
2026-08-24T13:27:54.916233+00:00,8869,2026-08-29,UFC Fight Night: Nurmagomedov vs. Song,ufc,bilal-hasan-vs-nilson-rojas-80821,T2ZmZXJOb2RlOjEwMzY5MDY1Ng==,T3V0Y29tZU5vZGU6NjgwODQ3Ng==,BetUS,sportsbook,OVERUNDER_1.5,A_4,A_1,Over 1.5 rounds,Under 1.5 rounds,,1.5,Over 1.5,,0,-130,-105,+105,-130,2026-08-24T13:01:44.223494+00:00,2026-08-23T17:01:00.782520+00:00,0.44,O,0,complete
2026-08-24T13:27:54.916233+00:00,8869,2026-08-29,UFC Fight Night: Nurmagomedov vs. Song,ufc,bilal-hasan-vs-nilson-rojas-80821,T2ZmZXJOb2RlOjEwMzY5MDY1Ng==,T3V0Y29tZU5vZGU6NjgwODQ3Nw==,BetUS,sportsbook,OVERUNDER_1.5,A_4,A_1,Over 1.5 rounds,Under 1.5 rounds,,1.5,Under 1.5,,1,+110,-115,+110,-125,2026-08-24T13:01:44.223494+00:00,2026-08-23T17:01:00.782520+00:00,0.44,O,0,complete
2026-08-24T13:27:54.916233+00:00,8869,2026-08-29,UFC Fight Night: Nurmagomedov vs. Song,ufc,bilal-hasan-vs-nilson-rojas-80821,T2ZmZXJOb2RlOjEwMzY5MDY1NQ==,T3V0Y29tZU5vZGU6NjgwODQ3NA==,Novig,exchange,OVERUNDER_1.5,A_4,A_1,Over 1.5 rounds,Under 1.5 rounds,,1.5,Over 1.5,,0,+150,+150,+150,-127,2026-08-24T13:15:29.810603+00:00,2026-08-23T17:00:57.322026+00:00,0.21,O,0,complete
2026-08-24T13:27:54.916233+00:00,8869,2026-08-29,UFC Fight Night: Nurmagomedov vs. Song,ufc,bilal-hasan-vs-nilson-rojas-80821,T2ZmZXJOb2RlOjEwMzY5MDY1NQ==,T3V0Y29tZU5vZGU6NjgwODQ3NQ==,Novig,exchange,OVERUNDER_1.5,A_4,A_1,Over 1.5 rounds,Under 1.5 rounds,,1.5,Under 1.5,,1,-174,-125,-104,-174,2026-08-24T13:15:29.810603+00:00,2026-08-23T17:00:57.322026+00:00,0.21,O,0,complete
2026-08-24T13:27:54.916233+00:00,8869,2026-08-29,UFC Fight Night: Nurmagomedov vs. Song,ufc,bilal-hasan-vs-nilson-rojas-80821,T2ZmZXJOb2RlOjEwMzY5MDY1MQ==,T3V0Y29tZU5vZGU6NjgwODQ2Ng==,Bovada,sportsbook,OVERUNDER_1.5,A_4,A_1,Over 1.5 rounds,Under 1.5 rounds,,1.5,Over 1.5,,0,-130,+160,+160,-130,2026-08-24T13:04:14.496935+00:00,2026-08-23T16:59:16.090690+00:00,0.39,O,0,complete
2026-08-24T13:27:54.916233+00:00,8869,2026-08-29,UFC Fight Night: Nurmagomedov vs. Song,ufc,bilal-hasan-vs-nilson-rojas-80821,T2ZmZXJOb2RlOjEwMzY5MDY1MQ==,T3V0Y29tZU5vZGU6NjgwODQ2Nw==,Bovada,sportsbook,OVERUNDER_1.5,A_4,A_1,Over 1.5 rounds,Under 1.5 rounds,,1.5,Under 1.5,,1,+100,-210,+100,-210,2026-08-24T13:04:14.496935+00:00,2026-08-23T16:59:16.090690+00:00,0.39,O,0,complete
2026-08-24T13:27:54.916233+00:00,8869,2026-08-29,UFC Fight Night: Nurmagomedov vs. Song,ufc,bilal-hasan-vs-nilson-rojas-80821,T2ZmZXJOb2RlOjEwMzY5MDY1MA==,T3V0Y29tZU5vZGU6NjgwODQ2NA==,BetOnline,sportsbook,OVERUNDER_1.5,A_4,A_1,Over 1.5 rounds,Under 1.5 rounds,,1.5,Over 1.5,,0,-130,+189,+189,-140,2026-08-24T13:05:08.233982+00:00,2026-08-23T16:57:14.097425+00:00,0.38,O,0,complete
2026-08-24T13:27:54.916233+00:00,8869,2026-08-29,UFC Fight Night: Nurmagomedov vs. Song,ufc,bilal-hasan-vs-nilson-rojas-80821,T2ZmZXJOb2RlOjEwMzY5MDY1MA==,T3V0Y29tZU5vZGU6NjgwODQ2NQ==,BetOnline,sportsbook,OVERUNDER_1.5,A_4,A_1,Over 1.5 rounds,Under 1.5 rounds,,1.5,Under 1.5,,1,+110,-225,+120,-225,2026-08-24T13:05:08.233982+00:00,2026-08-23T16:57:14.097425+00:00,0.38,O,0,complete
2026-08-24T13:27:54.916233+00:00,8869,2026-08-29,UFC Fight Night: Nurmagomedov vs. Song,ufc,bilal-hasan-vs-nilson-rojas-80821,T2ZmZXJOb2RlOjEwMzY4ODkwNQ==,T3V0Y29tZU5vZGU6NjgwNTkzNA==,Polymarket,exchange,OVERUNDER_1.5,A_4,A_1,Over 1.5 rounds,Under 1.5 rounds,,1.5,Over 1.5,,0,-133,-4900,+104,-4900,2026-08-24T13:26:56.465167+00:00,2026-08-21T22:09:48.281277+00:00,0.02,O,0,complete
2026-08-24T13:27:54.916233+00:00,8869,2026-08-29,UFC Fight Night: Nurmagomedov vs. Song,ufc,bilal-hasan-vs-nilson-rojas-80821,T2ZmZXJOb2RlOjEwMzY4ODkwNQ==,T3V0Y29tZU5vZGU6NjgwNTkzNQ==,Polymarket,exchange,OVERUNDER_1.5,A_4,A_1,Over 1.5 rounds,Under 1.5 rounds,,1.5,Under 1.5,,1,+117,-4900,+117,-4900,2026-08-24T13:26:56.465167+00:00,2026-08-21T22:09:48.281277+00:00,0.02,O,0,complete
2026-08-24T13:27:54.916233+00:00,8869,2026-08-29,UFC Fight Night: Nurmagomedov vs. Song,ufc,bilal-hasan-vs-nilson-rojas-80821,T2ZmZXJOb2RlOjEwMzY4ODkwMg==,T3V0Y29tZU5vZGU6NjgwNTkyOA==,Polymarket,exchange,OVERUNDER_2.5,A_4,A_1,Over 2.5 rounds,Under 2.5 rounds,,2.5,Over 2.5,,0,-1150,-9900,-733,-9900,2026-08-24T13:26:56.469603+00:00,2026-08-21T22:04:29.868708+00:00,0.02,O,0,complete
2026-08-24T13:27:54.916233+00:00,8869,2026-08-29,UFC Fight Night: Nurmagomedov vs. Song,ufc,bilal-hasan-vs-nilson-rojas-80821,T2ZmZXJOb2RlOjEwMzY4ODkwMQ==,T3V0Y29tZU5vZGU6NjgwNTkyNg==,Polymarket,exchange,OVERUNDER_0.5,A_4,A_1,Over 0.5 rounds,Under 0.5 rounds,,0.5,Over 0.5,,0,-1567,-4900,-1329,-4900,2026-08-24T13:15:31.957462+00:00,2026-08-21T22:04:29.816012+00:00,0.21,O,0,complete
2026-08-24T13:27:54.916233+00:00,8869,2026-08-29,UFC Fight Night: Nurmagomedov vs. Song,ufc,andre-lima-vs-namsrai-batbayar-80336,T2ZmZXJOb2RlOjEwMzY5MDg4NQ==,T3V0Y29tZU5vZGU6NjgwODkyNg==,Pinnacle,sportsbook,OVERUNDER_2.5,A_4,A_1,Over 2.5 rounds,Under 2.5 rounds,,2.5,Over 2.5,,0,+117,+117,+117,+117,2026-08-24T12:53:54.910861+00:00,2026-08-24T12:53:54.177516+00:00,0.57,O,0,complete
2026-08-24T13:27:54.916233+00:00,8869,2026-08-29,UFC Fight Night: Nurmagomedov vs. Song,ufc,andre-lima-vs-namsrai-batbayar-80336,T2ZmZXJOb2RlOjEwMzY5MDg4NQ==,T3V0Y29tZU5vZGU6NjgwODkyNw==,Pinnacle,sportsbook,OVERUNDER_2.5,A_4,A_1,Over 2.5 rounds,Under 2.5 rounds,,2.5,Under 2.5,,1,-142,-142,-142,-142,2026-08-24T12:53:54.910861+00:00,2026-08-24T12:53:54.177516+00:00,0.57,O,0,complete
2026-08-24T13:27:54.916233+00:00,8869,2026-08-29,UFC Fight Night: Nurmagomedov vs. Song,ufc,andre-lima-vs-namsrai-batbayar-80336,T2ZmZXJOb2RlOjEwMzY5MDg2OA==,T3V0Y29tZU5vZGU6NjgwODg5Mg==,ProphetX,exchange,OVERUNDER_2.5,A_4,A_1,Over 2.5 rounds,Under 2.5 rounds,,2.5,Over 2.5,,0,+112,+112,+112,+112,2026-08-24T12:41:33.388574+00:00,2026-08-24T12:41:32.958830+00:00,0.77,O,0,complete
2026-08-24T13:27:54.916233+00:00,8869,2026-08-29,UFC Fight Night: Nurmagomedov vs. Song,ufc,andre-lima-vs-namsrai-batbayar-80336,T2ZmZXJOb2RlOjEwMzY5MDg2OA==,T3V0Y29tZU5vZGU6NjgwODg5Mw==,ProphetX,exchange,OVERUNDER_2.5,A_4,A_1,Over 2.5 rounds,Under 2.5 rounds,,2.5,Under 2.5,,1,-148,-148,-148,-148,2026-08-24T12:41:33.388574+00:00,2026-08-24T12:41:32.958830+00:00,0.77,O,0,complete
2026-08-24T13:27:54.916233+00:00,8869,2026-08-29,UFC Fight Night: Nurmagomedov vs. Song,ufc,andre-lima-vs-namsrai-batbayar-80336,T2ZmZXJOb2RlOjEwMzY5MDg1Ng==,T3V0Y29tZU5vZGU6NjgwODg3MA==,SXBet,exchange,OVERUNDER_2.5,A_4,A_1,Over 2.5 rounds,Under 2.5 rounds,,2.5,Over 2.5,,0,+108,+108,+108,+104,2026-08-24T13:02:31.789612+00:00,2026-08-24T12:20:51.556443+00:00,0.42,S,0,complete
2026-08-24T13:27:54.916233+00:00,8869,2026-08-29,UFC Fight Night: Nurmagomedov vs. Song,ufc,andre-lima-vs-namsrai-batbayar-80336,T2ZmZXJOb2RlOjEwMzY5MDgzMQ==,T3V0Y29tZU5vZGU6NjgwODgyMw==,Novig,exchange,OVERUNDER_2.5,A_4,A_1,Over 2.5 rounds,Under 2.5 rounds,,2.5,Over 2.5,,0,+106,+106,+111,+106,2026-08-24T13:15:29.729409+00:00,2026-08-24T10:30:37.508289+00:00,0.21,O,0,complete
2026-08-24T13:27:54.916233+00:00,8869,2026-08-29,UFC Fight Night: Nurmagomedov vs. Song,ufc,andre-lima-vs-namsrai-batbayar-80336,T2ZmZXJOb2RlOjEwMzY5MDgzMQ==,T3V0Y29tZU5vZGU6NjgwODgyNA==,Novig,exchange,OVERUNDER_2.5,A_4,A_1,Over 2.5 rounds,Under 2.5 rounds,,2.5,Under 2.5,,1,-106,-106,-106,-167,2026-08-24T13:15:29.729409+00:00,2026-08-24T10:30:37.508289+00:00,0.21,O,0,complete
2026-08-24T13:27:54.916233+00:00,8869,2026-08-29,UFC Fight Night: Nurmagomedov vs. Song,ufc,andre-lima-vs-namsrai-batbayar-80336,T2ZmZXJOb2RlOjEwMzY3NzQ1Ng==,T3V0Y29tZU5vZGU6Njc5MDk4MA==,Polymarket,exchange,OVERUNDER_2.5,A_4,A_1,Over 2.5 rounds,Under 2.5 rounds,,2.5,Over 2.5,,0,+122,-9900,+122,-9900,2026-08-24T12:56:31.703695+00:00,2026-08-15T22:05:15.783726+00:00,0.52,O,0,complete
2026-08-24T13:27:54.916233+00:00,8869,2026-08-29,UFC Fight Night: Nurmagomedov vs. Song,ufc,andre-lima-vs-namsrai-batbayar-80336,T2ZmZXJOb2RlOjEwMzY3NzQ1Ng==,T3V0Y29tZU5vZGU6Njc5MDk4MQ==,Polymarket,exchange,OVERUNDER_2.5,A_4,A_1,Over 2.5 rounds,Under 2.5 rounds,,2.5,Under 2.5,,1,-138,-9900,-138,-9900,2026-08-24T12:56:31.703695+00:00,2026-08-15T22:05:15.783726+00:00,0.52,O,0,complete
2026-08-24T13:27:54.916233+00:00,8869,2026-08-29,UFC Fight Night: Nurmagomedov vs. Song,ufc,andre-lima-vs-namsrai-batbayar-80336,T2ZmZXJOb2RlOjEwMzY3NzQ1NQ==,T3V0Y29tZU5vZGU6Njc5MDk3OA==,Polymarket,exchange,OVERUNDER_1.5,A_4,A_1,Over 1.5 rounds,Under 1.5 rounds,,1.5,Over 1.5,,0,-1567,-9900,-1329,-9900,2026-08-24T13:26:56.199315+00:00,2026-08-15T22:05:15.733113+00:00,0.02,O,0,complete
2026-08-24T13:27:54.916233+00:00,8869,2026-08-29,UFC Fight Night: Nurmagomedov vs. Song,ufc,andre-lima-vs-namsrai-batbayar-80336,T2ZmZXJOb2RlOjEwMzY3NzQ1NQ==,T3V0Y29tZU5vZGU6Njc5MDk3OQ==,Polymarket,exchange,OVERUNDER_1.5,A_4,A_1,Over 1.5 rounds,Under 1.5 rounds,,1.5,Under 1.5,,1,-1567,-9900,-1329,-9900,2026-08-24T13:26:56.199315+00:00,2026-08-15T22:05:15.733113+00:00,0.02,O,0,complete
2026-08-24T13:27:54.916233+00:00,8869,2026-08-29,UFC Fight Night: Nurmagomedov vs. Song,ufc,andre-lima-vs-namsrai-batbayar-80336,T2ZmZXJOb2RlOjEwMzY3NzQ1NA==,T3V0Y29tZU5vZGU6Njc5MDk3Ng==,Polymarket,exchange,OVERUNDER_0.5,A_4,A_1,Over 0.5 rounds,Under 0.5 rounds,,0.5,Over 0.5,,0,-1567,-4900,-1329,-4900,2026-08-24T13:26:56.195916+00:00,2026-08-15T22:05:15.663917+00:00,0.02,O,0,complete
2026-08-24T13:27:54.916233+00:00,8869,2026-08-29,UFC Fight Night: Nurmagomedov vs. Song,ufc,andre-lima-vs-namsrai-batbayar-80336,T2ZmZXJOb2RlOjEwMzY3NzQ1NA==,T3V0Y29tZU5vZGU6Njc5MDk3Nw==,Polymarket,exchange,OVERUNDER_0.5,A_4,A_1,Over 0.5 rounds,Under 0.5 rounds,,0.5,Under 0.5,,1,-1567,-4900,-1329,-4900,2026-08-24T13:26:56.195916+00:00,2026-08-15T22:05:15.663917+00:00,0.02,O,0,complete
2026-08-24T13:27:54.916233+00:00,8869,2026-08-29,UFC Fight Night: Nurmagomedov vs. Song,ufc,andre-lima-vs-namsrai-batbayar-80336,T2ZmZXJOb2RlOjEwMzY3NzQ3OQ==,T3V0Y29tZU5vZGU6Njc5MTAyNg==,Polymarket,exchange,DISTANCE,A_4,A_2,Fight goes the distance,Fight ends inside distance,,,Fight to Go the Distance? - Yes,,0,-3233,-3233,-1900,-4900,2026-08-24T13:26:56.175856+00:00,2026-08-15T22:14:29.879254+00:00,0.02,O,0,complete
2026-08-24T13:27:54.916233+00:00,8869,2026-08-29,UFC Fight Night: Nurmagomedov vs. Song,ufc,andre-lima-vs-namsrai-batbayar-80336,T2ZmZXJOb2RlOjEwMzY3NzQ3OQ==,T3V0Y29tZU5vZGU6Njc5MTAyNw==,Polymarket,exchange,DISTANCE,A_4,A_2,Fight goes the distance,Fight ends inside distance,,,Fight to Go the Distance? - No,,1,-2400,-3233,-1900,-4900,2026-08-24T13:26:56.175856+00:00,2026-08-15T22:14:29.879254+00:00,0.02,O,0,complete
2026-08-24T13:27:54.916233+00:00,8869,2026-08-29,UFC Fight Night: Nurmagomedov vs. Song,ufc,rei-tsuruya-vs-kevin-borjas-79779,T2ZmZXJOb2RlOjEwMzY5MDg3OA==,T3V0Y29tZU5vZGU6NjgwODkxMg==,Pinnacle,sportsbook,OVERUNDER_2.5,A_4,A_1,Over 2.5 rounds,Under 2.5 rounds,,2.5,Over 2.5,,0,-101,-101,-101,-101,2026-08-24T12:53:54.589643+00:00,2026-08-24T12:53:54.101263+00:00,0.57,O,0,complete
2026-08-24T13:27:54.916233+00:00,8869,2026-08-29,UFC Fight Night: Nurmagomedov vs. Song,ufc,rei-tsuruya-vs-kevin-borjas-79779,T2ZmZXJOb2RlOjEwMzY5MDg3OA==,T3V0Y29tZU5vZGU6NjgwODkxMw==,Pinnacle,sportsbook,OVERUNDER_2.5,A_4,A_1,Over 2.5 rounds,Under 2.5 rounds,,2.5,Under 2.5,,1,-120,-120,-120,-120,2026-08-24T12:53:54.589643+00:00,2026-08-24T12:53:54.101263+00:00,0.57,O,0,complete
2026-08-24T13:27:54.916233+00:00,8869,2026-08-29,UFC Fight Night: Nurmagomedov vs. Song,ufc,rei-tsuruya-vs-kevin-borjas-79779,T2ZmZXJOb2RlOjEwMzY5MDg2Ng==,T3V0Y29tZU5vZGU6NjgwODg4OA==,ProphetX,exchange,OVERUNDER_2.5,A_4,A_1,Over 2.5 rounds,Under 2.5 rounds,,2.5,Over 2.5,,0,-106,-106,-106,-106,2026-08-24T12:41:33.245990+00:00,2026-08-24T12:41:32.928236+00:00,0.77,O,0,complete
2026-08-24T13:27:54.916233+00:00,8869,2026-08-29,UFC Fight Night: Nurmagomedov vs. Song,ufc,rei-tsuruya-vs-kevin-borjas-79779,T2ZmZXJOb2RlOjEwMzY5MDg2Ng==,T3V0Y29tZU5vZGU6NjgwODg4OQ==,ProphetX,exchange,OVERUNDER_2.5,A_4,A_1,Over 2.5 rounds,Under 2.5 rounds,,2.5,Under 2.5,,1,-125,-125,-125,-125,2026-08-24T12:41:33.245990+00:00,2026-08-24T12:41:32.928236+00:00,0.77,O,0,complete
2026-08-24T13:27:54.916233+00:00,8869,2026-08-29,UFC Fight Night: Nurmagomedov vs. Song,ufc,rei-tsuruya-vs-kevin-borjas-79779,T2ZmZXJOb2RlOjEwMzY3NzQ4NA==,T3V0Y29tZU5vZGU6Njc5MTAzNg==,Polymarket,exchange,OVERUNDER_1.5,A_4,A_1,Over 1.5 rounds,Under 1.5 rounds,,1.5,Over 1.5,,0,-1900,-3233,-1329,-4900,2026-08-24T13:26:56.267041+00:00,2026-08-15T22:14:29.954523+00:00,0.02,O,0,complete
2026-08-24T13:27:54.916233+00:00,8869,2026-08-29,UFC Fight Night: Nurmagomedov vs. Song,ufc,rei-tsuruya-vs-kevin-borjas-79779,T2ZmZXJOb2RlOjEwMzY3NzQ4NQ==,T3V0Y29tZU5vZGU6Njc5MTAzOA==,Polymarket,exchange,OVERUNDER_2.5,A_4,A_1,Over 2.5 rounds,Under 2.5 rounds,,2.5,Over 2.5,,0,+104,-3233,+104,-4900,2026-08-24T12:56:31.749181+00:00,2026-08-15T22:14:29.973781+00:00,0.52,O,0,complete
2026-08-24T13:27:54.916233+00:00,8869,2026-08-29,UFC Fight Night: Nurmagomedov vs. Song,ufc,rei-tsuruya-vs-kevin-borjas-79779,T2ZmZXJOb2RlOjEwMzY3NzQ4NQ==,T3V0Y29tZU5vZGU6Njc5MTAzOQ==,Polymarket,exchange,OVERUNDER_2.5,A_4,A_1,Over 2.5 rounds,Under 2.5 rounds,,2.5,Under 2.5,,1,-117,-3233,-117,-4900,2026-08-24T12:56:31.749181+00:00,2026-08-15T22:14:29.973781+00:00,0.52,O,0,complete
2026-08-24T13:27:54.916233+00:00,8869,2026-08-29,UFC Fight Night: Nurmagomedov vs. Song,ufc,rei-tsuruya-vs-kevin-borjas-79779,T2ZmZXJOb2RlOjEwMzY3NzQ2OA==,T3V0Y29tZU5vZGU6Njc5MTAwNA==,Polymarket,exchange,OVERUNDER_0.5,A_4,A_1,Over 0.5 rounds,Under 0.5 rounds,,0.5,Over 0.5,,0,-1900,-4900,-1329,-4900,2026-08-24T13:15:31.497593+00:00,2026-08-15T22:05:16.711086+00:00,0.21,O,0,complete
2026-08-24T13:27:54.916233+00:00,8869,2026-08-29,UFC Fight Night: Nurmagomedov vs. Song,ufc,long-xiao-vs-francesco-nuzzi-80954,T2ZmZXJOb2RlOjEwMzY5MDg4Mw==,T3V0Y29tZU5vZGU6NjgwODkyMg==,Pinnacle,sportsbook,OVERUNDER_2.5,A_4,A_1,Over 2.5 rounds,Under 2.5 rounds,,2.5,Over 2.5,,0,-136,-136,-136,-136,2026-08-24T12:53:54.842994+00:00,2026-08-24T12:53:54.155222+00:00,0.57,O,0,complete
2026-08-24T13:27:54.916233+00:00,8869,2026-08-29,UFC Fight Night: Nurmagomedov vs. Song,ufc,long-xiao-vs-francesco-nuzzi-80954,T2ZmZXJOb2RlOjEwMzY5MDg4Mw==,T3V0Y29tZU5vZGU6NjgwODkyMw==,Pinnacle,sportsbook,OVERUNDER_2.5,A_4,A_1,Over 2.5 rounds,Under 2.5 rounds,,2.5,Under 2.5,,1,+112,+112,+112,+112,2026-08-24T12:53:54.842994+00:00,2026-08-24T12:53:54.155222+00:00,0.57,O,0,complete
2026-08-24T13:27:54.916233+00:00,8869,2026-08-29,UFC Fight Night: Nurmagomedov vs. Song,ufc,long-xiao-vs-francesco-nuzzi-80954,T2ZmZXJOb2RlOjEwMzY5MDg2Nw==,T3V0Y29tZU5vZGU6NjgwODg5MA==,ProphetX,exchange,OVERUNDER_2.5,A_4,A_1,Over 2.5 rounds,Under 2.5 rounds,,2.5,Over 2.5,,0,-142,-142,-142,-142,2026-08-24T12:41:33.326029+00:00,2026-08-24T12:41:32.943337+00:00,0.77,O,0,complete
2026-08-24T13:27:54.916233+00:00,8869,2026-08-29,UFC Fight Night: Nurmagomedov vs. Song,ufc,long-xiao-vs-francesco-nuzzi-80954,T2ZmZXJOb2RlOjEwMzY5MDg2Nw==,T3V0Y29tZU5vZGU6NjgwODg5MQ==,ProphetX,exchange,OVERUNDER_2.5,A_4,A_1,Over 2.5 rounds,Under 2.5 rounds,,2.5,Under 2.5,,1,+107,+107,+107,+107,2026-08-24T12:41:33.326029+00:00,2026-08-24T12:41:32.943337+00:00,0.77,O,0,complete
2026-08-24T13:27:54.916233+00:00,8869,2026-08-29,UFC Fight Night: Nurmagomedov vs. Song,ufc,jack-jenkins-vs-sean-woodson-80520,T2ZmZXJOb2RlOjEwMzY5MDg4Mg==,T3V0Y29tZU5vZGU6NjgwODkyMA==,Pinnacle,sportsbook,OVERUNDER_2.5,A_4,A_1,Over 2.5 rounds,Under 2.5 rounds,,2.5,Over 2.5,,0,-178,-178,-178,-178,2026-08-24T12:53:54.803564+00:00,2026-08-24T12:53:54.143486+00:00,0.57,O,0,complete
2026-08-24T13:27:54.916233+00:00,8869,2026-08-29,UFC Fight Night: Nurmagomedov vs. Song,ufc,jack-jenkins-vs-sean-woodson-80520,T2ZmZXJOb2RlOjEwMzY5MDg4Mg==,T3V0Y29tZU5vZGU6NjgwODkyMQ==,Pinnacle,sportsbook,OVERUNDER_2.5,A_4,A_1,Over 2.5 rounds,Under 2.5 rounds,,2.5,Under 2.5,,1,+146,+146,+146,+146,2026-08-24T12:53:54.803564+00:00,2026-08-24T12:53:54.143486+00:00,0.57,O,0,complete
2026-08-24T13:27:54.916233+00:00,8869,2026-08-29,UFC Fight Night: Nurmagomedov vs. Song,ufc,jack-jenkins-vs-sean-woodson-80520,T2ZmZXJOb2RlOjEwMzY5MDg2NA==,T3V0Y29tZU5vZGU6NjgwODg4NA==,ProphetX,exchange,OVERUNDER_2.5,A_4,A_1,Over 2.5 rounds,Under 2.5 rounds,,2.5,Over 2.5,,0,-184,-184,-184,-184,2026-08-24T12:41:33.118934+00:00,2026-08-24T12:41:32.899387+00:00,0.77,O,0,complete
2026-08-24T13:27:54.916233+00:00,8869,2026-08-29,UFC Fight Night: Nurmagomedov vs. Song,ufc,jack-jenkins-vs-sean-woodson-80520,T2ZmZXJOb2RlOjEwMzY5MDg2NA==,T3V0Y29tZU5vZGU6NjgwODg4NQ==,ProphetX,exchange,OVERUNDER_2.5,A_4,A_1,Over 2.5 rounds,Under 2.5 rounds,,2.5,Under 2.5,,1,+138,+138,+138,+138,2026-08-24T12:41:33.118934+00:00,2026-08-24T12:41:32.899387+00:00,0.77,O,0,complete
2026-08-24T13:27:54.916233+00:00,8869,2026-08-29,UFC Fight Night: Nurmagomedov vs. Song,ufc,jack-jenkins-vs-sean-woodson-80520,T2ZmZXJOb2RlOjEwMzY3NzQ1OA==,T3V0Y29tZU5vZGU6Njc5MDk4NA==,Polymarket,exchange,END_KO,A_4,A_5,"Fight ends by KO, TKO or DQ","Fight doesn't end by KO, TKO or DQ",,,Will the fight be won by KO or TKO? - Yes,,0,-3233,-4900,-2400,-4900,2026-08-24T13:05:07.010980+00:00,2026-08-15T22:05:15.899908+00:00,0.38,O,0,complete
2026-08-24T13:27:54.916233+00:00,8869,2026-08-29,UFC Fight Night: Nurmagomedov vs. Song,ufc,jack-jenkins-vs-sean-woodson-80520,T2ZmZXJOb2RlOjEwMzY3NzQ4Mg==,T3V0Y29tZU5vZGU6Njc5MTAzMg==,Polymarket,exchange,OVERUNDER_2.5,A_4,A_1,Over 2.5 rounds,Under 2.5 rounds,,2.5,Over 2.5,,0,-170,-3233,-170,-4900,2026-08-24T12:56:31.723239+00:00,2026-08-15T22:14:29.917318+00:00,0.52,O,0,complete
2026-08-24T13:27:54.916233+00:00,8869,2026-08-29,UFC Fight Night: Nurmagomedov vs. Song,ufc,jack-jenkins-vs-sean-woodson-80520,T2ZmZXJOb2RlOjEwMzY3NzQ4Mg==,T3V0Y29tZU5vZGU6Njc5MTAzMw==,Polymarket,exchange,OVERUNDER_2.5,A_4,A_1,Over 2.5 rounds,Under 2.5 rounds,,2.5,Under 2.5,,1,+150,-3233,+150,-3233,2026-08-24T12:56:31.723239+00:00,2026-08-15T22:14:29.917318+00:00,0.52,O,0,complete
2026-08-24T13:27:54.916233+00:00,8869,2026-08-29,UFC Fight Night: Nurmagomedov vs. Song,ufc,jack-jenkins-vs-sean-woodson-80520,T2ZmZXJOb2RlOjEwMzY3NzQ4MA==,T3V0Y29tZU5vZGU6Njc5MTAyOQ==,Polymarket,exchange,DISTANCE,A_4,A_2,Fight goes the distance,Fight ends inside distance,,,Fight to Go the Distance? - No,,1,-1567,-3233,-1567,-4900,2026-08-24T13:05:06.995520+00:00,2026-08-15T22:14:29.891912+00:00,0.38,O,0,complete
2026-08-24T13:27:54.916233+00:00,8869,2026-08-29,UFC Fight Night: Nurmagomedov vs. Song,ufc,lawrence-lui-vs-hector-santiago-80953,T2ZmZXJOb2RlOjEwMzY5MDg4Ng==,T3V0Y29tZU5vZGU6NjgwODkyOA==,Pinnacle,sportsbook,OVERUNDER_2.5,A_4,A_1,Over 2.5 rounds,Under 2.5 rounds,,2.5,Over 2.5,,0,-110,-110,-110,-110,2026-08-24T12:53:54.952643+00:00,2026-08-24T12:53:54.190364+00:00,0.57,O,0,complete
2026-08-24T13:27:54.916233+00:00,8869,2026-08-29,UFC Fight Night: Nurmagomedov vs. Song,ufc,lawrence-lui-vs-hector-santiago-80953,T2ZmZXJOb2RlOjEwMzY5MDg4Ng==,T3V0Y29tZU5vZGU6NjgwODkyOQ==,Pinnacle,sportsbook,OVERUNDER_2.5,A_4,A_1,Over 2.5 rounds,Under 2.5 rounds,,2.5,Under 2.5,,1,-110,-110,-110,-110,2026-08-24T12:53:54.952643+00:00,2026-08-24T12:53:54.190364+00:00,0.57,O,0,complete
2026-08-24T13:27:54.916233+00:00,8869,2026-08-29,UFC Fight Night: Nurmagomedov vs. Song,ufc,lawrence-lui-vs-hector-santiago-80953,T2ZmZXJOb2RlOjEwMzY5MDg2OQ==,T3V0Y29tZU5vZGU6NjgwODg5NA==,ProphetX,exchange,OVERUNDER_2.5,A_4,A_1,Over 2.5 rounds,Under 2.5 rounds,,2.5,Over 2.5,,0,-115,-115,-115,-115,2026-08-24T12:41:33.446099+00:00,2026-08-24T12:41:32.988998+00:00,0.77,O,0,complete
2026-08-24T13:27:54.916233+00:00,8869,2026-08-29,UFC Fight Night: Nurmagomedov vs. Song,ufc,lawrence-lui-vs-hector-santiago-80953,T2ZmZXJOb2RlOjEwMzY5MDg2OQ==,T3V0Y29tZU5vZGU6NjgwODg5NQ==,ProphetX,exchange,OVERUNDER_2.5,A_4,A_1,Over 2.5 rounds,Under 2.5 rounds,,2.5,Under 2.5,,1,-115,-115,-115,-115,2026-08-24T12:41:33.446099+00:00,2026-08-24T12:41:32.988998+00:00,0.77,O,0,complete
2026-08-24T13:27:54.916233+00:00,8869,2026-08-29,UFC Fight Night: Nurmagomedov vs. Song,ufc,lawrence-lui-vs-hector-santiago-80953,T2ZmZXJOb2RlOjEwMzY5MDI4Mg==,T3V0Y29tZU5vZGU6NjgwNzc4NQ==,Polymarket,exchange,OVERUNDER_2.5,A_4,A_1,Over 2.5 rounds,Under 2.5 rounds,,2.5,Under 2.5,,1,-108,-9900,-108,-9900,2026-08-24T12:56:31.972638+00:00,2026-08-22T22:09:54.383797+00:00,0.52,O,0,complete
2026-08-24T13:27:54.916233+00:00,8869,2026-08-29,UFC Fight Night: Nurmagomedov vs. Song,ufc,lawrence-lui-vs-hector-santiago-80953,T2ZmZXJOb2RlOjEwMzY5MDI4MQ==,T3V0Y29tZU5vZGU6NjgwNzc4Mg==,Polymarket,exchange,OVERUNDER_1.5,A_4,A_1,Over 1.5 rounds,Under 1.5 rounds,,1.5,Over 1.5,,0,-1567,-9900,-1329,-9900,2026-08-24T13:26:56.511773+00:00,2026-08-22T22:09:54.368043+00:00,0.02,O,0,complete
2026-08-24T13:27:54.916233+00:00,8869,2026-08-29,UFC Fight Night: Nurmagomedov vs. Song,ufc,lawrence-lui-vs-hector-santiago-80953,T2ZmZXJOb2RlOjEwMzY5MDI4MQ==,T3V0Y29tZU5vZGU6NjgwNzc4Mw==,Polymarket,exchange,OVERUNDER_1.5,A_4,A_1,Over 1.5 rounds,Under 1.5 rounds,,1.5,Under 1.5,,1,-1329,-9900,-1329,-9900,2026-08-24T13:26:56.511773+00:00,2026-08-22T22:09:54.368043+00:00,0.02,O,0,complete
2026-08-24T13:27:54.916233+00:00,8869,2026-08-29,UFC Fight Night: Nurmagomedov vs. Song,ufc,lawrence-lui-vs-hector-santiago-80953,T2ZmZXJOb2RlOjEwMzY5MDI4MA==,T3V0Y29tZU5vZGU6NjgwNzc4MA==,Polymarket,exchange,OVERUNDER_0.5,A_4,A_1,Over 0.5 rounds,Under 0.5 rounds,,0.5,Over 0.5,,0,-1567,-4900,-1329,-4900,2026-08-24T13:26:56.506103+00:00,2026-08-22T22:09:54.353475+00:00,0.02,O,0,complete
2026-08-24T13:27:54.916233+00:00,8869,2026-08-29,UFC Fight Night: Nurmagomedov vs. Song,ufc,lawrence-lui-vs-hector-santiago-80953,T2ZmZXJOb2RlOjEwMzY5MDI4MA==,T3V0Y29tZU5vZGU6NjgwNzc4MQ==,Polymarket,exchange,OVERUNDER_0.5,A_4,A_1,Over 0.5 rounds,Under 0.5 rounds,,0.5,Under 0.5,,1,-1329,-4900,-1329,-4900,2026-08-24T13:26:56.506103+00:00,2026-08-22T22:09:54.353475+00:00,0.02,O,0,complete
2026-08-24T13:27:54.916233+00:00,8869,2026-08-29,UFC Fight Night: Nurmagomedov vs. Song,ufc,lawrence-lui-vs-hector-santiago-80953,T2ZmZXJOb2RlOjEwMzY5MDI3NQ==,T3V0Y29tZU5vZGU6NjgwNzc3MQ==,Polymarket,exchange,DISTANCE,A_4,A_2,Fight goes the distance,Fight ends inside distance,,,Fight to Go the Distance? - No,,1,-1329,-9900,-1329,-9900,2026-08-24T13:26:56.480627+00:00,2026-08-22T22:09:54.269613+00:00,0.02,O,0,complete
2026-08-24T13:27:54.916233+00:00,8869,2026-08-29,UFC Fight Night: Nurmagomedov vs. Song,ufc,jingnan-xiong-vs-julia-polastri-80594,T2ZmZXJOb2RlOjEwMzY5MDg3OQ==,T3V0Y29tZU5vZGU6NjgwODkxNA==,Pinnacle,sportsbook,OVERUNDER_2.5,A_4,A_1,Over 2.5 rounds,Under 2.5 rounds,,2.5,Over 2.5,,0,-356,-356,-356,-356,2026-08-24T12:53:54.638249+00:00,2026-08-24T12:53:54.109752+00:00,0.57,O,0,complete
2026-08-24T13:27:54.916233+00:00,8869,2026-08-29,UFC Fight Night: Nurmagomedov vs. Song,ufc,jingnan-xiong-vs-julia-polastri-80594,T2ZmZXJOb2RlOjEwMzY5MDg3OQ==,T3V0Y29tZU5vZGU6NjgwODkxNQ==,Pinnacle,sportsbook,OVERUNDER_2.5,A_4,A_1,Over 2.5 rounds,Under 2.5 rounds,,2.5,Under 2.5,,1,+275,+275,+275,+275,2026-08-24T12:53:54.638249+00:00,2026-08-24T12:53:54.109752+00:00,0.57,O,0,complete
2026-08-24T13:27:54.916233+00:00,8869,2026-08-29,UFC Fight Night: Nurmagomedov vs. Song,ufc,jingnan-xiong-vs-julia-polastri-80594,T2ZmZXJOb2RlOjEwMzY5MDg3Mg==,T3V0Y29tZU5vZGU6NjgwODkwMA==,ProphetX,exchange,OVERUNDER_2.5,A_4,A_1,Over 2.5 rounds,Under 2.5 rounds,,2.5,Over 2.5,,0,-370,-370,-370,-370,2026-08-24T12:41:33.628355+00:00,2026-08-24T12:41:33.044458+00:00,0.77,O,0,complete
2026-08-24T13:27:54.916233+00:00,8869,2026-08-29,UFC Fight Night: Nurmagomedov vs. Song,ufc,jingnan-xiong-vs-julia-polastri-80594,T2ZmZXJOb2RlOjEwMzY5MDg3Mg==,T3V0Y29tZU5vZGU6NjgwODkwMQ==,ProphetX,exchange,OVERUNDER_2.5,A_4,A_1,Over 2.5 rounds,Under 2.5 rounds,,2.5,Under 2.5,,1,+255,+255,+255,+255,2026-08-24T12:41:33.628355+00:00,2026-08-24T12:41:33.044458+00:00,0.77,O,0,complete
2026-08-24T13:27:54.916233+00:00,8869,2026-08-29,UFC Fight Night: Nurmagomedov vs. Song,ufc,jingnan-xiong-vs-julia-polastri-80594,T2ZmZXJOb2RlOjEwMzY3NzQ4OA==,T3V0Y29tZU5vZGU6Njc5MTA0NA==,Polymarket,exchange,OVERUNDER_2.5,A_4,A_1,Over 2.5 rounds,Under 2.5 rounds,,2.5,Over 2.5,,0,-1567,-3233,-355,-4900,2026-08-24T13:26:56.305723+00:00,2026-08-15T22:14:30.023649+00:00,0.02,O,0,complete
2026-08-24T13:27:54.916233+00:00,8869,2026-08-29,UFC Fight Night: Nurmagomedov vs. Song,ufc,jingnan-xiong-vs-julia-polastri-80594,T2ZmZXJOb2RlOjEwMzY3NzQ4OA==,T3V0Y29tZU5vZGU6Njc5MTA0NQ==,Polymarket,exchange,OVERUNDER_2.5,A_4,A_1,Over 2.5 rounds,Under 2.5 rounds,,2.5,Under 2.5,,1,-2400,-3233,+133,-4900,2026-08-24T13:26:56.305723+00:00,2026-08-15T22:14:30.023649+00:00,0.02,O,0,complete
2026-08-24T13:27:54.916233+00:00,8869,2026-08-29,UFC Fight Night: Nurmagomedov vs. Song,ufc,jingnan-xiong-vs-julia-polastri-80594,T2ZmZXJOb2RlOjEwMzY3NzQ4Nw==,T3V0Y29tZU5vZGU6Njc5MTA0Mg==,Polymarket,exchange,OVERUNDER_1.5,A_4,A_1,Over 1.5 rounds,Under 1.5 rounds,,1.5,Over 1.5,,0,-1567,-3233,-1329,-4900,2026-08-24T13:26:56.302302+00:00,2026-08-15T22:14:30.009371+00:00,0.02,O,0,complete
2026-08-24T13:27:54.916233+00:00,8869,2026-08-29,UFC Fight Night: Nurmagomedov vs. Song,ufc,jingnan-xiong-vs-julia-polastri-80594,T2ZmZXJOb2RlOjEwMzY3NzQ4Nw==,T3V0Y29tZU5vZGU6Njc5MTA0Mw==,Polymarket,exchange,OVERUNDER_1.5,A_4,A_1,Over 1.5 rounds,Under 1.5 rounds,,1.5,Under 1.5,,1,-1329,-3233,-900,-4900,2026-08-24T13:26:56.302302+00:00,2026-08-15T22:14:30.009371+00:00,0.02,O,0,complete
2026-08-24T13:27:54.916233+00:00,8869,2026-08-29,UFC Fight Night: Nurmagomedov vs. Song,ufc,jingnan-xiong-vs-julia-polastri-80594,T2ZmZXJOb2RlOjEwMzY3NzQ3Mg==,T3V0Y29tZU5vZGU6Njc5MTAxMg==,Polymarket,exchange,KO,A_5,A_13,wins by TKO/KO,doesn't win by TKO/KO,,2.0,Will Julia Polastri win by KO or TKO? - Yes,julia-polastri-39425,0,-1900,-4900,-525,-4900,2026-08-24T13:26:56.291136+00:00,2026-08-15T22:05:17.178253+00:00,0.02,O,0,complete
2026-08-24T13:27:54.916233+00:00,8869,2026-08-29,UFC Fight Night: Nurmagomedov vs. Song,ufc,jingnan-xiong-vs-julia-polastri-80594,T2ZmZXJOb2RlOjEwMzY3NzQ4Ng==,T3V0Y29tZU5vZGU6Njc5MTA0MA==,Polymarket,exchange,DISTANCE,A_4,A_2,Fight goes the distance,Fight ends inside distance,,,Fight to Go the Distance? - Yes,,0,-2400,-3233,-1900,-4900,2026-08-24T13:26:56.278759+00:00,2026-08-15T22:14:29.991355+00:00,0.02,O,0,complete
2026-08-24T13:27:54.916233+00:00,8869,2026-08-29,UFC Fight Night: Nurmagomedov vs. Song,ufc,jingnan-xiong-vs-julia-polastri-80594,T2ZmZXJOb2RlOjEwMzY3NzQ4Ng==,T3V0Y29tZU5vZGU6Njc5MTA0MQ==,Polymarket,exchange,DISTANCE,A_4,A_2,Fight goes the distance,Fight ends inside distance,,,Fight to Go the Distance? - No,,1,-1900,-3233,-1900,-4900,2026-08-24T13:26:56.278759+00:00,2026-08-15T22:14:29.991355+00:00,0.02,O,0,complete
2026-08-24T13:27:54.916233+00:00,8869,2026-08-29,UFC Fight Night: Nurmagomedov vs. Song,ufc,meng-ding-vs-cameron-nelson-80702,T2ZmZXJOb2RlOjEwMzY5MDg4OA==,T3V0Y29tZU5vZGU6NjgwODkzMQ==,DraftKings,sportsbook,OVERUNDER_2.5,A_4,A_1,Over 2.5 rounds,Under 2.5 rounds,,2.5,Over 2.5,,0,-120,-120,-120,-120,2026-08-24T13:11:18.085507+00:00,2026-08-24T13:11:17.881794+00:00,0.28,O,0,complete
2026-08-24T13:27:54.916233+00:00,8869,2026-08-29,UFC Fight Night: Nurmagomedov vs. Song,ufc,meng-ding-vs-cameron-nelson-80702,T2ZmZXJOb2RlOjEwMzY5MDg4OA==,T3V0Y29tZU5vZGU6NjgwODkzMg==,DraftKings,sportsbook,OVERUNDER_2.5,A_4,A_1,Over 2.5 rounds,Under 2.5 rounds,,2.5,Under 2.5,,1,-110,-110,-110,-110,2026-08-24T13:11:18.085507+00:00,2026-08-24T13:11:17.881794+00:00,0.28,O,0,complete
2026-08-24T13:27:54.916233+00:00,8869,2026-08-29,UFC Fight Night: Nurmagomedov vs. Song,ufc,meng-ding-vs-cameron-nelson-80702,T2ZmZXJOb2RlOjEwMzY5MDg4MA==,T3V0Y29tZU5vZGU6NjgwODkxNg==,Pinnacle,sportsbook,OVERUNDER_2.5,A_4,A_1,Over 2.5 rounds,Under 2.5 rounds,,2.5,Over 2.5,,0,-116,-116,-116,-116,2026-08-24T12:53:54.707126+00:00,2026-08-24T12:53:54.119071+00:00,0.57,O,0,complete
2026-08-24T13:27:54.916233+00:00,8869,2026-08-29,UFC Fight Night: Nurmagomedov vs. Song,ufc,meng-ding-vs-cameron-nelson-80702,T2ZmZXJOb2RlOjEwMzY5MDg4MA==,T3V0Y29tZU5vZGU6NjgwODkxNw==,Pinnacle,sportsbook,OVERUNDER_2.5,A_4,A_1,Over 2.5 rounds,Under 2.5 rounds,,2.5,Under 2.5,,1,-104,-104,-104,-104,2026-08-24T12:53:54.707126+00:00,2026-08-24T12:53:54.119071+00:00,0.57,O,0,complete
2026-08-24T13:27:54.916233+00:00,8869,2026-08-29,UFC Fight Night: Nurmagomedov vs. Song,ufc,meng-ding-vs-cameron-nelson-80702,T2ZmZXJOb2RlOjEwMzY5MDg2NQ==,T3V0Y29tZU5vZGU6NjgwODg4Ng==,ProphetX,exchange,OVERUNDER_2.5,A_4,A_1,Over 2.5 rounds,Under 2.5 rounds,,2.5,Over 2.5,,0,-121,-121,-121,-121,2026-08-24T12:41:33.185396+00:00,2026-08-24T12:41:32.917402+00:00,0.77,O,0,complete
2026-08-24T13:27:54.916233+00:00,8869,2026-08-29,UFC Fight Night: Nurmagomedov vs. Song,ufc,meng-ding-vs-cameron-nelson-80702,T2ZmZXJOb2RlOjEwMzY5MDg2NQ==,T3V0Y29tZU5vZGU6NjgwODg4Nw==,ProphetX,exchange,OVERUNDER_2.5,A_4,A_1,Over 2.5 rounds,Under 2.5 rounds,,2.5,Under 2.5,,1,-109,-109,-109,-109,2026-08-24T12:41:33.185396+00:00,2026-08-24T12:41:32.917402+00:00,0.77,O,0,complete
2026-08-24T13:27:54.916233+00:00,8869,2026-08-29,UFC Fight Night: Nurmagomedov vs. Song,ufc,meng-ding-vs-cameron-nelson-80702,T2ZmZXJOb2RlOjEwMzY5MDcxOQ==,T3V0Y29tZU5vZGU6NjgwODYwMA==,Novig,exchange,OVERUNDER_2.5,A_4,A_1,Over 2.5 rounds,Under 2.5 rounds,,2.5,Over 2.5,,0,-133,-133,-130,-133,2026-08-24T13:15:29.663704+00:00,2026-08-23T21:31:29.221158+00:00,0.21,O,0,complete
2026-08-24T13:27:54.916233+00:00,8869,2026-08-29,UFC Fight Night: Nurmagomedov vs. Song,ufc,meng-ding-vs-cameron-nelson-80702,T2ZmZXJOb2RlOjEwMzY5MDcxOQ==,T3V0Y29tZU5vZGU6NjgwODYwMQ==,Novig,exchange,OVERUNDER_2.5,A_4,A_1,Over 2.5 rounds,Under 2.5 rounds,,2.5,Under 2.5,,1,+133,-117,+133,-117,2026-08-24T13:15:29.663704+00:00,2026-08-23T21:31:29.221158+00:00,0.21,O,0,complete
2026-08-24T13:27:54.916233+00:00,8869,2026-08-29,UFC Fight Night: Nurmagomedov vs. Song,ufc,meng-ding-vs-cameron-nelson-80702,T2ZmZXJOb2RlOjEwMzY5MDI5MQ==,T3V0Y29tZU5vZGU6NjgwNzgwMw==,Polymarket,exchange,OVERUNDER_2.5,A_4,A_1,Over 2.5 rounds,Under 2.5 rounds,,2.5,Under 2.5,,1,+100,-9900,+100,-9900,2026-08-24T12:56:31.998695+00:00,2026-08-22T22:09:54.552147+00:00,0.52,O,0,complete
2026-08-24T13:27:54.916233+00:00,8869,2026-08-29,UFC Fight Night: Nurmagomedov vs. Song,ufc,meng-ding-vs-cameron-nelson-80702,T2ZmZXJOb2RlOjEwMzY5MDI4OQ==,T3V0Y29tZU5vZGU6NjgwNzc5OA==,Polymarket,exchange,OVERUNDER_0.5,A_4,A_1,Over 0.5 rounds,Under 0.5 rounds,,0.5,Over 0.5,,0,-1900,-4900,-1329,-4900,2026-08-24T13:15:32.170781+00:00,2026-08-22T22:09:54.496751+00:00,0.21,O,0,complete
2026-08-24T13:37:40.104753+00:00,9111,2026-08-25,Dana White's Contender Series: Contender Series 2026: Week 3,dwcs,bella-mir-vs-alex-apodaca-80595,T2ZmZXJOb2RlOjEwMzY3NDg0Mg==,T3V0Y29tZU5vZGU6Njc4NzM2Mw==,Polymarket,exchange,END_KO,A_4,A_5,"Fight ends by KO, TKO or DQ","Fight doesn't end by KO, TKO or DQ",,,Will the fight be won by KO or TKO? - No,,1,-4900,-3233,-1900,-4900,2026-08-24T13:36:36.918126+00:00,2026-08-12T22:10:40.657933+00:00,0.02,O,0,complete
2026-08-24T13:37:40.104753+00:00,9111,2026-08-25,Dana White's Contender Series: Contender Series 2026: Week 3,dwcs,mario-piazzon-vs-guilherme-uriel-silva-costa-78018,T2ZmZXJOb2RlOjEwMzY3NDg1NQ==,T3V0Y29tZU5vZGU6Njc4NzM4OA==,Polymarket,exchange,OVERUNDER_0.5,A_4,A_1,Over 0.5 rounds,Under 0.5 rounds,,0.5,Over 0.5,,0,-1900,-3233,+488,-4900,2026-08-24T13:36:36.963045+00:00,2026-08-12T22:10:40.832031+00:00,0.02,O,0,complete
2026-08-24T13:37:40.104753+00:00,9111,2026-08-25,Dana White's Contender Series: Contender Series 2026: Week 3,dwcs,mario-piazzon-vs-guilherme-uriel-silva-costa-78018,T2ZmZXJOb2RlOjEwMzY3NDg1NQ==,T3V0Y29tZU5vZGU6Njc4NzM4OQ==,Polymarket,exchange,OVERUNDER_0.5,A_4,A_1,Over 0.5 rounds,Under 0.5 rounds,,0.5,Under 0.5,,1,-1900,-3233,-488,-4900,2026-08-24T13:36:36.963045+00:00,2026-08-12T22:10:40.832031+00:00,0.02,O,0,complete
2026-08-24T13:37:40.104753+00:00,9111,2026-08-25,Dana White's Contender Series: Contender Series 2026: Week 3,dwcs,sean-clancy-jr-vs-gary-balletto-jr-79266,T2ZmZXJOb2RlOjEwMzY3NDg2NA==,T3V0Y29tZU5vZGU6Njc4NzQwNw==,Polymarket,exchange,OVERUNDER_0.5,A_4,A_1,Over 0.5 rounds,Under 0.5 rounds,,0.5,Under 0.5,,1,-1900,-4900,-1329,-4900,2026-08-24T13:36:36.991309+00:00,2026-08-12T22:10:40.958830+00:00,0.02,O,0,complete
2026-08-24T13:37:40.104753+00:00,8869,2026-08-29,UFC Fight Night: Nurmagomedov vs. Song,ufc,umar-nurmagomedov-vs-yadong-song-79649,T2ZmZXJOb2RlOjEwMzY5MDYwOQ==,T3V0Y29tZU5vZGU6NjgwODM4Mw==,Novig,exchange,OVERUNDER_4.5,A_4,A_1,Over 4.5 rounds,Under 4.5 rounds,,4.5,Under 4.5,,1,+182,+167,+182,+163,2026-08-24T13:31:07.188650+00:00,2026-08-23T16:01:02.886423+00:00,0.11,O,0,complete
2026-08-24T13:37:40.104753+00:00,8869,2026-08-29,UFC Fight Night: Nurmagomedov vs. Song,ufc,umar-nurmagomedov-vs-yadong-song-79649,T2ZmZXJOb2RlOjEwMzY3NzQxMg==,T3V0Y29tZU5vZGU6Njc5MDg5Mw==,Polymarket,exchange,OVERUNDER_2.5,A_4,A_1,Over 2.5 rounds,Under 2.5 rounds,,2.5,Under 2.5,,1,-1567,-9900,-809,-9900,2026-08-24T13:36:37.089775+00:00,2026-08-15T22:05:12.819808+00:00,0.02,O,0,complete
2026-08-24T13:37:40.104753+00:00,8869,2026-08-29,UFC Fight Night: Nurmagomedov vs. Song,ufc,umar-nurmagomedov-vs-yadong-song-79649,T2ZmZXJOb2RlOjEwMzY3NzQwOA==,T3V0Y29tZU5vZGU6Njc5MDg4NA==,Polymarket,exchange,KO,A_5,A_13,wins by TKO/KO,doesn't win by TKO/KO,,2.0,Will Umar Nurmagomedov win by KO or TKO? - Yes,umar-nurmagomedov-28334,0,-1011,-4900,-525,-4900,2026-08-24T13:36:37.077068+00:00,2026-08-15T22:05:12.495755+00:00,0.02,O,0,complete
2026-08-24T13:37:40.104753+00:00,8869,2026-08-29,UFC Fight Night: Nurmagomedov vs. Song,ufc,umar-nurmagomedov-vs-yadong-song-79649,T2ZmZXJOb2RlOjEwMzY3NzQwNg==,T3V0Y29tZU5vZGU6Njc5MDg4MA==,Polymarket,exchange,END_KO,A_4,A_5,"Fight ends by KO, TKO or DQ","Fight doesn't end by KO, TKO or DQ",,,Will the fight be won by KO or TKO? - Yes,,0,-2400,-4900,-1567,-4900,2026-08-24T13:36:37.071771+00:00,2026-08-15T22:05:12.341441+00:00,0.02,O,0,complete
2026-08-24T13:37:40.104753+00:00,8869,2026-08-29,UFC Fight Night: Nurmagomedov vs. Song,ufc,xiaonan-yan-vs-denise-gomes-79865,T2ZmZXJOb2RlOjEwMzY5MDgxNA==,T3V0Y29tZU5vZGU6NjgwODc5MQ==,Novig,exchange,OVERUNDER_2.5,A_4,A_1,Over 2.5 rounds,Under 2.5 rounds,,2.5,Under 2.5,,1,+217,+212,+228,+212,2026-08-24T13:31:07.140170+00:00,2026-08-24T03:00:35.708190+00:00,0.11,O,0,complete
2026-08-24T13:37:40.104753+00:00,8869,2026-08-29,UFC Fight Night: Nurmagomedov vs. Song,ufc,xiaonan-yan-vs-denise-gomes-79865,T2ZmZXJOb2RlOjEwMzY3NzQyMg==,T3V0Y29tZU5vZGU6Njc5MDkxMw==,Polymarket,exchange,OVERUNDER_1.5,A_4,A_1,Over 1.5 rounds,Under 1.5 rounds,,1.5,Under 1.5,,1,-1900,-9900,-567,-9900,2026-08-24T13:36:37.118271+00:00,2026-08-15T22:05:13.386909+00:00,0.02,O,0,complete
2026-08-24T13:37:40.104753+00:00,8869,2026-08-29,UFC Fight Night: Nurmagomedov vs. Song,ufc,xiaonan-yan-vs-denise-gomes-79865,T2ZmZXJOb2RlOjEwMzY3NzQxNg==,T3V0Y29tZU5vZGU6Njc5MDkwMA==,Polymarket,exchange,DISTANCE,A_4,A_2,Fight goes the distance,Fight ends inside distance,,,Fight to Go the Distance? - Yes,,0,-1900,-9900,-1900,-9900,2026-08-24T13:36:37.101388+00:00,2026-08-15T22:05:13.103284+00:00,0.02,O,0,complete
2026-08-24T13:37:40.104753+00:00,8869,2026-08-29,UFC Fight Night: Nurmagomedov vs. Song,ufc,xiaonan-yan-vs-denise-gomes-79865,T2ZmZXJOb2RlOjEwMzY3NzQxNg==,T3V0Y29tZU5vZGU6Njc5MDkwMQ==,Polymarket,exchange,DISTANCE,A_4,A_2,Fight goes the distance,Fight ends inside distance,,,Fight to Go the Distance? - No,,1,-3233,-9900,-1900,-9900,2026-08-24T13:36:37.101388+00:00,2026-08-15T22:05:13.103284+00:00,0.02,O,0,complete
2026-08-24T13:37:40.104753+00:00,8869,2026-08-29,UFC Fight Night: Nurmagomedov vs. Song,ufc,kai-asakura-vs-qileng-aori-80038,T2ZmZXJOb2RlOjEwMzY5MDgxMw==,T3V0Y29tZU5vZGU6NjgwODc4OA==,Novig,exchange,OVERUNDER_2.5,A_4,A_1,Over 2.5 rounds,Under 2.5 rounds,,2.5,Over 2.5,,0,+167,+153,+170,+153,2026-08-24T13:31:07.101352+00:00,2026-08-24T03:00:35.619874+00:00,0.11,O,0,complete
2026-08-24T13:37:40.104753+00:00,8869,2026-08-29,UFC Fight Night: Nurmagomedov vs. Song,ufc,kai-asakura-vs-qileng-aori-80038,T2ZmZXJOb2RlOjEwMzY3NzQzMA==,T3V0Y29tZU5vZGU6Njc5MDkyOQ==,Polymarket,exchange,OVERUNDER_0.5,A_4,A_1,Over 0.5 rounds,Under 0.5 rounds,,0.5,Under 0.5,,1,-1329,-4900,-1329,-4900,2026-08-24T13:36:37.144729+00:00,2026-08-15T22:05:13.902928+00:00,0.02,O,0,complete
2026-08-24T13:37:40.104753+00:00,8869,2026-08-29,UFC Fight Night: Nurmagomedov vs. Song,ufc,kai-asakura-vs-qileng-aori-80038,T2ZmZXJOb2RlOjEwMzY3NzQzMQ==,T3V0Y29tZU5vZGU6Njc5MDkzMQ==,Polymarket,exchange,OVERUNDER_1.5,A_4,A_1,Over 1.5 rounds,Under 1.5 rounds,,1.5,Under 1.5,,1,-1900,-9900,-1329,-9900,2026-08-24T13:36:37.146982+00:00,2026-08-15T22:05:13.989996+00:00,0.02,O,0,complete
2026-08-24T13:37:40.104753+00:00,8869,2026-08-29,UFC Fight Night: Nurmagomedov vs. Song,ufc,kai-asakura-vs-qileng-aori-80038,T2ZmZXJOb2RlOjEwMzY3NzQyNQ==,T3V0Y29tZU5vZGU6Njc5MDkxOQ==,Polymarket,exchange,DISTANCE,A_4,A_2,Fight goes the distance,Fight ends inside distance,,,Fight to Go the Distance? - No,,1,-1150,-9900,-1150,-9900,2026-08-24T13:36:37.127698+00:00,2026-08-15T22:05:13.581660+00:00,0.02,O,0,complete
2026-08-24T13:37:40.104753+00:00,8869,2026-08-29,UFC Fight Night: Nurmagomedov vs. Song,ufc,alex-perez-vs-su-mudaerji-79689,T2ZmZXJOb2RlOjEwMzY5MDYyNw==,T3V0Y29tZU5vZGU6NjgwODQxOA==,Novig,exchange,OVERUNDER_2.5,A_4,A_1,Over 2.5 rounds,Under 2.5 rounds,,2.5,Over 2.5,,0,-104,-125,+147,-125,2026-08-24T13:31:06.826399+00:00,2026-08-23T16:30:46.493239+00:00,0.11,O,0,complete
2026-08-24T13:37:40.104753+00:00,8869,2026-08-29,UFC Fight Night: Nurmagomedov vs. Song,ufc,alex-perez-vs-su-mudaerji-79689,T2ZmZXJOb2RlOjEwMzY5MDYyNw==,T3V0Y29tZU5vZGU6NjgwODQxOQ==,Novig,exchange,OVERUNDER_2.5,A_4,A_1,Over 2.5 rounds,Under 2.5 rounds,,2.5,Under 2.5,,1,-144,-125,-125,-147,2026-08-24T13:31:06.826399+00:00,2026-08-23T16:30:46.493239+00:00,0.11,O,0,complete
2026-08-24T13:37:40.104753+00:00,8869,2026-08-29,UFC Fight Night: Nurmagomedov vs. Song,ufc,alex-perez-vs-su-mudaerji-79689,T2ZmZXJOb2RlOjEwMzY3NzQzOQ==,T3V0Y29tZU5vZGU6Njc5MDk0Nw==,Polymarket,exchange,OVERUNDER_1.5,A_4,A_1,Over 1.5 rounds,Under 1.5 rounds,,1.5,Under 1.5,,1,-733,-9900,-567,-9900,2026-08-24T13:36:37.176873+00:00,2026-08-15T22:05:14.548928+00:00,0.02,O,0,complete
2026-08-24T13:37:40.104753+00:00,8869,2026-08-29,UFC Fight Night: Nurmagomedov vs. Song,ufc,bilal-hasan-vs-nilson-rojas-80821,T2ZmZXJOb2RlOjEwMzY5MDY3MQ==,T3V0Y29tZU5vZGU6NjgwODUwNg==,ReBet,sportsbook,OVERUNDER_1.5,A_4,A_1,Over 1.5 rounds,Under 1.5 rounds,,1.5,Over 1.5,,0,-136,-109,+101,-136,2026-08-24T13:34:31.487910+00:00,2026-08-23T17:15:49.399681+00:00,0.05,O,0,complete
2026-08-24T13:37:40.104753+00:00,8869,2026-08-29,UFC Fight Night: Nurmagomedov vs. Song,ufc,bilal-hasan-vs-nilson-rojas-80821,T2ZmZXJOb2RlOjEwMzY5MDY3MQ==,T3V0Y29tZU5vZGU6NjgwODUwNw==,ReBet,sportsbook,OVERUNDER_1.5,A_4,A_1,Over 1.5 rounds,Under 1.5 rounds,,1.5,Under 1.5,,1,+107,-117,+107,-129,2026-08-24T13:34:31.487910+00:00,2026-08-23T17:15:49.399681+00:00,0.05,O,0,complete
2026-08-24T13:37:40.104753+00:00,8869,2026-08-29,UFC Fight Night: Nurmagomedov vs. Song,ufc,bilal-hasan-vs-nilson-rojas-80821,T2ZmZXJOb2RlOjEwMzY5MDY2OA==,T3V0Y29tZU5vZGU6NjgwODUwMA==,MyBookie,sportsbook,OVERUNDER_1.5,A_4,A_1,Over 1.5 rounds,Under 1.5 rounds,,1.5,Over 1.5,,0,-139,-111,-101,-139,2026-08-24T13:32:04.666383+00:00,2026-08-23T17:11:06.813163+00:00,0.09,O,0,complete
2026-08-24T13:37:40.104753+00:00,8869,2026-08-29,UFC Fight Night: Nurmagomedov vs. Song,ufc,bilal-hasan-vs-nilson-rojas-80821,T2ZmZXJOb2RlOjEwMzY5MDY2OA==,T3V0Y29tZU5vZGU6NjgwODUwMQ==,MyBookie,sportsbook,OVERUNDER_1.5,A_4,A_1,Over 1.5 rounds,Under 1.5 rounds,,1.5,Under 1.5,,1,+104,-119,+104,-132,2026-08-24T13:32:04.666383+00:00,2026-08-23T17:11:06.813163+00:00,0.09,O,0,complete
2026-08-24T13:37:40.104753+00:00,8869,2026-08-29,UFC Fight Night: Nurmagomedov vs. Song,ufc,bilal-hasan-vs-nilson-rojas-80821,T2ZmZXJOb2RlOjEwMzY5MDY1NQ==,T3V0Y29tZU5vZGU6NjgwODQ3NQ==,Novig,exchange,OVERUNDER_1.5,A_4,A_1,Over 1.5 rounds,Under 1.5 rounds,,1.5,Under 1.5,,1,+111,-125,+111,-174,2026-08-24T13:31:07.402441+00:00,2026-08-23T17:00:57.322026+00:00,0.11,O,0,complete
2026-08-24T13:37:40.104753+00:00,8869,2026-08-29,UFC Fight Night: Nurmagomedov vs. Song,ufc,bilal-hasan-vs-nilson-rojas-80821,T2ZmZXJOb2RlOjEwMzY5MDY1MQ==,T3V0Y29tZU5vZGU6NjgwODQ2Ng==,Bovada,sportsbook,OVERUNDER_1.5,A_4,A_1,Over 1.5 rounds,Under 1.5 rounds,,1.5,Over 1.5,,0,-145,+160,+160,-145,2026-08-24T13:29:55.184145+00:00,2026-08-23T16:59:16.090690+00:00,0.13,O,0,complete
2026-08-24T13:37:40.104753+00:00,8869,2026-08-29,UFC Fight Night: Nurmagomedov vs. Song,ufc,bilal-hasan-vs-nilson-rojas-80821,T2ZmZXJOb2RlOjEwMzY5MDY1MQ==,T3V0Y29tZU5vZGU6NjgwODQ2Nw==,Bovada,sportsbook,OVERUNDER_1.5,A_4,A_1,Over 1.5 rounds,Under 1.5 rounds,,1.5,Under 1.5,,1,+110,-210,+110,-210,2026-08-24T13:29:55.184145+00:00,2026-08-23T16:59:16.090690+00:00,0.13,O,0,complete
2026-08-24T13:37:40.104753+00:00,8869,2026-08-29,UFC Fight Night: Nurmagomedov vs. Song,ufc,bilal-hasan-vs-nilson-rojas-80821,T2ZmZXJOb2RlOjEwMzY4ODkwMg==,T3V0Y29tZU5vZGU6NjgwNTkyOA==,Polymarket,exchange,OVERUNDER_2.5,A_4,A_1,Over 2.5 rounds,Under 2.5 rounds,,2.5,Over 2.5,,0,-1329,-9900,-733,-9900,2026-08-24T13:36:37.532435+00:00,2026-08-21T22:04:29.868708+00:00,0.02,O,0,complete
2026-08-24T13:37:40.104753+00:00,8869,2026-08-29,UFC Fight Night: Nurmagomedov vs. Song,ufc,bilal-hasan-vs-nilson-rojas-80821,T2ZmZXJOb2RlOjEwMzY4ODkwMg==,T3V0Y29tZU5vZGU6NjgwNTkyOQ==,Polymarket,exchange,OVERUNDER_2.5,A_4,A_1,Over 2.5 rounds,Under 2.5 rounds,,2.5,Under 2.5,,1,-1329,-9900,-1329,-9900,2026-08-24T13:36:37.532435+00:00,2026-08-21T22:04:29.868708+00:00,0.02,O,0,complete
2026-08-24T13:37:40.104753+00:00,8869,2026-08-29,UFC Fight Night: Nurmagomedov vs. Song,ufc,bilal-hasan-vs-nilson-rojas-80821,T2ZmZXJOb2RlOjEwMzY4ODg5Ng==,T3V0Y29tZU5vZGU6NjgwNTkxNg==,Polymarket,exchange,DISTANCE,A_4,A_2,Fight goes the distance,Fight ends inside distance,,,Fight to Go the Distance? - Yes,,0,-1567,-2400,-1567,-2400,2026-08-24T13:36:37.507176+00:00,2026-08-21T22:04:29.640698+00:00,0.02,O,0,complete
2026-08-24T13:37:40.104753+00:00,8869,2026-08-29,UFC Fight Night: Nurmagomedov vs. Song,ufc,bilal-hasan-vs-nilson-rojas-80821,T2ZmZXJOb2RlOjEwMzY4ODg5Ng==,T3V0Y29tZU5vZGU6NjgwNTkxNw==,Polymarket,exchange,DISTANCE,A_4,A_2,Fight goes the distance,Fight ends inside distance,,,Fight to Go the Distance? - No,,1,-3233,-9900,-1900,-9900,2026-08-24T13:36:37.507176+00:00,2026-08-21T22:04:29.640698+00:00,0.02,O,0,complete
2026-08-24T13:37:40.104753+00:00,8869,2026-08-29,UFC Fight Night: Nurmagomedov vs. Song,ufc,andre-lima-vs-namsrai-batbayar-80336,T2ZmZXJOb2RlOjEwMzY5MDgzMQ==,T3V0Y29tZU5vZGU6NjgwODgyMw==,Novig,exchange,OVERUNDER_2.5,A_4,A_1,Over 2.5 rounds,Under 2.5 rounds,,2.5,Over 2.5,,0,+111,+106,+111,+106,2026-08-24T13:31:07.269520+00:00,2026-08-24T10:30:37.508289+00:00,0.11,O,0,complete
2026-08-24T13:37:40.104753+00:00,8869,2026-08-29,UFC Fight Night: Nurmagomedov vs. Song,ufc,andre-lima-vs-namsrai-batbayar-80336,T2ZmZXJOb2RlOjEwMzY5MDgzMQ==,T3V0Y29tZU5vZGU6NjgwODgyNA==,Novig,exchange,OVERUNDER_2.5,A_4,A_1,Over 2.5 rounds,Under 2.5 rounds,,2.5,Under 2.5,,1,-167,-106,-106,-167,2026-08-24T13:31:07.269520+00:00,2026-08-24T10:30:37.508289+00:00,0.11,O,0,complete
2026-08-24T13:37:40.104753+00:00,8869,2026-08-29,UFC Fight Night: Nurmagomedov vs. Song,ufc,andre-lima-vs-namsrai-batbayar-80336,T2ZmZXJOb2RlOjEwMzY3NzQ1NQ==,T3V0Y29tZU5vZGU6Njc5MDk3OQ==,Polymarket,exchange,OVERUNDER_1.5,A_4,A_1,Over 1.5 rounds,Under 1.5 rounds,,1.5,Under 1.5,,1,-1900,-9900,-1329,-9900,2026-08-24T13:36:37.235754+00:00,2026-08-15T22:05:15.733113+00:00,0.02,O,0,complete
2026-08-24T13:37:40.104753+00:00,8869,2026-08-29,UFC Fight Night: Nurmagomedov vs. Song,ufc,andre-lima-vs-namsrai-batbayar-80336,T2ZmZXJOb2RlOjEwMzY3NzQ1NA==,T3V0Y29tZU5vZGU6Njc5MDk3Nw==,Polymarket,exchange,OVERUNDER_0.5,A_4,A_1,Over 0.5 rounds,Under 0.5 rounds,,0.5,Under 0.5,,1,-1900,-4900,-1329,-4900,2026-08-24T13:36:37.232520+00:00,2026-08-15T22:05:15.663917+00:00,0.02,O,0,complete
2026-08-24T13:37:40.104753+00:00,8869,2026-08-29,UFC Fight Night: Nurmagomedov vs. Song,ufc,andre-lima-vs-namsrai-batbayar-80336,T2ZmZXJOb2RlOjEwMzY3NzQ3OQ==,T3V0Y29tZU5vZGU6Njc5MTAyNg==,Polymarket,exchange,DISTANCE,A_4,A_2,Fight goes the distance,Fight ends inside distance,,,Fight to Go the Distance? - Yes,,0,-1900,-3233,-1900,-4900,2026-08-24T13:36:37.215923+00:00,2026-08-15T22:14:29.879254+00:00,0.02,O,0,complete
2026-08-24T13:37:40.104753+00:00,8869,2026-08-29,UFC Fight Night: Nurmagomedov vs. Song,ufc,andre-lima-vs-namsrai-batbayar-80336,T2ZmZXJOb2RlOjEwMzY3NzQ3OQ==,T3V0Y29tZU5vZGU6Njc5MTAyNw==,Polymarket,exchange,DISTANCE,A_4,A_2,Fight goes the distance,Fight ends inside distance,,,Fight to Go the Distance? - No,,1,-3233,-3233,-1900,-4900,2026-08-24T13:36:37.215923+00:00,2026-08-15T22:14:29.879254+00:00,0.02,O,0,complete
2026-08-24T13:37:40.104753+00:00,8869,2026-08-29,UFC Fight Night: Nurmagomedov vs. Song,ufc,rei-tsuruya-vs-kevin-borjas-79779,T2ZmZXJOb2RlOjEwMzY3NzQ4Mw==,T3V0Y29tZU5vZGU6Njc5MTAzNA==,Polymarket,exchange,DISTANCE,A_4,A_2,Fight goes the distance,Fight ends inside distance,,,Fight to Go the Distance? - Yes,,0,-3233,-3233,-1900,-9900,2026-08-24T13:36:37.277641+00:00,2026-08-15T22:14:29.936510+00:00,0.02,O,0,complete
2026-08-24T13:37:40.104753+00:00,8869,2026-08-29,UFC Fight Night: Nurmagomedov vs. Song,ufc,rei-tsuruya-vs-kevin-borjas-79779,T2ZmZXJOb2RlOjEwMzY3NzQ4Mw==,T3V0Y29tZU5vZGU6Njc5MTAzNQ==,Polymarket,exchange,DISTANCE,A_4,A_2,Fight goes the distance,Fight ends inside distance,,,Fight to Go the Distance? - No,,1,-1900,-3233,-1900,-9900,2026-08-24T13:36:37.277641+00:00,2026-08-15T22:14:29.936510+00:00,0.02,O,0,complete
2026-08-24T13:37:40.104753+00:00,8869,2026-08-29,UFC Fight Night: Nurmagomedov vs. Song,ufc,rei-tsuruya-vs-kevin-borjas-79779,T2ZmZXJOb2RlOjEwMzY3NzQ4NA==,T3V0Y29tZU5vZGU6Njc5MTAzNg==,Polymarket,exchange,OVERUNDER_1.5,A_4,A_1,Over 1.5 rounds,Under 1.5 rounds,,1.5,Over 1.5,,0,-1329,-3233,-1329,-4900,2026-08-24T13:36:37.298272+00:00,2026-08-15T22:14:29.954523+00:00,0.02,O,0,complete
2026-08-24T13:37:40.104753+00:00,8869,2026-08-29,UFC Fight Night: Nurmagomedov vs. Song,ufc,jack-jenkins-vs-sean-woodson-80520,T2ZmZXJOb2RlOjEwMzY3NzQ4MQ==,T3V0Y29tZU5vZGU6Njc5MTAzMA==,Polymarket,exchange,OVERUNDER_1.5,A_4,A_1,Over 1.5 rounds,Under 1.5 rounds,,1.5,Over 1.5,,0,-1900,-3233,-1329,-3233,2026-08-24T13:36:37.266287+00:00,2026-08-15T22:14:29.902691+00:00,0.02,O,0,complete
2026-08-24T13:37:40.104753+00:00,8869,2026-08-29,UFC Fight Night: Nurmagomedov vs. Song,ufc,jack-jenkins-vs-sean-woodson-80520,T2ZmZXJOb2RlOjEwMzY3NzQ4MQ==,T3V0Y29tZU5vZGU6Njc5MTAzMQ==,Polymarket,exchange,OVERUNDER_1.5,A_4,A_1,Over 1.5 rounds,Under 1.5 rounds,,1.5,Under 1.5,,1,-1329,-3233,-669,-4900,2026-08-24T13:36:37.266287+00:00,2026-08-15T22:14:29.902691+00:00,0.02,O,0,complete
2026-08-24T13:37:40.104753+00:00,8869,2026-08-29,UFC Fight Night: Nurmagomedov vs. Song,ufc,jack-jenkins-vs-sean-woodson-80520,T2ZmZXJOb2RlOjEwMzY3NzQ2Mg==,T3V0Y29tZU5vZGU6Njc5MDk5Mw==,Polymarket,exchange,OVERUNDER_0.5,A_4,A_1,Over 0.5 rounds,Under 0.5 rounds,,0.5,Under 0.5,,1,-1900,-4900,-809,-4900,2026-08-24T13:36:37.262716+00:00,2026-08-15T22:05:16.216556+00:00,0.02,O,0,complete
2026-08-24T13:37:40.104753+00:00,8869,2026-08-29,UFC Fight Night: Nurmagomedov vs. Song,ufc,lawrence-lui-vs-hector-santiago-80953,T2ZmZXJOb2RlOjEwMzY5MDI4MQ==,T3V0Y29tZU5vZGU6NjgwNzc4Mg==,Polymarket,exchange,OVERUNDER_1.5,A_4,A_1,Over 1.5 rounds,Under 1.5 rounds,,1.5,Over 1.5,,0,-1150,-9900,-1150,-9900,2026-08-24T13:36:37.555321+00:00,2026-08-22T22:09:54.368043+00:00,0.02,O,0,complete
2026-08-24T13:37:40.104753+00:00,8869,2026-08-29,UFC Fight Night: Nurmagomedov vs. Song,ufc,lawrence-lui-vs-hector-santiago-80953,T2ZmZXJOb2RlOjEwMzY5MDI4MQ==,T3V0Y29tZU5vZGU6NjgwNzc4Mw==,Polymarket,exchange,OVERUNDER_1.5,A_4,A_1,Over 1.5 rounds,Under 1.5 rounds,,1.5,Under 1.5,,1,-1900,-9900,-1329,-9900,2026-08-24T13:36:37.555321+00:00,2026-08-22T22:09:54.368043+00:00,0.02,O,0,complete
2026-08-24T13:37:40.104753+00:00,8869,2026-08-29,UFC Fight Night: Nurmagomedov vs. Song,ufc,lawrence-lui-vs-hector-santiago-80953,T2ZmZXJOb2RlOjEwMzY5MDI4MA==,T3V0Y29tZU5vZGU6NjgwNzc4MA==,Polymarket,exchange,OVERUNDER_0.5,A_4,A_1,Over 0.5 rounds,Under 0.5 rounds,,0.5,Over 0.5,,0,-1150,-4900,-1150,-4900,2026-08-24T13:36:37.552211+00:00,2026-08-22T22:09:54.353475+00:00,0.02,O,0,complete
2026-08-24T13:37:40.104753+00:00,8869,2026-08-29,UFC Fight Night: Nurmagomedov vs. Song,ufc,lawrence-lui-vs-hector-santiago-80953,T2ZmZXJOb2RlOjEwMzY5MDI4MA==,T3V0Y29tZU5vZGU6NjgwNzc4MQ==,Polymarket,exchange,OVERUNDER_0.5,A_4,A_1,Over 0.5 rounds,Under 0.5 rounds,,0.5,Under 0.5,,1,-1900,-4900,-1329,-4900,2026-08-24T13:36:37.552211+00:00,2026-08-22T22:09:54.353475+00:00,0.02,O,0,complete
2026-08-24T13:37:40.104753+00:00,8869,2026-08-29,UFC Fight Night: Nurmagomedov vs. Song,ufc,lawrence-lui-vs-hector-santiago-80953,T2ZmZXJOb2RlOjEwMzY5MDI3NQ==,T3V0Y29tZU5vZGU6NjgwNzc3MQ==,Polymarket,exchange,DISTANCE,A_4,A_2,Fight goes the distance,Fight ends inside distance,,,Fight to Go the Distance? - No,,1,-1150,-9900,-1150,-9900,2026-08-24T13:36:37.537275+00:00,2026-08-22T22:09:54.269613+00:00,0.02,O,0,complete
2026-08-24T13:37:40.104753+00:00,8869,2026-08-29,UFC Fight Night: Nurmagomedov vs. Song,ufc,jingnan-xiong-vs-julia-polastri-80594,T2ZmZXJOb2RlOjEwMzY3NzQ4OA==,T3V0Y29tZU5vZGU6Njc5MTA0NQ==,Polymarket,exchange,OVERUNDER_2.5,A_4,A_1,Over 2.5 rounds,Under 2.5 rounds,,2.5,Under 2.5,,1,-1900,-3233,+133,-4900,2026-08-24T13:36:37.331055+00:00,2026-08-15T22:14:30.023649+00:00,0.02,O,0,complete
2026-08-24T13:37:40.104753+00:00,8869,2026-08-29,UFC Fight Night: Nurmagomedov vs. Song,ufc,jingnan-xiong-vs-julia-polastri-80594,T2ZmZXJOb2RlOjEwMzY3NzQ4Nw==,T3V0Y29tZU5vZGU6Njc5MTA0Mg==,Polymarket,exchange,OVERUNDER_1.5,A_4,A_1,Over 1.5 rounds,Under 1.5 rounds,,1.5,Over 1.5,,0,-1329,-3233,-1329,-4900,2026-08-24T13:36:37.327129+00:00,2026-08-15T22:14:30.009371+00:00,0.02,O,0,complete
2026-08-24T13:37:40.104753+00:00,8869,2026-08-29,UFC Fight Night: Nurmagomedov vs. Song,ufc,jingnan-xiong-vs-julia-polastri-80594,T2ZmZXJOb2RlOjEwMzY3NzQ4Nw==,T3V0Y29tZU5vZGU6Njc5MTA0Mw==,Polymarket,exchange,OVERUNDER_1.5,A_4,A_1,Over 1.5 rounds,Under 1.5 rounds,,1.5,Under 1.5,,1,-1900,-3233,-900,-4900,2026-08-24T13:36:37.327129+00:00,2026-08-15T22:14:30.009371+00:00,0.02,O,0,complete
2026-08-24T13:37:40.104753+00:00,8869,2026-08-29,UFC Fight Night: Nurmagomedov vs. Song,ufc,jingnan-xiong-vs-julia-polastri-80594,T2ZmZXJOb2RlOjEwMzY3NzQ3Mg==,T3V0Y29tZU5vZGU6Njc5MTAxMw==,Polymarket,exchange,KO,A_5,A_13,wins by TKO/KO,doesn't win by TKO/KO,,2.0,Will Julia Polastri win by KO or TKO? - No,julia-polastri-39425,1,-2400,-4900,+400,-4900,2026-08-24T13:36:37.315667+00:00,2026-08-15T22:05:17.178253+00:00,0.02,O,0,complete
2026-08-24T13:37:40.104753+00:00,8869,2026-08-29,UFC Fight Night: Nurmagomedov vs. Song,ufc,jingnan-xiong-vs-julia-polastri-80594,T2ZmZXJOb2RlOjEwMzY3NzQ4Ng==,T3V0Y29tZU5vZGU6Njc5MTA0MQ==,Polymarket,exchange,DISTANCE,A_4,A_2,Fight goes the distance,Fight ends inside distance,,,Fight to Go the Distance? - No,,1,-3233,-3233,-1900,-4900,2026-08-24T13:36:37.307346+00:00,2026-08-15T22:14:29.991355+00:00,0.02,O,0,complete
2026-08-24T13:37:40.104753+00:00,8869,2026-08-29,UFC Fight Night: Nurmagomedov vs. Song,ufc,meng-ding-vs-cameron-nelson-80702,T2ZmZXJOb2RlOjEwMzY5MDcxOQ==,T3V0Y29tZU5vZGU6NjgwODYwMA==,Novig,exchange,OVERUNDER_2.5,A_4,A_1,Over 2.5 rounds,Under 2.5 rounds,,2.5,Over 2.5,,0,-130,-133,-130,-133,2026-08-24T13:31:06.992009+00:00,2026-08-23T21:31:29.221158+00:00,0.11,O,0,complete
2026-08-24T13:37:40.104753+00:00,8869,2026-08-29,UFC Fight Night: Nurmagomedov vs. Song,ufc,meng-ding-vs-cameron-nelson-80702,T2ZmZXJOb2RlOjEwMzY5MDcxOQ==,T3V0Y29tZU5vZGU6NjgwODYwMQ==,Novig,exchange,OVERUNDER_2.5,A_4,A_1,Over 2.5 rounds,Under 2.5 rounds,,2.5,Under 2.5,,1,-115,-117,+133,-117,2026-08-24T13:31:06.992009+00:00,2026-08-23T21:31:29.221158+00:00,0.11,O,0,complete
2026-08-24T13:37:40.104753+00:00,8869,2026-08-29,UFC Fight Night: Nurmagomedov vs. Song,ufc,meng-ding-vs-cameron-nelson-80702,T2ZmZXJOb2RlOjEwMzY5MDI4NA==,T3V0Y29tZU5vZGU6NjgwNzc4OQ==,Polymarket,exchange,DISTANCE,A_4,A_2,Fight goes the distance,Fight ends inside distance,,,Fight to Go the Distance? - No,,1,-3233,-9900,-1900,-9900,2026-08-24T13:36:37.562973+00:00,2026-08-22T22:09:54.414757+00:00,0.02,O,0,complete
2026-08-24T13:37:40.104753+00:00,8869,2026-08-29,UFC Fight Night: Nurmagomedov vs. Song,ufc,meng-ding-vs-cameron-nelson-80702,T2ZmZXJOb2RlOjEwMzY5MDI5MA==,T3V0Y29tZU5vZGU6NjgwNzgwMA==,Polymarket,exchange,OVERUNDER_1.5,A_4,A_1,Over 1.5 rounds,Under 1.5 rounds,,1.5,Over 1.5,,0,-1900,-9900,-1329,-9900,2026-08-24T13:36:37.583102+00:00,2026-08-22T22:09:54.517817+00:00,0.02,O,0,complete
2026-08-24T13:37:40.104753+00:00,8869,2026-08-29,UFC Fight Night: Nurmagomedov vs. Song,ufc,meng-ding-vs-cameron-nelson-80702,T2ZmZXJOb2RlOjEwMzY5MDI5MA==,T3V0Y29tZU5vZGU6NjgwNzgwMQ==,Polymarket,exchange,OVERUNDER_1.5,A_4,A_1,Over 1.5 rounds,Under 1.5 rounds,,1.5,Under 1.5,,1,-1329,-9900,-1329,-9900,2026-08-24T13:36:37.583102+00:00,2026-08-22T22:09:54.517817+00:00,0.02,O,0,complete
2026-08-24T13:57:07.897184+00:00,9111,2026-08-25,Dana White's Contender Series: Contender Series 2026: Week 3,dwcs,bella-mir-vs-alex-apodaca-80595,T2ZmZXJOb2RlOjEwMzY3NDg0Mg==,T3V0Y29tZU5vZGU6Njc4NzM2Mw==,Polymarket,exchange,END_KO,A_4,A_5,"Fight ends by KO, TKO or DQ","Fight doesn't end by KO, TKO or DQ",,,Will the fight be won by KO or TKO? - No,,1,-3233,-3233,-1900,-4900,2026-08-24T13:51:13.274394+00:00,2026-08-12T22:10:40.657933+00:00,0.1,O,0,complete
2026-08-24T13:57:07.897184+00:00,9111,2026-08-25,Dana White's Contender Series: Contender Series 2026: Week 3,dwcs,mario-piazzon-vs-guilherme-uriel-silva-costa-78018,T2ZmZXJOb2RlOjEwMzY3NDg1NQ==,T3V0Y29tZU5vZGU6Njc4NzM4OA==,Polymarket,exchange,OVERUNDER_0.5,A_4,A_1,Over 0.5 rounds,Under 0.5 rounds,,0.5,Over 0.5,,0,-2400,-3233,+488,-4900,2026-08-24T13:51:13.696007+00:00,2026-08-12T22:10:40.832031+00:00,0.1,O,0,complete
2026-08-24T13:57:07.897184+00:00,8869,2026-08-29,UFC Fight Night: Nurmagomedov vs. Song,ufc,umar-nurmagomedov-vs-yadong-song-79649,T2ZmZXJOb2RlOjEwMzY3NzQxMg==,T3V0Y29tZU5vZGU6Njc5MDg5Mw==,Polymarket,exchange,OVERUNDER_2.5,A_4,A_1,Over 2.5 rounds,Under 2.5 rounds,,2.5,Under 2.5,,1,-1900,-9900,-809,-9900,2026-08-24T13:51:14.441191+00:00,2026-08-15T22:05:12.819808+00:00,0.1,O,0,complete
2026-08-24T13:57:07.897184+00:00,8869,2026-08-29,UFC Fight Night: Nurmagomedov vs. Song,ufc,umar-nurmagomedov-vs-yadong-song-79649,T2ZmZXJOb2RlOjEwMzY3NzQwOA==,T3V0Y29tZU5vZGU6Njc5MDg4NA==,Polymarket,exchange,KO,A_5,A_13,wins by TKO/KO,doesn't win by TKO/KO,,2.0,Will Umar Nurmagomedov win by KO or TKO? - Yes,umar-nurmagomedov-28334,0,-1567,-4900,-525,-4900,2026-08-24T13:51:14.356885+00:00,2026-08-15T22:05:12.495755+00:00,0.1,O,0,complete
2026-08-24T13:57:07.897184+00:00,8869,2026-08-29,UFC Fight Night: Nurmagomedov vs. Song,ufc,umar-nurmagomedov-vs-yadong-song-79649,T2ZmZXJOb2RlOjEwMzY3NzQwNg==,T3V0Y29tZU5vZGU6Njc5MDg4MA==,Polymarket,exchange,END_KO,A_4,A_5,"Fight ends by KO, TKO or DQ","Fight doesn't end by KO, TKO or DQ",,,Will the fight be won by KO or TKO? - Yes,,0,-3233,-4900,-1567,-4900,2026-08-24T13:51:14.332965+00:00,2026-08-15T22:05:12.341441+00:00,0.1,O,0,complete
2026-08-24T13:57:07.897184+00:00,8869,2026-08-29,UFC Fight Night: Nurmagomedov vs. Song,ufc,xiaonan-yan-vs-denise-gomes-79865,T2ZmZXJOb2RlOjEwMzY3NzQyMg==,T3V0Y29tZU5vZGU6Njc5MDkxMw==,Polymarket,exchange,OVERUNDER_1.5,A_4,A_1,Over 1.5 rounds,Under 1.5 rounds,,1.5,Under 1.5,,1,-1567,-9900,-567,-9900,2026-08-24T13:51:14.545266+00:00,2026-08-15T22:05:13.386909+00:00,0.1,O,0,complete
2026-08-24T13:57:07.897184+00:00,8869,2026-08-29,UFC Fight Night: Nurmagomedov vs. Song,ufc,kai-asakura-vs-qileng-aori-80038,T2ZmZXJOb2RlOjEwMzY3NzQzMQ==,T3V0Y29tZU5vZGU6Njc5MDkzMQ==,Polymarket,exchange,OVERUNDER_1.5,A_4,A_1,Over 1.5 rounds,Under 1.5 rounds,,1.5,Under 1.5,,1,-1567,-9900,-1329,-9900,2026-08-24T13:51:14.655621+00:00,2026-08-15T22:05:13.989996+00:00,0.1,O,0,complete
2026-08-24T13:57:07.897184+00:00,8869,2026-08-29,UFC Fight Night: Nurmagomedov vs. Song,ufc,alex-perez-vs-su-mudaerji-79689,T2ZmZXJOb2RlOjEwMzY3NzQ3Nw==,T3V0Y29tZU5vZGU6Njc5MTAyMw==,Polymarket,exchange,DISTANCE,A_4,A_2,Fight goes the distance,Fight ends inside distance,,,Fight to Go the Distance? - No,,1,-1900,-3233,-1900,-4900,2026-08-24T13:51:14.693216+00:00,2026-08-15T22:14:29.855079+00:00,0.1,O,0,complete
2026-08-24T13:57:07.897184+00:00,8869,2026-08-29,UFC Fight Night: Nurmagomedov vs. Song,ufc,alex-perez-vs-su-mudaerji-79689,T2ZmZXJOb2RlOjEwMzY3NzQzOQ==,T3V0Y29tZU5vZGU6Njc5MDk0Nw==,Polymarket,exchange,OVERUNDER_1.5,A_4,A_1,Over 1.5 rounds,Under 1.5 rounds,,1.5,Under 1.5,,1,-614,-9900,-567,-9900,2026-08-24T13:51:14.762794+00:00,2026-08-15T22:05:14.548928+00:00,0.1,O,0,complete
2026-08-24T13:57:07.897184+00:00,8869,2026-08-29,UFC Fight Night: Nurmagomedov vs. Song,ufc,alex-perez-vs-su-mudaerji-79689,T2ZmZXJOb2RlOjEwMzY3NzQzOA==,T3V0Y29tZU5vZGU6Njc5MDk0NQ==,Polymarket,exchange,OVERUNDER_0.5,A_4,A_1,Over 0.5 rounds,Under 0.5 rounds,,0.5,Under 0.5,,1,-567,-4900,-488,-4900,2026-08-24T13:51:14.755866+00:00,2026-08-15T22:05:14.479760+00:00,0.1,O,0,complete
2026-08-24T13:57:07.897184+00:00,8869,2026-08-29,UFC Fight Night: Nurmagomedov vs. Song,ufc,bilal-hasan-vs-nilson-rojas-80821,T2ZmZXJOb2RlOjEwMzY4ODkwMg==,T3V0Y29tZU5vZGU6NjgwNTkyOA==,Polymarket,exchange,OVERUNDER_2.5,A_4,A_1,Over 2.5 rounds,Under 2.5 rounds,,2.5,Over 2.5,,0,-1900,-9900,-733,-9900,2026-08-24T13:51:15.953217+00:00,2026-08-21T22:04:29.868708+00:00,0.1,O,0,complete
2026-08-24T13:57:07.897184+00:00,8869,2026-08-29,UFC Fight Night: Nurmagomedov vs. Song,ufc,bilal-hasan-vs-nilson-rojas-80821,T2ZmZXJOb2RlOjEwMzY4ODkwMg==,T3V0Y29tZU5vZGU6NjgwNTkyOQ==,Polymarket,exchange,OVERUNDER_2.5,A_4,A_1,Over 2.5 rounds,Under 2.5 rounds,,2.5,Under 2.5,,1,-1900,-9900,-1329,-9900,2026-08-24T13:51:15.953217+00:00,2026-08-21T22:04:29.868708+00:00,0.1,O,0,complete
2026-08-24T13:57:07.897184+00:00,8869,2026-08-29,UFC Fight Night: Nurmagomedov vs. Song,ufc,bilal-hasan-vs-nilson-rojas-80821,T2ZmZXJOb2RlOjEwMzY4ODg5Ng==,T3V0Y29tZU5vZGU6NjgwNTkxNg==,Polymarket,exchange,DISTANCE,A_4,A_2,Fight goes the distance,Fight ends inside distance,,,Fight to Go the Distance? - Yes,,0,-1900,-2400,-1567,-2400,2026-08-24T13:51:15.847241+00:00,2026-08-21T22:04:29.640698+00:00,0.1,O,0,complete
2026-08-24T13:57:07.897184+00:00,8869,2026-08-29,UFC Fight Night: Nurmagomedov vs. Song,ufc,andre-lima-vs-namsrai-batbayar-80336,T2ZmZXJOb2RlOjEwMzY3NzQ1NQ==,T3V0Y29tZU5vZGU6Njc5MDk3OQ==,Polymarket,exchange,OVERUNDER_1.5,A_4,A_1,Over 1.5 rounds,Under 1.5 rounds,,1.5,Under 1.5,,1,-1329,-9900,-1329,-9900,2026-08-24T13:51:14.996539+00:00,2026-08-15T22:05:15.733113+00:00,0.1,O,0,complete
2026-08-24T13:57:07.897184+00:00,8869,2026-08-29,UFC Fight Night: Nurmagomedov vs. Song,ufc,andre-lima-vs-namsrai-batbayar-80336,T2ZmZXJOb2RlOjEwMzY3NzQ1NA==,T3V0Y29tZU5vZGU6Njc5MDk3Nw==,Polymarket,exchange,OVERUNDER_0.5,A_4,A_1,Over 0.5 rounds,Under 0.5 rounds,,0.5,Under 0.5,,1,-1329,-4900,-1329,-4900,2026-08-24T13:51:14.986141+00:00,2026-08-15T22:05:15.663917+00:00,0.1,O,0,complete
2026-08-24T13:57:07.897184+00:00,8869,2026-08-29,UFC Fight Night: Nurmagomedov vs. Song,ufc,rei-tsuruya-vs-kevin-borjas-79779,T2ZmZXJOb2RlOjEwMzY3NzQ4Mw==,T3V0Y29tZU5vZGU6Njc5MTAzNQ==,Polymarket,exchange,DISTANCE,A_4,A_2,Fight goes the distance,Fight ends inside distance,,,Fight to Go the Distance? - No,,1,-3233,-3233,-1900,-9900,2026-08-24T13:51:15.124729+00:00,2026-08-15T22:14:29.936510+00:00,0.1,O,0,complete
2026-08-24T13:57:07.897184+00:00,8869,2026-08-29,UFC Fight Night: Nurmagomedov vs. Song,ufc,rei-tsuruya-vs-kevin-borjas-79779,T2ZmZXJOb2RlOjEwMzY3NzQ4NA==,T3V0Y29tZU5vZGU6Njc5MTAzNg==,Polymarket,exchange,OVERUNDER_1.5,A_4,A_1,Over 1.5 rounds,Under 1.5 rounds,,1.5,Over 1.5,,0,-1900,-3233,-1329,-4900,2026-08-24T13:51:15.190031+00:00,2026-08-15T22:14:29.954523+00:00,0.1,O,0,complete
2026-08-24T13:57:07.897184+00:00,8869,2026-08-29,UFC Fight Night: Nurmagomedov vs. Song,ufc,jack-jenkins-vs-sean-woodson-80520,T2ZmZXJOb2RlOjEwMzY3NzQ4MQ==,T3V0Y29tZU5vZGU6Njc5MTAzMQ==,Polymarket,exchange,OVERUNDER_1.5,A_4,A_1,Over 1.5 rounds,Under 1.5 rounds,,1.5,Under 1.5,,1,-1900,-3233,-669,-4900,2026-08-24T13:51:15.099127+00:00,2026-08-15T22:14:29.902691+00:00,0.1,O,0,complete
2026-08-24T13:57:07.897184+00:00,8869,2026-08-29,UFC Fight Night: Nurmagomedov vs. Song,ufc,lawrence-lui-vs-hector-santiago-80953,T2ZmZXJOb2RlOjEwMzY5MDI4MQ==,T3V0Y29tZU5vZGU6NjgwNzc4Mg==,Polymarket,exchange,OVERUNDER_1.5,A_4,A_1,Over 1.5 rounds,Under 1.5 rounds,,1.5,Over 1.5,,0,-1567,-9900,-1150,-9900,2026-08-24T13:51:16.047735+00:00,2026-08-22T22:09:54.368043+00:00,0.1,O,0,complete
2026-08-24T13:57:07.897184+00:00,8869,2026-08-29,UFC Fight Night: Nurmagomedov vs. Song,ufc,lawrence-lui-vs-hector-santiago-80953,T2ZmZXJOb2RlOjEwMzY5MDI4MA==,T3V0Y29tZU5vZGU6NjgwNzc4MA==,Polymarket,exchange,OVERUNDER_0.5,A_4,A_1,Over 0.5 rounds,Under 0.5 rounds,,0.5,Over 0.5,,0,-1567,-4900,-1150,-4900,2026-08-24T13:51:16.034839+00:00,2026-08-22T22:09:54.353475+00:00,0.1,O,0,complete
2026-08-24T13:57:07.897184+00:00,8869,2026-08-29,UFC Fight Night: Nurmagomedov vs. Song,ufc,jingnan-xiong-vs-julia-polastri-80594,T2ZmZXJOb2RlOjEwMzY3NzQ4Nw==,T3V0Y29tZU5vZGU6Njc5MTA0Mg==,Polymarket,exchange,OVERUNDER_1.5,A_4,A_1,Over 1.5 rounds,Under 1.5 rounds,,1.5,Over 1.5,,0,-1567,-3233,-1329,-4900,2026-08-24T13:51:15.270839+00:00,2026-08-15T22:14:30.009371+00:00,0.1,O,0,complete
2026-08-24T13:57:07.897184+00:00,8869,2026-08-29,UFC Fight Night: Nurmagomedov vs. Song,ufc,jingnan-xiong-vs-julia-polastri-80594,T2ZmZXJOb2RlOjEwMzY3NzQ3Mg==,T3V0Y29tZU5vZGU6Njc5MTAxMg==,Polymarket,exchange,KO,A_5,A_13,wins by TKO/KO,doesn't win by TKO/KO,,2.0,Will Julia Polastri win by KO or TKO? - Yes,julia-polastri-39425,0,-1329,-4900,-525,-4900,2026-08-24T13:51:15.242244+00:00,2026-08-15T22:05:17.178253+00:00,0.1,O,0,complete
2026-08-24T13:57:07.897184+00:00,8869,2026-08-29,UFC Fight Night: Nurmagomedov vs. Song,ufc,jingnan-xiong-vs-julia-polastri-80594,T2ZmZXJOb2RlOjEwMzY3NzQ3Mg==,T3V0Y29tZU5vZGU6Njc5MTAxMw==,Polymarket,exchange,KO,A_5,A_13,wins by TKO/KO,doesn't win by TKO/KO,,2.0,Will Julia Polastri win by KO or TKO? - No,julia-polastri-39425,1,-1900,-4900,+400,-4900,2026-08-24T13:51:15.242244+00:00,2026-08-15T22:05:17.178253+00:00,0.1,O,0,complete
2026-08-24T13:57:07.897184+00:00,8869,2026-08-29,UFC Fight Night: Nurmagomedov vs. Song,ufc,jingnan-xiong-vs-julia-polastri-80594,T2ZmZXJOb2RlOjEwMzY3NzQ4Ng==,T3V0Y29tZU5vZGU6Njc5MTA0MA==,Polymarket,exchange,DISTANCE,A_4,A_2,Fight goes the distance,Fight ends inside distance,,,Fight to Go the Distance? - Yes,,0,-3233,-3233,-1900,-4900,2026-08-24T13:51:15.212283+00:00,2026-08-15T22:14:29.991355+00:00,0.1,O,0,complete
2026-08-24T13:57:07.897184+00:00,8869,2026-08-29,UFC Fight Night: Nurmagomedov vs. Song,ufc,jingnan-xiong-vs-julia-polastri-80594,T2ZmZXJOb2RlOjEwMzY3NzQ4Ng==,T3V0Y29tZU5vZGU6Njc5MTA0MQ==,Polymarket,exchange,DISTANCE,A_4,A_2,Fight goes the distance,Fight ends inside distance,,,Fight to Go the Distance? - No,,1,-1900,-3233,-1900,-4900,2026-08-24T13:51:15.212283+00:00,2026-08-15T22:14:29.991355+00:00,0.1,O,0,complete
2026-08-24T13:57:07.897184+00:00,8869,2026-08-29,UFC Fight Night: Nurmagomedov vs. Song,ufc,meng-ding-vs-cameron-nelson-80702,T2ZmZXJOb2RlOjEwMzY5MDI4NA==,T3V0Y29tZU5vZGU6NjgwNzc4OQ==,Polymarket,exchange,DISTANCE,A_4,A_2,Fight goes the distance,Fight ends inside distance,,,Fight to Go the Distance? - No,,1,-1900,-9900,-1900,-9900,2026-08-24T13:51:16.078711+00:00,2026-08-22T22:09:54.414757+00:00,0.1,O,0,complete
2026-08-24T13:57:07.897184+00:00,8869,2026-08-29,UFC Fight Night: Nurmagomedov vs. Song,ufc,meng-ding-vs-cameron-nelson-80702,T2ZmZXJOb2RlOjEwMzY5MDI5MA==,T3V0Y29tZU5vZGU6NjgwNzgwMQ==,Polymarket,exchange,OVERUNDER_1.5,A_4,A_1,Over 1.5 rounds,Under 1.5 rounds,,1.5,Under 1.5,,1,-1900,-9900,-1329,-9900,2026-08-24T13:51:16.139760+00:00,2026-08-22T22:09:54.517817+00:00,0.1,O,0,complete
2026-08-24T13:57:07.897184+00:00,8869,2026-08-29,UFC Fight Night: Nurmagomedov vs. Song,ufc,meng-ding-vs-cameron-nelson-80702,T2ZmZXJOb2RlOjEwMzY5MDI4OQ==,T3V0Y29tZU5vZGU6NjgwNzc5OQ==,Polymarket,exchange,OVERUNDER_0.5,A_4,A_1,Over 0.5 rounds,Under 0.5 rounds,,0.5,Under 0.5,,1,-1567,-4900,-1567,-4900,2026-08-24T13:51:16.130227+00:00,2026-08-22T22:09:54.496751+00:00,0.1,O,0,complete
2026-08-24T14:06:53.468410+00:00,9111,2026-08-25,Dana White's Contender Series: Contender Series 2026: Week 3,dwcs,mario-piazzon-vs-guilherme-uriel-silva-costa-78018,T2ZmZXJOb2RlOjEwMzY3NDg1NQ==,T3V0Y29tZU5vZGU6Njc4NzM4OA==,Polymarket,exchange,OVERUNDER_0.5,A_4,A_1,Over 0.5 rounds,Under 0.5 rounds,,0.5,Over 0.5,,0,-1567,-3233,+488,-4900,2026-08-24T14:05:37.618063+00:00,2026-08-12T22:10:40.832031+00:00,0.02,O,0,complete
2026-08-24T14:06:53.468410+00:00,9111,2026-08-25,Dana White's Contender Series: Contender Series 2026: Week 3,dwcs,sean-clancy-jr-vs-gary-balletto-jr-79266,T2ZmZXJOb2RlOjEwMzY3NDg2NA==,T3V0Y29tZU5vZGU6Njc4NzQwNg==,Polymarket,exchange,OVERUNDER_0.5,A_4,A_1,Over 0.5 rounds,Under 0.5 rounds,,0.5,Over 0.5,,0,-2400,-4900,+900,-4900,2026-08-24T14:05:37.727214+00:00,2026-08-12T22:10:40.958830+00:00,0.02,O,0,complete
2026-08-24T14:06:53.468410+00:00,8869,2026-08-29,UFC Fight Night: Nurmagomedov vs. Song,ufc,umar-nurmagomedov-vs-yadong-song-79649,T2ZmZXJOb2RlOjEwMzY3NzQwOA==,T3V0Y29tZU5vZGU6Njc5MDg4NA==,Polymarket,exchange,KO,A_5,A_13,wins by TKO/KO,doesn't win by TKO/KO,,2.0,Will Umar Nurmagomedov win by KO or TKO? - Yes,umar-nurmagomedov-28334,0,-1011,-4900,-525,-4900,2026-08-24T13:59:43.330842+00:00,2026-08-15T22:05:12.495755+00:00,0.12,O,0,complete
2026-08-24T14:06:53.468410+00:00,8869,2026-08-29,UFC Fight Night: Nurmagomedov vs. Song,ufc,xiaonan-yan-vs-denise-gomes-79865,T2ZmZXJOb2RlOjEwMzY3NzQyMg==,T3V0Y29tZU5vZGU6Njc5MDkxMg==,Polymarket,exchange,OVERUNDER_1.5,A_4,A_1,Over 1.5 rounds,Under 1.5 rounds,,1.5,Over 1.5,,0,-1150,-9900,-1150,-9900,2026-08-24T14:05:38.314515+00:00,2026-08-15T22:05:13.386909+00:00,0.02,O,0,complete
2026-08-24T14:06:53.468410+00:00,8869,2026-08-29,UFC Fight Night: Nurmagomedov vs. Song,ufc,xiaonan-yan-vs-denise-gomes-79865,T2ZmZXJOb2RlOjEwMzY3NzQxNg==,T3V0Y29tZU5vZGU6Njc5MDkwMQ==,Polymarket,exchange,DISTANCE,A_4,A_2,Fight goes the distance,Fight ends inside distance,,,Fight to Go the Distance? - No,,1,-1900,-9900,-1900,-9900,2026-08-24T14:05:38.237647+00:00,2026-08-15T22:05:13.103284+00:00,0.02,O,0,complete
2026-08-24T14:06:53.468410+00:00,8869,2026-08-29,UFC Fight Night: Nurmagomedov vs. Song,ufc,kai-asakura-vs-qileng-aori-80038,T2ZmZXJOb2RlOjEwMzY3NzQzMA==,T3V0Y29tZU5vZGU6Njc5MDkyOA==,Polymarket,exchange,OVERUNDER_0.5,A_4,A_1,Over 0.5 rounds,Under 0.5 rounds,,0.5,Over 0.5,,0,-1150,-4900,-1150,-4900,2026-08-24T14:05:38.453849+00:00,2026-08-15T22:05:13.902928+00:00,0.02,O,0,complete
2026-08-24T14:06:53.468410+00:00,8869,2026-08-29,UFC Fight Night: Nurmagomedov vs. Song,ufc,kai-asakura-vs-qileng-aori-80038,T2ZmZXJOb2RlOjEwMzY3NzQzMA==,T3V0Y29tZU5vZGU6Njc5MDkyOQ==,Polymarket,exchange,OVERUNDER_0.5,A_4,A_1,Over 0.5 rounds,Under 0.5 rounds,,0.5,Under 0.5,,1,-1567,-4900,-1329,-4900,2026-08-24T14:05:38.453849+00:00,2026-08-15T22:05:13.902928+00:00,0.02,O,0,complete
2026-08-24T14:06:53.468410+00:00,8869,2026-08-29,UFC Fight Night: Nurmagomedov vs. Song,ufc,kai-asakura-vs-qileng-aori-80038,T2ZmZXJOb2RlOjEwMzY3NzQzMQ==,T3V0Y29tZU5vZGU6Njc5MDkzMA==,Polymarket,exchange,OVERUNDER_1.5,A_4,A_1,Over 1.5 rounds,Under 1.5 rounds,,1.5,Over 1.5,,0,-1150,-9900,-1150,-9900,2026-08-24T14:05:38.474378+00:00,2026-08-15T22:05:13.989996+00:00,0.02,O,0,complete
2026-08-24T14:06:53.468410+00:00,8869,2026-08-29,UFC Fight Night: Nurmagomedov vs. Song,ufc,alex-perez-vs-su-mudaerji-79689,T2ZmZXJOb2RlOjEwMzY3NzQzOQ==,T3V0Y29tZU5vZGU6Njc5MDk0Nw==,Polymarket,exchange,OVERUNDER_1.5,A_4,A_1,Over 1.5 rounds,Under 1.5 rounds,,1.5,Under 1.5,,1,-567,-9900,-567,-9900,2026-08-24T14:05:38.642372+00:00,2026-08-15T22:05:14.548928+00:00,0.02,O,0,complete
2026-08-24T14:06:53.468410+00:00,8869,2026-08-29,UFC Fight Night: Nurmagomedov vs. Song,ufc,alex-perez-vs-su-mudaerji-79689,T2ZmZXJOb2RlOjEwMzY3NzQzOA==,T3V0Y29tZU5vZGU6Njc5MDk0NQ==,Polymarket,exchange,OVERUNDER_0.5,A_4,A_1,Over 0.5 rounds,Under 0.5 rounds,,0.5,Under 0.5,,1,-525,-4900,-488,-4900,2026-08-24T14:05:38.627935+00:00,2026-08-15T22:05:14.479760+00:00,0.02,O,0,complete
2026-08-24T14:06:53.468410+00:00,8869,2026-08-29,UFC Fight Night: Nurmagomedov vs. Song,ufc,bilal-hasan-vs-nilson-rojas-80821,T2ZmZXJOb2RlOjEwMzY4ODkwMg==,T3V0Y29tZU5vZGU6NjgwNTkyOQ==,Polymarket,exchange,OVERUNDER_2.5,A_4,A_1,Over 2.5 rounds,Under 2.5 rounds,,2.5,Under 2.5,,1,-1567,-9900,-1329,-9900,2026-08-24T14:05:39.783924+00:00,2026-08-21T22:04:29.868708+00:00,0.02,O,0,complete
2026-08-24T14:06:53.468410+00:00,8869,2026-08-29,UFC Fight Night: Nurmagomedov vs. Song,ufc,bilal-hasan-vs-nilson-rojas-80821,T2ZmZXJOb2RlOjEwMzY4ODkwMQ==,T3V0Y29tZU5vZGU6NjgwNTkyNg==,Polymarket,exchange,OVERUNDER_0.5,A_4,A_1,Over 0.5 rounds,Under 0.5 rounds,,0.5,Over 0.5,,0,-1329,-4900,-1329,-4900,2026-08-24T14:05:39.776834+00:00,2026-08-21T22:04:29.816012+00:00,0.02,O,0,complete
2026-08-24T14:06:53.468410+00:00,8869,2026-08-29,UFC Fight Night: Nurmagomedov vs. Song,ufc,bilal-hasan-vs-nilson-rojas-80821,T2ZmZXJOb2RlOjEwMzY4ODg5Ng==,T3V0Y29tZU5vZGU6NjgwNTkxNw==,Polymarket,exchange,DISTANCE,A_4,A_2,Fight goes the distance,Fight ends inside distance,,,Fight to Go the Distance? - No,,1,-1900,-9900,-1900,-9900,2026-08-24T14:05:39.721446+00:00,2026-08-21T22:04:29.640698+00:00,0.02,O,0,complete
2026-08-24T14:06:53.468410+00:00,8869,2026-08-29,UFC Fight Night: Nurmagomedov vs. Song,ufc,andre-lima-vs-namsrai-batbayar-80336,T2ZmZXJOb2RlOjEwMzY3NzQ1NQ==,T3V0Y29tZU5vZGU6Njc5MDk3OQ==,Polymarket,exchange,OVERUNDER_1.5,A_4,A_1,Over 1.5 rounds,Under 1.5 rounds,,1.5,Under 1.5,,1,-1567,-9900,-1329,-9900,2026-08-24T14:05:38.971912+00:00,2026-08-15T22:05:15.733113+00:00,0.02,O,0,complete
2026-08-24T14:06:53.468410+00:00,8869,2026-08-29,UFC Fight Night: Nurmagomedov vs. Song,ufc,andre-lima-vs-namsrai-batbayar-80336,T2ZmZXJOb2RlOjEwMzY3NzQ1NA==,T3V0Y29tZU5vZGU6Njc5MDk3Nw==,Polymarket,exchange,OVERUNDER_0.5,A_4,A_1,Over 0.5 rounds,Under 0.5 rounds,,0.5,Under 0.5,,1,-1567,-4900,-1329,-4900,2026-08-24T14:05:38.948034+00:00,2026-08-15T22:05:15.663917+00:00,0.02,O,0,complete
2026-08-24T14:06:53.468410+00:00,8869,2026-08-29,UFC Fight Night: Nurmagomedov vs. Song,ufc,andre-lima-vs-namsrai-batbayar-80336,T2ZmZXJOb2RlOjEwMzY3NzQ3OQ==,T3V0Y29tZU5vZGU6Njc5MTAyNw==,Polymarket,exchange,DISTANCE,A_4,A_2,Fight goes the distance,Fight ends inside distance,,,Fight to Go the Distance? - No,,1,-1900,-3233,-1900,-4900,2026-08-24T14:05:38.887331+00:00,2026-08-15T22:14:29.879254+00:00,0.02,O,0,complete
2026-08-24T14:06:53.468410+00:00,8869,2026-08-29,UFC Fight Night: Nurmagomedov vs. Song,ufc,rei-tsuruya-vs-kevin-borjas-79779,T2ZmZXJOb2RlOjEwMzY3NzQ4Mw==,T3V0Y29tZU5vZGU6Njc5MTAzNA==,Polymarket,exchange,DISTANCE,A_4,A_2,Fight goes the distance,Fight ends inside distance,,,Fight to Go the Distance? - Yes,,0,-1900,-3233,-1900,-9900,2026-08-24T14:05:39.136755+00:00,2026-08-15T22:14:29.936510+00:00,0.02,O,0,complete
2026-08-24T14:06:53.468410+00:00,8869,2026-08-29,UFC Fight Night: Nurmagomedov vs. Song,ufc,rei-tsuruya-vs-kevin-borjas-79779,T2ZmZXJOb2RlOjEwMzY3NzQ4NA==,T3V0Y29tZU5vZGU6Njc5MTAzNw==,Polymarket,exchange,OVERUNDER_1.5,A_4,A_1,Over 1.5 rounds,Under 1.5 rounds,,1.5,Under 1.5,,1,-1329,-3233,-1329,-4900,2026-08-24T14:05:39.236330+00:00,2026-08-15T22:14:29.954523+00:00,0.02,O,0,complete
2026-08-24T14:06:53.468410+00:00,8869,2026-08-29,UFC Fight Night: Nurmagomedov vs. Song,ufc,rei-tsuruya-vs-kevin-borjas-79779,T2ZmZXJOb2RlOjEwMzY3NzQ2OA==,T3V0Y29tZU5vZGU6Njc5MTAwNA==,Polymarket,exchange,OVERUNDER_0.5,A_4,A_1,Over 0.5 rounds,Under 0.5 rounds,,0.5,Over 0.5,,0,-1567,-4900,-1329,-4900,2026-08-24T14:05:39.181424+00:00,2026-08-15T22:05:16.711086+00:00,0.02,O,0,complete
2026-08-24T14:06:53.468410+00:00,8869,2026-08-29,UFC Fight Night: Nurmagomedov vs. Song,ufc,jack-jenkins-vs-sean-woodson-80520,T2ZmZXJOb2RlOjEwMzY3NzQ4MQ==,T3V0Y29tZU5vZGU6Njc5MTAzMA==,Polymarket,exchange,OVERUNDER_1.5,A_4,A_1,Over 1.5 rounds,Under 1.5 rounds,,1.5,Over 1.5,,0,-1329,-3233,-1329,-3233,2026-08-24T14:05:39.096234+00:00,2026-08-15T22:14:29.902691+00:00,0.02,O,0,complete
2026-08-24T14:06:53.468410+00:00,8869,2026-08-29,UFC Fight Night: Nurmagomedov vs. Song,ufc,jack-jenkins-vs-sean-woodson-80520,T2ZmZXJOb2RlOjEwMzY3NzQ2Mg==,T3V0Y29tZU5vZGU6Njc5MDk5Mw==,Polymarket,exchange,OVERUNDER_0.5,A_4,A_1,Over 0.5 rounds,Under 0.5 rounds,,0.5,Under 0.5,,1,-1329,-4900,-809,-4900,2026-08-24T14:05:39.089003+00:00,2026-08-15T22:05:16.216556+00:00,0.02,O,0,complete
2026-08-24T14:06:53.468410+00:00,8869,2026-08-29,UFC Fight Night: Nurmagomedov vs. Song,ufc,lawrence-lui-vs-hector-santiago-80953,T2ZmZXJOb2RlOjEwMzY5MDI4MQ==,T3V0Y29tZU5vZGU6NjgwNzc4Mw==,Polymarket,exchange,OVERUNDER_1.5,A_4,A_1,Over 1.5 rounds,Under 1.5 rounds,,1.5,Under 1.5,,1,-1329,-9900,-1329,-9900,2026-08-24T14:05:39.820880+00:00,2026-08-22T22:09:54.368043+00:00,0.02,O,0,complete
2026-08-24T14:06:53.468410+00:00,8869,2026-08-29,UFC Fight Night: Nurmagomedov vs. Song,ufc,lawrence-lui-vs-hector-santiago-80953,T2ZmZXJOb2RlOjEwMzY5MDI4MA==,T3V0Y29tZU5vZGU6NjgwNzc4MA==,Polymarket,exchange,OVERUNDER_0.5,A_4,A_1,Over 0.5 rounds,Under 0.5 rounds,,0.5,Over 0.5,,0,-1150,-4900,-1150,-4900,2026-08-24T14:05:39.816511+00:00,2026-08-22T22:09:54.353475+00:00,0.02,O,0,complete
2026-08-24T14:06:53.468410+00:00,8869,2026-08-29,UFC Fight Night: Nurmagomedov vs. Song,ufc,lawrence-lui-vs-hector-santiago-80953,T2ZmZXJOb2RlOjEwMzY5MDI4MA==,T3V0Y29tZU5vZGU6NjgwNzc4MQ==,Polymarket,exchange,OVERUNDER_0.5,A_4,A_1,Over 0.5 rounds,Under 0.5 rounds,,0.5,Under 0.5,,1,-1567,-4900,-1329,-4900,2026-08-24T14:05:39.816511+00:00,2026-08-22T22:09:54.353475+00:00,0.02,O,0,complete
2026-08-24T14:06:53.468410+00:00,8869,2026-08-29,UFC Fight Night: Nurmagomedov vs. Song,ufc,jingnan-xiong-vs-julia-polastri-80594,T2ZmZXJOb2RlOjEwMzY3NzQ4OA==,T3V0Y29tZU5vZGU6Njc5MTA0NQ==,Polymarket,exchange,OVERUNDER_2.5,A_4,A_1,Over 2.5 rounds,Under 2.5 rounds,,2.5,Under 2.5,,1,-1329,-3233,+133,-4900,2026-08-24T14:05:39.380370+00:00,2026-08-15T22:14:30.023649+00:00,0.02,O,0,complete
2026-08-24T14:06:53.468410+00:00,8869,2026-08-29,UFC Fight Night: Nurmagomedov vs. Song,ufc,jingnan-xiong-vs-julia-polastri-80594,T2ZmZXJOb2RlOjEwMzY3NzQ4Nw==,T3V0Y29tZU5vZGU6Njc5MTA0Mw==,Polymarket,exchange,OVERUNDER_1.5,A_4,A_1,Over 1.5 rounds,Under 1.5 rounds,,1.5,Under 1.5,,1,-1567,-3233,-900,-4900,2026-08-24T14:05:39.375359+00:00,2026-08-15T22:14:30.009371+00:00,0.02,O,0,complete
2026-08-24T14:06:53.468410+00:00,8869,2026-08-29,UFC Fight Night: Nurmagomedov vs. Song,ufc,jingnan-xiong-vs-julia-polastri-80594,T2ZmZXJOb2RlOjEwMzY3NzQ3Mg==,T3V0Y29tZU5vZGU6Njc5MTAxMg==,Polymarket,exchange,KO,A_5,A_13,wins by TKO/KO,doesn't win by TKO/KO,,2.0,Will Julia Polastri win by KO or TKO? - Yes,julia-polastri-39425,0,-1567,-4900,-525,-4900,2026-08-24T14:05:39.359100+00:00,2026-08-15T22:05:17.178253+00:00,0.02,O,0,complete
2026-08-24T14:06:53.468410+00:00,8869,2026-08-29,UFC Fight Night: Nurmagomedov vs. Song,ufc,jingnan-xiong-vs-julia-polastri-80594,T2ZmZXJOb2RlOjEwMzY3NzQ4Ng==,T3V0Y29tZU5vZGU6Njc5MTA0MA==,Polymarket,exchange,DISTANCE,A_4,A_2,Fight goes the distance,Fight ends inside distance,,,Fight to Go the Distance? - Yes,,0,-1900,-3233,-1900,-4900,2026-08-24T14:05:39.332332+00:00,2026-08-15T22:14:29.991355+00:00,0.02,O,0,complete
2026-08-24T14:06:53.468410+00:00,8869,2026-08-29,UFC Fight Night: Nurmagomedov vs. Song,ufc,meng-ding-vs-cameron-nelson-80702,T2ZmZXJOb2RlOjEwMzY5MDI4NA==,T3V0Y29tZU5vZGU6NjgwNzc4OA==,Polymarket,exchange,DISTANCE,A_4,A_2,Fight goes the distance,Fight ends inside distance,,,Fight to Go the Distance? - Yes,,0,-1567,-2400,-1567,-2400,2026-08-24T14:05:39.832609+00:00,2026-08-22T22:09:54.414757+00:00,0.02,O,0,complete
2026-08-24T14:06:53.468410+00:00,8869,2026-08-29,UFC Fight Night: Nurmagomedov vs. Song,ufc,meng-ding-vs-cameron-nelson-80702,T2ZmZXJOb2RlOjEwMzY5MDI4NA==,T3V0Y29tZU5vZGU6NjgwNzc4OQ==,Polymarket,exchange,DISTANCE,A_4,A_2,Fight goes the distance,Fight ends inside distance,,,Fight to Go the Distance? - No,,1,-3233,-9900,-1900,-9900,2026-08-24T14:05:39.832609+00:00,2026-08-22T22:09:54.414757+00:00,0.02,O,0,complete
2026-08-24T14:06:53.468410+00:00,8869,2026-08-29,UFC Fight Night: Nurmagomedov vs. Song,ufc,meng-ding-vs-cameron-nelson-80702,T2ZmZXJOb2RlOjEwMzY5MDI5MA==,T3V0Y29tZU5vZGU6NjgwNzgwMQ==,Polymarket,exchange,OVERUNDER_1.5,A_4,A_1,Over 1.5 rounds,Under 1.5 rounds,,1.5,Under 1.5,,1,-1329,-9900,-1329,-9900,2026-08-24T14:05:39.855369+00:00,2026-08-22T22:09:54.517817+00:00,0.02,O,0,complete
2026-08-24T14:06:53.468410+00:00,8869,2026-08-29,UFC Fight Night: Nurmagomedov vs. Song,ufc,meng-ding-vs-cameron-nelson-80702,T2ZmZXJOb2RlOjEwMzY5MDI4OQ==,T3V0Y29tZU5vZGU6NjgwNzc5OA==,Polymarket,exchange,OVERUNDER_0.5,A_4,A_1,Over 0.5 rounds,Under 0.5 rounds,,0.5,Over 0.5,,0,-1329,-4900,-1329,-4900,2026-08-24T14:05:39.851291+00:00,2026-08-22T22:09:54.496751+00:00,0.02,O,0,complete
2026-08-24T14:06:53.468410+00:00,8869,2026-08-29,UFC Fight Night: Nurmagomedov vs. Song,ufc,meng-ding-vs-cameron-nelson-80702,T2ZmZXJOb2RlOjEwMzY5MDI4OQ==,T3V0Y29tZU5vZGU6NjgwNzc5OQ==,Polymarket,exchange,OVERUNDER_0.5,A_4,A_1,Over 0.5 rounds,Under 0.5 rounds,,0.5,Under 0.5,,1,-1900,-4900,-1329,-4900,2026-08-24T14:05:39.851291+00:00,2026-08-22T22:09:54.496751+00:00,0.02,O,0,complete
2026-08-24T14:16:39.693164+00:00,8869,2026-08-29,UFC Fight Night: Nurmagomedov vs. Song,ufc,umar-nurmagomedov-vs-yadong-song-79649,T2ZmZXJOb2RlOjEwMzY5MDg5NA==,T3V0Y29tZU5vZGU6NjgwODk0Mw==,Bookmaker,sportsbook,OVERUNDER_4.5,A_4,A_1,Over 4.5 rounds,Under 4.5 rounds,,4.5,Over 4.5,,0,-220,-220,-220,-220,2026-08-24T14:15:54.490369+00:00,2026-08-24T14:15:54.154628+00:00,0.01,O,0,complete
2026-08-24T14:16:39.693164+00:00,8869,2026-08-29,UFC Fight Night: Nurmagomedov vs. Song,ufc,umar-nurmagomedov-vs-yadong-song-79649,T2ZmZXJOb2RlOjEwMzY5MDg5NA==,T3V0Y29tZU5vZGU6NjgwODk0NA==,Bookmaker,sportsbook,OVERUNDER_4.5,A_4,A_1,Over 4.5 rounds,Under 4.5 rounds,,4.5,Under 4.5,,1,+184,+184,+184,+184,2026-08-24T14:15:54.490369+00:00,2026-08-24T14:15:54.154628+00:00,0.01,O,0,complete
2026-08-24T14:16:39.693164+00:00,8869,2026-08-29,UFC Fight Night: Nurmagomedov vs. Song,ufc,xiaonan-yan-vs-denise-gomes-79865,T2ZmZXJOb2RlOjEwMzY5MDg5NQ==,T3V0Y29tZU5vZGU6NjgwODk0NQ==,Bookmaker,sportsbook,OVERUNDER_2.5,A_4,A_1,Over 2.5 rounds,Under 2.5 rounds,,2.5,Over 2.5,,0,-290,-290,-290,-290,2026-08-24T14:15:54.526295+00:00,2026-08-24T14:15:54.168103+00:00,0.01,O,0,complete
2026-08-24T14:16:39.693164+00:00,8869,2026-08-29,UFC Fight Night: Nurmagomedov vs. Song,ufc,xiaonan-yan-vs-denise-gomes-79865,T2ZmZXJOb2RlOjEwMzY5MDg5NQ==,T3V0Y29tZU5vZGU6NjgwODk0Ng==,Bookmaker,sportsbook,OVERUNDER_2.5,A_4,A_1,Over 2.5 rounds,Under 2.5 rounds,,2.5,Under 2.5,,1,+237,+237,+237,+237,2026-08-24T14:15:54.526295+00:00,2026-08-24T14:15:54.168103+00:00,0.01,O,0,complete
2026-08-24T14:16:39.693164+00:00,8869,2026-08-29,UFC Fight Night: Nurmagomedov vs. Song,ufc,kai-asakura-vs-qileng-aori-80038,T2ZmZXJOb2RlOjEwMzY5MDg5Ng==,T3V0Y29tZU5vZGU6NjgwODk0Nw==,Bookmaker,sportsbook,OVERUNDER_2.5,A_4,A_1,Over 2.5 rounds,Under 2.5 rounds,,2.5,Over 2.5,,0,+170,+170,+170,+170,2026-08-24T14:15:54.571182+00:00,2026-08-24T14:15:54.178508+00:00,0.01,O,0,complete
2026-08-24T14:16:39.693164+00:00,8869,2026-08-29,UFC Fight Night: Nurmagomedov vs. Song,ufc,kai-asakura-vs-qileng-aori-80038,T2ZmZXJOb2RlOjEwMzY5MDg5Ng==,T3V0Y29tZU5vZGU6NjgwODk0OA==,Bookmaker,sportsbook,OVERUNDER_2.5,A_4,A_1,Over 2.5 rounds,Under 2.5 rounds,,2.5,Under 2.5,,1,-200,-200,-200,-200,2026-08-24T14:15:54.571182+00:00,2026-08-24T14:15:54.178508+00:00,0.01,O,0,complete
2026-08-24T14:16:39.693164+00:00,8869,2026-08-29,UFC Fight Night: Nurmagomedov vs. Song,ufc,alex-perez-vs-su-mudaerji-79689,T2ZmZXJOb2RlOjEwMzY5MDg5Nw==,T3V0Y29tZU5vZGU6NjgwODk0OQ==,Bookmaker,sportsbook,OVERUNDER_2.5,A_4,A_1,Over 2.5 rounds,Under 2.5 rounds,,2.5,Over 2.5,,0,+110,+110,+110,+110,2026-08-24T14:15:54.613005+00:00,2026-08-24T14:15:54.190664+00:00,0.01,O,0,complete
2026-08-24T14:16:39.693164+00:00,8869,2026-08-29,UFC Fight Night: Nurmagomedov vs. Song,ufc,alex-perez-vs-su-mudaerji-79689,T2ZmZXJOb2RlOjEwMzY5MDg5Nw==,T3V0Y29tZU5vZGU6NjgwODk1MA==,Bookmaker,sportsbook,OVERUNDER_2.5,A_4,A_1,Over 2.5 rounds,Under 2.5 rounds,,2.5,Under 2.5,,1,-130,-130,-130,-130,2026-08-24T14:15:54.613005+00:00,2026-08-24T14:15:54.190664+00:00,0.01,O,0,complete
2026-08-24T14:16:39.693164+00:00,8869,2026-08-29,UFC Fight Night: Nurmagomedov vs. Song,ufc,levi-rodrigues-vs-ce-liu-80790,T2ZmZXJOb2RlOjEwMzY5MDg5OA==,T3V0Y29tZU5vZGU6NjgwODk1MQ==,Bookmaker,sportsbook,OVERUNDER_1.5,A_4,A_1,Over 1.5 rounds,Under 1.5 rounds,,1.5,Over 1.5,,0,+155,+155,+155,+155,2026-08-24T14:15:55.237150+00:00,2026-08-24T14:15:54.201972+00:00,0.01,O,0,complete
2026-08-24T14:16:39.693164+00:00,8869,2026-08-29,UFC Fight Night: Nurmagomedov vs. Song,ufc,levi-rodrigues-vs-ce-liu-80790,T2ZmZXJOb2RlOjEwMzY5MDg5OA==,T3V0Y29tZU5vZGU6NjgwODk1Mg==,Bookmaker,sportsbook,OVERUNDER_1.5,A_4,A_1,Over 1.5 rounds,Under 1.5 rounds,,1.5,Under 1.5,,1,-180,-180,-180,-180,2026-08-24T14:15:55.237150+00:00,2026-08-24T14:15:54.201972+00:00,0.01,O,0,complete
2026-08-24T14:16:39.693164+00:00,8869,2026-08-29,UFC Fight Night: Nurmagomedov vs. Song,ufc,bilal-hasan-vs-nilson-rojas-80821,T2ZmZXJOb2RlOjEwMzY5MDkwNA==,T3V0Y29tZU5vZGU6NjgwODk2Mw==,Bookmaker,sportsbook,OVERUNDER_1.5,A_4,A_1,Over 1.5 rounds,Under 1.5 rounds,,1.5,Over 1.5,,0,-140,-140,-140,-140,2026-08-24T14:15:55.498528+00:00,2026-08-24T14:15:54.273961+00:00,0.01,O,0,complete
2026-08-24T14:16:39.693164+00:00,8869,2026-08-29,UFC Fight Night: Nurmagomedov vs. Song,ufc,bilal-hasan-vs-nilson-rojas-80821,T2ZmZXJOb2RlOjEwMzY5MDkwNA==,T3V0Y29tZU5vZGU6NjgwODk2NA==,Bookmaker,sportsbook,OVERUNDER_1.5,A_4,A_1,Over 1.5 rounds,Under 1.5 rounds,,1.5,Under 1.5,,1,+120,+120,+120,+120,2026-08-24T14:15:55.498528+00:00,2026-08-24T14:15:54.273961+00:00,0.01,O,0,complete
2026-08-24T14:16:39.693164+00:00,8869,2026-08-29,UFC Fight Night: Nurmagomedov vs. Song,ufc,andre-lima-vs-namsrai-batbayar-80336,T2ZmZXJOb2RlOjEwMzY5MDg5OQ==,T3V0Y29tZU5vZGU6NjgwODk1Mw==,Bookmaker,sportsbook,OVERUNDER_2.5,A_4,A_1,Over 2.5 rounds,Under 2.5 rounds,,2.5,Over 2.5,,0,+125,+125,+125,+125,2026-08-24T14:15:55.272123+00:00,2026-08-24T14:15:54.214744+00:00,0.01,O,0,complete
2026-08-24T14:16:39.693164+00:00,8869,2026-08-29,UFC Fight Night: Nurmagomedov vs. Song,ufc,andre-lima-vs-namsrai-batbayar-80336,T2ZmZXJOb2RlOjEwMzY5MDg5OQ==,T3V0Y29tZU5vZGU6NjgwODk1NA==,Bookmaker,sportsbook,OVERUNDER_2.5,A_4,A_1,Over 2.5 rounds,Under 2.5 rounds,,2.5,Under 2.5,,1,-145,-145,-145,-145,2026-08-24T14:15:55.272123+00:00,2026-08-24T14:15:54.214744+00:00,0.01,O,0,complete
2026-08-24T14:16:39.693164+00:00,8869,2026-08-29,UFC Fight Night: Nurmagomedov vs. Song,ufc,rei-tsuruya-vs-kevin-borjas-79779,T2ZmZXJOb2RlOjEwMzY5MDkwMQ==,T3V0Y29tZU5vZGU6NjgwODk1Nw==,Bookmaker,sportsbook,OVERUNDER_2.5,A_4,A_1,Over 2.5 rounds,Under 2.5 rounds,,2.5,Over 2.5,,0,+100,+100,+100,+100,2026-08-24T14:15:55.330478+00:00,2026-08-24T14:15:54.236410+00:00,0.01,O,0,complete
2026-08-24T14:16:39.693164+00:00,8869,2026-08-29,UFC Fight Night: Nurmagomedov vs. Song,ufc,rei-tsuruya-vs-kevin-borjas-79779,T2ZmZXJOb2RlOjEwMzY5MDkwMQ==,T3V0Y29tZU5vZGU6NjgwODk1OA==,Bookmaker,sportsbook,OVERUNDER_2.5,A_4,A_1,Over 2.5 rounds,Under 2.5 rounds,,2.5,Under 2.5,,1,-120,-120,-120,-120,2026-08-24T14:15:55.330478+00:00,2026-08-24T14:15:54.236410+00:00,0.01,O,0,complete
2026-08-24T14:16:39.693164+00:00,8869,2026-08-29,UFC Fight Night: Nurmagomedov vs. Song,ufc,long-xiao-vs-francesco-nuzzi-80954,T2ZmZXJOb2RlOjEwMzY5MDkwNg==,T3V0Y29tZU5vZGU6NjgwODk2Nw==,Bookmaker,sportsbook,OVERUNDER_2.5,A_4,A_1,Over 2.5 rounds,Under 2.5 rounds,,2.5,Over 2.5,,0,-135,-135,-135,-135,2026-08-24T14:15:55.640665+00:00,2026-08-24T14:15:54.322148+00:00,0.01,O,0,complete
2026-08-24T14:16:39.693164+00:00,8869,2026-08-29,UFC Fight Night: Nurmagomedov vs. Song,ufc,long-xiao-vs-francesco-nuzzi-80954,T2ZmZXJOb2RlOjEwMzY5MDkwNg==,T3V0Y29tZU5vZGU6NjgwODk2OA==,Bookmaker,sportsbook,OVERUNDER_2.5,A_4,A_1,Over 2.5 rounds,Under 2.5 rounds,,2.5,Under 2.5,,1,+115,+115,+115,+115,2026-08-24T14:15:55.640665+00:00,2026-08-24T14:15:54.322148+00:00,0.01,O,0,complete
2026-08-24T14:16:39.693164+00:00,8869,2026-08-29,UFC Fight Night: Nurmagomedov vs. Song,ufc,jack-jenkins-vs-sean-woodson-80520,T2ZmZXJOb2RlOjEwMzY5MDkwMA==,T3V0Y29tZU5vZGU6NjgwODk1NQ==,Bookmaker,sportsbook,OVERUNDER_2.5,A_4,A_1,Over 2.5 rounds,Under 2.5 rounds,,2.5,Over 2.5,,0,-180,-180,-180,-180,2026-08-24T14:15:55.299671+00:00,2026-08-24T14:15:54.225419+00:00,0.01,O,0,complete
2026-08-24T14:16:39.693164+00:00,8869,2026-08-29,UFC Fight Night: Nurmagomedov vs. Song,ufc,jack-jenkins-vs-sean-woodson-80520,T2ZmZXJOb2RlOjEwMzY5MDkwMA==,T3V0Y29tZU5vZGU6NjgwODk1Ng==,Bookmaker,sportsbook,OVERUNDER_2.5,A_4,A_1,Over 2.5 rounds,Under 2.5 rounds,,2.5,Under 2.5,,1,+155,+155,+155,+155,2026-08-24T14:15:55.299671+00:00,2026-08-24T14:15:54.225419+00:00,0.01,O,0,complete
2026-08-24T14:16:39.693164+00:00,8869,2026-08-29,UFC Fight Night: Nurmagomedov vs. Song,ufc,lawrence-lui-vs-hector-santiago-80953,T2ZmZXJOb2RlOjEwMzY5MDkwNQ==,T3V0Y29tZU5vZGU6NjgwODk2NQ==,Bookmaker,sportsbook,OVERUNDER_2.5,A_4,A_1,Over 2.5 rounds,Under 2.5 rounds,,2.5,Over 2.5,,0,-110,-110,-110,-110,2026-08-24T14:15:55.593169+00:00,2026-08-24T14:15:54.284449+00:00,0.01,O,0,complete
2026-08-24T14:16:39.693164+00:00,8869,2026-08-29,UFC Fight Night: Nurmagomedov vs. Song,ufc,lawrence-lui-vs-hector-santiago-80953,T2ZmZXJOb2RlOjEwMzY5MDkwNQ==,T3V0Y29tZU5vZGU6NjgwODk2Ng==,Bookmaker,sportsbook,OVERUNDER_2.5,A_4,A_1,Over 2.5 rounds,Under 2.5 rounds,,2.5,Under 2.5,,1,-110,-110,-110,-110,2026-08-24T14:15:55.593169+00:00,2026-08-24T14:15:54.284449+00:00,0.01,O,0,complete
2026-08-24T14:16:39.693164+00:00,8869,2026-08-29,UFC Fight Night: Nurmagomedov vs. Song,ufc,jingnan-xiong-vs-julia-polastri-80594,T2ZmZXJOb2RlOjEwMzY5MDkwMg==,T3V0Y29tZU5vZGU6NjgwODk1OQ==,Bookmaker,sportsbook,OVERUNDER_2.5,A_4,A_1,Over 2.5 rounds,Under 2.5 rounds,,2.5,Over 2.5,,0,-360,-360,-360,-360,2026-08-24T14:15:55.389298+00:00,2026-08-24T14:15:54.246479+00:00,0.01,O,0,complete
2026-08-24T14:16:39.693164+00:00,8869,2026-08-29,UFC Fight Night: Nurmagomedov vs. Song,ufc,jingnan-xiong-vs-julia-polastri-80594,T2ZmZXJOb2RlOjEwMzY5MDkwMg==,T3V0Y29tZU5vZGU6NjgwODk2MA==,Bookmaker,sportsbook,OVERUNDER_2.5,A_4,A_1,Over 2.5 rounds,Under 2.5 rounds,,2.5,Under 2.5,,1,+289,+289,+289,+289,2026-08-24T14:15:55.389298+00:00,2026-08-24T14:15:54.246479+00:00,0.01,O,0,complete
2026-08-24T14:16:39.693164+00:00,8869,2026-08-29,UFC Fight Night: Nurmagomedov vs. Song,ufc,meng-ding-vs-cameron-nelson-80702,T2ZmZXJOb2RlOjEwMzY5MDkwMw==,T3V0Y29tZU5vZGU6NjgwODk2MQ==,Bookmaker,sportsbook,OVERUNDER_2.5,A_4,A_1,Over 2.5 rounds,Under 2.5 rounds,,2.5,Over 2.5,,0,-115,-115,-115,-115,2026-08-24T14:15:55.469743+00:00,2026-08-24T14:15:54.260663+00:00,0.01,O,0,complete
2026-08-24T14:16:39.693164+00:00,8869,2026-08-29,UFC Fight Night: Nurmagomedov vs. Song,ufc,meng-ding-vs-cameron-nelson-80702,T2ZmZXJOb2RlOjEwMzY5MDkwMw==,T3V0Y29tZU5vZGU6NjgwODk2Mg==,Bookmaker,sportsbook,OVERUNDER_2.5,A_4,A_1,Over 2.5 rounds,Under 2.5 rounds,,2.5,Under 2.5,,1,-105,-105,-105,-105,2026-08-24T14:15:55.469743+00:00,2026-08-24T14:15:54.260663+00:00,0.01,O,0,complete
2026-08-24T14:18:13.990511+00:00,8869,2026-08-29,UFC Fight Night: Nurmagomedov vs. Song,ufc,umar-nurmagomedov-vs-yadong-song-79649,T2ZmZXJOb2RlOjEwMzY5MDg5NA==,T3V0Y29tZU5vZGU6NjgwODk0Mw==,Bookmaker,sportsbook,OVERUNDER_4.5,A_4,A_1,Over 4.5 rounds,Under 4.5 rounds,,4.5,Over 4.5,,0,-220,-220,-220,-220,2026-08-24T14:15:54.490369+00:00,2026-08-24T14:15:54.154628+00:00,0.04,O,0,complete
2026-08-24T14:18:13.990511+00:00,8869,2026-08-29,UFC Fight Night: Nurmagomedov vs. Song,ufc,umar-nurmagomedov-vs-yadong-song-79649,T2ZmZXJOb2RlOjEwMzY5MDg5NA==,T3V0Y29tZU5vZGU6NjgwODk0NA==,Bookmaker,sportsbook,OVERUNDER_4.5,A_4,A_1,Over 4.5 rounds,Under 4.5 rounds,,4.5,Under 4.5,,1,+184,+184,+184,+184,2026-08-24T14:15:54.490369+00:00,2026-08-24T14:15:54.154628+00:00,0.04,O,0,complete
2026-08-24T14:18:13.990511+00:00,8869,2026-08-29,UFC Fight Night: Nurmagomedov vs. Song,ufc,xiaonan-yan-vs-denise-gomes-79865,T2ZmZXJOb2RlOjEwMzY5MDg5NQ==,T3V0Y29tZU5vZGU6NjgwODk0NQ==,Bookmaker,sportsbook,OVERUNDER_2.5,A_4,A_1,Over 2.5 rounds,Under 2.5 rounds,,2.5,Over 2.5,,0,-290,-290,-290,-290,2026-08-24T14:15:54.526295+00:00,2026-08-24T14:15:54.168103+00:00,0.04,O,0,complete
2026-08-24T14:18:13.990511+00:00,8869,2026-08-29,UFC Fight Night: Nurmagomedov vs. Song,ufc,xiaonan-yan-vs-denise-gomes-79865,T2ZmZXJOb2RlOjEwMzY5MDg5NQ==,T3V0Y29tZU5vZGU6NjgwODk0Ng==,Bookmaker,sportsbook,OVERUNDER_2.5,A_4,A_1,Over 2.5 rounds,Under 2.5 rounds,,2.5,Under 2.5,,1,+237,+237,+237,+237,2026-08-24T14:15:54.526295+00:00,2026-08-24T14:15:54.168103+00:00,0.04,O,0,complete
2026-08-24T14:18:13.990511+00:00,8869,2026-08-29,UFC Fight Night: Nurmagomedov vs. Song,ufc,kai-asakura-vs-qileng-aori-80038,T2ZmZXJOb2RlOjEwMzY5MDg5Ng==,T3V0Y29tZU5vZGU6NjgwODk0Nw==,Bookmaker,sportsbook,OVERUNDER_2.5,A_4,A_1,Over 2.5 rounds,Under 2.5 rounds,,2.5,Over 2.5,,0,+170,+170,+170,+170,2026-08-24T14:15:54.571182+00:00,2026-08-24T14:15:54.178508+00:00,0.04,O,0,complete
2026-08-24T14:18:13.990511+00:00,8869,2026-08-29,UFC Fight Night: Nurmagomedov vs. Song,ufc,kai-asakura-vs-qileng-aori-80038,T2ZmZXJOb2RlOjEwMzY5MDg5Ng==,T3V0Y29tZU5vZGU6NjgwODk0OA==,Bookmaker,sportsbook,OVERUNDER_2.5,A_4,A_1,Over 2.5 rounds,Under 2.5 rounds,,2.5,Under 2.5,,1,-200,-200,-200,-200,2026-08-24T14:15:54.571182+00:00,2026-08-24T14:15:54.178508+00:00,0.04,O,0,complete
2026-08-24T14:18:13.990511+00:00,8869,2026-08-29,UFC Fight Night: Nurmagomedov vs. Song,ufc,alex-perez-vs-su-mudaerji-79689,T2ZmZXJOb2RlOjEwMzY5MDg5Nw==,T3V0Y29tZU5vZGU6NjgwODk0OQ==,Bookmaker,sportsbook,OVERUNDER_2.5,A_4,A_1,Over 2.5 rounds,Under 2.5 rounds,,2.5,Over 2.5,,0,+110,+110,+110,+110,2026-08-24T14:15:54.613005+00:00,2026-08-24T14:15:54.190664+00:00,0.04,O,0,complete
2026-08-24T14:18:13.990511+00:00,8869,2026-08-29,UFC Fight Night: Nurmagomedov vs. Song,ufc,alex-perez-vs-su-mudaerji-79689,T2ZmZXJOb2RlOjEwMzY5MDg5Nw==,T3V0Y29tZU5vZGU6NjgwODk1MA==,Bookmaker,sportsbook,OVERUNDER_2.5,A_4,A_1,Over 2.5 rounds,Under 2.5 rounds,,2.5,Under 2.5,,1,-130,-130,-130,-130,2026-08-24T14:15:54.613005+00:00,2026-08-24T14:15:54.190664+00:00,0.04,O,0,complete
2026-08-24T14:18:13.990511+00:00,8869,2026-08-29,UFC Fight Night: Nurmagomedov vs. Song,ufc,levi-rodrigues-vs-ce-liu-80790,T2ZmZXJOb2RlOjEwMzY5MDg5OA==,T3V0Y29tZU5vZGU6NjgwODk1MQ==,Bookmaker,sportsbook,OVERUNDER_1.5,A_4,A_1,Over 1.5 rounds,Under 1.5 rounds,,1.5,Over 1.5,,0,+155,+155,+155,+155,2026-08-24T14:15:55.237150+00:00,2026-08-24T14:15:54.201972+00:00,0.04,O,0,complete
2026-08-24T14:18:13.990511+00:00,8869,2026-08-29,UFC Fight Night: Nurmagomedov vs. Song,ufc,levi-rodrigues-vs-ce-liu-80790,T2ZmZXJOb2RlOjEwMzY5MDg5OA==,T3V0Y29tZU5vZGU6NjgwODk1Mg==,Bookmaker,sportsbook,OVERUNDER_1.5,A_4,A_1,Over 1.5 rounds,Under 1.5 rounds,,1.5,Under 1.5,,1,-180,-180,-180,-180,2026-08-24T14:15:55.237150+00:00,2026-08-24T14:15:54.201972+00:00,0.04,O,0,complete
2026-08-24T14:18:13.990511+00:00,8869,2026-08-29,UFC Fight Night: Nurmagomedov vs. Song,ufc,bilal-hasan-vs-nilson-rojas-80821,T2ZmZXJOb2RlOjEwMzY5MDkwNA==,T3V0Y29tZU5vZGU6NjgwODk2Mw==,Bookmaker,sportsbook,OVERUNDER_1.5,A_4,A_1,Over 1.5 rounds,Under 1.5 rounds,,1.5,Over 1.5,,0,-140,-140,-140,-140,2026-08-24T14:15:55.498528+00:00,2026-08-24T14:15:54.273961+00:00,0.04,O,0,complete
2026-08-24T14:18:13.990511+00:00,8869,2026-08-29,UFC Fight Night: Nurmagomedov vs. Song,ufc,bilal-hasan-vs-nilson-rojas-80821,T2ZmZXJOb2RlOjEwMzY5MDkwNA==,T3V0Y29tZU5vZGU6NjgwODk2NA==,Bookmaker,sportsbook,OVERUNDER_1.5,A_4,A_1,Over 1.5 rounds,Under 1.5 rounds,,1.5,Under 1.5,,1,+120,+120,+120,+120,2026-08-24T14:15:55.498528+00:00,2026-08-24T14:15:54.273961+00:00,0.04,O,0,complete
2026-08-24T14:18:13.990511+00:00,8869,2026-08-29,UFC Fight Night: Nurmagomedov vs. Song,ufc,andre-lima-vs-namsrai-batbayar-80336,T2ZmZXJOb2RlOjEwMzY5MDg5OQ==,T3V0Y29tZU5vZGU6NjgwODk1Mw==,Bookmaker,sportsbook,OVERUNDER_2.5,A_4,A_1,Over 2.5 rounds,Under 2.5 rounds,,2.5,Over 2.5,,0,+125,+125,+125,+125,2026-08-24T14:15:55.272123+00:00,2026-08-24T14:15:54.214744+00:00,0.04,O,0,complete
2026-08-24T14:18:13.990511+00:00,8869,2026-08-29,UFC Fight Night: Nurmagomedov vs. Song,ufc,andre-lima-vs-namsrai-batbayar-80336,T2ZmZXJOb2RlOjEwMzY5MDg5OQ==,T3V0Y29tZU5vZGU6NjgwODk1NA==,Bookmaker,sportsbook,OVERUNDER_2.5,A_4,A_1,Over 2.5 rounds,Under 2.5 rounds,,2.5,Under 2.5,,1,-145,-145,-145,-145,2026-08-24T14:15:55.272123+00:00,2026-08-24T14:15:54.214744+00:00,0.04,O,0,complete
2026-08-24T14:18:13.990511+00:00,8869,2026-08-29,UFC Fight Night: Nurmagomedov vs. Song,ufc,rei-tsuruya-vs-kevin-borjas-79779,T2ZmZXJOb2RlOjEwMzY5MDkwMQ==,T3V0Y29tZU5vZGU6NjgwODk1Nw==,Bookmaker,sportsbook,OVERUNDER_2.5,A_4,A_1,Over 2.5 rounds,Under 2.5 rounds,,2.5,Over 2.5,,0,+100,+100,+100,+100,2026-08-24T14:15:55.330478+00:00,2026-08-24T14:15:54.236410+00:00,0.04,O,0,complete
2026-08-24T14:18:13.990511+00:00,8869,2026-08-29,UFC Fight Night: Nurmagomedov vs. Song,ufc,rei-tsuruya-vs-kevin-borjas-79779,T2ZmZXJOb2RlOjEwMzY5MDkwMQ==,T3V0Y29tZU5vZGU6NjgwODk1OA==,Bookmaker,sportsbook,OVERUNDER_2.5,A_4,A_1,Over 2.5 rounds,Under 2.5 rounds,,2.5,Under 2.5,,1,-120,-120,-120,-120,2026-08-24T14:15:55.330478+00:00,2026-08-24T14:15:54.236410+00:00,0.04,O,0,complete
2026-08-24T14:18:13.990511+00:00,8869,2026-08-29,UFC Fight Night: Nurmagomedov vs. Song,ufc,long-xiao-vs-francesco-nuzzi-80954,T2ZmZXJOb2RlOjEwMzY5MDkwNg==,T3V0Y29tZU5vZGU6NjgwODk2Nw==,Bookmaker,sportsbook,OVERUNDER_2.5,A_4,A_1,Over 2.5 rounds,Under 2.5 rounds,,2.5,Over 2.5,,0,-135,-135,-135,-135,2026-08-24T14:15:55.640665+00:00,2026-08-24T14:15:54.322148+00:00,0.04,O,0,complete
2026-08-24T14:18:13.990511+00:00,8869,2026-08-29,UFC Fight Night: Nurmagomedov vs. Song,ufc,long-xiao-vs-francesco-nuzzi-80954,T2ZmZXJOb2RlOjEwMzY5MDkwNg==,T3V0Y29tZU5vZGU6NjgwODk2OA==,Bookmaker,sportsbook,OVERUNDER_2.5,A_4,A_1,Over 2.5 rounds,Under 2.5 rounds,,2.5,Under 2.5,,1,+115,+115,+115,+115,2026-08-24T14:15:55.640665+00:00,2026-08-24T14:15:54.322148+00:00,0.04,O,0,complete
2026-08-24T14:18:13.990511+00:00,8869,2026-08-29,UFC Fight Night: Nurmagomedov vs. Song,ufc,jack-jenkins-vs-sean-woodson-80520,T2ZmZXJOb2RlOjEwMzY5MDkwMA==,T3V0Y29tZU5vZGU6NjgwODk1NQ==,Bookmaker,sportsbook,OVERUNDER_2.5,A_4,A_1,Over 2.5 rounds,Under 2.5 rounds,,2.5,Over 2.5,,0,-180,-180,-180,-180,2026-08-24T14:15:55.299671+00:00,2026-08-24T14:15:54.225419+00:00,0.04,O,0,complete
2026-08-24T14:18:13.990511+00:00,8869,2026-08-29,UFC Fight Night: Nurmagomedov vs. Song,ufc,jack-jenkins-vs-sean-woodson-80520,T2ZmZXJOb2RlOjEwMzY5MDkwMA==,T3V0Y29tZU5vZGU6NjgwODk1Ng==,Bookmaker,sportsbook,OVERUNDER_2.5,A_4,A_1,Over 2.5 rounds,Under 2.5 rounds,,2.5,Under 2.5,,1,+155,+155,+155,+155,2026-08-24T14:15:55.299671+00:00,2026-08-24T14:15:54.225419+00:00,0.04,O,0,complete
2026-08-24T14:18:13.990511+00:00,8869,2026-08-29,UFC Fight Night: Nurmagomedov vs. Song,ufc,lawrence-lui-vs-hector-santiago-80953,T2ZmZXJOb2RlOjEwMzY5MDkwNQ==,T3V0Y29tZU5vZGU6NjgwODk2NQ==,Bookmaker,sportsbook,OVERUNDER_2.5,A_4,A_1,Over 2.5 rounds,Under 2.5 rounds,,2.5,Over 2.5,,0,-110,-110,-110,-110,2026-08-24T14:15:55.593169+00:00,2026-08-24T14:15:54.284449+00:00,0.04,O,0,complete
2026-08-24T14:18:13.990511+00:00,8869,2026-08-29,UFC Fight Night: Nurmagomedov vs. Song,ufc,lawrence-lui-vs-hector-santiago-80953,T2ZmZXJOb2RlOjEwMzY5MDkwNQ==,T3V0Y29tZU5vZGU6NjgwODk2Ng==,Bookmaker,sportsbook,OVERUNDER_2.5,A_4,A_1,Over 2.5 rounds,Under 2.5 rounds,,2.5,Under 2.5,,1,-110,-110,-110,-110,2026-08-24T14:15:55.593169+00:00,2026-08-24T14:15:54.284449+00:00,0.04,O,0,complete
2026-08-24T14:18:13.990511+00:00,8869,2026-08-29,UFC Fight Night: Nurmagomedov vs. Song,ufc,jingnan-xiong-vs-julia-polastri-80594,T2ZmZXJOb2RlOjEwMzY5MDkwMg==,T3V0Y29tZU5vZGU6NjgwODk1OQ==,Bookmaker,sportsbook,OVERUNDER_2.5,A_4,A_1,Over 2.5 rounds,Under 2.5 rounds,,2.5,Over 2.5,,0,-360,-360,-360,-360,2026-08-24T14:15:55.389298+00:00,2026-08-24T14:15:54.246479+00:00,0.04,O,0,complete
2026-08-24T14:18:13.990511+00:00,8869,2026-08-29,UFC Fight Night: Nurmagomedov vs. Song,ufc,jingnan-xiong-vs-julia-polastri-80594,T2ZmZXJOb2RlOjEwMzY5MDkwMg==,T3V0Y29tZU5vZGU6NjgwODk2MA==,Bookmaker,sportsbook,OVERUNDER_2.5,A_4,A_1,Over 2.5 rounds,Under 2.5 rounds,,2.5,Under 2.5,,1,+289,+289,+289,+289,2026-08-24T14:15:55.389298+00:00,2026-08-24T14:15:54.246479+00:00,0.04,O,0,complete
2026-08-24T14:18:13.990511+00:00,8869,2026-08-29,UFC Fight Night: Nurmagomedov vs. Song,ufc,meng-ding-vs-cameron-nelson-80702,T2ZmZXJOb2RlOjEwMzY5MDkwMw==,T3V0Y29tZU5vZGU6NjgwODk2MQ==,Bookmaker,sportsbook,OVERUNDER_2.5,A_4,A_1,Over 2.5 rounds,Under 2.5 rounds,,2.5,Over 2.5,,0,-115,-115,-115,-115,2026-08-24T14:15:55.469743+00:00,2026-08-24T14:15:54.260663+00:00,0.04,O,0,complete
2026-08-24T14:18:13.990511+00:00,8869,2026-08-29,UFC Fight Night: Nurmagomedov vs. Song,ufc,meng-ding-vs-cameron-nelson-80702,T2ZmZXJOb2RlOjEwMzY5MDkwMw==,T3V0Y29tZU5vZGU6NjgwODk2Mg==,Bookmaker,sportsbook,OVERUNDER_2.5,A_4,A_1,Over 2.5 rounds,Under 2.5 rounds,,2.5,Under 2.5,,1,-105,-105,-105,-105,2026-08-24T14:15:55.469743+00:00,2026-08-24T14:15:54.260663+00:00,0.04,O,0,complete
2026-08-24T14:28:33.713541+00:00,9111,2026-08-25,Dana White's Contender Series: Contender Series 2026: Week 3,dwcs,mario-piazzon-vs-guilherme-uriel-silva-costa-78018,T2ZmZXJOb2RlOjEwMzY3NDg1NQ==,T3V0Y29tZU5vZGU6Njc4NzM4OA==,Polymarket,exchange,OVERUNDER_0.5,A_4,A_1,Over 0.5 rounds,Under 0.5 rounds,,0.5,Over 0.5,,0,-1900,-3233,+488,-4900,2026-08-24T14:20:29.086399+00:00,2026-08-12T22:10:40.832031+00:00,0.13,O,0,complete
2026-08-24T14:28:33.713541+00:00,9111,2026-08-25,Dana White's Contender Series: Contender Series 2026: Week 3,dwcs,mario-piazzon-vs-guilherme-uriel-silva-costa-78018,T2ZmZXJOb2RlOjEwMzY3NDg1NQ==,T3V0Y29tZU5vZGU6Njc4NzM4OQ==,Polymarket,exchange,OVERUNDER_0.5,A_4,A_1,Over 0.5 rounds,Under 0.5 rounds,,0.5,Under 0.5,,1,-1567,-3233,-488,-4900,2026-08-24T14:20:29.086399+00:00,2026-08-12T22:10:40.832031+00:00,0.13,O,0,complete
2026-08-24T14:28:33.713541+00:00,9111,2026-08-25,Dana White's Contender Series: Contender Series 2026: Week 3,dwcs,mario-piazzon-vs-guilherme-uriel-silva-costa-78018,T2ZmZXJOb2RlOjEwMzY3NDg1MA==,T3V0Y29tZU5vZGU6Njc4NzM3OA==,Polymarket,exchange,DISTANCE,A_4,A_2,Fight goes the distance,Fight ends inside distance,,,Fight to Go the Distance? - Yes,,0,-900,-9900,-809,-9900,2026-08-24T14:20:28.842551+00:00,2026-08-12T22:10:40.773730+00:00,0.13,O,0,complete
2026-08-24T14:28:33.713541+00:00,8869,2026-08-29,UFC Fight Night: Nurmagomedov vs. Song,ufc,umar-nurmagomedov-vs-yadong-song-79649,T2ZmZXJOb2RlOjEwMzY3NzQxNA==,T3V0Y29tZU5vZGU6Njc5MDg5Ng==,Polymarket,exchange,OVERUNDER_4.5,A_4,A_1,Over 4.5 rounds,Under 4.5 rounds,,4.5,Over 4.5,,0,-213,-9900,-203,-9900,2026-08-24T14:20:30.054613+00:00,2026-08-15T22:05:12.962821+00:00,0.13,O,0,complete
2026-08-24T14:28:33.713541+00:00,8869,2026-08-29,UFC Fight Night: Nurmagomedov vs. Song,ufc,umar-nurmagomedov-vs-yadong-song-79649,T2ZmZXJOb2RlOjEwMzY3NzQwOA==,T3V0Y29tZU5vZGU6Njc5MDg4NA==,Polymarket,exchange,KO,A_5,A_13,wins by TKO/KO,doesn't win by TKO/KO,,2.0,Will Umar Nurmagomedov win by KO or TKO? - Yes,umar-nurmagomedov-28334,0,-525,-4900,-525,-4900,2026-08-24T14:20:30.013376+00:00,2026-08-15T22:05:12.495755+00:00,0.13,O,0,complete
2026-08-24T14:28:33.713541+00:00,8869,2026-08-29,UFC Fight Night: Nurmagomedov vs. Song,ufc,xiaonan-yan-vs-denise-gomes-79865,T2ZmZXJOb2RlOjEwMzY3NzQyMw==,T3V0Y29tZU5vZGU6Njc5MDkxNA==,Polymarket,exchange,OVERUNDER_2.5,A_4,A_1,Over 2.5 rounds,Under 2.5 rounds,,2.5,Over 2.5,,0,-270,-9900,-257,-9900,2026-08-24T14:20:30.117407+00:00,2026-08-15T22:05:13.454342+00:00,0.13,O,0,complete
2026-08-24T14:28:33.713541+00:00,8869,2026-08-29,UFC Fight Night: Nurmagomedov vs. Song,ufc,xiaonan-yan-vs-denise-gomes-79865,T2ZmZXJOb2RlOjEwMzY3NzQyMg==,T3V0Y29tZU5vZGU6Njc5MDkxMg==,Polymarket,exchange,OVERUNDER_1.5,A_4,A_1,Over 1.5 rounds,Under 1.5 rounds,,1.5,Over 1.5,,0,-1567,-9900,-1150,-9900,2026-08-24T14:20:30.105770+00:00,2026-08-15T22:05:13.386909+00:00,0.13,O,0,complete
2026-08-24T14:28:33.713541+00:00,8869,2026-08-29,UFC Fight Night: Nurmagomedov vs. Song,ufc,xiaonan-yan-vs-denise-gomes-79865,T2ZmZXJOb2RlOjEwMzY3NzQyMg==,T3V0Y29tZU5vZGU6Njc5MDkxMw==,Polymarket,exchange,OVERUNDER_1.5,A_4,A_1,Over 1.5 rounds,Under 1.5 rounds,,1.5,Under 1.5,,1,-1150,-9900,-567,-9900,2026-08-24T14:20:30.105770+00:00,2026-08-15T22:05:13.386909+00:00,0.13,O,0,complete
2026-08-24T14:28:33.713541+00:00,8869,2026-08-29,UFC Fight Night: Nurmagomedov vs. Song,ufc,xiaonan-yan-vs-denise-gomes-79865,T2ZmZXJOb2RlOjEwMzY3NzQxNg==,T3V0Y29tZU5vZGU6Njc5MDkwMA==,Polymarket,exchange,DISTANCE,A_4,A_2,Fight goes the distance,Fight ends inside distance,,,Fight to Go the Distance? - Yes,,0,-1329,-9900,-1329,-9900,2026-08-24T14:20:30.064701+00:00,2026-08-15T22:05:13.103284+00:00,0.13,O,0,complete
2026-08-24T14:28:33.713541+00:00,8869,2026-08-29,UFC Fight Night: Nurmagomedov vs. Song,ufc,xiaonan-yan-vs-denise-gomes-79865,T2ZmZXJOb2RlOjEwMzY3NzQxNg==,T3V0Y29tZU5vZGU6Njc5MDkwMQ==,Polymarket,exchange,DISTANCE,A_4,A_2,Fight goes the distance,Fight ends inside distance,,,Fight to Go the Distance? - No,,1,-3233,-9900,-1900,-9900,2026-08-24T14:20:30.064701+00:00,2026-08-15T22:05:13.103284+00:00,0.13,O,0,complete
2026-08-24T14:28:33.713541+00:00,8869,2026-08-29,UFC Fight Night: Nurmagomedov vs. Song,ufc,alex-perez-vs-su-mudaerji-79689,T2ZmZXJOb2RlOjEwMzY3NzQ3Nw==,T3V0Y29tZU5vZGU6Njc5MTAyMg==,Polymarket,exchange,DISTANCE,A_4,A_2,Fight goes the distance,Fight ends inside distance,,,Fight to Go the Distance? - Yes,,0,-1900,-3233,-1900,-4900,2026-08-24T14:20:30.199911+00:00,2026-08-15T22:14:29.855079+00:00,0.13,O,0,complete
2026-08-24T14:28:33.713541+00:00,8869,2026-08-29,UFC Fight Night: Nurmagomedov vs. Song,ufc,alex-perez-vs-su-mudaerji-79689,T2ZmZXJOb2RlOjEwMzY3NzQ3Nw==,T3V0Y29tZU5vZGU6Njc5MTAyMw==,Polymarket,exchange,DISTANCE,A_4,A_2,Fight goes the distance,Fight ends inside distance,,,Fight to Go the Distance? - No,,1,-3233,-3233,-1900,-4900,2026-08-24T14:20:30.199911+00:00,2026-08-15T22:14:29.855079+00:00,0.13,O,0,complete
2026-08-24T14:28:33.713541+00:00,8869,2026-08-29,UFC Fight Night: Nurmagomedov vs. Song,ufc,alex-perez-vs-su-mudaerji-79689,T2ZmZXJOb2RlOjEwMzY3NzQzOQ==,T3V0Y29tZU5vZGU6Njc5MDk0Nw==,Polymarket,exchange,OVERUNDER_1.5,A_4,A_1,Over 1.5 rounds,Under 1.5 rounds,,1.5,Under 1.5,,1,-525,-9900,-525,-9900,2026-08-24T14:20:30.261178+00:00,2026-08-15T22:05:14.548928+00:00,0.13,O,0,complete
2026-08-24T14:28:33.713541+00:00,8869,2026-08-29,UFC Fight Night: Nurmagomedov vs. Song,ufc,alex-perez-vs-su-mudaerji-79689,T2ZmZXJOb2RlOjEwMzY3NzQzOA==,T3V0Y29tZU5vZGU6Njc5MDk0NQ==,Polymarket,exchange,OVERUNDER_0.5,A_4,A_1,Over 0.5 rounds,Under 0.5 rounds,,0.5,Under 0.5,,1,-488,-4900,-488,-4900,2026-08-24T14:20:30.252423+00:00,2026-08-15T22:05:14.479760+00:00,0.13,O,0,complete
2026-08-24T14:28:33.713541+00:00,8869,2026-08-29,UFC Fight Night: Nurmagomedov vs. Song,ufc,bilal-hasan-vs-nilson-rojas-80821,T2ZmZXJOb2RlOjEwMzY5MDg4MQ==,T3V0Y29tZU5vZGU6NjgwODkxOA==,Pinnacle,sportsbook,OVERUNDER_1.5,A_4,A_1,Over 1.5 rounds,Under 1.5 rounds,,1.5,Over 1.5,,0,-145,-110,-110,-145,2026-08-24T14:25:47.371847+00:00,2026-08-24T12:53:54.130620+00:00,0.05,O,0,complete
2026-08-24T14:28:33.713541+00:00,8869,2026-08-29,UFC Fight Night: Nurmagomedov vs. Song,ufc,bilal-hasan-vs-nilson-rojas-80821,T2ZmZXJOb2RlOjEwMzY5MDg4MQ==,T3V0Y29tZU5vZGU6NjgwODkxOQ==,Pinnacle,sportsbook,OVERUNDER_1.5,A_4,A_1,Over 1.5 rounds,Under 1.5 rounds,,1.5,Under 1.5,,1,+119,-110,+119,-110,2026-08-24T14:25:47.371847+00:00,2026-08-24T12:53:54.130620+00:00,0.05,O,0,complete
2026-08-24T14:28:33.713541+00:00,8869,2026-08-29,UFC Fight Night: Nurmagomedov vs. Song,ufc,bilal-hasan-vs-nilson-rojas-80821,T2ZmZXJOb2RlOjEwMzY4ODkwMg==,T3V0Y29tZU5vZGU6NjgwNTkyOA==,Polymarket,exchange,OVERUNDER_2.5,A_4,A_1,Over 2.5 rounds,Under 2.5 rounds,,2.5,Over 2.5,,0,-1567,-9900,-733,-9900,2026-08-24T14:20:31.989897+00:00,2026-08-21T22:04:29.868708+00:00,0.13,O,0,complete
2026-08-24T14:28:33.713541+00:00,8869,2026-08-29,UFC Fight Night: Nurmagomedov vs. Song,ufc,bilal-hasan-vs-nilson-rojas-80821,T2ZmZXJOb2RlOjEwMzY4ODkwMg==,T3V0Y29tZU5vZGU6NjgwNTkyOQ==,Polymarket,exchange,OVERUNDER_2.5,A_4,A_1,Over 2.5 rounds,Under 2.5 rounds,,2.5,Under 2.5,,1,-1900,-9900,-1329,-9900,2026-08-24T14:20:31.989897+00:00,2026-08-21T22:04:29.868708+00:00,0.13,O,0,complete
2026-08-24T14:28:33.713541+00:00,8869,2026-08-29,UFC Fight Night: Nurmagomedov vs. Song,ufc,bilal-hasan-vs-nilson-rojas-80821,T2ZmZXJOb2RlOjEwMzY4ODg5Ng==,T3V0Y29tZU5vZGU6NjgwNTkxNg==,Polymarket,exchange,DISTANCE,A_4,A_2,Fight goes the distance,Fight ends inside distance,,,Fight to Go the Distance? - Yes,,0,-1567,-2400,-1567,-2400,2026-08-24T14:20:31.907064+00:00,2026-08-21T22:04:29.640698+00:00,0.13,O,0,complete
2026-08-24T14:28:33.713541+00:00,8869,2026-08-29,UFC Fight Night: Nurmagomedov vs. Song,ufc,bilal-hasan-vs-nilson-rojas-80821,T2ZmZXJOb2RlOjEwMzY4ODg5Ng==,T3V0Y29tZU5vZGU6NjgwNTkxNw==,Polymarket,exchange,DISTANCE,A_4,A_2,Fight goes the distance,Fight ends inside distance,,,Fight to Go the Distance? - No,,1,-3233,-9900,-1900,-9900,2026-08-24T14:20:31.907064+00:00,2026-08-21T22:04:29.640698+00:00,0.13,O,0,complete
2026-08-24T14:28:33.713541+00:00,8869,2026-08-29,UFC Fight Night: Nurmagomedov vs. Song,ufc,andre-lima-vs-namsrai-batbayar-80336,T2ZmZXJOb2RlOjEwMzY3NzQ1NQ==,T3V0Y29tZU5vZGU6Njc5MDk3OA==,Polymarket,exchange,OVERUNDER_1.5,A_4,A_1,Over 1.5 rounds,Under 1.5 rounds,,1.5,Over 1.5,,0,-1329,-9900,-1329,-9900,2026-08-24T14:20:30.529082+00:00,2026-08-15T22:05:15.733113+00:00,0.13,O,0,complete
2026-08-24T14:28:33.713541+00:00,8869,2026-08-29,UFC Fight Night: Nurmagomedov vs. Song,ufc,andre-lima-vs-namsrai-batbayar-80336,T2ZmZXJOb2RlOjEwMzY3NzQ1NQ==,T3V0Y29tZU5vZGU6Njc5MDk3OQ==,Polymarket,exchange,OVERUNDER_1.5,A_4,A_1,Over 1.5 rounds,Under 1.5 rounds,,1.5,Under 1.5,,1,-1900,-9900,-1329,-9900,2026-08-24T14:20:30.529082+00:00,2026-08-15T22:05:15.733113+00:00,0.13,O,0,complete
2026-08-24T14:28:33.713541+00:00,8869,2026-08-29,UFC Fight Night: Nurmagomedov vs. Song,ufc,andre-lima-vs-namsrai-batbayar-80336,T2ZmZXJOb2RlOjEwMzY3NzQ1NA==,T3V0Y29tZU5vZGU6Njc5MDk3Ng==,Polymarket,exchange,OVERUNDER_0.5,A_4,A_1,Over 0.5 rounds,Under 0.5 rounds,,0.5,Over 0.5,,0,-1329,-4900,-1329,-4900,2026-08-24T14:20:30.459410+00:00,2026-08-15T22:05:15.663917+00:00,0.13,O,0,complete
2026-08-24T14:28:33.713541+00:00,8869,2026-08-29,UFC Fight Night: Nurmagomedov vs. Song,ufc,andre-lima-vs-namsrai-batbayar-80336,T2ZmZXJOb2RlOjEwMzY3NzQ1NA==,T3V0Y29tZU5vZGU6Njc5MDk3Nw==,Polymarket,exchange,OVERUNDER_0.5,A_4,A_1,Over 0.5 rounds,Under 0.5 rounds,,0.5,Under 0.5,,1,-1900,-4900,-1329,-4900,2026-08-24T14:20:30.459410+00:00,2026-08-15T22:05:15.663917+00:00,0.13,O,0,complete
2026-08-24T14:28:33.713541+00:00,8869,2026-08-29,UFC Fight Night: Nurmagomedov vs. Song,ufc,rei-tsuruya-vs-kevin-borjas-79779,T2ZmZXJOb2RlOjEwMzY3NzQ4Mw==,T3V0Y29tZU5vZGU6Njc5MTAzNA==,Polymarket,exchange,DISTANCE,A_4,A_2,Fight goes the distance,Fight ends inside distance,,,Fight to Go the Distance? - Yes,,0,-3233,-3233,-1900,-9900,2026-08-24T14:20:30.915725+00:00,2026-08-15T22:14:29.936510+00:00,0.13,O,0,complete
2026-08-24T14:28:33.713541+00:00,8869,2026-08-29,UFC Fight Night: Nurmagomedov vs. Song,ufc,rei-tsuruya-vs-kevin-borjas-79779,T2ZmZXJOb2RlOjEwMzY3NzQ4Mw==,T3V0Y29tZU5vZGU6Njc5MTAzNQ==,Polymarket,exchange,DISTANCE,A_4,A_2,Fight goes the distance,Fight ends inside distance,,,Fight to Go the Distance? - No,,1,-1900,-3233,-1900,-9900,2026-08-24T14:20:30.915725+00:00,2026-08-15T22:14:29.936510+00:00,0.13,O,0,complete
2026-08-24T14:28:33.713541+00:00,8869,2026-08-29,UFC Fight Night: Nurmagomedov vs. Song,ufc,rei-tsuruya-vs-kevin-borjas-79779,T2ZmZXJOb2RlOjEwMzY3NzQ4NA==,T3V0Y29tZU5vZGU6Njc5MTAzNg==,Polymarket,exchange,OVERUNDER_1.5,A_4,A_1,Over 1.5 rounds,Under 1.5 rounds,,1.5,Over 1.5,,0,-1329,-3233,-1329,-4900,2026-08-24T14:20:31.052413+00:00,2026-08-15T22:14:29.954523+00:00,0.13,O,0,complete
2026-08-24T14:28:33.713541+00:00,8869,2026-08-29,UFC Fight Night: Nurmagomedov vs. Song,ufc,rei-tsuruya-vs-kevin-borjas-79779,T2ZmZXJOb2RlOjEwMzY3NzQ4NA==,T3V0Y29tZU5vZGU6Njc5MTAzNw==,Polymarket,exchange,OVERUNDER_1.5,A_4,A_1,Over 1.5 rounds,Under 1.5 rounds,,1.5,Under 1.5,,1,-1900,-3233,-1329,-4900,2026-08-24T14:20:31.052413+00:00,2026-08-15T22:14:29.954523+00:00,0.13,O,0,complete
2026-08-24T14:28:33.713541+00:00,8869,2026-08-29,UFC Fight Night: Nurmagomedov vs. Song,ufc,rei-tsuruya-vs-kevin-borjas-79779,T2ZmZXJOb2RlOjEwMzY3NzQ2OA==,T3V0Y29tZU5vZGU6Njc5MTAwNA==,Polymarket,exchange,OVERUNDER_0.5,A_4,A_1,Over 0.5 rounds,Under 0.5 rounds,,0.5,Over 0.5,,0,-1900,-4900,-1329,-4900,2026-08-24T14:20:31.037159+00:00,2026-08-15T22:05:16.711086+00:00,0.13,O,0,complete
2026-08-24T14:28:33.713541+00:00,8869,2026-08-29,UFC Fight Night: Nurmagomedov vs. Song,ufc,rei-tsuruya-vs-kevin-borjas-79779,T2ZmZXJOb2RlOjEwMzY3NzQ2OA==,T3V0Y29tZU5vZGU6Njc5MTAwNQ==,Polymarket,exchange,OVERUNDER_0.5,A_4,A_1,Over 0.5 rounds,Under 0.5 rounds,,0.5,Under 0.5,,1,-1329,-4900,-1329,-4900,2026-08-24T14:20:31.037159+00:00,2026-08-15T22:05:16.711086+00:00,0.13,O,0,complete
2026-08-24T14:28:33.713541+00:00,8869,2026-08-29,UFC Fight Night: Nurmagomedov vs. Song,ufc,jack-jenkins-vs-sean-woodson-80520,T2ZmZXJOb2RlOjEwMzY3NzQ2Mg==,T3V0Y29tZU5vZGU6Njc5MDk5Mw==,Polymarket,exchange,OVERUNDER_0.5,A_4,A_1,Over 0.5 rounds,Under 0.5 rounds,,0.5,Under 0.5,,1,-1900,-4900,-809,-4900,2026-08-24T14:20:30.846378+00:00,2026-08-15T22:05:16.216556+00:00,0.13,O,0,complete
2026-08-24T14:28:33.713541+00:00,8869,2026-08-29,UFC Fight Night: Nurmagomedov vs. Song,ufc,lawrence-lui-vs-hector-santiago-80953,T2ZmZXJOb2RlOjEwMzY5MDI4Mg==,T3V0Y29tZU5vZGU6NjgwNzc4NA==,Polymarket,exchange,OVERUNDER_2.5,A_4,A_1,Over 2.5 rounds,Under 2.5 rounds,,2.5,Over 2.5,,0,-104,-9900,-104,-9900,2026-08-24T14:20:32.078570+00:00,2026-08-22T22:09:54.383797+00:00,0.13,O,0,complete
2026-08-24T14:28:33.713541+00:00,8869,2026-08-29,UFC Fight Night: Nurmagomedov vs. Song,ufc,lawrence-lui-vs-hector-santiago-80953,T2ZmZXJOb2RlOjEwMzY5MDI4Mg==,T3V0Y29tZU5vZGU6NjgwNzc4NQ==,Polymarket,exchange,OVERUNDER_2.5,A_4,A_1,Over 2.5 rounds,Under 2.5 rounds,,2.5,Under 2.5,,1,-104,-9900,-104,-9900,2026-08-24T14:20:32.078570+00:00,2026-08-22T22:09:54.383797+00:00,0.13,O,0,complete
2026-08-24T14:28:33.713541+00:00,8869,2026-08-29,UFC Fight Night: Nurmagomedov vs. Song,ufc,lawrence-lui-vs-hector-santiago-80953,T2ZmZXJOb2RlOjEwMzY5MDI4MA==,T3V0Y29tZU5vZGU6NjgwNzc4MA==,Polymarket,exchange,OVERUNDER_0.5,A_4,A_1,Over 0.5 rounds,Under 0.5 rounds,,0.5,Over 0.5,,0,-1567,-4900,-1150,-4900,2026-08-24T14:20:32.061094+00:00,2026-08-22T22:09:54.353475+00:00,0.13,O,0,complete
2026-08-24T14:28:33.713541+00:00,8869,2026-08-29,UFC Fight Night: Nurmagomedov vs. Song,ufc,lawrence-lui-vs-hector-santiago-80953,T2ZmZXJOb2RlOjEwMzY5MDI4MA==,T3V0Y29tZU5vZGU6NjgwNzc4MQ==,Polymarket,exchange,OVERUNDER_0.5,A_4,A_1,Over 0.5 rounds,Under 0.5 rounds,,0.5,Under 0.5,,1,-1150,-4900,-1150,-4900,2026-08-24T14:20:32.061094+00:00,2026-08-22T22:09:54.353475+00:00,0.13,O,0,complete
2026-08-24T14:28:33.713541+00:00,8869,2026-08-29,UFC Fight Night: Nurmagomedov vs. Song,ufc,jingnan-xiong-vs-julia-polastri-80594,T2ZmZXJOb2RlOjEwMzY3NzQ4Nw==,T3V0Y29tZU5vZGU6Njc5MTA0Mg==,Polymarket,exchange,OVERUNDER_1.5,A_4,A_1,Over 1.5 rounds,Under 1.5 rounds,,1.5,Over 1.5,,0,-1329,-3233,-1329,-4900,2026-08-24T14:20:31.327711+00:00,2026-08-15T22:14:30.009371+00:00,0.13,O,0,complete
2026-08-24T14:28:33.713541+00:00,8869,2026-08-29,UFC Fight Night: Nurmagomedov vs. Song,ufc,jingnan-xiong-vs-julia-polastri-80594,T2ZmZXJOb2RlOjEwMzY3NzQ4Nw==,T3V0Y29tZU5vZGU6Njc5MTA0Mw==,Polymarket,exchange,OVERUNDER_1.5,A_4,A_1,Over 1.5 rounds,Under 1.5 rounds,,1.5,Under 1.5,,1,-1900,-3233,-900,-4900,2026-08-24T14:20:31.327711+00:00,2026-08-15T22:14:30.009371+00:00,0.13,O,0,complete
2026-08-24T14:28:33.713541+00:00,8869,2026-08-29,UFC Fight Night: Nurmagomedov vs. Song,ufc,jingnan-xiong-vs-julia-polastri-80594,T2ZmZXJOb2RlOjEwMzY3NzQ4Ng==,T3V0Y29tZU5vZGU6Njc5MTA0MA==,Polymarket,exchange,DISTANCE,A_4,A_2,Fight goes the distance,Fight ends inside distance,,,Fight to Go the Distance? - Yes,,0,-1329,-3233,-1329,-4900,2026-08-24T14:20:31.110858+00:00,2026-08-15T22:14:29.991355+00:00,0.13,O,0,complete
2026-08-24T14:28:33.713541+00:00,8869,2026-08-29,UFC Fight Night: Nurmagomedov vs. Song,ufc,jingnan-xiong-vs-julia-polastri-80594,T2ZmZXJOb2RlOjEwMzY3NzQ4Ng==,T3V0Y29tZU5vZGU6Njc5MTA0MQ==,Polymarket,exchange,DISTANCE,A_4,A_2,Fight goes the distance,Fight ends inside distance,,,Fight to Go the Distance? - No,,1,-3233,-3233,-1900,-4900,2026-08-24T14:20:31.110858+00:00,2026-08-15T22:14:29.991355+00:00,0.13,O,0,complete
2026-08-24T14:28:33.713541+00:00,8869,2026-08-29,UFC Fight Night: Nurmagomedov vs. Song,ufc,meng-ding-vs-cameron-nelson-80702,T2ZmZXJOb2RlOjEwMzY5MDI4NA==,T3V0Y29tZU5vZGU6NjgwNzc4OA==,Polymarket,exchange,DISTANCE,A_4,A_2,Fight goes the distance,Fight ends inside distance,,,Fight to Go the Distance? - Yes,,0,-1900,-2400,-1567,-2400,2026-08-24T14:20:32.093959+00:00,2026-08-22T22:09:54.414757+00:00,0.13,O,0,complete
2026-08-24T14:28:33.713541+00:00,8869,2026-08-29,UFC Fight Night: Nurmagomedov vs. Song,ufc,meng-ding-vs-cameron-nelson-80702,T2ZmZXJOb2RlOjEwMzY5MDI4NA==,T3V0Y29tZU5vZGU6NjgwNzc4OQ==,Polymarket,exchange,DISTANCE,A_4,A_2,Fight goes the distance,Fight ends inside distance,,,Fight to Go the Distance? - No,,1,-1900,-9900,-1900,-9900,2026-08-24T14:20:32.093959+00:00,2026-08-22T22:09:54.414757+00:00,0.13,O,0,complete
2026-08-24T14:28:33.713541+00:00,8869,2026-08-29,UFC Fight Night: Nurmagomedov vs. Song,ufc,meng-ding-vs-cameron-nelson-80702,T2ZmZXJOb2RlOjEwMzY5MDI5MA==,T3V0Y29tZU5vZGU6NjgwNzgwMA==,Polymarket,exchange,OVERUNDER_1.5,A_4,A_1,Over 1.5 rounds,Under 1.5 rounds,,1.5,Over 1.5,,0,-1329,-9900,-1329,-9900,2026-08-24T14:20:32.136771+00:00,2026-08-22T22:09:54.517817+00:00,0.13,O,0,complete
2026-08-24T14:28:33.713541+00:00,8869,2026-08-29,UFC Fight Night: Nurmagomedov vs. Song,ufc,meng-ding-vs-cameron-nelson-80702,T2ZmZXJOb2RlOjEwMzY5MDI5MA==,T3V0Y29tZU5vZGU6NjgwNzgwMQ==,Polymarket,exchange,OVERUNDER_1.5,A_4,A_1,Over 1.5 rounds,Under 1.5 rounds,,1.5,Under 1.5,,1,-1900,-9900,-1329,-9900,2026-08-24T14:20:32.136771+00:00,2026-08-22T22:09:54.517817+00:00,0.13,O,0,complete
2026-08-24T14:38:18.812137+00:00,9111,2026-08-25,Dana White's Contender Series: Contender Series 2026: Week 3,dwcs,mario-piazzon-vs-guilherme-uriel-silva-costa-78018,T2ZmZXJOb2RlOjEwMzY3NDg1NQ==,T3V0Y29tZU5vZGU6Njc4NzM4OQ==,Polymarket,exchange,OVERUNDER_0.5,A_4,A_1,Over 0.5 rounds,Under 0.5 rounds,,0.5,Under 0.5,,1,-2400,-3233,-488,-4900,2026-08-24T14:36:51.977590+00:00,2026-08-12T22:10:40.832031+00:00,0.02,O,0,complete
2026-08-24T14:38:18.812137+00:00,9111,2026-08-25,Dana White's Contender Series: Contender Series 2026: Week 3,dwcs,mario-piazzon-vs-guilherme-uriel-silva-costa-78018,T2ZmZXJOb2RlOjEwMzY3NDg1MA==,T3V0Y29tZU5vZGU6Njc4NzM3OA==,Polymarket,exchange,DISTANCE,A_4,A_2,Fight goes the distance,Fight ends inside distance,,,Fight to Go the Distance? - Yes,,0,-809,-9900,-809,-9900,2026-08-24T14:30:35.322309+00:00,2026-08-12T22:10:40.773730+00:00,0.13,O,0,complete
2026-08-24T14:38:18.812137+00:00,9111,2026-08-25,Dana White's Contender Series: Contender Series 2026: Week 3,dwcs,sean-clancy-jr-vs-gary-balletto-jr-79266,T2ZmZXJOb2RlOjEwMzY3NDg2NA==,T3V0Y29tZU5vZGU6Njc4NzQwNw==,Polymarket,exchange,OVERUNDER_0.5,A_4,A_1,Over 0.5 rounds,Under 0.5 rounds,,0.5,Under 0.5,,1,-2400,-4900,-1329,-4900,2026-08-24T14:36:52.015251+00:00,2026-08-12T22:10:40.958830+00:00,0.02,O,0,complete
2026-08-24T14:38:18.812137+00:00,9111,2026-08-25,Dana White's Contender Series: Contender Series 2026: Week 3,dwcs,alexis-miranda-vs-ronald-humphrey-79267,T2ZmZXJOb2RlOjEwMzY3NDg2OA==,T3V0Y29tZU5vZGU6Njc4NzQxNA==,Polymarket,exchange,DISTANCE,A_4,A_2,Fight goes the distance,Fight ends inside distance,,,Fight to Go the Distance? - Yes,,0,-900,-9900,-809,-9900,2026-08-24T14:30:36.173892+00:00,2026-08-12T22:10:41.013797+00:00,0.13,O,0,complete
2026-08-24T14:38:18.812137+00:00,8869,2026-08-29,UFC Fight Night: Nurmagomedov vs. Song,ufc,umar-nurmagomedov-vs-yadong-song-79649,T2ZmZXJOb2RlOjEwMzY3NzQwOA==,T3V0Y29tZU5vZGU6Njc5MDg4NA==,Polymarket,exchange,KO,A_5,A_13,wins by TKO/KO,doesn't win by TKO/KO,,2.0,Will Umar Nurmagomedov win by KO or TKO? - Yes,umar-nurmagomedov-28334,0,-809,-4900,-525,-4900,2026-08-24T14:36:52.124764+00:00,2026-08-15T22:05:12.495755+00:00,0.02,O,0,complete
2026-08-24T14:38:18.812137+00:00,8869,2026-08-29,UFC Fight Night: Nurmagomedov vs. Song,ufc,xiaonan-yan-vs-denise-gomes-79865,T2ZmZXJOb2RlOjEwMzY3NzQyMw==,T3V0Y29tZU5vZGU6Njc5MDkxNA==,Polymarket,exchange,OVERUNDER_2.5,A_4,A_1,Over 2.5 rounds,Under 2.5 rounds,,2.5,Over 2.5,,0,-257,-9900,-257,-9900,2026-08-24T14:36:52.186389+00:00,2026-08-15T22:05:13.454342+00:00,0.02,O,0,complete
2026-08-24T14:38:18.812137+00:00,8869,2026-08-29,UFC Fight Night: Nurmagomedov vs. Song,ufc,xiaonan-yan-vs-denise-gomes-79865,T2ZmZXJOb2RlOjEwMzY3NzQxNg==,T3V0Y29tZU5vZGU6Njc5MDkwMA==,Polymarket,exchange,DISTANCE,A_4,A_2,Fight goes the distance,Fight ends inside distance,,,Fight to Go the Distance? - Yes,,0,-1567,-9900,-1329,-9900,2026-08-24T14:30:38.142245+00:00,2026-08-15T22:05:13.103284+00:00,0.13,O,0,complete
2026-08-24T14:38:18.812137+00:00,8869,2026-08-29,UFC Fight Night: Nurmagomedov vs. Song,ufc,xiaonan-yan-vs-denise-gomes-79865,T2ZmZXJOb2RlOjEwMzY3NzQxNg==,T3V0Y29tZU5vZGU6Njc5MDkwMQ==,Polymarket,exchange,DISTANCE,A_4,A_2,Fight goes the distance,Fight ends inside distance,,,Fight to Go the Distance? - No,,1,-1900,-9900,-1900,-9900,2026-08-24T14:30:38.142245+00:00,2026-08-15T22:05:13.103284+00:00,0.13,O,0,complete
2026-08-24T14:38:18.812137+00:00,8869,2026-08-29,UFC Fight Night: Nurmagomedov vs. Song,ufc,kai-asakura-vs-qileng-aori-80038,T2ZmZXJOb2RlOjEwMzY3NzQzMA==,T3V0Y29tZU5vZGU6Njc5MDkyOA==,Polymarket,exchange,OVERUNDER_0.5,A_4,A_1,Over 0.5 rounds,Under 0.5 rounds,,0.5,Over 0.5,,0,-1567,-4900,-1150,-4900,2026-08-24T14:30:39.202344+00:00,2026-08-15T22:05:13.902928+00:00,0.13,O,0,complete
2026-08-24T14:38:18.812137+00:00,8869,2026-08-29,UFC Fight Night: Nurmagomedov vs. Song,ufc,kai-asakura-vs-qileng-aori-80038,T2ZmZXJOb2RlOjEwMzY3NzQzMA==,T3V0Y29tZU5vZGU6Njc5MDkyOQ==,Polymarket,exchange,OVERUNDER_0.5,A_4,A_1,Over 0.5 rounds,Under 0.5 rounds,,0.5,Under 0.5,,1,-1150,-4900,-1150,-4900,2026-08-24T14:30:39.202344+00:00,2026-08-15T22:05:13.902928+00:00,0.13,O,0,complete
2026-08-24T14:38:18.812137+00:00,8869,2026-08-29,UFC Fight Night: Nurmagomedov vs. Song,ufc,kai-asakura-vs-qileng-aori-80038,T2ZmZXJOb2RlOjEwMzY3NzQzMQ==,T3V0Y29tZU5vZGU6Njc5MDkzMA==,Polymarket,exchange,OVERUNDER_1.5,A_4,A_1,Over 1.5 rounds,Under 1.5 rounds,,1.5,Over 1.5,,0,-1567,-9900,-1150,-9900,2026-08-24T14:30:39.241434+00:00,2026-08-15T22:05:13.989996+00:00,0.13,O,0,complete
2026-08-24T14:38:18.812137+00:00,8869,2026-08-29,UFC Fight Night: Nurmagomedov vs. Song,ufc,kai-asakura-vs-qileng-aori-80038,T2ZmZXJOb2RlOjEwMzY3NzQzMQ==,T3V0Y29tZU5vZGU6Njc5MDkzMQ==,Polymarket,exchange,OVERUNDER_1.5,A_4,A_1,Over 1.5 rounds,Under 1.5 rounds,,1.5,Under 1.5,,1,-1150,-9900,-1150,-9900,2026-08-24T14:30:39.241434+00:00,2026-08-15T22:05:13.989996+00:00,0.13,O,0,complete
2026-08-24T14:38:18.812137+00:00,8869,2026-08-29,UFC Fight Night: Nurmagomedov vs. Song,ufc,alex-perez-vs-su-mudaerji-79689,T2ZmZXJOb2RlOjEwMzY3NzQ3Nw==,T3V0Y29tZU5vZGU6Njc5MTAyMg==,Polymarket,exchange,DISTANCE,A_4,A_2,Fight goes the distance,Fight ends inside distance,,,Fight to Go the Distance? - Yes,,0,-3233,-3233,-1900,-4900,2026-08-24T14:36:52.219370+00:00,2026-08-15T22:14:29.855079+00:00,0.02,O,0,complete
2026-08-24T14:38:18.812137+00:00,8869,2026-08-29,UFC Fight Night: Nurmagomedov vs. Song,ufc,alex-perez-vs-su-mudaerji-79689,T2ZmZXJOb2RlOjEwMzY3NzQzOQ==,T3V0Y29tZU5vZGU6Njc5MDk0Nw==,Polymarket,exchange,OVERUNDER_1.5,A_4,A_1,Over 1.5 rounds,Under 1.5 rounds,,1.5,Under 1.5,,1,-488,-9900,-488,-9900,2026-08-24T14:30:39.807036+00:00,2026-08-15T22:05:14.548928+00:00,0.13,O,0,complete
2026-08-24T14:38:18.812137+00:00,8869,2026-08-29,UFC Fight Night: Nurmagomedov vs. Song,ufc,alex-perez-vs-su-mudaerji-79689,T2ZmZXJOb2RlOjEwMzY3NzQzOA==,T3V0Y29tZU5vZGU6Njc5MDk0NQ==,Polymarket,exchange,OVERUNDER_0.5,A_4,A_1,Over 0.5 rounds,Under 0.5 rounds,,0.5,Under 0.5,,1,-525,-4900,-488,-4900,2026-08-24T14:30:39.784435+00:00,2026-08-15T22:05:14.479760+00:00,0.13,O,0,complete
2026-08-24T14:38:18.812137+00:00,8869,2026-08-29,UFC Fight Night: Nurmagomedov vs. Song,ufc,bilal-hasan-vs-nilson-rojas-80821,T2ZmZXJOb2RlOjEwMzY4ODkwMg==,T3V0Y29tZU5vZGU6NjgwNTkyOA==,Polymarket,exchange,OVERUNDER_2.5,A_4,A_1,Over 2.5 rounds,Under 2.5 rounds,,2.5,Over 2.5,,0,-1329,-9900,-733,-9900,2026-08-24T14:36:52.562385+00:00,2026-08-21T22:04:29.868708+00:00,0.02,O,0,complete
2026-08-24T14:38:18.812137+00:00,8869,2026-08-29,UFC Fight Night: Nurmagomedov vs. Song,ufc,andre-lima-vs-namsrai-batbayar-80336,T2ZmZXJOb2RlOjEwMzY3NzQ1NQ==,T3V0Y29tZU5vZGU6Njc5MDk3OA==,Polymarket,exchange,OVERUNDER_1.5,A_4,A_1,Over 1.5 rounds,Under 1.5 rounds,,1.5,Over 1.5,,0,-1567,-9900,-1329,-9900,2026-08-24T14:36:52.278982+00:00,2026-08-15T22:05:15.733113+00:00,0.02,O,0,complete
2026-08-24T14:38:18.812137+00:00,8869,2026-08-29,UFC Fight Night: Nurmagomedov vs. Song,ufc,andre-lima-vs-namsrai-batbayar-80336,T2ZmZXJOb2RlOjEwMzY3NzQ1NA==,T3V0Y29tZU5vZGU6Njc5MDk3Ng==,Polymarket,exchange,OVERUNDER_0.5,A_4,A_1,Over 0.5 rounds,Under 0.5 rounds,,0.5,Over 0.5,,0,-1567,-4900,-1329,-4900,2026-08-24T14:36:52.276803+00:00,2026-08-15T22:05:15.663917+00:00,0.02,O,0,complete
2026-08-24T14:38:18.812137+00:00,8869,2026-08-29,UFC Fight Night: Nurmagomedov vs. Song,ufc,andre-lima-vs-namsrai-batbayar-80336,T2ZmZXJOb2RlOjEwMzY3NzQ3OQ==,T3V0Y29tZU5vZGU6Njc5MTAyNg==,Polymarket,exchange,DISTANCE,A_4,A_2,Fight goes the distance,Fight ends inside distance,,,Fight to Go the Distance? - Yes,,0,-1567,-3233,-1567,-4900,2026-08-24T14:30:40.510296+00:00,2026-08-15T22:14:29.879254+00:00,0.13,O,0,complete
2026-08-24T14:38:18.812137+00:00,8869,2026-08-29,UFC Fight Night: Nurmagomedov vs. Song,ufc,rei-tsuruya-vs-kevin-borjas-79779,T2ZmZXJOb2RlOjEwMzY3NzQ4Mw==,T3V0Y29tZU5vZGU6Njc5MTAzNQ==,Polymarket,exchange,DISTANCE,A_4,A_2,Fight goes the distance,Fight ends inside distance,,,Fight to Go the Distance? - No,,1,-3233,-3233,-1900,-9900,2026-08-24T14:36:52.317257+00:00,2026-08-15T22:14:29.936510+00:00,0.02,O,0,complete
2026-08-24T14:38:18.812137+00:00,8869,2026-08-29,UFC Fight Night: Nurmagomedov vs. Song,ufc,rei-tsuruya-vs-kevin-borjas-79779,T2ZmZXJOb2RlOjEwMzY3NzQ4NA==,T3V0Y29tZU5vZGU6Njc5MTAzNg==,Polymarket,exchange,OVERUNDER_1.5,A_4,A_1,Over 1.5 rounds,Under 1.5 rounds,,1.5,Over 1.5,,0,-1900,-3233,-1329,-4900,2026-08-24T14:36:52.342849+00:00,2026-08-15T22:14:29.954523+00:00,0.02,O,0,complete
2026-08-24T14:38:18.812137+00:00,8869,2026-08-29,UFC Fight Night: Nurmagomedov vs. Song,ufc,rei-tsuruya-vs-kevin-borjas-79779,T2ZmZXJOb2RlOjEwMzY3NzQ2OA==,T3V0Y29tZU5vZGU6Njc5MTAwNQ==,Polymarket,exchange,OVERUNDER_0.5,A_4,A_1,Over 0.5 rounds,Under 0.5 rounds,,0.5,Under 0.5,,1,-1900,-4900,-1329,-4900,2026-08-24T14:36:52.337641+00:00,2026-08-15T22:05:16.711086+00:00,0.02,O,0,complete
2026-08-24T14:38:18.812137+00:00,8869,2026-08-29,UFC Fight Night: Nurmagomedov vs. Song,ufc,jack-jenkins-vs-sean-woodson-80520,T2ZmZXJOb2RlOjEwMzY3NzQ4MQ==,T3V0Y29tZU5vZGU6Njc5MTAzMA==,Polymarket,exchange,OVERUNDER_1.5,A_4,A_1,Over 1.5 rounds,Under 1.5 rounds,,1.5,Over 1.5,,0,-1900,-3233,-1329,-3233,2026-08-24T14:30:41.164551+00:00,2026-08-15T22:14:29.902691+00:00,0.13,O,0,complete
2026-08-24T14:38:18.812137+00:00,8869,2026-08-29,UFC Fight Night: Nurmagomedov vs. Song,ufc,jack-jenkins-vs-sean-woodson-80520,T2ZmZXJOb2RlOjEwMzY3NzQ4MQ==,T3V0Y29tZU5vZGU6Njc5MTAzMQ==,Polymarket,exchange,OVERUNDER_1.5,A_4,A_1,Over 1.5 rounds,Under 1.5 rounds,,1.5,Under 1.5,,1,-1329,-3233,-669,-4900,2026-08-24T14:30:41.164551+00:00,2026-08-15T22:14:29.902691+00:00,0.13,O,0,complete
2026-08-24T14:38:18.812137+00:00,8869,2026-08-29,UFC Fight Night: Nurmagomedov vs. Song,ufc,lawrence-lui-vs-hector-santiago-80953,T2ZmZXJOb2RlOjEwMzY5MDI4MQ==,T3V0Y29tZU5vZGU6NjgwNzc4Mg==,Polymarket,exchange,OVERUNDER_1.5,A_4,A_1,Over 1.5 rounds,Under 1.5 rounds,,1.5,Over 1.5,,0,-1150,-9900,-1150,-9900,2026-08-24T14:30:44.538295+00:00,2026-08-22T22:09:54.368043+00:00,0.13,O,0,complete
2026-08-24T14:38:18.812137+00:00,8869,2026-08-29,UFC Fight Night: Nurmagomedov vs. Song,ufc,lawrence-lui-vs-hector-santiago-80953,T2ZmZXJOb2RlOjEwMzY5MDI4MQ==,T3V0Y29tZU5vZGU6NjgwNzc4Mw==,Polymarket,exchange,OVERUNDER_1.5,A_4,A_1,Over 1.5 rounds,Under 1.5 rounds,,1.5,Under 1.5,,1,-1567,-9900,-1329,-9900,2026-08-24T14:30:44.538295+00:00,2026-08-22T22:09:54.368043+00:00,0.13,O,0,complete
2026-08-24T14:38:18.812137+00:00,8869,2026-08-29,UFC Fight Night: Nurmagomedov vs. Song,ufc,lawrence-lui-vs-hector-santiago-80953,T2ZmZXJOb2RlOjEwMzY5MDI4MA==,T3V0Y29tZU5vZGU6NjgwNzc4MQ==,Polymarket,exchange,OVERUNDER_0.5,A_4,A_1,Over 0.5 rounds,Under 0.5 rounds,,0.5,Under 0.5,,1,-1329,-4900,-1150,-4900,2026-08-24T14:36:52.588510+00:00,2026-08-22T22:09:54.353475+00:00,0.02,O,0,complete
2026-08-24T14:38:18.812137+00:00,8869,2026-08-29,UFC Fight Night: Nurmagomedov vs. Song,ufc,jingnan-xiong-vs-julia-polastri-80594,T2ZmZXJOb2RlOjEwMzY3NzQ4OA==,T3V0Y29tZU5vZGU6Njc5MTA0NA==,Polymarket,exchange,OVERUNDER_2.5,A_4,A_1,Over 2.5 rounds,Under 2.5 rounds,,2.5,Over 2.5,,0,-1329,-3233,-355,-4900,2026-08-24T14:30:41.701946+00:00,2026-08-15T22:14:30.023649+00:00,0.13,O,0,complete
2026-08-24T14:38:18.812137+00:00,8869,2026-08-29,UFC Fight Night: Nurmagomedov vs. Song,ufc,jingnan-xiong-vs-julia-polastri-80594,T2ZmZXJOb2RlOjEwMzY3NzQ3Mg==,T3V0Y29tZU5vZGU6Njc5MTAxMg==,Polymarket,exchange,KO,A_5,A_13,wins by TKO/KO,doesn't win by TKO/KO,,2.0,Will Julia Polastri win by KO or TKO? - Yes,julia-polastri-39425,0,-1329,-4900,-525,-4900,2026-08-24T14:36:52.372948+00:00,2026-08-15T22:05:17.178253+00:00,0.02,O,0,complete
2026-08-24T14:38:18.812137+00:00,8869,2026-08-29,UFC Fight Night: Nurmagomedov vs. Song,ufc,jingnan-xiong-vs-julia-polastri-80594,T2ZmZXJOb2RlOjEwMzY3NzQ3Mg==,T3V0Y29tZU5vZGU6Njc5MTAxMw==,Polymarket,exchange,KO,A_5,A_13,wins by TKO/KO,doesn't win by TKO/KO,,2.0,Will Julia Polastri win by KO or TKO? - No,julia-polastri-39425,1,-2400,-4900,+400,-4900,2026-08-24T14:36:52.372948+00:00,2026-08-15T22:05:17.178253+00:00,0.02,O,0,complete
2026-08-24T14:38:18.812137+00:00,8869,2026-08-29,UFC Fight Night: Nurmagomedov vs. Song,ufc,jingnan-xiong-vs-julia-polastri-80594,T2ZmZXJOb2RlOjEwMzY3NzQ4Ng==,T3V0Y29tZU5vZGU6Njc5MTA0MA==,Polymarket,exchange,DISTANCE,A_4,A_2,Fight goes the distance,Fight ends inside distance,,,Fight to Go the Distance? - Yes,,0,-1567,-3233,-1329,-4900,2026-08-24T14:30:41.509453+00:00,2026-08-15T22:14:29.991355+00:00,0.13,O,0,complete
2026-08-24T14:38:18.812137+00:00,8869,2026-08-29,UFC Fight Night: Nurmagomedov vs. Song,ufc,jingnan-xiong-vs-julia-polastri-80594,T2ZmZXJOb2RlOjEwMzY3NzQ4Ng==,T3V0Y29tZU5vZGU6Njc5MTA0MQ==,Polymarket,exchange,DISTANCE,A_4,A_2,Fight goes the distance,Fight ends inside distance,,,Fight to Go the Distance? - No,,1,-1900,-3233,-1900,-4900,2026-08-24T14:30:41.509453+00:00,2026-08-15T22:14:29.991355+00:00,0.13,O,0,complete
2026-08-24T14:38:18.812137+00:00,8869,2026-08-29,UFC Fight Night: Nurmagomedov vs. Song,ufc,meng-ding-vs-cameron-nelson-80702,T2ZmZXJOb2RlOjEwMzY5MDI4NA==,T3V0Y29tZU5vZGU6NjgwNzc4OQ==,Polymarket,exchange,DISTANCE,A_4,A_2,Fight goes the distance,Fight ends inside distance,,,Fight to Go the Distance? - No,,1,-2400,-9900,-1900,-9900,2026-08-24T14:36:52.601025+00:00,2026-08-22T22:09:54.414757+00:00,0.02,O,0,complete
2026-08-24T14:47:59.486420+00:00,8869,2026-08-29,UFC Fight Night: Nurmagomedov vs. Song,ufc,bilal-hasan-vs-nilson-rojas-80821,T2ZmZXJOb2RlOjEwMzY5MDY3MQ==,T3V0Y29tZU5vZGU6NjgwODUwNg==,ReBet,sportsbook,OVERUNDER_1.5,A_4,A_1,Over 1.5 rounds,Under 1.5 rounds,,1.5,Over 1.5,,0,-155,-109,+101,-155,2026-08-24T14:46:53.074230+00:00,2026-08-23T17:15:49.399681+00:00,0.02,O,0,complete
2026-08-24T14:47:59.486420+00:00,8869,2026-08-29,UFC Fight Night: Nurmagomedov vs. Song,ufc,bilal-hasan-vs-nilson-rojas-80821,T2ZmZXJOb2RlOjEwMzY5MDY3MQ==,T3V0Y29tZU5vZGU6NjgwODUwNw==,ReBet,sportsbook,OVERUNDER_1.5,A_4,A_1,Over 1.5 rounds,Under 1.5 rounds,,1.5,Under 1.5,,1,+121,-117,+121,-129,2026-08-24T14:46:53.074230+00:00,2026-08-23T17:15:49.399681+00:00,0.02,O,0,complete
2026-08-24T14:47:59.486420+00:00,8869,2026-08-29,UFC Fight Night: Nurmagomedov vs. Song,ufc,bilal-hasan-vs-nilson-rojas-80821,T2ZmZXJOb2RlOjEwMzY5MDY1Ng==,T3V0Y29tZU5vZGU6NjgwODQ3Ng==,BetUS,sportsbook,OVERUNDER_1.5,A_4,A_1,Over 1.5 rounds,Under 1.5 rounds,,1.5,Over 1.5,,0,-150,-105,+105,-150,2026-08-24T14:40:36.723265+00:00,2026-08-23T17:01:00.782520+00:00,0.12,O,0,complete
2026-08-24T14:47:59.486420+00:00,8869,2026-08-29,UFC Fight Night: Nurmagomedov vs. Song,ufc,bilal-hasan-vs-nilson-rojas-80821,T2ZmZXJOb2RlOjEwMzY5MDY1Ng==,T3V0Y29tZU5vZGU6NjgwODQ3Nw==,BetUS,sportsbook,OVERUNDER_1.5,A_4,A_1,Over 1.5 rounds,Under 1.5 rounds,,1.5,Under 1.5,,1,+126,-115,+126,-125,2026-08-24T14:40:36.723265+00:00,2026-08-23T17:01:00.782520+00:00,0.12,O,0,complete
2026-08-24T14:47:59.486420+00:00,8869,2026-08-29,UFC Fight Night: Nurmagomedov vs. Song,ufc,bilal-hasan-vs-nilson-rojas-80821,T2ZmZXJOb2RlOjEwMzY5MDY1NQ==,T3V0Y29tZU5vZGU6NjgwODQ3NQ==,Novig,exchange,OVERUNDER_1.5,A_4,A_1,Over 1.5 rounds,Under 1.5 rounds,,1.5,Under 1.5,,1,+117,-125,+117,-174,2026-08-24T14:45:25.619339+00:00,2026-08-23T17:00:57.322026+00:00,0.04,O,0,complete
2026-08-24T14:47:59.486420+00:00,8869,2026-08-29,UFC Fight Night: Nurmagomedov vs. Song,ufc,bilal-hasan-vs-nilson-rojas-80821,T2ZmZXJOb2RlOjEwMzY5MDY1MQ==,T3V0Y29tZU5vZGU6NjgwODQ2Ng==,Bovada,sportsbook,OVERUNDER_1.5,A_4,A_1,Over 1.5 rounds,Under 1.5 rounds,,1.5,Over 1.5,,0,-155,+160,+160,-155,2026-08-24T14:44:33.590957+00:00,2026-08-23T16:59:16.090690+00:00,0.06,O,0,complete
2026-08-24T14:47:59.486420+00:00,8869,2026-08-29,UFC Fight Night: Nurmagomedov vs. Song,ufc,bilal-hasan-vs-nilson-rojas-80821,T2ZmZXJOb2RlOjEwMzY5MDY1MQ==,T3V0Y29tZU5vZGU6NjgwODQ2Nw==,Bovada,sportsbook,OVERUNDER_1.5,A_4,A_1,Over 1.5 rounds,Under 1.5 rounds,,1.5,Under 1.5,,1,+120,-210,+120,-210,2026-08-24T14:44:33.590957+00:00,2026-08-23T16:59:16.090690+00:00,0.06,O,0,complete
2026-08-24T14:47:59.486420+00:00,8869,2026-08-29,UFC Fight Night: Nurmagomedov vs. Song,ufc,bilal-hasan-vs-nilson-rojas-80821,T2ZmZXJOb2RlOjEwMzY5MDY1MA==,T3V0Y29tZU5vZGU6NjgwODQ2NA==,BetOnline,sportsbook,OVERUNDER_1.5,A_4,A_1,Over 1.5 rounds,Under 1.5 rounds,,1.5,Over 1.5,,0,-148,+189,+189,-148,2026-08-24T14:40:43.944809+00:00,2026-08-23T16:57:14.097425+00:00,0.12,O,0,complete
2026-08-24T14:47:59.486420+00:00,8869,2026-08-29,UFC Fight Night: Nurmagomedov vs. Song,ufc,bilal-hasan-vs-nilson-rojas-80821,T2ZmZXJOb2RlOjEwMzY5MDY1MA==,T3V0Y29tZU5vZGU6NjgwODQ2NQ==,BetOnline,sportsbook,OVERUNDER_1.5,A_4,A_1,Over 1.5 rounds,Under 1.5 rounds,,1.5,Under 1.5,,1,+128,-225,+128,-225,2026-08-24T14:40:43.944809+00:00,2026-08-23T16:57:14.097425+00:00,0.12,O,0,complete
2026-08-24T14:57:43.530128+00:00,9111,2026-08-25,Dana White's Contender Series: Contender Series 2026: Week 3,dwcs,sean-clancy-jr-vs-gary-balletto-jr-79266,T2ZmZXJOb2RlOjEwMzY3NDg2NA==,T3V0Y29tZU5vZGU6Njc4NzQwNg==,Polymarket,exchange,OVERUNDER_0.5,A_4,A_1,Over 0.5 rounds,Under 0.5 rounds,,0.5,Over 0.5,,0,-1567,-4900,+900,-4900,2026-08-24T14:55:27.378452+00:00,2026-08-12T22:10:40.958830+00:00,0.04,O,0,complete
2026-08-24T14:57:43.530128+00:00,9111,2026-08-25,Dana White's Contender Series: Contender Series 2026: Week 3,dwcs,sean-clancy-jr-vs-gary-balletto-jr-79266,T2ZmZXJOb2RlOjEwMzY3NDg2NA==,T3V0Y29tZU5vZGU6Njc4NzQwNw==,Polymarket,exchange,OVERUNDER_0.5,A_4,A_1,Over 0.5 rounds,Under 0.5 rounds,,0.5,Under 0.5,,1,-1567,-4900,-1329,-4900,2026-08-24T14:55:27.378452+00:00,2026-08-12T22:10:40.958830+00:00,0.04,O,0,complete
2026-08-24T14:57:43.530128+00:00,8869,2026-08-29,UFC Fight Night: Nurmagomedov vs. Song,ufc,umar-nurmagomedov-vs-yadong-song-79649,T2ZmZXJOb2RlOjEwMzY5MDk1OQ==,T3V0Y29tZU5vZGU6NjgwOTAyNA==,BetOnline,sportsbook,SD,A_5,A_13,wins by split/majority decision,doesn't win by split/majority decision,,5.0,Song Yadong Wins by Split or Majority Decision,yadong-song-6805,0,+1400,+1400,+1400,+1400,2026-08-24T14:53:13.588937+00:00,2026-08-24T14:53:10.666604+00:00,0.07,O,0,complete
2026-08-24T14:57:43.530128+00:00,8869,2026-08-29,UFC Fight Night: Nurmagomedov vs. Song,ufc,umar-nurmagomedov-vs-yadong-song-79649,T2ZmZXJOb2RlOjEwMzY5MDk1OA==,T3V0Y29tZU5vZGU6NjgwOTAyMw==,BetOnline,sportsbook,UD,A_5,A_13,wins by unanimous decision,doesn't win by unanimous decision,,4.0,Song Yadong Wins by Unanimous Decision,yadong-song-6805,0,+775,+775,+775,+775,2026-08-24T14:53:13.400879+00:00,2026-08-24T14:53:10.556299+00:00,0.08,O,0,complete
2026-08-24T14:57:43.530128+00:00,8869,2026-08-29,UFC Fight Night: Nurmagomedov vs. Song,ufc,umar-nurmagomedov-vs-yadong-song-79649,T2ZmZXJOb2RlOjEwMzY5MDk1Nw==,T3V0Y29tZU5vZGU6NjgwOTAyMg==,BetOnline,sportsbook,SD,A_5,A_13,wins by split/majority decision,doesn't win by split/majority decision,,5.0,Umar Nurmagomedov Wins by Split or Majority Decision,umar-nurmagomedov-28334,0,+900,+900,+900,+900,2026-08-24T14:53:13.188583+00:00,2026-08-24T14:53:10.540173+00:00,0.08,O,0,complete
2026-08-24T14:57:43.530128+00:00,8869,2026-08-29,UFC Fight Night: Nurmagomedov vs. Song,ufc,umar-nurmagomedov-vs-yadong-song-79649,T2ZmZXJOb2RlOjEwMzY5MDk1Ng==,T3V0Y29tZU5vZGU6NjgwOTAyMQ==,BetOnline,sportsbook,UD,A_5,A_13,wins by unanimous decision,doesn't win by unanimous decision,,4.0,Umar Nurmagomedov Wins by Unanimous Decision,umar-nurmagomedov-28334,0,-155,-155,-155,-155,2026-08-24T14:53:12.987761+00:00,2026-08-24T14:53:10.518475+00:00,0.08,O,0,complete
2026-08-24T14:57:43.530128+00:00,8869,2026-08-29,UFC Fight Night: Nurmagomedov vs. Song,ufc,umar-nurmagomedov-vs-yadong-song-79649,T2ZmZXJOb2RlOjEwMzY5MDk1NQ==,T3V0Y29tZU5vZGU6NjgwOTAxOQ==,BetOnline,sportsbook,END_SD,A_4,A_5,Fight ends in split or majority decision,Fight doesn't end in split or majority decision,,,Fight Goes to Split or Majority Decision - Yes,,0,+600,+600,+600,+600,2026-08-24T14:53:12.774496+00:00,2026-08-24T14:53:10.399756+00:00,0.08,O,0,complete
2026-08-24T14:57:43.530128+00:00,8869,2026-08-29,UFC Fight Night: Nurmagomedov vs. Song,ufc,umar-nurmagomedov-vs-yadong-song-79649,T2ZmZXJOb2RlOjEwMzY5MDk1NQ==,T3V0Y29tZU5vZGU6NjgwOTAyMA==,BetOnline,sportsbook,END_SD,A_4,A_5,Fight ends in split or majority decision,Fight doesn't end in split or majority decision,,,Fight Goes to Split or Majority Decision - No,,1,-1000,-1000,-1000,-1000,2026-08-24T14:53:12.774496+00:00,2026-08-24T14:53:10.399756+00:00,0.08,O,0,complete
2026-08-24T14:57:43.530128+00:00,8869,2026-08-29,UFC Fight Night: Nurmagomedov vs. Song,ufc,umar-nurmagomedov-vs-yadong-song-79649,T2ZmZXJOb2RlOjEwMzY5MDk1NA==,T3V0Y29tZU5vZGU6NjgwOTAxOA==,BetOnline,sportsbook,SUB_DEC,A_5,A_30,wins by Submission or Decision,Any other result,,,Song Yadong by Submission or Decision,yadong-song-6805,0,+500,+500,+500,+500,2026-08-24T14:53:12.578319+00:00,2026-08-24T14:53:10.380413+00:00,0.08,O,0,complete
2026-08-24T14:57:43.530128+00:00,8869,2026-08-29,UFC Fight Night: Nurmagomedov vs. Song,ufc,umar-nurmagomedov-vs-yadong-song-79649,T2ZmZXJOb2RlOjEwMzY5MDk1Mw==,T3V0Y29tZU5vZGU6NjgwOTAxNw==,BetOnline,sportsbook,KO_DEC,A_5,A_30,wins by KO/TKO or Decision,Any other result,,,"Song Yadong by TKO/KO, DQ or Decision",yadong-song-6805,0,+325,+325,+325,+325,2026-08-24T14:53:12.317196+00:00,2026-08-24T14:53:10.360173+00:00,0.08,O,0,complete
2026-08-24T14:57:43.530128+00:00,8869,2026-08-29,UFC Fight Night: Nurmagomedov vs. Song,ufc,umar-nurmagomedov-vs-yadong-song-79649,T2ZmZXJOb2RlOjEwMzY5MDk1Mg==,T3V0Y29tZU5vZGU6NjgwOTAxNg==,BetOnline,sportsbook,SUB_DEC,A_5,A_30,wins by Submission or Decision,Any other result,,,Umar Nurmagomedov by Submission or Decision,umar-nurmagomedov-28334,0,-350,-350,-350,-350,2026-08-24T14:53:12.079580+00:00,2026-08-24T14:53:10.316025+00:00,0.08,O,0,complete
2026-08-24T14:57:43.530128+00:00,8869,2026-08-29,UFC Fight Night: Nurmagomedov vs. Song,ufc,umar-nurmagomedov-vs-yadong-song-79649,T2ZmZXJOb2RlOjEwMzY5MDk1MQ==,T3V0Y29tZU5vZGU6NjgwOTAxNQ==,BetOnline,sportsbook,KO_DEC,A_5,A_30,wins by KO/TKO or Decision,Any other result,,,"Umar Nurmagomedov by TKO/KO, DQ or Decision",umar-nurmagomedov-28334,0,-250,-250,-250,-250,2026-08-24T14:53:11.858186+00:00,2026-08-24T14:53:10.263743+00:00,0.08,O,0,complete
2026-08-24T14:57:43.530128+00:00,8869,2026-08-29,UFC Fight Night: Nurmagomedov vs. Song,ufc,umar-nurmagomedov-vs-yadong-song-79649,T2ZmZXJOb2RlOjEwMzY5MDk1MA==,T3V0Y29tZU5vZGU6NjgwOTAxNA==,BetOnline,sportsbook,,,,,,,,Goes the Distance,,0,-200,-200,-200,-200,2026-08-24T14:53:11.683158+00:00,2026-08-24T14:53:10.223405+00:00,0.08,O,0,complete
2026-08-24T14:57:43.530128+00:00,8869,2026-08-29,UFC Fight Night: Nurmagomedov vs. Song,ufc,umar-nurmagomedov-vs-yadong-song-79649,T2ZmZXJOb2RlOjEwMzY5MDk0OQ==,T3V0Y29tZU5vZGU6NjgwOTAxMw==,BetOnline,sportsbook,END_SUB,A_4,A_5,Fight ends in submission,Fight doesn't end in submission,,,Either Fighter by Submission,,0,+400,+400,+400,+400,2026-08-24T14:53:11.530409+00:00,2026-08-24T14:53:10.153849+00:00,0.08,O,0,complete
2026-08-24T14:57:43.530128+00:00,8869,2026-08-29,UFC Fight Night: Nurmagomedov vs. Song,ufc,umar-nurmagomedov-vs-yadong-song-79649,T2ZmZXJOb2RlOjEwMzY5MDk0OA==,T3V0Y29tZU5vZGU6NjgwOTAxMg==,BetOnline,sportsbook,END_KO,A_4,A_5,"Fight ends by KO, TKO or DQ","Fight doesn't end by KO, TKO or DQ",,,Either Fighter by KO/TKO or DQ,,0,+285,+285,+285,+285,2026-08-24T14:53:11.393810+00:00,2026-08-24T14:53:10.106488+00:00,0.08,O,0,complete
2026-08-24T14:57:43.530128+00:00,8869,2026-08-29,UFC Fight Night: Nurmagomedov vs. Song,ufc,umar-nurmagomedov-vs-yadong-song-79649,T2ZmZXJOb2RlOjEwMzY5MDk0Nw==,T3V0Y29tZU5vZGU6NjgwOTAxMQ==,BetOnline,sportsbook,ID,A_5,A_12,wins inside distance,doesn't win inside distance,,,Song Yadong wins inside distance,yadong-song-6805,0,+650,+650,+650,+650,2026-08-24T14:53:11.193993+00:00,2026-08-24T14:53:10.052864+00:00,0.08,O,0,complete
2026-08-24T14:57:43.530128+00:00,8869,2026-08-29,UFC Fight Night: Nurmagomedov vs. Song,ufc,umar-nurmagomedov-vs-yadong-song-79649,T2ZmZXJOb2RlOjEwMzY5MDk0Ng==,T3V0Y29tZU5vZGU6NjgwOTAxMA==,BetOnline,sportsbook,ID,A_5,A_12,wins inside distance,doesn't win inside distance,,,Umar Nurmagomedov wins inside distance,umar-nurmagomedov-28334,0,+205,+205,+205,+205,2026-08-24T14:53:11.084802+00:00,2026-08-24T14:53:09.978237+00:00,0.08,O,0,complete
2026-08-24T14:57:43.530128+00:00,8869,2026-08-29,UFC Fight Night: Nurmagomedov vs. Song,ufc,umar-nurmagomedov-vs-yadong-song-79649,T2ZmZXJOb2RlOjEwMzY5MDk0NQ==,T3V0Y29tZU5vZGU6NjgwOTAwOA==,BetOnline,sportsbook,STRAIGHT_NS,A_7,A_26,Straight (Finish Only),Straight (Finish Only),,,Umar Nurmagomedov - No Scorecards,umar-nurmagomedov-28334,1,-275,-325,-275,-325,2026-08-24T14:55:49.098353+00:00,2026-08-24T14:53:09.886499+00:00,0.03,O,0,complete
2026-08-24T14:57:43.530128+00:00,8869,2026-08-29,UFC Fight Night: Nurmagomedov vs. Song,ufc,umar-nurmagomedov-vs-yadong-song-79649,T2ZmZXJOb2RlOjEwMzY5MDk0NQ==,T3V0Y29tZU5vZGU6NjgwOTAwOQ==,BetOnline,sportsbook,STRAIGHT_NS,A_7,A_26,Straight (Finish Only),Straight (Finish Only),,,Song Yadong - No Scorecards,yadong-song-6805,1,+215,+250,+250,+215,2026-08-24T14:55:49.098353+00:00,2026-08-24T14:53:09.886499+00:00,0.03,O,0,complete
2026-08-24T14:57:43.530128+00:00,8869,2026-08-29,UFC Fight Night: Nurmagomedov vs. Song,ufc,umar-nurmagomedov-vs-yadong-song-79649,T2ZmZXJOb2RlOjEwMzY5MDk0NA==,T3V0Y29tZU5vZGU6NjgwOTAwNw==,BetOnline,sportsbook,SUB_5,A_5,A_15,wins in round 5 - Submission,doesn't win in round 5 - Submission,,,Song Yadong in Round 5 by Submission,yadong-song-6805,0,+6000,+6000,+6000,+6000,2026-08-24T14:51:58.142662+00:00,2026-08-24T14:51:56.473639+00:00,0.1,O,0,complete
2026-08-24T14:57:43.530128+00:00,8869,2026-08-29,UFC Fight Night: Nurmagomedov vs. Song,ufc,umar-nurmagomedov-vs-yadong-song-79649,T2ZmZXJOb2RlOjEwMzY5MDk0Mw==,T3V0Y29tZU5vZGU6NjgwOTAwNg==,BetOnline,sportsbook,SUB_4,A_5,A_15,wins in round 4 - Submission,doesn't win in round 4 - Submission,,,Song Yadong in Round 4 by Submission,yadong-song-6805,0,+5500,+5500,+5500,+5500,2026-08-24T14:51:58.099936+00:00,2026-08-24T14:51:56.462226+00:00,0.1,O,0,complete
2026-08-24T14:57:43.530128+00:00,8869,2026-08-29,UFC Fight Night: Nurmagomedov vs. Song,ufc,umar-nurmagomedov-vs-yadong-song-79649,T2ZmZXJOb2RlOjEwMzY5MDk0Mg==,T3V0Y29tZU5vZGU6NjgwOTAwNQ==,BetOnline,sportsbook,SUB_3,A_5,A_15,wins in round 3 - Submission,doesn't win in round 3 - Submission,,,Song Yadong in Round 3 by Submission,yadong-song-6805,0,+5000,+5000,+5000,+5000,2026-08-24T14:51:58.059917+00:00,2026-08-24T14:51:56.451639+00:00,0.1,O,0,complete
2026-08-24T14:57:43.530128+00:00,8869,2026-08-29,UFC Fight Night: Nurmagomedov vs. Song,ufc,umar-nurmagomedov-vs-yadong-song-79649,T2ZmZXJOb2RlOjEwMzY5MDk0MQ==,T3V0Y29tZU5vZGU6NjgwOTAwNA==,BetOnline,sportsbook,SUB_2,A_5,A_15,wins in round 2 - Submission,doesn't win in round 2 - Submission,,,Song Yadong in Round 2 by Submission,yadong-song-6805,0,+4500,+4500,+4500,+4500,2026-08-24T14:51:58.026818+00:00,2026-08-24T14:51:56.443373+00:00,0.1,O,0,complete
2026-08-24T14:57:43.530128+00:00,8869,2026-08-29,UFC Fight Night: Nurmagomedov vs. Song,ufc,umar-nurmagomedov-vs-yadong-song-79649,T2ZmZXJOb2RlOjEwMzY5MDk0MA==,T3V0Y29tZU5vZGU6NjgwOTAwMw==,BetOnline,sportsbook,SUB_1,A_5,A_15,wins in round 1 - Submission,doesn't win in round 1 - Submission,,,Song Yadong in Round 1 by Submission,yadong-song-6805,0,+4000,+4000,+4000,+4000,2026-08-24T14:51:57.991876+00:00,2026-08-24T14:51:56.433530+00:00,0.1,O,0,complete
2026-08-24T14:57:43.530128+00:00,8869,2026-08-29,UFC Fight Night: Nurmagomedov vs. Song,ufc,umar-nurmagomedov-vs-yadong-song-79649,T2ZmZXJOb2RlOjEwMzY5MDkzOQ==,T3V0Y29tZU5vZGU6NjgwOTAwMg==,BetOnline,sportsbook,KO_5,A_5,A_15,"wins in round 5 - KO, TKO or DQ","doesn't win in round 5 - KO, TKO or DQ",,,Song Yadong in Round 5 by KO/TKO or DQ,yadong-song-6805,0,+4000,+4000,+4000,+4000,2026-08-24T14:51:57.956871+00:00,2026-08-24T14:51:56.424694+00:00,0.1,O,0,complete
2026-08-24T14:57:43.530128+00:00,8869,2026-08-29,UFC Fight Night: Nurmagomedov vs. Song,ufc,umar-nurmagomedov-vs-yadong-song-79649,T2ZmZXJOb2RlOjEwMzY5MDkzOA==,T3V0Y29tZU5vZGU6NjgwOTAwMQ==,BetOnline,sportsbook,KO_4,A_5,A_15,"wins in round 4 - KO, TKO or DQ","doesn't win in round 4 - KO, TKO or DQ",,,Song Yadong in Round 4 by KO/TKO or DQ,yadong-song-6805,0,+3800,+3800,+3800,+3800,2026-08-24T14:51:57.921669+00:00,2026-08-24T14:51:56.413571+00:00,0.1,O,0,complete
2026-08-24T14:57:43.530128+00:00,8869,2026-08-29,UFC Fight Night: Nurmagomedov vs. Song,ufc,umar-nurmagomedov-vs-yadong-song-79649,T2ZmZXJOb2RlOjEwMzY5MDkzNw==,T3V0Y29tZU5vZGU6NjgwOTAwMA==,BetOnline,sportsbook,KO_3,A_5,A_15,"wins in round 3 - KO, TKO or DQ","doesn't win in round 3 - KO, TKO or DQ",,,Song Yadong in Round 3 by KO/TKO or DQ,yadong-song-6805,0,+3300,+3300,+3300,+3300,2026-08-24T14:51:57.887028+00:00,2026-08-24T14:51:56.401896+00:00,0.1,O,0,complete
2026-08-24T14:57:43.530128+00:00,8869,2026-08-29,UFC Fight Night: Nurmagomedov vs. Song,ufc,umar-nurmagomedov-vs-yadong-song-79649,T2ZmZXJOb2RlOjEwMzY5MDkzNg==,T3V0Y29tZU5vZGU6NjgwODk5OQ==,BetOnline,sportsbook,KO_2,A_5,A_15,"wins in round 2 - KO, TKO or DQ","doesn't win in round 2 - KO, TKO or DQ",,,Song Yadong in Round 2 by KO/TKO or DQ,yadong-song-6805,0,+2800,+2800,+2800,+2800,2026-08-24T14:51:57.850550+00:00,2026-08-24T14:51:56.391036+00:00,0.1,O,0,complete
2026-08-24T14:57:43.530128+00:00,8869,2026-08-29,UFC Fight Night: Nurmagomedov vs. Song,ufc,umar-nurmagomedov-vs-yadong-song-79649,T2ZmZXJOb2RlOjEwMzY5MDkzNQ==,T3V0Y29tZU5vZGU6NjgwODk5OA==,BetOnline,sportsbook,KO_1,A_5,A_15,"wins in round 1 - KO, TKO or DQ","doesn't win in round 1 - KO, TKO or DQ",,,Song Yadong in Round 1 by KO/TKO or DQ,yadong-song-6805,0,+2400,+2400,+2400,+2400,2026-08-24T14:51:57.811262+00:00,2026-08-24T14:51:56.380107+00:00,0.1,O,0,complete
2026-08-24T14:57:43.530128+00:00,8869,2026-08-29,UFC Fight Night: Nurmagomedov vs. Song,ufc,umar-nurmagomedov-vs-yadong-song-79649,T2ZmZXJOb2RlOjEwMzY5MDkzNA==,T3V0Y29tZU5vZGU6NjgwODk5Nw==,BetOnline,sportsbook,SUB_5,A_5,A_15,wins in round 5 - Submission,doesn't win in round 5 - Submission,,,Umar Nurmagomedov in Round 5 by Submission,umar-nurmagomedov-28334,0,+2300,+2300,+2300,+2300,2026-08-24T14:51:57.771782+00:00,2026-08-24T14:51:56.367624+00:00,0.1,O,0,complete
2026-08-24T14:57:43.530128+00:00,8869,2026-08-29,UFC Fight Night: Nurmagomedov vs. Song,ufc,umar-nurmagomedov-vs-yadong-song-79649,T2ZmZXJOb2RlOjEwMzY5MDkzMw==,T3V0Y29tZU5vZGU6NjgwODk5Ng==,BetOnline,sportsbook,SUB_4,A_5,A_15,wins in round 4 - Submission,doesn't win in round 4 - Submission,,,Umar Nurmagomedov in Round 4 by Submission,umar-nurmagomedov-28334,0,+1800,+1800,+1800,+1800,2026-08-24T14:51:57.728936+00:00,2026-08-24T14:51:56.355548+00:00,0.1,O,0,complete
2026-08-24T14:57:43.530128+00:00,8869,2026-08-29,UFC Fight Night: Nurmagomedov vs. Song,ufc,umar-nurmagomedov-vs-yadong-song-79649,T2ZmZXJOb2RlOjEwMzY5MDkzMg==,T3V0Y29tZU5vZGU6NjgwODk5NQ==,BetOnline,sportsbook,SUB_3,A_5,A_15,wins in round 3 - Submission,doesn't win in round 3 - Submission,,,Umar Nurmagomedov in Round 3 by Submission,umar-nurmagomedov-28334,0,+1500,+1500,+1500,+1500,2026-08-24T14:51:57.687157+00:00,2026-08-24T14:51:56.341682+00:00,0.1,O,0,complete
2026-08-24T14:57:43.530128+00:00,8869,2026-08-29,UFC Fight Night: Nurmagomedov vs. Song,ufc,umar-nurmagomedov-vs-yadong-song-79649,T2ZmZXJOb2RlOjEwMzY5MDkzMQ==,T3V0Y29tZU5vZGU6NjgwODk5NA==,BetOnline,sportsbook,SUB_2,A_5,A_15,wins in round 2 - Submission,doesn't win in round 2 - Submission,,,Umar Nurmagomedov in Round 2 by Submission,umar-nurmagomedov-28334,0,+1300,+1300,+1300,+1300,2026-08-24T14:51:57.645089+00:00,2026-08-24T14:51:56.322284+00:00,0.1,O,0,complete
2026-08-24T14:57:43.530128+00:00,8869,2026-08-29,UFC Fight Night: Nurmagomedov vs. Song,ufc,umar-nurmagomedov-vs-yadong-song-79649,T2ZmZXJOb2RlOjEwMzY5MDkzMA==,T3V0Y29tZU5vZGU6NjgwODk5Mw==,BetOnline,sportsbook,SUB_1,A_5,A_15,wins in round 1 - Submission,doesn't win in round 1 - Submission,,,Umar Nurmagomedov in Round 1 by Submission,umar-nurmagomedov-28334,0,+1100,+1100,+1100,+1100,2026-08-24T14:51:57.597285+00:00,2026-08-24T14:51:56.301555+00:00,0.1,O,0,complete
2026-08-24T14:57:43.530128+00:00,8869,2026-08-29,UFC Fight Night: Nurmagomedov vs. Song,ufc,umar-nurmagomedov-vs-yadong-song-79649,T2ZmZXJOb2RlOjEwMzY5MDkyOQ==,T3V0Y29tZU5vZGU6NjgwODk5Mg==,BetOnline,sportsbook,KO_5,A_5,A_15,"wins in round 5 - KO, TKO or DQ","doesn't win in round 5 - KO, TKO or DQ",,,Umar Nurmagomedov in Round 5 by KO/TKO or DQ,umar-nurmagomedov-28334,0,+3500,+3500,+3500,+3500,2026-08-24T14:51:57.554996+00:00,2026-08-24T14:51:56.286524+00:00,0.1,O,0,complete
2026-08-24T14:57:43.530128+00:00,8869,2026-08-29,UFC Fight Night: Nurmagomedov vs. Song,ufc,umar-nurmagomedov-vs-yadong-song-79649,T2ZmZXJOb2RlOjEwMzY5MDkyOA==,T3V0Y29tZU5vZGU6NjgwODk5MQ==,BetOnline,sportsbook,KO_4,A_5,A_15,"wins in round 4 - KO, TKO or DQ","doesn't win in round 4 - KO, TKO or DQ",,,Umar Nurmagomedov in Round 4 by KO/TKO or DQ,umar-nurmagomedov-28334,0,+3300,+3300,+3300,+3300,2026-08-24T14:51:57.503149+00:00,2026-08-24T14:51:56.274148+00:00,0.1,O,0,complete
2026-08-24T14:57:43.530128+00:00,8869,2026-08-29,UFC Fight Night: Nurmagomedov vs. Song,ufc,umar-nurmagomedov-vs-yadong-song-79649,T2ZmZXJOb2RlOjEwMzY5MDkyNw==,T3V0Y29tZU5vZGU6NjgwODk5MA==,BetOnline,sportsbook,KO_3,A_5,A_15,"wins in round 3 - KO, TKO or DQ","doesn't win in round 3 - KO, TKO or DQ",,,Umar Nurmagomedov in Round 3 by KO/TKO or DQ,umar-nurmagomedov-28334,0,+2800,+2800,+2800,+2800,2026-08-24T14:51:57.449133+00:00,2026-08-24T14:51:56.262800+00:00,0.1,O,0,complete
2026-08-24T14:57:43.530128+00:00,8869,2026-08-29,UFC Fight Night: Nurmagomedov vs. Song,ufc,umar-nurmagomedov-vs-yadong-song-79649,T2ZmZXJOb2RlOjEwMzY5MDkyNg==,T3V0Y29tZU5vZGU6NjgwODk4OQ==,BetOnline,sportsbook,KO_2,A_5,A_15,"wins in round 2 - KO, TKO or DQ","doesn't win in round 2 - KO, TKO or DQ",,,Umar Nurmagomedov in Round 2 by KO/TKO or DQ,umar-nurmagomedov-28334,0,+2500,+2500,+2500,+2500,2026-08-24T14:51:57.411105+00:00,2026-08-24T14:51:56.250208+00:00,0.1,O,0,complete
2026-08-24T14:57:43.530128+00:00,8869,2026-08-29,UFC Fight Night: Nurmagomedov vs. Song,ufc,umar-nurmagomedov-vs-yadong-song-79649,T2ZmZXJOb2RlOjEwMzY5MDkyNQ==,T3V0Y29tZU5vZGU6NjgwODk4OA==,BetOnline,sportsbook,KO_1,A_5,A_15,"wins in round 1 - KO, TKO or DQ","doesn't win in round 1 - KO, TKO or DQ",,,Umar Nurmagomedov in Round 1 by KO/TKO or DQ,umar-nurmagomedov-28334,0,+2200,+2200,+2200,+2200,2026-08-24T14:51:57.373603+00:00,2026-08-24T14:51:56.236459+00:00,0.1,O,0,complete
2026-08-24T14:57:43.530128+00:00,8869,2026-08-29,UFC Fight Night: Nurmagomedov vs. Song,ufc,umar-nurmagomedov-vs-yadong-song-79649,T2ZmZXJOb2RlOjEwMzY5MDkyNA==,T3V0Y29tZU5vZGU6NjgwODk4Nw==,BetOnline,sportsbook,R_5,A_5,A_14,wins in round 5,doesn't win in round 5,,5.0,Song Yadong in Round 5,yadong-song-6805,0,+2800,+2800,+2800,+2800,2026-08-24T14:51:57.338820+00:00,2026-08-24T14:51:56.228007+00:00,0.1,O,0,complete
2026-08-24T14:57:43.530128+00:00,8869,2026-08-29,UFC Fight Night: Nurmagomedov vs. Song,ufc,umar-nurmagomedov-vs-yadong-song-79649,T2ZmZXJOb2RlOjEwMzY5MDkyMw==,T3V0Y29tZU5vZGU6NjgwODk4Ng==,BetOnline,sportsbook,R_4,A_5,A_14,wins in round 4,doesn't win in round 4,,4.0,Song Yadong in Round 4,yadong-song-6805,0,+2500,+2500,+2500,+2500,2026-08-24T14:51:57.297283+00:00,2026-08-24T14:51:56.220314+00:00,0.1,O,0,complete
2026-08-24T14:57:43.530128+00:00,8869,2026-08-29,UFC Fight Night: Nurmagomedov vs. Song,ufc,umar-nurmagomedov-vs-yadong-song-79649,T2ZmZXJOb2RlOjEwMzY5MDkyMg==,T3V0Y29tZU5vZGU6NjgwODk4NQ==,BetOnline,sportsbook,R_3,A_5,A_14,wins in round 3,doesn't win in round 3,,3.0,Song Yadong in Round 3,yadong-song-6805,0,+2200,+2200,+2200,+2200,2026-08-24T14:51:57.259326+00:00,2026-08-24T14:51:56.211824+00:00,0.1,O,0,complete
2026-08-24T14:57:43.530128+00:00,8869,2026-08-29,UFC Fight Night: Nurmagomedov vs. Song,ufc,umar-nurmagomedov-vs-yadong-song-79649,T2ZmZXJOb2RlOjEwMzY5MDkyMQ==,T3V0Y29tZU5vZGU6NjgwODk4NA==,BetOnline,sportsbook,R_2,A_5,A_14,wins in round 2,doesn't win in round 2,,2.0,Song Yadong in Round 2,yadong-song-6805,0,+2000,+2000,+2000,+2000,2026-08-24T14:51:57.219360+00:00,2026-08-24T14:51:56.203773+00:00,0.1,O,0,complete
2026-08-24T14:57:43.530128+00:00,8869,2026-08-29,UFC Fight Night: Nurmagomedov vs. Song,ufc,umar-nurmagomedov-vs-yadong-song-79649,T2ZmZXJOb2RlOjEwMzY5MDkyMA==,T3V0Y29tZU5vZGU6NjgwODk4Mw==,BetOnline,sportsbook,R_1,A_5,A_14,wins in round 1,doesn't win in round 1,,1.0,Song Yadong in Round 1,yadong-song-6805,0,+1600,+1600,+1600,+1600,2026-08-24T14:51:57.181641+00:00,2026-08-24T14:51:56.196127+00:00,0.1,O,0,complete
2026-08-24T14:57:43.530128+00:00,8869,2026-08-29,UFC Fight Night: Nurmagomedov vs. Song,ufc,umar-nurmagomedov-vs-yadong-song-79649,T2ZmZXJOb2RlOjEwMzY5MDkxOQ==,T3V0Y29tZU5vZGU6NjgwODk4Mg==,BetOnline,sportsbook,R_5,A_5,A_14,wins in round 5,doesn't win in round 5,,5.0,Umar Nurmagomedov in Round 5,umar-nurmagomedov-28334,0,+2200,+2200,+2200,+2200,2026-08-24T14:51:57.143211+00:00,2026-08-24T14:51:56.185829+00:00,0.1,O,0,complete
2026-08-24T14:57:43.530128+00:00,8869,2026-08-29,UFC Fight Night: Nurmagomedov vs. Song,ufc,umar-nurmagomedov-vs-yadong-song-79649,T2ZmZXJOb2RlOjEwMzY5MDkxOA==,T3V0Y29tZU5vZGU6NjgwODk4MQ==,BetOnline,sportsbook,R_4,A_5,A_14,wins in round 4,doesn't win in round 4,,4.0,Umar Nurmagomedov in Round 4,umar-nurmagomedov-28334,0,+1700,+1700,+1700,+1700,2026-08-24T14:51:57.098562+00:00,2026-08-24T14:51:56.172464+00:00,0.1,O,0,complete
2026-08-24T14:57:43.530128+00:00,8869,2026-08-29,UFC Fight Night: Nurmagomedov vs. Song,ufc,umar-nurmagomedov-vs-yadong-song-79649,T2ZmZXJOb2RlOjEwMzY5MDkxNw==,T3V0Y29tZU5vZGU6NjgwODk4MA==,BetOnline,sportsbook,R_3,A_5,A_14,wins in round 3,doesn't win in round 3,,3.0,Umar Nurmagomedov in Round 3,umar-nurmagomedov-28334,0,+1300,+1300,+1300,+1300,2026-08-24T14:51:57.058388+00:00,2026-08-24T14:51:56.155890+00:00,0.1,O,0,complete
2026-08-24T14:57:43.530128+00:00,8869,2026-08-29,UFC Fight Night: Nurmagomedov vs. Song,ufc,umar-nurmagomedov-vs-yadong-song-79649,T2ZmZXJOb2RlOjEwMzY5MDkxNg==,T3V0Y29tZU5vZGU6NjgwODk3OQ==,BetOnline,sportsbook,R_2,A_5,A_14,wins in round 2,doesn't win in round 2,,2.0,Umar Nurmagomedov in Round 2,umar-nurmagomedov-28334,0,+1100,+1100,+1100,+1100,2026-08-24T14:51:57.001660+00:00,2026-08-24T14:51:56.140456+00:00,0.1,O,0,complete
2026-08-24T14:57:43.530128+00:00,8869,2026-08-29,UFC Fight Night: Nurmagomedov vs. Song,ufc,umar-nurmagomedov-vs-yadong-song-79649,T2ZmZXJOb2RlOjEwMzY5MDkxNQ==,T3V0Y29tZU5vZGU6NjgwODk3OA==,BetOnline,sportsbook,R_1,A_5,A_14,wins in round 1,doesn't win in round 1,,1.0,Umar Nurmagomedov in Round 1,umar-nurmagomedov-28334,0,+800,+800,+800,+800,2026-08-24T14:51:56.941995+00:00,2026-08-24T14:51:56.129822+00:00,0.1,O,0,complete
2026-08-24T14:57:43.530128+00:00,8869,2026-08-29,UFC Fight Night: Nurmagomedov vs. Song,ufc,umar-nurmagomedov-vs-yadong-song-79649,T2ZmZXJOb2RlOjEwMzY5MDkxNA==,T3V0Y29tZU5vZGU6NjgwODk3Nw==,BetOnline,sportsbook,DRAW,A_3,A_0,Fight ends in a Draw,Fight doesn't end in a Draw,,,Draw,,0,+6600,+6600,+6600,+6600,2026-08-24T14:51:56.901729+00:00,2026-08-24T14:51:56.118965+00:00,0.1,O,0,complete
2026-08-24T14:57:43.530128+00:00,8869,2026-08-29,UFC Fight Night: Nurmagomedov vs. Song,ufc,umar-nurmagomedov-vs-yadong-song-79649,T2ZmZXJOb2RlOjEwMzY5MDkxMw==,T3V0Y29tZU5vZGU6NjgwODk3Ng==,BetOnline,sportsbook,SUB,A_5,A_13,wins by submission,doesn't win by submission,,3.0,Song Yadong by Submission,yadong-song-6805,0,+2500,+2500,+2500,+2500,2026-08-24T14:51:56.857627+00:00,2026-08-24T14:51:56.107665+00:00,0.1,O,0,complete
2026-08-24T14:57:43.530128+00:00,8869,2026-08-29,UFC Fight Night: Nurmagomedov vs. Song,ufc,umar-nurmagomedov-vs-yadong-song-79649,T2ZmZXJOb2RlOjEwMzY5MDkxMg==,T3V0Y29tZU5vZGU6NjgwODk3NQ==,BetOnline,sportsbook,KO,A_5,A_13,wins by TKO/KO,doesn't win by TKO/KO,,2.0,Song Yadong by KO/TKO or DQ,yadong-song-6805,0,+700,+700,+700,+700,2026-08-24T14:51:56.805322+00:00,2026-08-24T14:51:56.098770+00:00,0.1,O,0,complete
2026-08-24T14:57:43.530128+00:00,8869,2026-08-29,UFC Fight Night: Nurmagomedov vs. Song,ufc,umar-nurmagomedov-vs-yadong-song-79649,T2ZmZXJOb2RlOjEwMzY5MDkxMQ==,T3V0Y29tZU5vZGU6NjgwODk3NA==,BetOnline,sportsbook,DEC,A_5,A_13,wins by decision,doesn't win by decision,,1.0,Song Yadong by Points,yadong-song-6805,0,+700,+700,+700,+700,2026-08-24T14:51:56.755156+00:00,2026-08-24T14:51:56.090463+00:00,0.1,O,0,complete
2026-08-24T14:57:43.530128+00:00,8869,2026-08-29,UFC Fight Night: Nurmagomedov vs. Song,ufc,umar-nurmagomedov-vs-yadong-song-79649,T2ZmZXJOb2RlOjEwMzY5MDkxMA==,T3V0Y29tZU5vZGU6NjgwODk3Mw==,BetOnline,sportsbook,SUB,A_5,A_13,wins by submission,doesn't win by submission,,3.0,Umar Nurmagomedov by Submission,umar-nurmagomedov-28334,0,+425,+425,+425,+425,2026-08-24T14:51:56.714882+00:00,2026-08-24T14:51:56.081287+00:00,0.1,O,0,complete
2026-08-24T14:57:43.530128+00:00,8869,2026-08-29,UFC Fight Night: Nurmagomedov vs. Song,ufc,umar-nurmagomedov-vs-yadong-song-79649,T2ZmZXJOb2RlOjEwMzY5MDkwOQ==,T3V0Y29tZU5vZGU6NjgwODk3Mg==,BetOnline,sportsbook,KO,A_5,A_13,wins by TKO/KO,doesn't win by TKO/KO,,2.0,Umar Nurmagomedov by KO/TKO or DQ,umar-nurmagomedov-28334,0,+650,+650,+650,+650,2026-08-24T14:51:56.672803+00:00,2026-08-24T14:51:56.073232+00:00,0.1,O,0,complete
2026-08-24T14:57:43.530128+00:00,8869,2026-08-29,UFC Fight Night: Nurmagomedov vs. Song,ufc,umar-nurmagomedov-vs-yadong-song-79649,T2ZmZXJOb2RlOjEwMzY5MDkwOA==,T3V0Y29tZU5vZGU6NjgwODk3MQ==,BetOnline,sportsbook,DEC,A_5,A_13,wins by decision,doesn't win by decision,,1.0,Umar Nurmagomedov by Points,umar-nurmagomedov-28334,0,-170,-170,-170,-170,2026-08-24T14:51:56.621742+00:00,2026-08-24T14:51:56.058507+00:00,0.1,O,0,complete
2026-08-24T14:57:43.530128+00:00,8869,2026-08-29,UFC Fight Night: Nurmagomedov vs. Song,ufc,umar-nurmagomedov-vs-yadong-song-79649,T2ZmZXJOb2RlOjEwMzY5MDkwNw==,T3V0Y29tZU5vZGU6NjgwODk2OQ==,BetOnline,sportsbook,DISTANCE,A_4,A_2,Fight goes the distance,Fight ends inside distance,,,Goes the Distance - Yes,,0,-200,-200,-200,-200,2026-08-24T14:51:56.561675+00:00,2026-08-24T14:51:56.033143+00:00,0.1,O,0,complete
2026-08-24T14:57:43.530128+00:00,8869,2026-08-29,UFC Fight Night: Nurmagomedov vs. Song,ufc,umar-nurmagomedov-vs-yadong-song-79649,T2ZmZXJOb2RlOjEwMzY5MDkwNw==,T3V0Y29tZU5vZGU6NjgwODk3MA==,BetOnline,sportsbook,DISTANCE,A_4,A_2,Fight goes the distance,Fight ends inside distance,,,Goes the Distance - No,,1,+160,+160,+160,+160,2026-08-24T14:51:56.561675+00:00,2026-08-24T14:51:56.033143+00:00,0.1,O,0,complete
2026-08-24T14:57:43.530128+00:00,8869,2026-08-29,UFC Fight Night: Nurmagomedov vs. Song,ufc,umar-nurmagomedov-vs-yadong-song-79649,T2ZmZXJOb2RlOjEwMzY3NzQwOA==,T3V0Y29tZU5vZGU6Njc5MDg4NA==,Polymarket,exchange,KO,A_5,A_13,wins by TKO/KO,doesn't win by TKO/KO,,2.0,Will Umar Nurmagomedov win by KO or TKO? - Yes,umar-nurmagomedov-28334,0,-1011,-4900,-525,-4900,2026-08-24T14:55:27.477829+00:00,2026-08-15T22:05:12.495755+00:00,0.04,O,0,complete
2026-08-24T14:57:43.530128+00:00,8869,2026-08-29,UFC Fight Night: Nurmagomedov vs. Song,ufc,xiaonan-yan-vs-denise-gomes-79865,T2ZmZXJOb2RlOjEwMzY3NzQyMw==,T3V0Y29tZU5vZGU6Njc5MDkxNA==,Polymarket,exchange,OVERUNDER_2.5,A_4,A_1,Over 2.5 rounds,Under 2.5 rounds,,2.5,Over 2.5,,0,-270,-9900,-257,-9900,2026-08-24T14:50:32.472421+00:00,2026-08-15T22:05:13.454342+00:00,0.12,O,0,complete
2026-08-24T14:57:43.530128+00:00,8869,2026-08-29,UFC Fight Night: Nurmagomedov vs. Song,ufc,xiaonan-yan-vs-denise-gomes-79865,T2ZmZXJOb2RlOjEwMzY3NzQyMg==,T3V0Y29tZU5vZGU6Njc5MDkxMw==,Polymarket,exchange,OVERUNDER_1.5,A_4,A_1,Over 1.5 rounds,Under 1.5 rounds,,1.5,Under 1.5,,1,-1329,-9900,-567,-9900,2026-08-24T14:55:27.523943+00:00,2026-08-15T22:05:13.386909+00:00,0.04,O,0,complete
2026-08-24T14:57:43.530128+00:00,8869,2026-08-29,UFC Fight Night: Nurmagomedov vs. Song,ufc,xiaonan-yan-vs-denise-gomes-79865,T2ZmZXJOb2RlOjEwMzY3NzQxNg==,T3V0Y29tZU5vZGU6Njc5MDkwMQ==,Polymarket,exchange,DISTANCE,A_4,A_2,Fight goes the distance,Fight ends inside distance,,,Fight to Go the Distance? - No,,1,-3233,-9900,-1900,-9900,2026-08-24T14:55:27.501546+00:00,2026-08-15T22:05:13.103284+00:00,0.04,O,0,complete
2026-08-24T14:57:43.530128+00:00,8869,2026-08-29,UFC Fight Night: Nurmagomedov vs. Song,ufc,alex-perez-vs-su-mudaerji-79689,T2ZmZXJOb2RlOjEwMzY3NzQ3Nw==,T3V0Y29tZU5vZGU6Njc5MTAyMg==,Polymarket,exchange,DISTANCE,A_4,A_2,Fight goes the distance,Fight ends inside distance,,,Fight to Go the Distance? - Yes,,0,-1900,-3233,-1900,-4900,2026-08-24T14:55:27.569559+00:00,2026-08-15T22:14:29.855079+00:00,0.04,O,0,complete
2026-08-24T14:57:43.530128+00:00,8869,2026-08-29,UFC Fight Night: Nurmagomedov vs. Song,ufc,alex-perez-vs-su-mudaerji-79689,T2ZmZXJOb2RlOjEwMzY3NzQzOQ==,T3V0Y29tZU5vZGU6Njc5MDk0Nw==,Polymarket,exchange,OVERUNDER_1.5,A_4,A_1,Over 1.5 rounds,Under 1.5 rounds,,1.5,Under 1.5,,1,-525,-9900,-488,-9900,2026-08-24T14:55:27.594795+00:00,2026-08-15T22:05:14.548928+00:00,0.04,O,0,complete
2026-08-24T14:57:43.530128+00:00,8869,2026-08-29,UFC Fight Night: Nurmagomedov vs. Song,ufc,bilal-hasan-vs-nilson-rojas-80821,T2ZmZXJOb2RlOjEwMzY5MDY2OA==,T3V0Y29tZU5vZGU6NjgwODUwMA==,MyBookie,sportsbook,OVERUNDER_1.5,A_4,A_1,Over 1.5 rounds,Under 1.5 rounds,,1.5,Over 1.5,,0,-158,-111,-101,-158,2026-08-24T14:50:38.722598+00:00,2026-08-23T17:11:06.813163+00:00,0.12,O,0,complete
2026-08-24T14:57:43.530128+00:00,8869,2026-08-29,UFC Fight Night: Nurmagomedov vs. Song,ufc,bilal-hasan-vs-nilson-rojas-80821,T2ZmZXJOb2RlOjEwMzY5MDY2OA==,T3V0Y29tZU5vZGU6NjgwODUwMQ==,MyBookie,sportsbook,OVERUNDER_1.5,A_4,A_1,Over 1.5 rounds,Under 1.5 rounds,,1.5,Under 1.5,,1,+119,-119,+119,-132,2026-08-24T14:50:38.722598+00:00,2026-08-23T17:11:06.813163+00:00,0.12,O,0,complete
2026-08-24T14:57:43.530128+00:00,8869,2026-08-29,UFC Fight Night: Nurmagomedov vs. Song,ufc,bilal-hasan-vs-nilson-rojas-80821,T2ZmZXJOb2RlOjEwMzY4ODkwMg==,T3V0Y29tZU5vZGU6NjgwNTkyOA==,Polymarket,exchange,OVERUNDER_2.5,A_4,A_1,Over 2.5 rounds,Under 2.5 rounds,,2.5,Over 2.5,,0,-1567,-9900,-733,-9900,2026-08-24T14:55:27.949581+00:00,2026-08-21T22:04:29.868708+00:00,0.04,O,0,complete
2026-08-24T14:57:43.530128+00:00,8869,2026-08-29,UFC Fight Night: Nurmagomedov vs. Song,ufc,bilal-hasan-vs-nilson-rojas-80821,T2ZmZXJOb2RlOjEwMzY4ODg5Ng==,T3V0Y29tZU5vZGU6NjgwNTkxNg==,Polymarket,exchange,DISTANCE,A_4,A_2,Fight goes the distance,Fight ends inside distance,,,Fight to Go the Distance? - Yes,,0,-1900,-2400,-1567,-2400,2026-08-24T14:55:27.921520+00:00,2026-08-21T22:04:29.640698+00:00,0.04,O,0,complete
2026-08-24T14:57:43.530128+00:00,8869,2026-08-29,UFC Fight Night: Nurmagomedov vs. Song,ufc,bilal-hasan-vs-nilson-rojas-80821,T2ZmZXJOb2RlOjEwMzY4ODg5Ng==,T3V0Y29tZU5vZGU6NjgwNTkxNw==,Polymarket,exchange,DISTANCE,A_4,A_2,Fight goes the distance,Fight ends inside distance,,,Fight to Go the Distance? - No,,1,-1567,-9900,-1567,-9900,2026-08-24T14:55:27.921520+00:00,2026-08-21T22:04:29.640698+00:00,0.04,O,0,complete
2026-08-24T14:57:43.530128+00:00,8869,2026-08-29,UFC Fight Night: Nurmagomedov vs. Song,ufc,andre-lima-vs-namsrai-batbayar-80336,T2ZmZXJOb2RlOjEwMzY3NzQ1NQ==,T3V0Y29tZU5vZGU6Njc5MDk3OA==,Polymarket,exchange,OVERUNDER_1.5,A_4,A_1,Over 1.5 rounds,Under 1.5 rounds,,1.5,Over 1.5,,0,-1329,-9900,-1329,-9900,2026-08-24T14:55:27.660116+00:00,2026-08-15T22:05:15.733113+00:00,0.04,O,0,complete
2026-08-24T14:57:43.530128+00:00,8869,2026-08-29,UFC Fight Night: Nurmagomedov vs. Song,ufc,andre-lima-vs-namsrai-batbayar-80336,T2ZmZXJOb2RlOjEwMzY3NzQ1NA==,T3V0Y29tZU5vZGU6Njc5MDk3Ng==,Polymarket,exchange,OVERUNDER_0.5,A_4,A_1,Over 0.5 rounds,Under 0.5 rounds,,0.5,Over 0.5,,0,-1329,-4900,-1329,-4900,2026-08-24T14:55:27.657346+00:00,2026-08-15T22:05:15.663917+00:00,0.04,O,0,complete
2026-08-24T14:57:43.530128+00:00,8869,2026-08-29,UFC Fight Night: Nurmagomedov vs. Song,ufc,andre-lima-vs-namsrai-batbayar-80336,T2ZmZXJOb2RlOjEwMzY3NzQ1NA==,T3V0Y29tZU5vZGU6Njc5MDk3Nw==,Polymarket,exchange,OVERUNDER_0.5,A_4,A_1,Over 0.5 rounds,Under 0.5 rounds,,0.5,Under 0.5,,1,-2400,-4900,-1329,-4900,2026-08-24T14:55:27.657346+00:00,2026-08-15T22:05:15.663917+00:00,0.04,O,0,complete
2026-08-24T14:57:43.530128+00:00,8869,2026-08-29,UFC Fight Night: Nurmagomedov vs. Song,ufc,andre-lima-vs-namsrai-batbayar-80336,T2ZmZXJOb2RlOjEwMzY3NzQ3OQ==,T3V0Y29tZU5vZGU6Njc5MTAyNg==,Polymarket,exchange,DISTANCE,A_4,A_2,Fight goes the distance,Fight ends inside distance,,,Fight to Go the Distance? - Yes,,0,-1329,-3233,-1329,-4900,2026-08-24T14:55:27.637561+00:00,2026-08-15T22:14:29.879254+00:00,0.04,O,0,complete
2026-08-24T14:57:43.530128+00:00,8869,2026-08-29,UFC Fight Night: Nurmagomedov vs. Song,ufc,rei-tsuruya-vs-kevin-borjas-79779,T2ZmZXJOb2RlOjEwMzY3NzQ4Mw==,T3V0Y29tZU5vZGU6Njc5MTAzNQ==,Polymarket,exchange,DISTANCE,A_4,A_2,Fight goes the distance,Fight ends inside distance,,,Fight to Go the Distance? - No,,1,-1900,-3233,-1900,-9900,2026-08-24T14:55:27.704342+00:00,2026-08-15T22:14:29.936510+00:00,0.04,O,0,complete
2026-08-24T14:57:43.530128+00:00,8869,2026-08-29,UFC Fight Night: Nurmagomedov vs. Song,ufc,rei-tsuruya-vs-kevin-borjas-79779,T2ZmZXJOb2RlOjEwMzY3NzQ4NA==,T3V0Y29tZU5vZGU6Njc5MTAzNg==,Polymarket,exchange,OVERUNDER_1.5,A_4,A_1,Over 1.5 rounds,Under 1.5 rounds,,1.5,Over 1.5,,0,-1329,-3233,-1329,-4900,2026-08-24T14:55:27.724608+00:00,2026-08-15T22:14:29.954523+00:00,0.04,O,0,complete
2026-08-24T14:57:43.530128+00:00,8869,2026-08-29,UFC Fight Night: Nurmagomedov vs. Song,ufc,rei-tsuruya-vs-kevin-borjas-79779,T2ZmZXJOb2RlOjEwMzY3NzQ2OA==,T3V0Y29tZU5vZGU6Njc5MTAwNQ==,Polymarket,exchange,OVERUNDER_0.5,A_4,A_1,Over 0.5 rounds,Under 0.5 rounds,,0.5,Under 0.5,,1,-1329,-4900,-1329,-4900,2026-08-24T14:55:27.722260+00:00,2026-08-15T22:05:16.711086+00:00,0.04,O,0,complete
2026-08-24T14:57:43.530128+00:00,8869,2026-08-29,UFC Fight Night: Nurmagomedov vs. Song,ufc,rei-tsuruya-vs-kevin-borjas-79779,T2ZmZXJOb2RlOjEwMzY3NzQ2NQ==,T3V0Y29tZU5vZGU6Njc5MDk5OA==,Polymarket,exchange,KO,A_5,A_13,wins by TKO/KO,doesn't win by TKO/KO,,2.0,Will Rei Tsuruya win by KO or TKO? - Yes,rei-tsuruya-49403,0,-4900,-4900,-2400,-4900,2026-08-24T14:55:27.712386+00:00,2026-08-15T22:05:16.447892+00:00,0.04,O,0,complete
2026-08-24T14:57:43.530128+00:00,8869,2026-08-29,UFC Fight Night: Nurmagomedov vs. Song,ufc,lawrence-lui-vs-hector-santiago-80953,T2ZmZXJOb2RlOjEwMzY5MDI4MA==,T3V0Y29tZU5vZGU6NjgwNzc4MQ==,Polymarket,exchange,OVERUNDER_0.5,A_4,A_1,Over 0.5 rounds,Under 0.5 rounds,,0.5,Under 0.5,,1,-1150,-4900,-1150,-4900,2026-08-24T14:55:27.984019+00:00,2026-08-22T22:09:54.353475+00:00,0.04,O,0,complete
2026-08-24T14:57:43.530128+00:00,8869,2026-08-29,UFC Fight Night: Nurmagomedov vs. Song,ufc,jingnan-xiong-vs-julia-polastri-80594,T2ZmZXJOb2RlOjEwMzY3NzQ4OA==,T3V0Y29tZU5vZGU6Njc5MTA0NA==,Polymarket,exchange,OVERUNDER_2.5,A_4,A_1,Over 2.5 rounds,Under 2.5 rounds,,2.5,Over 2.5,,0,-1567,-3233,-355,-4900,2026-08-24T14:50:33.294174+00:00,2026-08-15T22:14:30.023649+00:00,0.12,O,0,complete
2026-08-24T14:57:43.530128+00:00,8869,2026-08-29,UFC Fight Night: Nurmagomedov vs. Song,ufc,jingnan-xiong-vs-julia-polastri-80594,T2ZmZXJOb2RlOjEwMzY3NzQ3Mg==,T3V0Y29tZU5vZGU6Njc5MTAxMg==,Polymarket,exchange,KO,A_5,A_13,wins by TKO/KO,doesn't win by TKO/KO,,2.0,Will Julia Polastri win by KO or TKO? - Yes,julia-polastri-39425,0,-1567,-4900,-525,-4900,2026-08-24T14:50:33.276439+00:00,2026-08-15T22:05:17.178253+00:00,0.12,O,0,complete
2026-08-24T14:57:43.530128+00:00,8869,2026-08-29,UFC Fight Night: Nurmagomedov vs. Song,ufc,jingnan-xiong-vs-julia-polastri-80594,T2ZmZXJOb2RlOjEwMzY3NzQ3Mg==,T3V0Y29tZU5vZGU6Njc5MTAxMw==,Polymarket,exchange,KO,A_5,A_13,wins by TKO/KO,doesn't win by TKO/KO,,2.0,Will Julia Polastri win by KO or TKO? - No,julia-polastri-39425,1,-1900,-4900,+400,-4900,2026-08-24T14:50:33.276439+00:00,2026-08-15T22:05:17.178253+00:00,0.12,O,0,complete
2026-08-24T14:57:43.530128+00:00,8869,2026-08-29,UFC Fight Night: Nurmagomedov vs. Song,ufc,jingnan-xiong-vs-julia-polastri-80594,T2ZmZXJOb2RlOjEwMzY3NzQ4Ng==,T3V0Y29tZU5vZGU6Njc5MTA0MQ==,Polymarket,exchange,DISTANCE,A_4,A_2,Fight goes the distance,Fight ends inside distance,,,Fight to Go the Distance? - No,,1,-3233,-3233,-1900,-4900,2026-08-24T14:50:33.249793+00:00,2026-08-15T22:14:29.991355+00:00,0.12,O,0,complete
2026-08-24T14:57:43.530128+00:00,8869,2026-08-29,UFC Fight Night: Nurmagomedov vs. Song,ufc,meng-ding-vs-cameron-nelson-80702,T2ZmZXJOb2RlOjEwMzY5MDI4NA==,T3V0Y29tZU5vZGU6NjgwNzc4OQ==,Polymarket,exchange,DISTANCE,A_4,A_2,Fight goes the distance,Fight ends inside distance,,,Fight to Go the Distance? - No,,1,-1900,-9900,-1900,-9900,2026-08-24T14:55:28.004910+00:00,2026-08-22T22:09:54.414757+00:00,0.04,O,0,complete
2026-08-24T15:07:38.910466+00:00,9111,2026-08-25,Dana White's Contender Series: Contender Series 2026: Week 3,dwcs,mario-piazzon-vs-guilherme-uriel-silva-costa-78018,T2ZmZXJOb2RlOjEwMzY3NDg1NQ==,T3V0Y29tZU5vZGU6Njc4NzM4OA==,Polymarket,exchange,OVERUNDER_0.5,A_4,A_1,Over 0.5 rounds,Under 0.5 rounds,,0.5,Over 0.5,,0,-2400,-3233,+488,-4900,2026-08-24T15:00:28.042925+00:00,2026-08-12T22:10:40.832031+00:00,0.12,O,0,complete
2026-08-24T15:07:38.910466+00:00,9111,2026-08-25,Dana White's Contender Series: Contender Series 2026: Week 3,dwcs,sean-clancy-jr-vs-gary-balletto-jr-79266,T2ZmZXJOb2RlOjEwMzY3NDg2NA==,T3V0Y29tZU5vZGU6Njc4NzQwNw==,Polymarket,exchange,OVERUNDER_0.5,A_4,A_1,Over 0.5 rounds,Under 0.5 rounds,,0.5,Under 0.5,,1,-1900,-4900,-1329,-4900,2026-08-24T15:00:28.298727+00:00,2026-08-12T22:10:40.958830+00:00,0.12,O,0,complete
2026-08-24T15:07:38.910466+00:00,9111,2026-08-25,Dana White's Contender Series: Contender Series 2026: Week 3,dwcs,alexis-miranda-vs-ronald-humphrey-79267,T2ZmZXJOb2RlOjEwMzY3NDg3Mw==,T3V0Y29tZU5vZGU6Njc4NzQyNQ==,Polymarket,exchange,OVERUNDER_0.5,A_4,A_1,Over 0.5 rounds,Under 0.5 rounds,,0.5,Under 0.5,,1,-2400,-3233,-1900,-4900,2026-08-24T15:00:28.505034+00:00,2026-08-12T22:10:41.096685+00:00,0.12,O,0,complete
2026-08-24T15:07:38.910466+00:00,9111,2026-08-25,Dana White's Contender Series: Contender Series 2026: Week 3,dwcs,alexis-miranda-vs-ronald-humphrey-79267,T2ZmZXJOb2RlOjEwMzY3NDg3NA==,T3V0Y29tZU5vZGU6Njc4NzQyNg==,Polymarket,exchange,OVERUNDER_1.5,A_4,A_1,Over 1.5 rounds,Under 1.5 rounds,,1.5,Over 1.5,,0,-2400,-4900,-1900,-9900,2026-08-24T15:00:28.528980+00:00,2026-08-12T22:10:41.108159+00:00,0.12,O,0,complete
2026-08-24T15:07:38.910466+00:00,8869,2026-08-29,UFC Fight Night: Nurmagomedov vs. Song,ufc,umar-nurmagomedov-vs-yadong-song-79649,T2ZmZXJOb2RlOjEwMzY5MDk2NQ==,T3V0Y29tZU5vZGU6NjgwOTAzMA==,Novig,exchange,KO,A_5,A_13,wins by TKO/KO,doesn't win by TKO/KO,,2.0,Song Yadong by KO/TKO,yadong-song-6805,0,+590,+590,+590,+590,2026-08-24T15:00:27.297735+00:00,2026-08-24T15:00:26.292282+00:00,0.12,O,0,complete
2026-08-24T15:07:38.910466+00:00,8869,2026-08-29,UFC Fight Night: Nurmagomedov vs. Song,ufc,umar-nurmagomedov-vs-yadong-song-79649,T2ZmZXJOb2RlOjEwMzY5MDk2NA==,T3V0Y29tZU5vZGU6NjgwOTAyOQ==,Novig,exchange,KO,A_5,A_13,wins by TKO/KO,doesn't win by TKO/KO,,2.0,Umar Nurmagomedov by KO/TKO,umar-nurmagomedov-28334,0,+545,+545,+545,+545,2026-08-24T15:00:27.213773+00:00,2026-08-24T15:00:26.264252+00:00,0.12,O,0,complete
2026-08-24T15:07:38.910466+00:00,8869,2026-08-29,UFC Fight Night: Nurmagomedov vs. Song,ufc,umar-nurmagomedov-vs-yadong-song-79649,T2ZmZXJOb2RlOjEwMzY5MDk2Mw==,T3V0Y29tZU5vZGU6NjgwOTAyOA==,Novig,exchange,SUB,A_5,A_13,wins by submission,doesn't win by submission,,3.0,Song Yadong by Submission,yadong-song-6805,0,+1567,+1567,+1567,+1567,2026-08-24T15:00:27.122264+00:00,2026-08-24T15:00:26.240155+00:00,0.12,O,0,complete
2026-08-24T15:07:38.910466+00:00,8869,2026-08-29,UFC Fight Night: Nurmagomedov vs. Song,ufc,umar-nurmagomedov-vs-yadong-song-79649,T2ZmZXJOb2RlOjEwMzY5MDk2Mg==,T3V0Y29tZU5vZGU6NjgwOTAyNw==,Novig,exchange,SUB,A_5,A_13,wins by submission,doesn't win by submission,,3.0,Umar Nurmagomedov by Submission,umar-nurmagomedov-28334,0,+376,+376,+376,+376,2026-08-24T15:00:26.990901+00:00,2026-08-24T15:00:26.214229+00:00,0.12,O,0,complete
2026-08-24T15:07:38.910466+00:00,8869,2026-08-29,UFC Fight Night: Nurmagomedov vs. Song,ufc,umar-nurmagomedov-vs-yadong-song-79649,T2ZmZXJOb2RlOjEwMzY5MDk2MQ==,T3V0Y29tZU5vZGU6NjgwOTAyNg==,Novig,exchange,DEC,A_5,A_13,wins by decision,doesn't win by decision,,1.0,Song Yadong by Decision,yadong-song-6805,0,+590,+590,+590,+590,2026-08-24T15:00:26.856263+00:00,2026-08-24T15:00:26.176831+00:00,0.12,O,0,complete
2026-08-24T15:07:38.910466+00:00,8869,2026-08-29,UFC Fight Night: Nurmagomedov vs. Song,ufc,umar-nurmagomedov-vs-yadong-song-79649,T2ZmZXJOb2RlOjEwMzY5MDk2MA==,T3V0Y29tZU5vZGU6NjgwOTAyNQ==,Novig,exchange,DEC,A_5,A_13,wins by decision,doesn't win by decision,,1.0,Umar Nurmagomedov by Decision,umar-nurmagomedov-28334,0,-182,-182,-182,-182,2026-08-24T15:00:26.662217+00:00,2026-08-24T15:00:26.153646+00:00,0.12,O,0,complete
2026-08-24T15:07:38.910466+00:00,8869,2026-08-29,UFC Fight Night: Nurmagomedov vs. Song,ufc,xiaonan-yan-vs-denise-gomes-79865,T2ZmZXJOb2RlOjEwMzY5MTAwNg==,T3V0Y29tZU5vZGU6NjgwOTA3NA==,BetOnline,sportsbook,STRAIGHT_NS,A_7,A_26,Straight (Finish Only),Straight (Finish Only),,,Denise Gomes - No Scorecards,denise-gomes-44342,1,-170,-170,-170,-170,2026-08-24T15:06:13.541339+00:00,2026-08-24T15:06:13.366195+00:00,0.02,O,0,complete
2026-08-24T15:07:38.910466+00:00,8869,2026-08-29,UFC Fight Night: Nurmagomedov vs. Song,ufc,xiaonan-yan-vs-denise-gomes-79865,T2ZmZXJOb2RlOjEwMzY5MTAwNg==,T3V0Y29tZU5vZGU6NjgwOTA3Mw==,BetOnline,sportsbook,STRAIGHT_NS,A_7,A_26,Straight (Finish Only),Straight (Finish Only),,,Yan Xiaonan - No Scorecards,xiaonan-yan-16867,1,+140,+140,+140,+140,2026-08-24T15:06:13.541339+00:00,2026-08-24T15:06:13.366195+00:00,0.02,O,0,complete
2026-08-24T15:07:38.910466+00:00,8869,2026-08-29,UFC Fight Night: Nurmagomedov vs. Song,ufc,xiaonan-yan-vs-denise-gomes-79865,T2ZmZXJOb2RlOjEwMzY5MTAwNQ==,T3V0Y29tZU5vZGU6NjgwOTA3Mg==,BetOnline,sportsbook,SD,A_5,A_13,wins by split/majority decision,doesn't win by split/majority decision,,5.0,Denise Gomes Wins by Split or Majority Decision,denise-gomes-44342,0,+900,+900,+900,+900,2026-08-24T15:05:17.962749+00:00,2026-08-24T15:05:15.923005+00:00,0.04,O,0,complete
2026-08-24T15:07:38.910466+00:00,8869,2026-08-29,UFC Fight Night: Nurmagomedov vs. Song,ufc,xiaonan-yan-vs-denise-gomes-79865,T2ZmZXJOb2RlOjEwMzY5MTAwNA==,T3V0Y29tZU5vZGU6NjgwOTA3MQ==,BetOnline,sportsbook,UD,A_5,A_13,wins by unanimous decision,doesn't win by unanimous decision,,4.0,Denise Gomes Wins by Unanimous Decision,denise-gomes-44342,0,+285,+285,+285,+285,2026-08-24T15:05:17.918527+00:00,2026-08-24T15:05:15.901831+00:00,0.04,O,0,complete
2026-08-24T15:07:38.910466+00:00,8869,2026-08-29,UFC Fight Night: Nurmagomedov vs. Song,ufc,xiaonan-yan-vs-denise-gomes-79865,T2ZmZXJOb2RlOjEwMzY5MTAwMw==,T3V0Y29tZU5vZGU6NjgwOTA3MA==,BetOnline,sportsbook,SD,A_5,A_13,wins by split/majority decision,doesn't win by split/majority decision,,5.0,Yan Xiaonan Wins by Split or Majority Decision,xiaonan-yan-16867,0,+750,+750,+750,+750,2026-08-24T15:05:17.872700+00:00,2026-08-24T15:05:15.882155+00:00,0.04,O,0,complete
2026-08-24T15:07:38.910466+00:00,8869,2026-08-29,UFC Fight Night: Nurmagomedov vs. Song,ufc,xiaonan-yan-vs-denise-gomes-79865,T2ZmZXJOb2RlOjEwMzY5MTAwMg==,T3V0Y29tZU5vZGU6NjgwOTA2OQ==,BetOnline,sportsbook,UD,A_5,A_13,wins by unanimous decision,doesn't win by unanimous decision,,4.0,Yan Xiaonan Wins by Unanimous Decision,xiaonan-yan-16867,0,-110,-110,-110,-110,2026-08-24T15:05:17.807566+00:00,2026-08-24T15:05:15.863303+00:00,0.04,O,0,complete
2026-08-24T15:07:38.910466+00:00,8869,2026-08-29,UFC Fight Night: Nurmagomedov vs. Song,ufc,xiaonan-yan-vs-denise-gomes-79865,T2ZmZXJOb2RlOjEwMzY5MTAwMQ==,T3V0Y29tZU5vZGU6NjgwOTA2Nw==,BetOnline,sportsbook,END_SD,A_4,A_5,Fight ends in split or majority decision,Fight doesn't end in split or majority decision,,,Fight Goes to Split or Majority Decision - Yes,,0,+400,+400,+400,+400,2026-08-24T15:05:17.739512+00:00,2026-08-24T15:05:15.785939+00:00,0.04,O,0,complete
2026-08-24T15:07:38.910466+00:00,8869,2026-08-29,UFC Fight Night: Nurmagomedov vs. Song,ufc,xiaonan-yan-vs-denise-gomes-79865,T2ZmZXJOb2RlOjEwMzY5MTAwMQ==,T3V0Y29tZU5vZGU6NjgwOTA2OA==,BetOnline,sportsbook,END_SD,A_4,A_5,Fight ends in split or majority decision,Fight doesn't end in split or majority decision,,,Fight Goes to Split or Majority Decision - No,,1,-600,-600,-600,-600,2026-08-24T15:05:17.739512+00:00,2026-08-24T15:05:15.785939+00:00,0.04,O,0,complete
2026-08-24T15:07:38.910466+00:00,8869,2026-08-29,UFC Fight Night: Nurmagomedov vs. Song,ufc,xiaonan-yan-vs-denise-gomes-79865,T2ZmZXJOb2RlOjEwMzY5MTAwMA==,T3V0Y29tZU5vZGU6NjgwOTA2Ng==,BetOnline,sportsbook,SUB_DEC,A_5,A_30,wins by Submission or Decision,Any other result,,,Denise Gomes by Submission or Decision,denise-gomes-44342,0,+175,+175,+175,+175,2026-08-24T15:05:17.562450+00:00,2026-08-24T15:05:15.761754+00:00,0.04,O,0,complete
2026-08-24T15:07:38.910466+00:00,8869,2026-08-29,UFC Fight Night: Nurmagomedov vs. Song,ufc,xiaonan-yan-vs-denise-gomes-79865,T2ZmZXJOb2RlOjEwMzY5MDk5OQ==,T3V0Y29tZU5vZGU6NjgwOTA2NQ==,BetOnline,sportsbook,KO_DEC,A_5,A_30,wins by KO/TKO or Decision,Any other result,,,"Denise Gomes by TKO/KO, DQ or Decision",denise-gomes-44342,0,+115,+115,+115,+115,2026-08-24T15:05:17.481883+00:00,2026-08-24T15:05:15.738754+00:00,0.04,O,0,complete
2026-08-24T15:07:38.910466+00:00,8869,2026-08-29,UFC Fight Night: Nurmagomedov vs. Song,ufc,xiaonan-yan-vs-denise-gomes-79865,T2ZmZXJOb2RlOjEwMzY5MDk5OA==,T3V0Y29tZU5vZGU6NjgwOTA2NA==,BetOnline,sportsbook,SUB_DEC,A_5,A_30,wins by Submission or Decision,Any other result,,,Yan Xiaonan by Submission or Decision,xiaonan-yan-16867,0,-150,-150,-150,-150,2026-08-24T15:05:17.309667+00:00,2026-08-24T15:05:15.709235+00:00,0.04,O,0,complete
2026-08-24T15:07:38.910466+00:00,8869,2026-08-29,UFC Fight Night: Nurmagomedov vs. Song,ufc,xiaonan-yan-vs-denise-gomes-79865,T2ZmZXJOb2RlOjEwMzY5MDk5Nw==,T3V0Y29tZU5vZGU6NjgwOTA2Mw==,BetOnline,sportsbook,KO_DEC,A_5,A_30,wins by KO/TKO or Decision,Any other result,,,"Yan Xiaonan by TKO/KO, DQ or Decision",xiaonan-yan-16867,0,-200,-200,-200,-200,2026-08-24T15:05:17.199485+00:00,2026-08-24T15:05:15.654550+00:00,0.04,O,0,complete
2026-08-24T15:07:38.910466+00:00,8869,2026-08-29,UFC Fight Night: Nurmagomedov vs. Song,ufc,xiaonan-yan-vs-denise-gomes-79865,T2ZmZXJOb2RlOjEwMzY5MDk5Ng==,T3V0Y29tZU5vZGU6NjgwOTA2Mg==,BetOnline,sportsbook,,,,,,,,Goes the Distance,,0,-260,-260,-260,-260,2026-08-24T15:05:17.136875+00:00,2026-08-24T15:05:15.631391+00:00,0.04,O,0,complete
2026-08-24T15:07:38.910466+00:00,8869,2026-08-29,UFC Fight Night: Nurmagomedov vs. Song,ufc,xiaonan-yan-vs-denise-gomes-79865,T2ZmZXJOb2RlOjEwMzY5MDk5NQ==,T3V0Y29tZU5vZGU6NjgwOTA2MQ==,BetOnline,sportsbook,END_SUB,A_4,A_5,Fight ends in submission,Fight doesn't end in submission,,,Either Fighter by Submission,,0,+900,+900,+900,+900,2026-08-24T15:05:17.083806+00:00,2026-08-24T15:05:15.591406+00:00,0.04,O,0,complete
2026-08-24T15:07:38.910466+00:00,8869,2026-08-29,UFC Fight Night: Nurmagomedov vs. Song,ufc,xiaonan-yan-vs-denise-gomes-79865,T2ZmZXJOb2RlOjEwMzY5MDk5NA==,T3V0Y29tZU5vZGU6NjgwOTA2MA==,BetOnline,sportsbook,END_KO,A_4,A_5,"Fight ends by KO, TKO or DQ","Fight doesn't end by KO, TKO or DQ",,,Either Fighter by KO/TKO or DQ,,0,+230,+230,+230,+230,2026-08-24T15:05:17.035876+00:00,2026-08-24T15:05:15.572162+00:00,0.04,O,0,complete
2026-08-24T15:07:38.910466+00:00,8869,2026-08-29,UFC Fight Night: Nurmagomedov vs. Song,ufc,xiaonan-yan-vs-denise-gomes-79865,T2ZmZXJOb2RlOjEwMzY5MDk5Mw==,T3V0Y29tZU5vZGU6NjgwOTA1OQ==,BetOnline,sportsbook,ID,A_5,A_12,wins inside distance,doesn't win inside distance,,,Denise Gomes wins inside distance,denise-gomes-44342,0,+285,+285,+285,+285,2026-08-24T15:05:16.986153+00:00,2026-08-24T15:05:15.561547+00:00,0.04,O,0,complete
2026-08-24T15:07:38.910466+00:00,8869,2026-08-29,UFC Fight Night: Nurmagomedov vs. Song,ufc,xiaonan-yan-vs-denise-gomes-79865,T2ZmZXJOb2RlOjEwMzY5MDk5Mg==,T3V0Y29tZU5vZGU6NjgwOTA1OA==,BetOnline,sportsbook,ID,A_5,A_12,wins inside distance,doesn't win inside distance,,,Yan Xiaonan wins inside distance,xiaonan-yan-16867,0,+600,+600,+600,+600,2026-08-24T15:05:16.926913+00:00,2026-08-24T15:05:15.536393+00:00,0.04,O,0,complete
2026-08-24T15:07:38.910466+00:00,8869,2026-08-29,UFC Fight Night: Nurmagomedov vs. Song,ufc,xiaonan-yan-vs-denise-gomes-79865,T2ZmZXJOb2RlOjEwMzY5MDk5MQ==,T3V0Y29tZU5vZGU6NjgwOTA1Nw==,BetOnline,sportsbook,SUB_3,A_5,A_15,wins in round 3 - Submission,doesn't win in round 3 - Submission,,,Denise Gomes in Round 3 by Submission,denise-gomes-44342,0,+2800,+2800,+2800,+2800,2026-08-24T15:05:16.869639+00:00,2026-08-24T15:05:15.523926+00:00,0.04,O,0,complete
2026-08-24T15:07:38.910466+00:00,8869,2026-08-29,UFC Fight Night: Nurmagomedov vs. Song,ufc,xiaonan-yan-vs-denise-gomes-79865,T2ZmZXJOb2RlOjEwMzY5MDk5MA==,T3V0Y29tZU5vZGU6NjgwOTA1Ng==,BetOnline,sportsbook,SUB_2,A_5,A_15,wins in round 2 - Submission,doesn't win in round 2 - Submission,,,Denise Gomes in Round 2 by Submission,denise-gomes-44342,0,+2500,+2500,+2500,+2500,2026-08-24T15:05:16.804294+00:00,2026-08-24T15:05:15.512207+00:00,0.04,O,0,complete
2026-08-24T15:07:38.910466+00:00,8869,2026-08-29,UFC Fight Night: Nurmagomedov vs. Song,ufc,xiaonan-yan-vs-denise-gomes-79865,T2ZmZXJOb2RlOjEwMzY5MDk4OQ==,T3V0Y29tZU5vZGU6NjgwOTA1NQ==,BetOnline,sportsbook,SUB_1,A_5,A_15,wins in round 1 - Submission,doesn't win in round 1 - Submission,,,Denise Gomes in Round 1 by Submission,denise-gomes-44342,0,+1800,+1800,+1800,+1800,2026-08-24T15:05:16.746191+00:00,2026-08-24T15:05:15.501182+00:00,0.04,O,0,complete
2026-08-24T15:07:38.910466+00:00,8869,2026-08-29,UFC Fight Night: Nurmagomedov vs. Song,ufc,xiaonan-yan-vs-denise-gomes-79865,T2ZmZXJOb2RlOjEwMzY5MDk4OA==,T3V0Y29tZU5vZGU6NjgwOTA1NA==,BetOnline,sportsbook,KO_3,A_5,A_15,"wins in round 3 - KO, TKO or DQ","doesn't win in round 3 - KO, TKO or DQ",,,Denise Gomes in Round 3 by KO/TKO or DQ,denise-gomes-44342,0,+2000,+2000,+2000,+2000,2026-08-24T15:05:16.673989+00:00,2026-08-24T15:05:15.484884+00:00,0.04,O,0,complete
2026-08-24T15:07:38.910466+00:00,8869,2026-08-29,UFC Fight Night: Nurmagomedov vs. Song,ufc,xiaonan-yan-vs-denise-gomes-79865,T2ZmZXJOb2RlOjEwMzY5MDk4Nw==,T3V0Y29tZU5vZGU6NjgwOTA1Mw==,BetOnline,sportsbook,KO_2,A_5,A_15,"wins in round 2 - KO, TKO or DQ","doesn't win in round 2 - KO, TKO or DQ",,,Denise Gomes in Round 2 by KO/TKO or DQ,denise-gomes-44342,0,+1700,+1700,+1700,+1700,2026-08-24T15:05:16.556932+00:00,2026-08-24T15:05:15.476569+00:00,0.04,O,0,complete
2026-08-24T15:07:38.910466+00:00,8869,2026-08-29,UFC Fight Night: Nurmagomedov vs. Song,ufc,xiaonan-yan-vs-denise-gomes-79865,T2ZmZXJOb2RlOjEwMzY5MDk4Ng==,T3V0Y29tZU5vZGU6NjgwOTA1Mg==,BetOnline,sportsbook,KO_1,A_5,A_15,"wins in round 1 - KO, TKO or DQ","doesn't win in round 1 - KO, TKO or DQ",,,Denise Gomes in Round 1 by KO/TKO or DQ,denise-gomes-44342,0,+1400,+1400,+1400,+1400,2026-08-24T15:05:16.469743+00:00,2026-08-24T15:05:15.462915+00:00,0.04,O,0,complete
2026-08-24T15:07:38.910466+00:00,8869,2026-08-29,UFC Fight Night: Nurmagomedov vs. Song,ufc,xiaonan-yan-vs-denise-gomes-79865,T2ZmZXJOb2RlOjEwMzY5MDk4NQ==,T3V0Y29tZU5vZGU6NjgwOTA1MQ==,BetOnline,sportsbook,SUB_3,A_5,A_15,wins in round 3 - Submission,doesn't win in round 3 - Submission,,,Yan Xiaonan in Round 3 by Submission,xiaonan-yan-16867,0,+5000,+5000,+5000,+5000,2026-08-24T15:05:16.367959+00:00,2026-08-24T15:05:15.453600+00:00,0.04,O,0,complete
2026-08-24T15:07:38.910466+00:00,8869,2026-08-29,UFC Fight Night: Nurmagomedov vs. Song,ufc,xiaonan-yan-vs-denise-gomes-79865,T2ZmZXJOb2RlOjEwMzY5MDk4NA==,T3V0Y29tZU5vZGU6NjgwOTA1MA==,BetOnline,sportsbook,SUB_2,A_5,A_15,wins in round 2 - Submission,doesn't win in round 2 - Submission,,,Yan Xiaonan in Round 2 by Submission,xiaonan-yan-16867,0,+4500,+4500,+4500,+4500,2026-08-24T15:05:16.318075+00:00,2026-08-24T15:05:15.442241+00:00,0.04,O,0,complete
2026-08-24T15:07:38.910466+00:00,8869,2026-08-29,UFC Fight Night: Nurmagomedov vs. Song,ufc,xiaonan-yan-vs-denise-gomes-79865,T2ZmZXJOb2RlOjEwMzY5MDk4Mw==,T3V0Y29tZU5vZGU6NjgwOTA0OQ==,BetOnline,sportsbook,SUB_1,A_5,A_15,wins in round 1 - Submission,doesn't win in round 1 - Submission,,,Yan Xiaonan in Round 1 by Submission,xiaonan-yan-16867,0,+4000,+4000,+4000,+4000,2026-08-24T15:05:16.263149+00:00,2026-08-24T15:05:15.427683+00:00,0.04,O,0,complete
2026-08-24T15:07:38.910466+00:00,8869,2026-08-29,UFC Fight Night: Nurmagomedov vs. Song,ufc,xiaonan-yan-vs-denise-gomes-79865,T2ZmZXJOb2RlOjEwMzY5MDk4Mg==,T3V0Y29tZU5vZGU6NjgwOTA0OA==,BetOnline,sportsbook,KO_3,A_5,A_15,"wins in round 3 - KO, TKO or DQ","doesn't win in round 3 - KO, TKO or DQ",,,Yan Xiaonan in Round 3 by KO/TKO or DQ,xiaonan-yan-16867,0,+2500,+2500,+2500,+2500,2026-08-24T15:05:16.199439+00:00,2026-08-24T15:05:15.405180+00:00,0.04,O,0,complete
2026-08-24T15:07:38.910466+00:00,8869,2026-08-29,UFC Fight Night: Nurmagomedov vs. Song,ufc,xiaonan-yan-vs-denise-gomes-79865,T2ZmZXJOb2RlOjEwMzY5MDk4MQ==,T3V0Y29tZU5vZGU6NjgwOTA0Nw==,BetOnline,sportsbook,KO_2,A_5,A_15,"wins in round 2 - KO, TKO or DQ","doesn't win in round 2 - KO, TKO or DQ",,,Yan Xiaonan in Round 2 by KO/TKO or DQ,xiaonan-yan-16867,0,+2200,+2200,+2200,+2200,2026-08-24T15:05:16.132815+00:00,2026-08-24T15:05:15.395521+00:00,0.04,O,0,complete
2026-08-24T15:07:38.910466+00:00,8869,2026-08-29,UFC Fight Night: Nurmagomedov vs. Song,ufc,xiaonan-yan-vs-denise-gomes-79865,T2ZmZXJOb2RlOjEwMzY5MDk4MA==,T3V0Y29tZU5vZGU6NjgwOTA0Ng==,BetOnline,sportsbook,KO_1,A_5,A_15,"wins in round 1 - KO, TKO or DQ","doesn't win in round 1 - KO, TKO or DQ",,,Yan Xiaonan in Round 1 by KO/TKO or DQ,xiaonan-yan-16867,0,+1800,+1800,+1800,+1800,2026-08-24T15:05:16.013397+00:00,2026-08-24T15:05:15.371312+00:00,0.04,O,0,complete
2026-08-24T15:07:38.910466+00:00,8869,2026-08-29,UFC Fight Night: Nurmagomedov vs. Song,ufc,xiaonan-yan-vs-denise-gomes-79865,T2ZmZXJOb2RlOjEwMzY5MDk3OQ==,T3V0Y29tZU5vZGU6NjgwOTA0NQ==,BetOnline,sportsbook,R_3,A_5,A_14,wins in round 3,doesn't win in round 3,,3.0,Denise Gomes in Round 3,denise-gomes-44342,0,+1400,+1400,+1400,+1400,2026-08-24T15:03:29.636589+00:00,2026-08-24T15:03:29.154110+00:00,0.07,O,0,complete
2026-08-24T15:07:38.910466+00:00,8869,2026-08-29,UFC Fight Night: Nurmagomedov vs. Song,ufc,xiaonan-yan-vs-denise-gomes-79865,T2ZmZXJOb2RlOjEwMzY5MDk3OA==,T3V0Y29tZU5vZGU6NjgwOTA0NA==,BetOnline,sportsbook,R_2,A_5,A_14,wins in round 2,doesn't win in round 2,,2.0,Denise Gomes in Round 2,denise-gomes-44342,0,+1000,+1000,+1000,+1000,2026-08-24T15:03:29.604094+00:00,2026-08-24T15:03:29.146811+00:00,0.07,O,0,complete
2026-08-24T15:07:38.910466+00:00,8869,2026-08-29,UFC Fight Night: Nurmagomedov vs. Song,ufc,xiaonan-yan-vs-denise-gomes-79865,T2ZmZXJOb2RlOjEwMzY5MDk3Nw==,T3V0Y29tZU5vZGU6NjgwOTA0Mw==,BetOnline,sportsbook,R_1,A_5,A_14,wins in round 1,doesn't win in round 1,,1.0,Denise Gomes in Round 1,denise-gomes-44342,0,+800,+800,+800,+800,2026-08-24T15:03:29.569774+00:00,2026-08-24T15:03:29.139558+00:00,0.07,O,0,complete
2026-08-24T15:07:38.910466+00:00,8869,2026-08-29,UFC Fight Night: Nurmagomedov vs. Song,ufc,xiaonan-yan-vs-denise-gomes-79865,T2ZmZXJOb2RlOjEwMzY5MDk3Ng==,T3V0Y29tZU5vZGU6NjgwOTA0Mg==,BetOnline,sportsbook,R_3,A_5,A_14,wins in round 3,doesn't win in round 3,,3.0,Yan Xiaonan in Round 3,xiaonan-yan-16867,0,+2200,+2200,+2200,+2200,2026-08-24T15:03:29.537978+00:00,2026-08-24T15:03:29.133404+00:00,0.07,O,0,complete
2026-08-24T15:07:38.910466+00:00,8869,2026-08-29,UFC Fight Night: Nurmagomedov vs. Song,ufc,xiaonan-yan-vs-denise-gomes-79865,T2ZmZXJOb2RlOjEwMzY5MDk3NQ==,T3V0Y29tZU5vZGU6NjgwOTA0MQ==,BetOnline,sportsbook,R_2,A_5,A_14,wins in round 2,doesn't win in round 2,,2.0,Yan Xiaonan in Round 2,xiaonan-yan-16867,0,+1600,+1600,+1600,+1600,2026-08-24T15:03:29.504196+00:00,2026-08-24T15:03:29.125710+00:00,0.07,O,0,complete
2026-08-24T15:07:38.910466+00:00,8869,2026-08-29,UFC Fight Night: Nurmagomedov vs. Song,ufc,xiaonan-yan-vs-denise-gomes-79865,T2ZmZXJOb2RlOjEwMzY5MDk3NA==,T3V0Y29tZU5vZGU6NjgwOTA0MA==,BetOnline,sportsbook,R_1,A_5,A_14,wins in round 1,doesn't win in round 1,,1.0,Yan Xiaonan in Round 1,xiaonan-yan-16867,0,+1200,+1200,+1200,+1200,2026-08-24T15:03:29.470612+00:00,2026-08-24T15:03:29.117826+00:00,0.07,O,0,complete
2026-08-24T15:07:38.910466+00:00,8869,2026-08-29,UFC Fight Night: Nurmagomedov vs. Song,ufc,xiaonan-yan-vs-denise-gomes-79865,T2ZmZXJOb2RlOjEwMzY5MDk3Mw==,T3V0Y29tZU5vZGU6NjgwOTAzOQ==,BetOnline,sportsbook,DRAW,A_3,A_0,Fight ends in a Draw,Fight doesn't end in a Draw,,,Draw,,0,+6600,+6600,+6600,+6600,2026-08-24T15:03:29.440841+00:00,2026-08-24T15:03:29.109917+00:00,0.07,O,0,complete
2026-08-24T15:07:38.910466+00:00,8869,2026-08-29,UFC Fight Night: Nurmagomedov vs. Song,ufc,xiaonan-yan-vs-denise-gomes-79865,T2ZmZXJOb2RlOjEwMzY5MDk3Mg==,T3V0Y29tZU5vZGU6NjgwOTAzOA==,BetOnline,sportsbook,SUB,A_5,A_13,wins by submission,doesn't win by submission,,3.0,Denise Gomes by Submission,denise-gomes-44342,0,+950,+950,+950,+950,2026-08-24T15:03:29.406774+00:00,2026-08-24T15:03:29.103548+00:00,0.07,O,0,complete
2026-08-24T15:07:38.910466+00:00,8869,2026-08-29,UFC Fight Night: Nurmagomedov vs. Song,ufc,xiaonan-yan-vs-denise-gomes-79865,T2ZmZXJOb2RlOjEwMzY5MDk3MQ==,T3V0Y29tZU5vZGU6NjgwOTAzNw==,BetOnline,sportsbook,KO,A_5,A_13,wins by TKO/KO,doesn't win by TKO/KO,,2.0,Denise Gomes by KO/TKO or DQ,denise-gomes-44342,0,+600,+600,+600,+600,2026-08-24T15:03:29.367019+00:00,2026-08-24T15:03:29.096782+00:00,0.07,O,0,complete
2026-08-24T15:07:38.910466+00:00,8869,2026-08-29,UFC Fight Night: Nurmagomedov vs. Song,ufc,xiaonan-yan-vs-denise-gomes-79865,T2ZmZXJOb2RlOjEwMzY5MDk3MA==,T3V0Y29tZU5vZGU6NjgwOTAzNg==,BetOnline,sportsbook,DEC,A_5,A_13,wins by decision,doesn't win by decision,,1.0,Denise Gomes by Points,denise-gomes-44342,0,+250,+250,+250,+250,2026-08-24T15:03:29.331569+00:00,2026-08-24T15:03:29.089842+00:00,0.07,O,0,complete
2026-08-24T15:07:38.910466+00:00,8869,2026-08-29,UFC Fight Night: Nurmagomedov vs. Song,ufc,xiaonan-yan-vs-denise-gomes-79865,T2ZmZXJOb2RlOjEwMzY5MDk2OQ==,T3V0Y29tZU5vZGU6NjgwOTAzNQ==,BetOnline,sportsbook,SUB,A_5,A_13,wins by submission,doesn't win by submission,,3.0,Yan Xiaonan by Submission,xiaonan-yan-16867,0,+2500,+2500,+2500,+2500,2026-08-24T15:03:29.299269+00:00,2026-08-24T15:03:29.082633+00:00,0.07,O,0,complete
2026-08-24T15:07:38.910466+00:00,8869,2026-08-29,UFC Fight Night: Nurmagomedov vs. Song,ufc,xiaonan-yan-vs-denise-gomes-79865,T2ZmZXJOb2RlOjEwMzY5MDk2OA==,T3V0Y29tZU5vZGU6NjgwOTAzNA==,BetOnline,sportsbook,KO,A_5,A_13,wins by TKO/KO,doesn't win by TKO/KO,,2.0,Yan Xiaonan by KO/TKO or DQ,xiaonan-yan-16867,0,+700,+700,+700,+700,2026-08-24T15:03:29.264438+00:00,2026-08-24T15:03:29.075669+00:00,0.07,O,0,complete
2026-08-24T15:07:38.910466+00:00,8869,2026-08-29,UFC Fight Night: Nurmagomedov vs. Song,ufc,xiaonan-yan-vs-denise-gomes-79865,T2ZmZXJOb2RlOjEwMzY5MDk2Nw==,T3V0Y29tZU5vZGU6NjgwOTAzMw==,BetOnline,sportsbook,DEC,A_5,A_13,wins by decision,doesn't win by decision,,1.0,Yan Xiaonan by Points,xiaonan-yan-16867,0,-125,-125,-125,-125,2026-08-24T15:03:29.226909+00:00,2026-08-24T15:03:29.069756+00:00,0.07,O,0,complete
2026-08-24T15:07:38.910466+00:00,8869,2026-08-29,UFC Fight Night: Nurmagomedov vs. Song,ufc,xiaonan-yan-vs-denise-gomes-79865,T2ZmZXJOb2RlOjEwMzY5MDk2Ng==,T3V0Y29tZU5vZGU6NjgwOTAzMQ==,BetOnline,sportsbook,DISTANCE,A_4,A_2,Fight goes the distance,Fight ends inside distance,,,Goes the Distance - Yes,,0,-260,-260,-260,-260,2026-08-24T15:03:29.196023+00:00,2026-08-24T15:03:29.055577+00:00,0.07,O,0,complete
2026-08-24T15:07:38.910466+00:00,8869,2026-08-29,UFC Fight Night: Nurmagomedov vs. Song,ufc,xiaonan-yan-vs-denise-gomes-79865,T2ZmZXJOb2RlOjEwMzY5MDk2Ng==,T3V0Y29tZU5vZGU6NjgwOTAzMg==,BetOnline,sportsbook,DISTANCE,A_4,A_2,Fight goes the distance,Fight ends inside distance,,,Goes the Distance - No,,1,+200,+200,+200,+200,2026-08-24T15:03:29.196023+00:00,2026-08-24T15:03:29.055577+00:00,0.07,O,0,complete
2026-08-24T15:07:38.910466+00:00,8869,2026-08-29,UFC Fight Night: Nurmagomedov vs. Song,ufc,xiaonan-yan-vs-denise-gomes-79865,T2ZmZXJOb2RlOjEwMzY3NzQxOQ==,T3V0Y29tZU5vZGU6Njc5MDkwNg==,Polymarket,exchange,KO,A_5,A_13,wins by TKO/KO,doesn't win by TKO/KO,,2.0,Will Denise Gomes win by KO or TKO? - Yes,denise-gomes-44342,0,-2400,-4900,-2400,-4900,2026-08-24T15:00:29.554315+00:00,2026-08-15T22:05:13.231624+00:00,0.12,O,0,complete
2026-08-24T15:07:38.910466+00:00,8869,2026-08-29,UFC Fight Night: Nurmagomedov vs. Song,ufc,xiaonan-yan-vs-denise-gomes-79865,T2ZmZXJOb2RlOjEwMzY3NzQxOA==,T3V0Y29tZU5vZGU6Njc5MDkwNA==,Polymarket,exchange,KO,A_5,A_13,wins by TKO/KO,doesn't win by TKO/KO,,2.0,Will Yan Xiaonan win by KO or TKO? - Yes,xiaonan-yan-16867,0,-2400,-4900,-1900,-4900,2026-08-24T15:00:29.502158+00:00,2026-08-15T22:05:13.194033+00:00,0.12,O,0,complete
2026-08-24T15:07:38.910466+00:00,8869,2026-08-29,UFC Fight Night: Nurmagomedov vs. Song,ufc,bilal-hasan-vs-nilson-rojas-80821,T2ZmZXJOb2RlOjEwMzY4ODkwMg==,T3V0Y29tZU5vZGU6NjgwNTkyOA==,Polymarket,exchange,OVERUNDER_2.5,A_4,A_1,Over 2.5 rounds,Under 2.5 rounds,,2.5,Over 2.5,,0,-1900,-9900,-733,-9900,2026-08-24T15:00:33.570067+00:00,2026-08-21T22:04:29.868708+00:00,0.12,O,0,complete
2026-08-24T15:07:38.910466+00:00,8869,2026-08-29,UFC Fight Night: Nurmagomedov vs. Song,ufc,bilal-hasan-vs-nilson-rojas-80821,T2ZmZXJOb2RlOjEwMzY4ODkwMQ==,T3V0Y29tZU5vZGU6NjgwNTkyNg==,Polymarket,exchange,OVERUNDER_0.5,A_4,A_1,Over 0.5 rounds,Under 0.5 rounds,,0.5,Over 0.5,,0,-1567,-4900,-1329,-4900,2026-08-24T15:00:33.058242+00:00,2026-08-21T22:04:29.816012+00:00,0.12,O,0,complete
2026-08-24T15:07:38.910466+00:00,8869,2026-08-29,UFC Fight Night: Nurmagomedov vs. Song,ufc,bilal-hasan-vs-nilson-rojas-80821,T2ZmZXJOb2RlOjEwMzY4ODg5Ng==,T3V0Y29tZU5vZGU6NjgwNTkxNw==,Polymarket,exchange,DISTANCE,A_4,A_2,Fight goes the distance,Fight ends inside distance,,,Fight to Go the Distance? - No,,1,-3233,-9900,-1567,-9900,2026-08-24T15:00:32.941022+00:00,2026-08-21T22:04:29.640698+00:00,0.12,O,0,complete
2026-08-24T15:07:38.910466+00:00,8869,2026-08-29,UFC Fight Night: Nurmagomedov vs. Song,ufc,andre-lima-vs-namsrai-batbayar-80336,T2ZmZXJOb2RlOjEwMzY3NzQ1NQ==,T3V0Y29tZU5vZGU6Njc5MDk3OA==,Polymarket,exchange,OVERUNDER_1.5,A_4,A_1,Over 1.5 rounds,Under 1.5 rounds,,1.5,Over 1.5,,0,-1567,-9900,-1329,-9900,2026-08-24T15:00:30.517221+00:00,2026-08-15T22:05:15.733113+00:00,0.12,O,0,complete
2026-08-24T15:07:38.910466+00:00,8869,2026-08-29,UFC Fight Night: Nurmagomedov vs. Song,ufc,rei-tsuruya-vs-kevin-borjas-79779,T2ZmZXJOb2RlOjEwMzY3NzQ2OA==,T3V0Y29tZU5vZGU6Njc5MTAwNQ==,Polymarket,exchange,OVERUNDER_0.5,A_4,A_1,Over 0.5 rounds,Under 0.5 rounds,,0.5,Under 0.5,,1,-1900,-4900,-1329,-4900,2026-08-24T15:00:31.056002+00:00,2026-08-15T22:05:16.711086+00:00,0.12,O,0,complete
2026-08-24T15:07:38.910466+00:00,8869,2026-08-29,UFC Fight Night: Nurmagomedov vs. Song,ufc,rei-tsuruya-vs-kevin-borjas-79779,T2ZmZXJOb2RlOjEwMzY3NzQ2NQ==,T3V0Y29tZU5vZGU6Njc5MDk5OA==,Polymarket,exchange,KO,A_5,A_13,wins by TKO/KO,doesn't win by TKO/KO,,2.0,Will Rei Tsuruya win by KO or TKO? - Yes,rei-tsuruya-49403,0,-3233,-4900,-2400,-4900,2026-08-24T15:00:30.997173+00:00,2026-08-15T22:05:16.447892+00:00,0.12,O,0,complete
2026-08-24T15:07:38.910466+00:00,8869,2026-08-29,UFC Fight Night: Nurmagomedov vs. Song,ufc,jack-jenkins-vs-sean-woodson-80520,T2ZmZXJOb2RlOjEwMzY3NzQ4MQ==,T3V0Y29tZU5vZGU6Njc5MTAzMQ==,Polymarket,exchange,OVERUNDER_1.5,A_4,A_1,Over 1.5 rounds,Under 1.5 rounds,,1.5,Under 1.5,,1,-1567,-3233,-669,-4900,2026-08-24T15:00:30.866271+00:00,2026-08-15T22:14:29.902691+00:00,0.12,O,0,complete
2026-08-24T15:07:38.910466+00:00,8869,2026-08-29,UFC Fight Night: Nurmagomedov vs. Song,ufc,lawrence-lui-vs-hector-santiago-80953,T2ZmZXJOb2RlOjEwMzY5MDI4MQ==,T3V0Y29tZU5vZGU6NjgwNzc4Mg==,Polymarket,exchange,OVERUNDER_1.5,A_4,A_1,Over 1.5 rounds,Under 1.5 rounds,,1.5,Over 1.5,,0,-1567,-9900,-1150,-9900,2026-08-24T15:00:33.938422+00:00,2026-08-22T22:09:54.368043+00:00,0.12,O,0,complete
2026-08-24T15:07:38.910466+00:00,8869,2026-08-29,UFC Fight Night: Nurmagomedov vs. Song,ufc,lawrence-lui-vs-hector-santiago-80953,T2ZmZXJOb2RlOjEwMzY5MDI4MQ==,T3V0Y29tZU5vZGU6NjgwNzc4Mw==,Polymarket,exchange,OVERUNDER_1.5,A_4,A_1,Over 1.5 rounds,Under 1.5 rounds,,1.5,Under 1.5,,1,-1150,-9900,-1150,-9900,2026-08-24T15:00:33.938422+00:00,2026-08-22T22:09:54.368043+00:00,0.12,O,0,complete
2026-08-24T15:07:38.910466+00:00,8869,2026-08-29,UFC Fight Night: Nurmagomedov vs. Song,ufc,lawrence-lui-vs-hector-santiago-80953,T2ZmZXJOb2RlOjEwMzY5MDI4MA==,T3V0Y29tZU5vZGU6NjgwNzc4MA==,Polymarket,exchange,OVERUNDER_0.5,A_4,A_1,Over 0.5 rounds,Under 0.5 rounds,,0.5,Over 0.5,,0,-1329,-4900,-1150,-4900,2026-08-24T15:00:33.876081+00:00,2026-08-22T22:09:54.353475+00:00,0.12,O,0,complete
2026-08-24T15:07:38.910466+00:00,8869,2026-08-29,UFC Fight Night: Nurmagomedov vs. Song,ufc,meng-ding-vs-cameron-nelson-80702,T2ZmZXJOb2RlOjEwMzY5MDI4NA==,T3V0Y29tZU5vZGU6NjgwNzc4OA==,Polymarket,exchange,DISTANCE,A_4,A_2,Fight goes the distance,Fight ends inside distance,,,Fight to Go the Distance? - Yes,,0,-1567,-2400,-1567,-2400,2026-08-24T15:00:34.087427+00:00,2026-08-22T22:09:54.414757+00:00,0.12,O,0,complete
2026-08-24T15:07:38.910466+00:00,8869,2026-08-29,UFC Fight Night: Nurmagomedov vs. Song,ufc,meng-ding-vs-cameron-nelson-80702,T2ZmZXJOb2RlOjEwMzY5MDI5MA==,T3V0Y29tZU5vZGU6NjgwNzgwMA==,Polymarket,exchange,OVERUNDER_1.5,A_4,A_1,Over 1.5 rounds,Under 1.5 rounds,,1.5,Over 1.5,,0,-1900,-9900,-1329,-9900,2026-08-24T15:00:34.294926+00:00,2026-08-22T22:09:54.517817+00:00,0.12,O,0,complete
2026-08-24T15:07:38.910466+00:00,8869,2026-08-29,UFC Fight Night: Nurmagomedov vs. Song,ufc,meng-ding-vs-cameron-nelson-80702,T2ZmZXJOb2RlOjEwMzY5MDI5MA==,T3V0Y29tZU5vZGU6NjgwNzgwMQ==,Polymarket,exchange,OVERUNDER_1.5,A_4,A_1,Over 1.5 rounds,Under 1.5 rounds,,1.5,Under 1.5,,1,-1329,-9900,-1329,-9900,2026-08-24T15:00:34.294926+00:00,2026-08-22T22:09:54.517817+00:00,0.12,O,0,complete
2026-08-24T15:07:38.910466+00:00,8869,2026-08-29,UFC Fight Night: Nurmagomedov vs. Song,ufc,umar-nurmagomedov-vs-yadong-song-79649,T2ZmZXJOb2RlOjEwMzY3NzQwOA==,T3V0Y29tZU5vZGU6Njc5MDg4NA==,Polymarket,exchange,KO,A_5,A_13,wins by TKO/KO,doesn't win by TKO/KO,,2.0,Will Umar Nurmagomedov win by KO or TKO? - Yes,umar-nurmagomedov-28334,0,-733,-4900,-525,-4900,2026-08-24T15:00:29.138270+00:00,2026-08-15T22:05:12.495755+00:00,0.12,O,0,complete
2026-08-24T15:09:19.119994+00:00,9111,2026-08-25,Dana White's Contender Series: Contender Series 2026: Week 3,dwcs,mario-piazzon-vs-guilherme-uriel-silva-costa-78018,T2ZmZXJOb2RlOjEwMzY3NDg1NQ==,T3V0Y29tZU5vZGU6Njc4NzM4OA==,Polymarket,exchange,OVERUNDER_0.5,A_4,A_1,Over 0.5 rounds,Under 0.5 rounds,,0.5,Over 0.5,,0,-2400,-3233,+488,-4900,2026-08-24T15:00:28.042925+00:00,2026-08-12T22:10:40.832031+00:00,0.15,O,0,complete
2026-08-24T15:09:19.119994+00:00,9111,2026-08-25,Dana White's Contender Series: Contender Series 2026: Week 3,dwcs,sean-clancy-jr-vs-gary-balletto-jr-79266,T2ZmZXJOb2RlOjEwMzY3NDg2NA==,T3V0Y29tZU5vZGU6Njc4NzQwNw==,Polymarket,exchange,OVERUNDER_0.5,A_4,A_1,Over 0.5 rounds,Under 0.5 rounds,,0.5,Under 0.5,,1,-1900,-4900,-1329,-4900,2026-08-24T15:00:28.298727+00:00,2026-08-12T22:10:40.958830+00:00,0.15,O,0,complete
2026-08-24T15:09:19.119994+00:00,9111,2026-08-25,Dana White's Contender Series: Contender Series 2026: Week 3,dwcs,alexis-miranda-vs-ronald-humphrey-79267,T2ZmZXJOb2RlOjEwMzY3NDg3Mw==,T3V0Y29tZU5vZGU6Njc4NzQyNQ==,Polymarket,exchange,OVERUNDER_0.5,A_4,A_1,Over 0.5 rounds,Under 0.5 rounds,,0.5,Under 0.5,,1,-2400,-3233,-1900,-4900,2026-08-24T15:00:28.505034+00:00,2026-08-12T22:10:41.096685+00:00,0.15,O,0,complete
2026-08-24T15:09:19.119994+00:00,9111,2026-08-25,Dana White's Contender Series: Contender Series 2026: Week 3,dwcs,alexis-miranda-vs-ronald-humphrey-79267,T2ZmZXJOb2RlOjEwMzY3NDg3NA==,T3V0Y29tZU5vZGU6Njc4NzQyNg==,Polymarket,exchange,OVERUNDER_1.5,A_4,A_1,Over 1.5 rounds,Under 1.5 rounds,,1.5,Over 1.5,,0,-2400,-4900,-1900,-9900,2026-08-24T15:00:28.528980+00:00,2026-08-12T22:10:41.108159+00:00,0.15,O,0,complete
2026-08-24T15:09:19.119994+00:00,8869,2026-08-29,UFC Fight Night: Nurmagomedov vs. Song,ufc,umar-nurmagomedov-vs-yadong-song-79649,T2ZmZXJOb2RlOjEwMzY5MDk2NQ==,T3V0Y29tZU5vZGU6NjgwOTAzMA==,Novig,exchange,KO,A_5,A_13,wins by TKO/KO,doesn't win by TKO/KO,,2.0,Song Yadong by KO/TKO,yadong-song-6805,0,+590,+590,+590,+590,2026-08-24T15:00:27.297735+00:00,2026-08-24T15:00:26.292282+00:00,0.15,O,0,complete
2026-08-24T15:09:19.119994+00:00,8869,2026-08-29,UFC Fight Night: Nurmagomedov vs. Song,ufc,umar-nurmagomedov-vs-yadong-song-79649,T2ZmZXJOb2RlOjEwMzY5MDk2NA==,T3V0Y29tZU5vZGU6NjgwOTAyOQ==,Novig,exchange,KO,A_5,A_13,wins by TKO/KO,doesn't win by TKO/KO,,2.0,Umar Nurmagomedov by KO/TKO,umar-nurmagomedov-28334,0,+545,+545,+545,+545,2026-08-24T15:00:27.213773+00:00,2026-08-24T15:00:26.264252+00:00,0.15,O,0,complete
2026-08-24T15:09:19.119994+00:00,8869,2026-08-29,UFC Fight Night: Nurmagomedov vs. Song,ufc,umar-nurmagomedov-vs-yadong-song-79649,T2ZmZXJOb2RlOjEwMzY5MDk2Mw==,T3V0Y29tZU5vZGU6NjgwOTAyOA==,Novig,exchange,SUB,A_5,A_13,wins by submission,doesn't win by submission,,3.0,Song Yadong by Submission,yadong-song-6805,0,+1567,+1567,+1567,+1567,2026-08-24T15:00:27.122264+00:00,2026-08-24T15:00:26.240155+00:00,0.15,O,0,complete
2026-08-24T15:09:19.119994+00:00,8869,2026-08-29,UFC Fight Night: Nurmagomedov vs. Song,ufc,umar-nurmagomedov-vs-yadong-song-79649,T2ZmZXJOb2RlOjEwMzY5MDk2Mg==,T3V0Y29tZU5vZGU6NjgwOTAyNw==,Novig,exchange,SUB,A_5,A_13,wins by submission,doesn't win by submission,,3.0,Umar Nurmagomedov by Submission,umar-nurmagomedov-28334,0,+376,+376,+376,+376,2026-08-24T15:00:26.990901+00:00,2026-08-24T15:00:26.214229+00:00,0.15,O,0,complete
2026-08-24T15:09:19.119994+00:00,8869,2026-08-29,UFC Fight Night: Nurmagomedov vs. Song,ufc,umar-nurmagomedov-vs-yadong-song-79649,T2ZmZXJOb2RlOjEwMzY5MDk2MQ==,T3V0Y29tZU5vZGU6NjgwOTAyNg==,Novig,exchange,DEC,A_5,A_13,wins by decision,doesn't win by decision,,1.0,Song Yadong by Decision,yadong-song-6805,0,+590,+590,+590,+590,2026-08-24T15:00:26.856263+00:00,2026-08-24T15:00:26.176831+00:00,0.15,O,0,complete
2026-08-24T15:09:19.119994+00:00,8869,2026-08-29,UFC Fight Night: Nurmagomedov vs. Song,ufc,umar-nurmagomedov-vs-yadong-song-79649,T2ZmZXJOb2RlOjEwMzY5MDk2MA==,T3V0Y29tZU5vZGU6NjgwOTAyNQ==,Novig,exchange,DEC,A_5,A_13,wins by decision,doesn't win by decision,,1.0,Umar Nurmagomedov by Decision,umar-nurmagomedov-28334,0,-182,-182,-182,-182,2026-08-24T15:00:26.662217+00:00,2026-08-24T15:00:26.153646+00:00,0.15,O,0,complete
2026-08-24T15:09:19.119994+00:00,8869,2026-08-29,UFC Fight Night: Nurmagomedov vs. Song,ufc,xiaonan-yan-vs-denise-gomes-79865,T2ZmZXJOb2RlOjEwMzY5MTAwNg==,T3V0Y29tZU5vZGU6NjgwOTA3NA==,BetOnline,sportsbook,STRAIGHT_NS,A_7,A_26,Straight (Finish Only),Straight (Finish Only),,,Denise Gomes - No Scorecards,denise-gomes-44342,1,-170,-170,-170,-170,2026-08-24T15:06:13.541339+00:00,2026-08-24T15:06:13.366195+00:00,0.05,O,0,complete
2026-08-24T15:09:19.119994+00:00,8869,2026-08-29,UFC Fight Night: Nurmagomedov vs. Song,ufc,xiaonan-yan-vs-denise-gomes-79865,T2ZmZXJOb2RlOjEwMzY5MTAwNg==,T3V0Y29tZU5vZGU6NjgwOTA3Mw==,BetOnline,sportsbook,STRAIGHT_NS,A_7,A_26,Straight (Finish Only),Straight (Finish Only),,,Yan Xiaonan - No Scorecards,xiaonan-yan-16867,1,+140,+140,+140,+140,2026-08-24T15:06:13.541339+00:00,2026-08-24T15:06:13.366195+00:00,0.05,O,0,complete
2026-08-24T15:09:19.119994+00:00,8869,2026-08-29,UFC Fight Night: Nurmagomedov vs. Song,ufc,xiaonan-yan-vs-denise-gomes-79865,T2ZmZXJOb2RlOjEwMzY5MTAwNQ==,T3V0Y29tZU5vZGU6NjgwOTA3Mg==,BetOnline,sportsbook,SD,A_5,A_13,wins by split/majority decision,doesn't win by split/majority decision,,5.0,Denise Gomes Wins by Split or Majority Decision,denise-gomes-44342,0,+900,+900,+900,+900,2026-08-24T15:05:17.962749+00:00,2026-08-24T15:05:15.923005+00:00,0.07,O,0,complete
2026-08-24T15:09:19.119994+00:00,8869,2026-08-29,UFC Fight Night: Nurmagomedov vs. Song,ufc,xiaonan-yan-vs-denise-gomes-79865,T2ZmZXJOb2RlOjEwMzY5MTAwNA==,T3V0Y29tZU5vZGU6NjgwOTA3MQ==,BetOnline,sportsbook,UD,A_5,A_13,wins by unanimous decision,doesn't win by unanimous decision,,4.0,Denise Gomes Wins by Unanimous Decision,denise-gomes-44342,0,+285,+285,+285,+285,2026-08-24T15:05:17.918527+00:00,2026-08-24T15:05:15.901831+00:00,0.07,O,0,complete
2026-08-24T15:09:19.119994+00:00,8869,2026-08-29,UFC Fight Night: Nurmagomedov vs. Song,ufc,xiaonan-yan-vs-denise-gomes-79865,T2ZmZXJOb2RlOjEwMzY5MTAwMw==,T3V0Y29tZU5vZGU6NjgwOTA3MA==,BetOnline,sportsbook,SD,A_5,A_13,wins by split/majority decision,doesn't win by split/majority decision,,5.0,Yan Xiaonan Wins by Split or Majority Decision,xiaonan-yan-16867,0,+750,+750,+750,+750,2026-08-24T15:05:17.872700+00:00,2026-08-24T15:05:15.882155+00:00,0.07,O,0,complete
2026-08-24T15:09:19.119994+00:00,8869,2026-08-29,UFC Fight Night: Nurmagomedov vs. Song,ufc,xiaonan-yan-vs-denise-gomes-79865,T2ZmZXJOb2RlOjEwMzY5MTAwMg==,T3V0Y29tZU5vZGU6NjgwOTA2OQ==,BetOnline,sportsbook,UD,A_5,A_13,wins by unanimous decision,doesn't win by unanimous decision,,4.0,Yan Xiaonan Wins by Unanimous Decision,xiaonan-yan-16867,0,-110,-110,-110,-110,2026-08-24T15:05:17.807566+00:00,2026-08-24T15:05:15.863303+00:00,0.07,O,0,complete
2026-08-24T15:09:19.119994+00:00,8869,2026-08-29,UFC Fight Night: Nurmagomedov vs. Song,ufc,xiaonan-yan-vs-denise-gomes-79865,T2ZmZXJOb2RlOjEwMzY5MTAwMQ==,T3V0Y29tZU5vZGU6NjgwOTA2Nw==,BetOnline,sportsbook,END_SD,A_4,A_5,Fight ends in split or majority decision,Fight doesn't end in split or majority decision,,,Fight Goes to Split or Majority Decision - Yes,,0,+400,+400,+400,+400,2026-08-24T15:05:17.739512+00:00,2026-08-24T15:05:15.785939+00:00,0.07,O,0,complete
2026-08-24T15:09:19.119994+00:00,8869,2026-08-29,UFC Fight Night: Nurmagomedov vs. Song,ufc,xiaonan-yan-vs-denise-gomes-79865,T2ZmZXJOb2RlOjEwMzY5MTAwMQ==,T3V0Y29tZU5vZGU6NjgwOTA2OA==,BetOnline,sportsbook,END_SD,A_4,A_5,Fight ends in split or majority decision,Fight doesn't end in split or majority decision,,,Fight Goes to Split or Majority Decision - No,,1,-600,-600,-600,-600,2026-08-24T15:05:17.739512+00:00,2026-08-24T15:05:15.785939+00:00,0.07,O,0,complete
2026-08-24T15:09:19.119994+00:00,8869,2026-08-29,UFC Fight Night: Nurmagomedov vs. Song,ufc,xiaonan-yan-vs-denise-gomes-79865,T2ZmZXJOb2RlOjEwMzY5MTAwMA==,T3V0Y29tZU5vZGU6NjgwOTA2Ng==,BetOnline,sportsbook,SUB_DEC,A_5,A_30,wins by Submission or Decision,Any other result,,,Denise Gomes by Submission or Decision,denise-gomes-44342,0,+175,+175,+175,+175,2026-08-24T15:05:17.562450+00:00,2026-08-24T15:05:15.761754+00:00,0.07,O,0,complete
2026-08-24T15:09:19.119994+00:00,8869,2026-08-29,UFC Fight Night: Nurmagomedov vs. Song,ufc,xiaonan-yan-vs-denise-gomes-79865,T2ZmZXJOb2RlOjEwMzY5MDk5OQ==,T3V0Y29tZU5vZGU6NjgwOTA2NQ==,BetOnline,sportsbook,KO_DEC,A_5,A_30,wins by KO/TKO or Decision,Any other result,,,"Denise Gomes by TKO/KO, DQ or Decision",denise-gomes-44342,0,+115,+115,+115,+115,2026-08-24T15:05:17.481883+00:00,2026-08-24T15:05:15.738754+00:00,0.07,O,0,complete
2026-08-24T15:09:19.119994+00:00,8869,2026-08-29,UFC Fight Night: Nurmagomedov vs. Song,ufc,xiaonan-yan-vs-denise-gomes-79865,T2ZmZXJOb2RlOjEwMzY5MDk5OA==,T3V0Y29tZU5vZGU6NjgwOTA2NA==,BetOnline,sportsbook,SUB_DEC,A_5,A_30,wins by Submission or Decision,Any other result,,,Yan Xiaonan by Submission or Decision,xiaonan-yan-16867,0,-150,-150,-150,-150,2026-08-24T15:05:17.309667+00:00,2026-08-24T15:05:15.709235+00:00,0.07,O,0,complete
2026-08-24T15:09:19.119994+00:00,8869,2026-08-29,UFC Fight Night: Nurmagomedov vs. Song,ufc,xiaonan-yan-vs-denise-gomes-79865,T2ZmZXJOb2RlOjEwMzY5MDk5Nw==,T3V0Y29tZU5vZGU6NjgwOTA2Mw==,BetOnline,sportsbook,KO_DEC,A_5,A_30,wins by KO/TKO or Decision,Any other result,,,"Yan Xiaonan by TKO/KO, DQ or Decision",xiaonan-yan-16867,0,-200,-200,-200,-200,2026-08-24T15:05:17.199485+00:00,2026-08-24T15:05:15.654550+00:00,0.07,O,0,complete
2026-08-24T15:09:19.119994+00:00,8869,2026-08-29,UFC Fight Night: Nurmagomedov vs. Song,ufc,xiaonan-yan-vs-denise-gomes-79865,T2ZmZXJOb2RlOjEwMzY5MDk5Ng==,T3V0Y29tZU5vZGU6NjgwOTA2Mg==,BetOnline,sportsbook,,,,,,,,Goes the Distance,,0,-260,-260,-260,-260,2026-08-24T15:05:17.136875+00:00,2026-08-24T15:05:15.631391+00:00,0.07,O,0,complete
2026-08-24T15:09:19.119994+00:00,8869,2026-08-29,UFC Fight Night: Nurmagomedov vs. Song,ufc,xiaonan-yan-vs-denise-gomes-79865,T2ZmZXJOb2RlOjEwMzY5MDk5NQ==,T3V0Y29tZU5vZGU6NjgwOTA2MQ==,BetOnline,sportsbook,END_SUB,A_4,A_5,Fight ends in submission,Fight doesn't end in submission,,,Either Fighter by Submission,,0,+900,+900,+900,+900,2026-08-24T15:05:17.083806+00:00,2026-08-24T15:05:15.591406+00:00,0.07,O,0,complete
2026-08-24T15:09:19.119994+00:00,8869,2026-08-29,UFC Fight Night: Nurmagomedov vs. Song,ufc,xiaonan-yan-vs-denise-gomes-79865,T2ZmZXJOb2RlOjEwMzY5MDk5NA==,T3V0Y29tZU5vZGU6NjgwOTA2MA==,BetOnline,sportsbook,END_KO,A_4,A_5,"Fight ends by KO, TKO or DQ","Fight doesn't end by KO, TKO or DQ",,,Either Fighter by KO/TKO or DQ,,0,+230,+230,+230,+230,2026-08-24T15:05:17.035876+00:00,2026-08-24T15:05:15.572162+00:00,0.07,O,0,complete
2026-08-24T15:09:19.119994+00:00,8869,2026-08-29,UFC Fight Night: Nurmagomedov vs. Song,ufc,xiaonan-yan-vs-denise-gomes-79865,T2ZmZXJOb2RlOjEwMzY5MDk5Mw==,T3V0Y29tZU5vZGU6NjgwOTA1OQ==,BetOnline,sportsbook,ID,A_5,A_12,wins inside distance,doesn't win inside distance,,,Denise Gomes wins inside distance,denise-gomes-44342,0,+285,+285,+285,+285,2026-08-24T15:05:16.986153+00:00,2026-08-24T15:05:15.561547+00:00,0.07,O,0,complete
2026-08-24T15:09:19.119994+00:00,8869,2026-08-29,UFC Fight Night: Nurmagomedov vs. Song,ufc,xiaonan-yan-vs-denise-gomes-79865,T2ZmZXJOb2RlOjEwMzY5MDk5Mg==,T3V0Y29tZU5vZGU6NjgwOTA1OA==,BetOnline,sportsbook,ID,A_5,A_12,wins inside distance,doesn't win inside distance,,,Yan Xiaonan wins inside distance,xiaonan-yan-16867,0,+600,+600,+600,+600,2026-08-24T15:05:16.926913+00:00,2026-08-24T15:05:15.536393+00:00,0.07,O,0,complete
2026-08-24T15:09:19.119994+00:00,8869,2026-08-29,UFC Fight Night: Nurmagomedov vs. Song,ufc,xiaonan-yan-vs-denise-gomes-79865,T2ZmZXJOb2RlOjEwMzY5MDk5MQ==,T3V0Y29tZU5vZGU6NjgwOTA1Nw==,BetOnline,sportsbook,SUB_3,A_5,A_15,wins in round 3 - Submission,doesn't win in round 3 - Submission,,,Denise Gomes in Round 3 by Submission,denise-gomes-44342,0,+2800,+2800,+2800,+2800,2026-08-24T15:05:16.869639+00:00,2026-08-24T15:05:15.523926+00:00,0.07,O,0,complete
2026-08-24T15:09:19.119994+00:00,8869,2026-08-29,UFC Fight Night: Nurmagomedov vs. Song,ufc,xiaonan-yan-vs-denise-gomes-79865,T2ZmZXJOb2RlOjEwMzY5MDk5MA==,T3V0Y29tZU5vZGU6NjgwOTA1Ng==,BetOnline,sportsbook,SUB_2,A_5,A_15,wins in round 2 - Submission,doesn't win in round 2 - Submission,,,Denise Gomes in Round 2 by Submission,denise-gomes-44342,0,+2500,+2500,+2500,+2500,2026-08-24T15:05:16.804294+00:00,2026-08-24T15:05:15.512207+00:00,0.07,O,0,complete
2026-08-24T15:09:19.119994+00:00,8869,2026-08-29,UFC Fight Night: Nurmagomedov vs. Song,ufc,xiaonan-yan-vs-denise-gomes-79865,T2ZmZXJOb2RlOjEwMzY5MDk4OQ==,T3V0Y29tZU5vZGU6NjgwOTA1NQ==,BetOnline,sportsbook,SUB_1,A_5,A_15,wins in round 1 - Submission,doesn't win in round 1 - Submission,,,Denise Gomes in Round 1 by Submission,denise-gomes-44342,0,+1800,+1800,+1800,+1800,2026-08-24T15:05:16.746191+00:00,2026-08-24T15:05:15.501182+00:00,0.07,O,0,complete
2026-08-24T15:09:19.119994+00:00,8869,2026-08-29,UFC Fight Night: Nurmagomedov vs. Song,ufc,xiaonan-yan-vs-denise-gomes-79865,T2ZmZXJOb2RlOjEwMzY5MDk4OA==,T3V0Y29tZU5vZGU6NjgwOTA1NA==,BetOnline,sportsbook,KO_3,A_5,A_15,"wins in round 3 - KO, TKO or DQ","doesn't win in round 3 - KO, TKO or DQ",,,Denise Gomes in Round 3 by KO/TKO or DQ,denise-gomes-44342,0,+2000,+2000,+2000,+2000,2026-08-24T15:05:16.673989+00:00,2026-08-24T15:05:15.484884+00:00,0.07,O,0,complete
2026-08-24T15:09:19.119994+00:00,8869,2026-08-29,UFC Fight Night: Nurmagomedov vs. Song,ufc,xiaonan-yan-vs-denise-gomes-79865,T2ZmZXJOb2RlOjEwMzY5MDk4Nw==,T3V0Y29tZU5vZGU6NjgwOTA1Mw==,BetOnline,sportsbook,KO_2,A_5,A_15,"wins in round 2 - KO, TKO or DQ","doesn't win in round 2 - KO, TKO or DQ",,,Denise Gomes in Round 2 by KO/TKO or DQ,denise-gomes-44342,0,+1700,+1700,+1700,+1700,2026-08-24T15:05:16.556932+00:00,2026-08-24T15:05:15.476569+00:00,0.07,O,0,complete
2026-08-24T15:09:19.119994+00:00,8869,2026-08-29,UFC Fight Night: Nurmagomedov vs. Song,ufc,xiaonan-yan-vs-denise-gomes-79865,T2ZmZXJOb2RlOjEwMzY5MDk4Ng==,T3V0Y29tZU5vZGU6NjgwOTA1Mg==,BetOnline,sportsbook,KO_1,A_5,A_15,"wins in round 1 - KO, TKO or DQ","doesn't win in round 1 - KO, TKO or DQ",,,Denise Gomes in Round 1 by KO/TKO or DQ,denise-gomes-44342,0,+1400,+1400,+1400,+1400,2026-08-24T15:05:16.469743+00:00,2026-08-24T15:05:15.462915+00:00,0.07,O,0,complete
2026-08-24T15:09:19.119994+00:00,8869,2026-08-29,UFC Fight Night: Nurmagomedov vs. Song,ufc,xiaonan-yan-vs-denise-gomes-79865,T2ZmZXJOb2RlOjEwMzY5MDk4NQ==,T3V0Y29tZU5vZGU6NjgwOTA1MQ==,BetOnline,sportsbook,SUB_3,A_5,A_15,wins in round 3 - Submission,doesn't win in round 3 - Submission,,,Yan Xiaonan in Round 3 by Submission,xiaonan-yan-16867,0,+5000,+5000,+5000,+5000,2026-08-24T15:05:16.367959+00:00,2026-08-24T15:05:15.453600+00:00,0.07,O,0,complete
2026-08-24T15:09:19.119994+00:00,8869,2026-08-29,UFC Fight Night: Nurmagomedov vs. Song,ufc,xiaonan-yan-vs-denise-gomes-79865,T2ZmZXJOb2RlOjEwMzY5MDk4NA==,T3V0Y29tZU5vZGU6NjgwOTA1MA==,BetOnline,sportsbook,SUB_2,A_5,A_15,wins in round 2 - Submission,doesn't win in round 2 - Submission,,,Yan Xiaonan in Round 2 by Submission,xiaonan-yan-16867,0,+4500,+4500,+4500,+4500,2026-08-24T15:05:16.318075+00:00,2026-08-24T15:05:15.442241+00:00,0.07,O,0,complete
2026-08-24T15:09:19.119994+00:00,8869,2026-08-29,UFC Fight Night: Nurmagomedov vs. Song,ufc,xiaonan-yan-vs-denise-gomes-79865,T2ZmZXJOb2RlOjEwMzY5MDk4Mw==,T3V0Y29tZU5vZGU6NjgwOTA0OQ==,BetOnline,sportsbook,SUB_1,A_5,A_15,wins in round 1 - Submission,doesn't win in round 1 - Submission,,,Yan Xiaonan in Round 1 by Submission,xiaonan-yan-16867,0,+4000,+4000,+4000,+4000,2026-08-24T15:05:16.263149+00:00,2026-08-24T15:05:15.427683+00:00,0.07,O,0,complete
2026-08-24T15:09:19.119994+00:00,8869,2026-08-29,UFC Fight Night: Nurmagomedov vs. Song,ufc,xiaonan-yan-vs-denise-gomes-79865,T2ZmZXJOb2RlOjEwMzY5MDk4Mg==,T3V0Y29tZU5vZGU6NjgwOTA0OA==,BetOnline,sportsbook,KO_3,A_5,A_15,"wins in round 3 - KO, TKO or DQ","doesn't win in round 3 - KO, TKO or DQ",,,Yan Xiaonan in Round 3 by KO/TKO or DQ,xiaonan-yan-16867,0,+2500,+2500,+2500,+2500,2026-08-24T15:05:16.199439+00:00,2026-08-24T15:05:15.405180+00:00,0.07,O,0,complete
2026-08-24T15:09:19.119994+00:00,8869,2026-08-29,UFC Fight Night: Nurmagomedov vs. Song,ufc,xiaonan-yan-vs-denise-gomes-79865,T2ZmZXJOb2RlOjEwMzY5MDk4MQ==,T3V0Y29tZU5vZGU6NjgwOTA0Nw==,BetOnline,sportsbook,KO_2,A_5,A_15,"wins in round 2 - KO, TKO or DQ","doesn't win in round 2 - KO, TKO or DQ",,,Yan Xiaonan in Round 2 by KO/TKO or DQ,xiaonan-yan-16867,0,+2200,+2200,+2200,+2200,2026-08-24T15:05:16.132815+00:00,2026-08-24T15:05:15.395521+00:00,0.07,O,0,complete
2026-08-24T15:09:19.119994+00:00,8869,2026-08-29,UFC Fight Night: Nurmagomedov vs. Song,ufc,xiaonan-yan-vs-denise-gomes-79865,T2ZmZXJOb2RlOjEwMzY5MDk4MA==,T3V0Y29tZU5vZGU6NjgwOTA0Ng==,BetOnline,sportsbook,KO_1,A_5,A_15,"wins in round 1 - KO, TKO or DQ","doesn't win in round 1 - KO, TKO or DQ",,,Yan Xiaonan in Round 1 by KO/TKO or DQ,xiaonan-yan-16867,0,+1800,+1800,+1800,+1800,2026-08-24T15:05:16.013397+00:00,2026-08-24T15:05:15.371312+00:00,0.07,O,0,complete
2026-08-24T15:09:19.119994+00:00,8869,2026-08-29,UFC Fight Night: Nurmagomedov vs. Song,ufc,xiaonan-yan-vs-denise-gomes-79865,T2ZmZXJOb2RlOjEwMzY5MDk3OQ==,T3V0Y29tZU5vZGU6NjgwOTA0NQ==,BetOnline,sportsbook,R_3,A_5,A_14,wins in round 3,doesn't win in round 3,,3.0,Denise Gomes in Round 3,denise-gomes-44342,0,+1400,+1400,+1400,+1400,2026-08-24T15:03:29.636589+00:00,2026-08-24T15:03:29.154110+00:00,0.1,O,0,complete
2026-08-24T15:09:19.119994+00:00,8869,2026-08-29,UFC Fight Night: Nurmagomedov vs. Song,ufc,xiaonan-yan-vs-denise-gomes-79865,T2ZmZXJOb2RlOjEwMzY5MDk3OA==,T3V0Y29tZU5vZGU6NjgwOTA0NA==,BetOnline,sportsbook,R_2,A_5,A_14,wins in round 2,doesn't win in round 2,,2.0,Denise Gomes in Round 2,denise-gomes-44342,0,+1000,+1000,+1000,+1000,2026-08-24T15:03:29.604094+00:00,2026-08-24T15:03:29.146811+00:00,0.1,O,0,complete
2026-08-24T15:09:19.119994+00:00,8869,2026-08-29,UFC Fight Night: Nurmagomedov vs. Song,ufc,xiaonan-yan-vs-denise-gomes-79865,T2ZmZXJOb2RlOjEwMzY5MDk3Nw==,T3V0Y29tZU5vZGU6NjgwOTA0Mw==,BetOnline,sportsbook,R_1,A_5,A_14,wins in round 1,doesn't win in round 1,,1.0,Denise Gomes in Round 1,denise-gomes-44342,0,+800,+800,+800,+800,2026-08-24T15:03:29.569774+00:00,2026-08-24T15:03:29.139558+00:00,0.1,O,0,complete
2026-08-24T15:09:19.119994+00:00,8869,2026-08-29,UFC Fight Night: Nurmagomedov vs. Song,ufc,xiaonan-yan-vs-denise-gomes-79865,T2ZmZXJOb2RlOjEwMzY5MDk3Ng==,T3V0Y29tZU5vZGU6NjgwOTA0Mg==,BetOnline,sportsbook,R_3,A_5,A_14,wins in round 3,doesn't win in round 3,,3.0,Yan Xiaonan in Round 3,xiaonan-yan-16867,0,+2200,+2200,+2200,+2200,2026-08-24T15:03:29.537978+00:00,2026-08-24T15:03:29.133404+00:00,0.1,O,0,complete
2026-08-24T15:09:19.119994+00:00,8869,2026-08-29,UFC Fight Night: Nurmagomedov vs. Song,ufc,xiaonan-yan-vs-denise-gomes-79865,T2ZmZXJOb2RlOjEwMzY5MDk3NQ==,T3V0Y29tZU5vZGU6NjgwOTA0MQ==,BetOnline,sportsbook,R_2,A_5,A_14,wins in round 2,doesn't win in round 2,,2.0,Yan Xiaonan in Round 2,xiaonan-yan-16867,0,+1600,+1600,+1600,+1600,2026-08-24T15:03:29.504196+00:00,2026-08-24T15:03:29.125710+00:00,0.1,O,0,complete
2026-08-24T15:09:19.119994+00:00,8869,2026-08-29,UFC Fight Night: Nurmagomedov vs. Song,ufc,xiaonan-yan-vs-denise-gomes-79865,T2ZmZXJOb2RlOjEwMzY5MDk3NA==,T3V0Y29tZU5vZGU6NjgwOTA0MA==,BetOnline,sportsbook,R_1,A_5,A_14,wins in round 1,doesn't win in round 1,,1.0,Yan Xiaonan in Round 1,xiaonan-yan-16867,0,+1200,+1200,+1200,+1200,2026-08-24T15:03:29.470612+00:00,2026-08-24T15:03:29.117826+00:00,0.1,O,0,complete
2026-08-24T15:09:19.119994+00:00,8869,2026-08-29,UFC Fight Night: Nurmagomedov vs. Song,ufc,xiaonan-yan-vs-denise-gomes-79865,T2ZmZXJOb2RlOjEwMzY5MDk3Mw==,T3V0Y29tZU5vZGU6NjgwOTAzOQ==,BetOnline,sportsbook,DRAW,A_3,A_0,Fight ends in a Draw,Fight doesn't end in a Draw,,,Draw,,0,+6600,+6600,+6600,+6600,2026-08-24T15:03:29.440841+00:00,2026-08-24T15:03:29.109917+00:00,0.1,O,0,complete
2026-08-24T15:09:19.119994+00:00,8869,2026-08-29,UFC Fight Night: Nurmagomedov vs. Song,ufc,xiaonan-yan-vs-denise-gomes-79865,T2ZmZXJOb2RlOjEwMzY5MDk3Mg==,T3V0Y29tZU5vZGU6NjgwOTAzOA==,BetOnline,sportsbook,SUB,A_5,A_13,wins by submission,doesn't win by submission,,3.0,Denise Gomes by Submission,denise-gomes-44342,0,+950,+950,+950,+950,2026-08-24T15:03:29.406774+00:00,2026-08-24T15:03:29.103548+00:00,0.1,O,0,complete
2026-08-24T15:09:19.119994+00:00,8869,2026-08-29,UFC Fight Night: Nurmagomedov vs. Song,ufc,xiaonan-yan-vs-denise-gomes-79865,T2ZmZXJOb2RlOjEwMzY5MDk3MQ==,T3V0Y29tZU5vZGU6NjgwOTAzNw==,BetOnline,sportsbook,KO,A_5,A_13,wins by TKO/KO,doesn't win by TKO/KO,,2.0,Denise Gomes by KO/TKO or DQ,denise-gomes-44342,0,+600,+600,+600,+600,2026-08-24T15:03:29.367019+00:00,2026-08-24T15:03:29.096782+00:00,0.1,O,0,complete
2026-08-24T15:09:19.119994+00:00,8869,2026-08-29,UFC Fight Night: Nurmagomedov vs. Song,ufc,xiaonan-yan-vs-denise-gomes-79865,T2ZmZXJOb2RlOjEwMzY5MDk3MA==,T3V0Y29tZU5vZGU6NjgwOTAzNg==,BetOnline,sportsbook,DEC,A_5,A_13,wins by decision,doesn't win by decision,,1.0,Denise Gomes by Points,denise-gomes-44342,0,+250,+250,+250,+250,2026-08-24T15:03:29.331569+00:00,2026-08-24T15:03:29.089842+00:00,0.1,O,0,complete
2026-08-24T15:09:19.119994+00:00,8869,2026-08-29,UFC Fight Night: Nurmagomedov vs. Song,ufc,xiaonan-yan-vs-denise-gomes-79865,T2ZmZXJOb2RlOjEwMzY5MDk2OQ==,T3V0Y29tZU5vZGU6NjgwOTAzNQ==,BetOnline,sportsbook,SUB,A_5,A_13,wins by submission,doesn't win by submission,,3.0,Yan Xiaonan by Submission,xiaonan-yan-16867,0,+2500,+2500,+2500,+2500,2026-08-24T15:03:29.299269+00:00,2026-08-24T15:03:29.082633+00:00,0.1,O,0,complete
2026-08-24T15:09:19.119994+00:00,8869,2026-08-29,UFC Fight Night: Nurmagomedov vs. Song,ufc,xiaonan-yan-vs-denise-gomes-79865,T2ZmZXJOb2RlOjEwMzY5MDk2OA==,T3V0Y29tZU5vZGU6NjgwOTAzNA==,BetOnline,sportsbook,KO,A_5,A_13,wins by TKO/KO,doesn't win by TKO/KO,,2.0,Yan Xiaonan by KO/TKO or DQ,xiaonan-yan-16867,0,+700,+700,+700,+700,2026-08-24T15:03:29.264438+00:00,2026-08-24T15:03:29.075669+00:00,0.1,O,0,complete
2026-08-24T15:09:19.119994+00:00,8869,2026-08-29,UFC Fight Night: Nurmagomedov vs. Song,ufc,xiaonan-yan-vs-denise-gomes-79865,T2ZmZXJOb2RlOjEwMzY5MDk2Nw==,T3V0Y29tZU5vZGU6NjgwOTAzMw==,BetOnline,sportsbook,DEC,A_5,A_13,wins by decision,doesn't win by decision,,1.0,Yan Xiaonan by Points,xiaonan-yan-16867,0,-125,-125,-125,-125,2026-08-24T15:03:29.226909+00:00,2026-08-24T15:03:29.069756+00:00,0.1,O,0,complete
2026-08-24T15:09:19.119994+00:00,8869,2026-08-29,UFC Fight Night: Nurmagomedov vs. Song,ufc,xiaonan-yan-vs-denise-gomes-79865,T2ZmZXJOb2RlOjEwMzY5MDk2Ng==,T3V0Y29tZU5vZGU6NjgwOTAzMQ==,BetOnline,sportsbook,DISTANCE,A_4,A_2,Fight goes the distance,Fight ends inside distance,,,Goes the Distance - Yes,,0,-260,-260,-260,-260,2026-08-24T15:03:29.196023+00:00,2026-08-24T15:03:29.055577+00:00,0.1,O,0,complete
2026-08-24T15:09:19.119994+00:00,8869,2026-08-29,UFC Fight Night: Nurmagomedov vs. Song,ufc,xiaonan-yan-vs-denise-gomes-79865,T2ZmZXJOb2RlOjEwMzY5MDk2Ng==,T3V0Y29tZU5vZGU6NjgwOTAzMg==,BetOnline,sportsbook,DISTANCE,A_4,A_2,Fight goes the distance,Fight ends inside distance,,,Goes the Distance - No,,1,+200,+200,+200,+200,2026-08-24T15:03:29.196023+00:00,2026-08-24T15:03:29.055577+00:00,0.1,O,0,complete
2026-08-24T15:09:19.119994+00:00,8869,2026-08-29,UFC Fight Night: Nurmagomedov vs. Song,ufc,xiaonan-yan-vs-denise-gomes-79865,T2ZmZXJOb2RlOjEwMzY3NzQxOQ==,T3V0Y29tZU5vZGU6Njc5MDkwNg==,Polymarket,exchange,KO,A_5,A_13,wins by TKO/KO,doesn't win by TKO/KO,,2.0,Will Denise Gomes win by KO or TKO? - Yes,denise-gomes-44342,0,-2400,-4900,-2400,-4900,2026-08-24T15:00:29.554315+00:00,2026-08-15T22:05:13.231624+00:00,0.15,O,0,complete
2026-08-24T15:09:19.119994+00:00,8869,2026-08-29,UFC Fight Night: Nurmagomedov vs. Song,ufc,xiaonan-yan-vs-denise-gomes-79865,T2ZmZXJOb2RlOjEwMzY3NzQxOA==,T3V0Y29tZU5vZGU6Njc5MDkwNA==,Polymarket,exchange,KO,A_5,A_13,wins by TKO/KO,doesn't win by TKO/KO,,2.0,Will Yan Xiaonan win by KO or TKO? - Yes,xiaonan-yan-16867,0,-2400,-4900,-1900,-4900,2026-08-24T15:00:29.502158+00:00,2026-08-15T22:05:13.194033+00:00,0.15,O,0,complete
2026-08-24T15:09:19.119994+00:00,8869,2026-08-29,UFC Fight Night: Nurmagomedov vs. Song,ufc,bilal-hasan-vs-nilson-rojas-80821,T2ZmZXJOb2RlOjEwMzY4ODkwMg==,T3V0Y29tZU5vZGU6NjgwNTkyOA==,Polymarket,exchange,OVERUNDER_2.5,A_4,A_1,Over 2.5 rounds,Under 2.5 rounds,,2.5,Over 2.5,,0,-1900,-9900,-733,-9900,2026-08-24T15:00:33.570067+00:00,2026-08-21T22:04:29.868708+00:00,0.15,O,0,complete
2026-08-24T15:09:19.119994+00:00,8869,2026-08-29,UFC Fight Night: Nurmagomedov vs. Song,ufc,bilal-hasan-vs-nilson-rojas-80821,T2ZmZXJOb2RlOjEwMzY4ODkwMQ==,T3V0Y29tZU5vZGU6NjgwNTkyNg==,Polymarket,exchange,OVERUNDER_0.5,A_4,A_1,Over 0.5 rounds,Under 0.5 rounds,,0.5,Over 0.5,,0,-1567,-4900,-1329,-4900,2026-08-24T15:00:33.058242+00:00,2026-08-21T22:04:29.816012+00:00,0.15,O,0,complete
2026-08-24T15:09:19.119994+00:00,8869,2026-08-29,UFC Fight Night: Nurmagomedov vs. Song,ufc,bilal-hasan-vs-nilson-rojas-80821,T2ZmZXJOb2RlOjEwMzY4ODg5Ng==,T3V0Y29tZU5vZGU6NjgwNTkxNw==,Polymarket,exchange,DISTANCE,A_4,A_2,Fight goes the distance,Fight ends inside distance,,,Fight to Go the Distance? - No,,1,-3233,-9900,-1567,-9900,2026-08-24T15:00:32.941022+00:00,2026-08-21T22:04:29.640698+00:00,0.15,O,0,complete
2026-08-24T15:09:19.119994+00:00,8869,2026-08-29,UFC Fight Night: Nurmagomedov vs. Song,ufc,andre-lima-vs-namsrai-batbayar-80336,T2ZmZXJOb2RlOjEwMzY3NzQ1NQ==,T3V0Y29tZU5vZGU6Njc5MDk3OA==,Polymarket,exchange,OVERUNDER_1.5,A_4,A_1,Over 1.5 rounds,Under 1.5 rounds,,1.5,Over 1.5,,0,-1567,-9900,-1329,-9900,2026-08-24T15:00:30.517221+00:00,2026-08-15T22:05:15.733113+00:00,0.15,O,0,complete
2026-08-24T15:09:19.119994+00:00,8869,2026-08-29,UFC Fight Night: Nurmagomedov vs. Song,ufc,rei-tsuruya-vs-kevin-borjas-79779,T2ZmZXJOb2RlOjEwMzY3NzQ2OA==,T3V0Y29tZU5vZGU6Njc5MTAwNQ==,Polymarket,exchange,OVERUNDER_0.5,A_4,A_1,Over 0.5 rounds,Under 0.5 rounds,,0.5,Under 0.5,,1,-1900,-4900,-1329,-4900,2026-08-24T15:00:31.056002+00:00,2026-08-15T22:05:16.711086+00:00,0.15,O,0,complete
2026-08-24T15:09:19.119994+00:00,8869,2026-08-29,UFC Fight Night: Nurmagomedov vs. Song,ufc,rei-tsuruya-vs-kevin-borjas-79779,T2ZmZXJOb2RlOjEwMzY3NzQ2NQ==,T3V0Y29tZU5vZGU6Njc5MDk5OA==,Polymarket,exchange,KO,A_5,A_13,wins by TKO/KO,doesn't win by TKO/KO,,2.0,Will Rei Tsuruya win by KO or TKO? - Yes,rei-tsuruya-49403,0,-3233,-4900,-2400,-4900,2026-08-24T15:00:30.997173+00:00,2026-08-15T22:05:16.447892+00:00,0.15,O,0,complete
2026-08-24T15:09:19.119994+00:00,8869,2026-08-29,UFC Fight Night: Nurmagomedov vs. Song,ufc,jack-jenkins-vs-sean-woodson-80520,T2ZmZXJOb2RlOjEwMzY3NzQ4MQ==,T3V0Y29tZU5vZGU6Njc5MTAzMQ==,Polymarket,exchange,OVERUNDER_1.5,A_4,A_1,Over 1.5 rounds,Under 1.5 rounds,,1.5,Under 1.5,,1,-1567,-3233,-669,-4900,2026-08-24T15:00:30.866271+00:00,2026-08-15T22:14:29.902691+00:00,0.15,O,0,complete
2026-08-24T15:09:19.119994+00:00,8869,2026-08-29,UFC Fight Night: Nurmagomedov vs. Song,ufc,lawrence-lui-vs-hector-santiago-80953,T2ZmZXJOb2RlOjEwMzY5MDI4MQ==,T3V0Y29tZU5vZGU6NjgwNzc4Mg==,Polymarket,exchange,OVERUNDER_1.5,A_4,A_1,Over 1.5 rounds,Under 1.5 rounds,,1.5,Over 1.5,,0,-1567,-9900,-1150,-9900,2026-08-24T15:00:33.938422+00:00,2026-08-22T22:09:54.368043+00:00,0.15,O,0,complete
2026-08-24T15:09:19.119994+00:00,8869,2026-08-29,UFC Fight Night: Nurmagomedov vs. Song,ufc,lawrence-lui-vs-hector-santiago-80953,T2ZmZXJOb2RlOjEwMzY5MDI4MQ==,T3V0Y29tZU5vZGU6NjgwNzc4Mw==,Polymarket,exchange,OVERUNDER_1.5,A_4,A_1,Over 1.5 rounds,Under 1.5 rounds,,1.5,Under 1.5,,1,-1150,-9900,-1150,-9900,2026-08-24T15:00:33.938422+00:00,2026-08-22T22:09:54.368043+00:00,0.15,O,0,complete
2026-08-24T15:09:19.119994+00:00,8869,2026-08-29,UFC Fight Night: Nurmagomedov vs. Song,ufc,lawrence-lui-vs-hector-santiago-80953,T2ZmZXJOb2RlOjEwMzY5MDI4MA==,T3V0Y29tZU5vZGU6NjgwNzc4MA==,Polymarket,exchange,OVERUNDER_0.5,A_4,A_1,Over 0.5 rounds,Under 0.5 rounds,,0.5,Over 0.5,,0,-1329,-4900,-1150,-4900,2026-08-24T15:00:33.876081+00:00,2026-08-22T22:09:54.353475+00:00,0.15,O,0,complete
2026-08-24T15:09:19.119994+00:00,8869,2026-08-29,UFC Fight Night: Nurmagomedov vs. Song,ufc,meng-ding-vs-cameron-nelson-80702,T2ZmZXJOb2RlOjEwMzY5MDI4NA==,T3V0Y29tZU5vZGU6NjgwNzc4OA==,Polymarket,exchange,DISTANCE,A_4,A_2,Fight goes the distance,Fight ends inside distance,,,Fight to Go the Distance? - Yes,,0,-1567,-2400,-1567,-2400,2026-08-24T15:00:34.087427+00:00,2026-08-22T22:09:54.414757+00:00,0.15,O,0,complete
2026-08-24T15:09:19.119994+00:00,8869,2026-08-29,UFC Fight Night: Nurmagomedov vs. Song,ufc,meng-ding-vs-cameron-nelson-80702,T2ZmZXJOb2RlOjEwMzY5MDI5MA==,T3V0Y29tZU5vZGU6NjgwNzgwMA==,Polymarket,exchange,OVERUNDER_1.5,A_4,A_1,Over 1.5 rounds,Under 1.5 rounds,,1.5,Over 1.5,,0,-1900,-9900,-1329,-9900,2026-08-24T15:00:34.294926+00:00,2026-08-22T22:09:54.517817+00:00,0.15,O,0,complete
2026-08-24T15:09:19.119994+00:00,8869,2026-08-29,UFC Fight Night: Nurmagomedov vs. Song,ufc,meng-ding-vs-cameron-nelson-80702,T2ZmZXJOb2RlOjEwMzY5MDI5MA==,T3V0Y29tZU5vZGU6NjgwNzgwMQ==,Polymarket,exchange,OVERUNDER_1.5,A_4,A_1,Over 1.5 rounds,Under 1.5 rounds,,1.5,Under 1.5,,1,-1329,-9900,-1329,-9900,2026-08-24T15:00:34.294926+00:00,2026-08-22T22:09:54.517817+00:00,0.15,O,0,complete
2026-08-24T15:09:19.119994+00:00,8869,2026-08-29,UFC Fight Night: Nurmagomedov vs. Song,ufc,umar-nurmagomedov-vs-yadong-song-79649,T2ZmZXJOb2RlOjEwMzY3NzQwOA==,T3V0Y29tZU5vZGU6Njc5MDg4NA==,Polymarket,exchange,KO,A_5,A_13,wins by TKO/KO,doesn't win by TKO/KO,,2.0,Will Umar Nurmagomedov win by KO or TKO? - Yes,umar-nurmagomedov-28334,0,-733,-4900,-525,-4900,2026-08-24T15:00:29.138270+00:00,2026-08-15T22:05:12.495755+00:00,0.15,O,0,complete
2026-08-24T15:18:53.412967+00:00,9111,2026-08-25,Dana White's Contender Series: Contender Series 2026: Week 3,dwcs,mario-piazzon-vs-guilherme-uriel-silva-costa-78018,T2ZmZXJOb2RlOjEwMzY3NDg1NQ==,T3V0Y29tZU5vZGU6Njc4NzM4OA==,Polymarket,exchange,OVERUNDER_0.5,A_4,A_1,Over 0.5 rounds,Under 0.5 rounds,,0.5,Over 0.5,,0,-1900,-3233,+488,-4900,2026-08-24T15:16:34.681973+00:00,2026-08-12T22:10:40.832031+00:00,0.04,O,0,complete
2026-08-24T15:18:53.412967+00:00,9111,2026-08-25,Dana White's Contender Series: Contender Series 2026: Week 3,dwcs,mario-piazzon-vs-guilherme-uriel-silva-costa-78018,T2ZmZXJOb2RlOjEwMzY3NDg1NQ==,T3V0Y29tZU5vZGU6Njc4NzM4OQ==,Polymarket,exchange,OVERUNDER_0.5,A_4,A_1,Over 0.5 rounds,Under 0.5 rounds,,0.5,Under 0.5,,1,-1900,-3233,-488,-4900,2026-08-24T15:16:34.681973+00:00,2026-08-12T22:10:40.832031+00:00,0.04,O,0,complete
2026-08-24T15:18:53.412967+00:00,9111,2026-08-25,Dana White's Contender Series: Contender Series 2026: Week 3,dwcs,sean-clancy-jr-vs-gary-balletto-jr-79266,T2ZmZXJOb2RlOjEwMzY3NDg2NA==,T3V0Y29tZU5vZGU6Njc4NzQwNw==,Polymarket,exchange,OVERUNDER_0.5,A_4,A_1,Over 0.5 rounds,Under 0.5 rounds,,0.5,Under 0.5,,1,-2400,-4900,-1329,-4900,2026-08-24T15:16:35.019325+00:00,2026-08-12T22:10:40.958830+00:00,0.04,O,0,complete
2026-08-24T15:18:53.412967+00:00,9111,2026-08-25,Dana White's Contender Series: Contender Series 2026: Week 3,dwcs,alexis-miranda-vs-ronald-humphrey-79267,T2ZmZXJOb2RlOjEwMzY3NDg3Mw==,T3V0Y29tZU5vZGU6Njc4NzQyNQ==,Polymarket,exchange,OVERUNDER_0.5,A_4,A_1,Over 0.5 rounds,Under 0.5 rounds,,0.5,Under 0.5,,1,-3233,-3233,-1900,-4900,2026-08-24T15:10:52.218710+00:00,2026-08-12T22:10:41.096685+00:00,0.13,O,0,complete
2026-08-24T15:18:53.412967+00:00,9111,2026-08-25,Dana White's Contender Series: Contender Series 2026: Week 3,dwcs,alexis-miranda-vs-ronald-humphrey-79267,T2ZmZXJOb2RlOjEwMzY3NDg3NA==,T3V0Y29tZU5vZGU6Njc4NzQyNg==,Polymarket,exchange,OVERUNDER_1.5,A_4,A_1,Over 1.5 rounds,Under 1.5 rounds,,1.5,Over 1.5,,0,-3233,-4900,-1900,-9900,2026-08-24T15:10:52.222844+00:00,2026-08-12T22:10:41.108159+00:00,0.13,O,0,complete
2026-08-24T15:18:53.412967+00:00,8869,2026-08-29,UFC Fight Night: Nurmagomedov vs. Song,ufc,umar-nurmagomedov-vs-yadong-song-79649,T2ZmZXJOb2RlOjEwMzY3NzQ3Ng==,T3V0Y29tZU5vZGU6Njc5MTAyMQ==,Polymarket,exchange,DISTANCE,A_4,A_2,Fight goes the distance,Fight ends inside distance,,,Fight to Go the Distance? - No,,1,+138,-3233,+138,-3233,2026-08-24T15:10:52.303912+00:00,2026-08-15T22:14:29.829922+00:00,0.13,O,0,complete
2026-08-24T15:18:53.412967+00:00,8869,2026-08-29,UFC Fight Night: Nurmagomedov vs. Song,ufc,xiaonan-yan-vs-denise-gomes-79865,T2ZmZXJOb2RlOjEwMzY3NzQxNg==,T3V0Y29tZU5vZGU6Njc5MDkwMQ==,Polymarket,exchange,DISTANCE,A_4,A_2,Fight goes the distance,Fight ends inside distance,,,Fight to Go the Distance? - No,,1,+178,-9900,+178,-9900,2026-08-24T15:16:35.903704+00:00,2026-08-15T22:05:13.103284+00:00,0.04,O,0,complete
2026-08-24T15:18:53.412967+00:00,8869,2026-08-29,UFC Fight Night: Nurmagomedov vs. Song,ufc,kai-asakura-vs-qileng-aori-80038,T2ZmZXJOb2RlOjEwMzY3NzQzMA==,T3V0Y29tZU5vZGU6Njc5MDkyOA==,Polymarket,exchange,OVERUNDER_0.5,A_4,A_1,Over 0.5 rounds,Under 0.5 rounds,,0.5,Over 0.5,,0,-2400,-4900,-1150,-4900,2026-08-24T15:16:36.346938+00:00,2026-08-15T22:05:13.902928+00:00,0.04,O,0,complete
2026-08-24T15:18:53.412967+00:00,8869,2026-08-29,UFC Fight Night: Nurmagomedov vs. Song,ufc,kai-asakura-vs-qileng-aori-80038,T2ZmZXJOb2RlOjEwMzY3NzQzMA==,T3V0Y29tZU5vZGU6Njc5MDkyOQ==,Polymarket,exchange,OVERUNDER_0.5,A_4,A_1,Over 0.5 rounds,Under 0.5 rounds,,0.5,Under 0.5,,1,-1329,-4900,-1150,-4900,2026-08-24T15:16:36.346938+00:00,2026-08-15T22:05:13.902928+00:00,0.04,O,0,complete
2026-08-24T15:18:53.412967+00:00,8869,2026-08-29,UFC Fight Night: Nurmagomedov vs. Song,ufc,kai-asakura-vs-qileng-aori-80038,T2ZmZXJOb2RlOjEwMzY3NzQzMQ==,T3V0Y29tZU5vZGU6Njc5MDkzMQ==,Polymarket,exchange,OVERUNDER_1.5,A_4,A_1,Over 1.5 rounds,Under 1.5 rounds,,1.5,Under 1.5,,1,-1329,-9900,-1150,-9900,2026-08-24T15:16:36.375416+00:00,2026-08-15T22:05:13.989996+00:00,0.04,O,0,complete
2026-08-24T15:18:53.412967+00:00,8869,2026-08-29,UFC Fight Night: Nurmagomedov vs. Song,ufc,alex-perez-vs-su-mudaerji-79689,T2ZmZXJOb2RlOjEwMzY5MDg5Nw==,T3V0Y29tZU5vZGU6NjgwODk0OQ==,Bookmaker,sportsbook,OVERUNDER_2.5,A_4,A_1,Over 2.5 rounds,Under 2.5 rounds,,2.5,Over 2.5,,0,+105,+110,+110,+105,2026-08-24T15:16:22.338781+00:00,2026-08-24T14:15:54.190664+00:00,0.04,O,0,complete
2026-08-24T15:18:53.412967+00:00,8869,2026-08-29,UFC Fight Night: Nurmagomedov vs. Song,ufc,alex-perez-vs-su-mudaerji-79689,T2ZmZXJOb2RlOjEwMzY5MDg5Nw==,T3V0Y29tZU5vZGU6NjgwODk1MA==,Bookmaker,sportsbook,OVERUNDER_2.5,A_4,A_1,Over 2.5 rounds,Under 2.5 rounds,,2.5,Under 2.5,,1,-125,-130,-125,-130,2026-08-24T15:16:22.338781+00:00,2026-08-24T14:15:54.190664+00:00,0.04,O,0,complete
2026-08-24T15:18:53.412967+00:00,8869,2026-08-29,UFC Fight Night: Nurmagomedov vs. Song,ufc,alex-perez-vs-su-mudaerji-79689,T2ZmZXJOb2RlOjEwMzY3NzQ3Nw==,T3V0Y29tZU5vZGU6Njc5MTAyMw==,Polymarket,exchange,DISTANCE,A_4,A_2,Fight goes the distance,Fight ends inside distance,,,Fight to Go the Distance? - No,,1,-1567,-3233,-1567,-4900,2026-08-24T15:16:36.480995+00:00,2026-08-15T22:14:29.855079+00:00,0.04,O,0,complete
2026-08-24T15:18:53.412967+00:00,8869,2026-08-29,UFC Fight Night: Nurmagomedov vs. Song,ufc,bilal-hasan-vs-nilson-rojas-80821,T2ZmZXJOb2RlOjEwMzY4ODkwMg==,T3V0Y29tZU5vZGU6NjgwNTkyOA==,Polymarket,exchange,OVERUNDER_2.5,A_4,A_1,Over 2.5 rounds,Under 2.5 rounds,,2.5,Over 2.5,,0,-1329,-9900,-733,-9900,2026-08-24T15:10:52.934571+00:00,2026-08-21T22:04:29.868708+00:00,0.13,O,0,complete
2026-08-24T15:18:53.412967+00:00,8869,2026-08-29,UFC Fight Night: Nurmagomedov vs. Song,ufc,bilal-hasan-vs-nilson-rojas-80821,T2ZmZXJOb2RlOjEwMzY4ODkwMQ==,T3V0Y29tZU5vZGU6NjgwNTkyNg==,Polymarket,exchange,OVERUNDER_0.5,A_4,A_1,Over 0.5 rounds,Under 0.5 rounds,,0.5,Over 0.5,,0,-1329,-4900,-1329,-4900,2026-08-24T15:10:52.928483+00:00,2026-08-21T22:04:29.816012+00:00,0.13,O,0,complete
2026-08-24T15:18:53.412967+00:00,8869,2026-08-29,UFC Fight Night: Nurmagomedov vs. Song,ufc,bilal-hasan-vs-nilson-rojas-80821,T2ZmZXJOb2RlOjEwMzY4ODg5Ng==,T3V0Y29tZU5vZGU6NjgwNTkxNw==,Polymarket,exchange,DISTANCE,A_4,A_2,Fight goes the distance,Fight ends inside distance,,,Fight to Go the Distance? - No,,1,-1900,-9900,-1567,-9900,2026-08-24T15:16:39.206585+00:00,2026-08-21T22:04:29.640698+00:00,0.04,O,0,complete
2026-08-24T15:18:53.412967+00:00,8869,2026-08-29,UFC Fight Night: Nurmagomedov vs. Song,ufc,andre-lima-vs-namsrai-batbayar-80336,T2ZmZXJOb2RlOjEwMzY3NzQ1NA==,T3V0Y29tZU5vZGU6Njc5MDk3Ng==,Polymarket,exchange,OVERUNDER_0.5,A_4,A_1,Over 0.5 rounds,Under 0.5 rounds,,0.5,Over 0.5,,0,-1567,-4900,-1329,-4900,2026-08-24T15:16:37.217262+00:00,2026-08-15T22:05:15.663917+00:00,0.04,O,0,complete
2026-08-24T15:18:53.412967+00:00,8869,2026-08-29,UFC Fight Night: Nurmagomedov vs. Song,ufc,andre-lima-vs-namsrai-batbayar-80336,T2ZmZXJOb2RlOjEwMzY3NzQ3OQ==,T3V0Y29tZU5vZGU6Njc5MTAyNg==,Polymarket,exchange,DISTANCE,A_4,A_2,Fight goes the distance,Fight ends inside distance,,,Fight to Go the Distance? - Yes,,0,-1567,-3233,-1329,-4900,2026-08-24T15:16:37.064819+00:00,2026-08-15T22:14:29.879254+00:00,0.04,O,0,complete
2026-08-24T15:18:53.412967+00:00,8869,2026-08-29,UFC Fight Night: Nurmagomedov vs. Song,ufc,rei-tsuruya-vs-kevin-borjas-79779,T2ZmZXJOb2RlOjEwMzY3NzQ4Mw==,T3V0Y29tZU5vZGU6Njc5MTAzNA==,Polymarket,exchange,DISTANCE,A_4,A_2,Fight goes the distance,Fight ends inside distance,,,Fight to Go the Distance? - Yes,,0,-1900,-3233,-1900,-9900,2026-08-24T15:10:52.737953+00:00,2026-08-15T22:14:29.936510+00:00,0.13,O,0,complete
2026-08-24T15:18:53.412967+00:00,8869,2026-08-29,UFC Fight Night: Nurmagomedov vs. Song,ufc,rei-tsuruya-vs-kevin-borjas-79779,T2ZmZXJOb2RlOjEwMzY3NzQ4NA==,T3V0Y29tZU5vZGU6Njc5MTAzNg==,Polymarket,exchange,OVERUNDER_1.5,A_4,A_1,Over 1.5 rounds,Under 1.5 rounds,,1.5,Over 1.5,,0,-1567,-3233,-1329,-4900,2026-08-24T15:10:52.765816+00:00,2026-08-15T22:14:29.954523+00:00,0.13,O,0,complete
2026-08-24T15:18:53.412967+00:00,8869,2026-08-29,UFC Fight Night: Nurmagomedov vs. Song,ufc,rei-tsuruya-vs-kevin-borjas-79779,T2ZmZXJOb2RlOjEwMzY3NzQ4NA==,T3V0Y29tZU5vZGU6Njc5MTAzNw==,Polymarket,exchange,OVERUNDER_1.5,A_4,A_1,Over 1.5 rounds,Under 1.5 rounds,,1.5,Under 1.5,,1,-1329,-3233,-1329,-4900,2026-08-24T15:10:52.765816+00:00,2026-08-15T22:14:29.954523+00:00,0.13,O,0,complete
2026-08-24T15:18:53.412967+00:00,8869,2026-08-29,UFC Fight Night: Nurmagomedov vs. Song,ufc,jack-jenkins-vs-sean-woodson-80520,T2ZmZXJOb2RlOjEwMzY3NzQ4MQ==,T3V0Y29tZU5vZGU6Njc5MTAzMA==,Polymarket,exchange,OVERUNDER_1.5,A_4,A_1,Over 1.5 rounds,Under 1.5 rounds,,1.5,Over 1.5,,0,-1329,-3233,-1329,-3233,2026-08-24T15:10:52.718839+00:00,2026-08-15T22:14:29.902691+00:00,0.13,O,0,complete
2026-08-24T15:18:53.412967+00:00,8869,2026-08-29,UFC Fight Night: Nurmagomedov vs. Song,ufc,lawrence-lui-vs-hector-santiago-80953,T2ZmZXJOb2RlOjEwMzY5MDI4MQ==,T3V0Y29tZU5vZGU6NjgwNzc4Mg==,Polymarket,exchange,OVERUNDER_1.5,A_4,A_1,Over 1.5 rounds,Under 1.5 rounds,,1.5,Over 1.5,,0,-1150,-9900,-1150,-9900,2026-08-24T15:10:52.988239+00:00,2026-08-22T22:09:54.368043+00:00,0.13,O,0,complete
2026-08-24T15:18:53.412967+00:00,8869,2026-08-29,UFC Fight Night: Nurmagomedov vs. Song,ufc,lawrence-lui-vs-hector-santiago-80953,T2ZmZXJOb2RlOjEwMzY5MDI4MQ==,T3V0Y29tZU5vZGU6NjgwNzc4Mw==,Polymarket,exchange,OVERUNDER_1.5,A_4,A_1,Over 1.5 rounds,Under 1.5 rounds,,1.5,Under 1.5,,1,-1567,-9900,-1150,-9900,2026-08-24T15:10:52.988239+00:00,2026-08-22T22:09:54.368043+00:00,0.13,O,0,complete
2026-08-24T15:18:53.412967+00:00,8869,2026-08-29,UFC Fight Night: Nurmagomedov vs. Song,ufc,lawrence-lui-vs-hector-santiago-80953,T2ZmZXJOb2RlOjEwMzY5MDI4MA==,T3V0Y29tZU5vZGU6NjgwNzc4MA==,Polymarket,exchange,OVERUNDER_0.5,A_4,A_1,Over 0.5 rounds,Under 0.5 rounds,,0.5,Over 0.5,,0,-1900,-4900,-1150,-4900,2026-08-24T15:10:52.975175+00:00,2026-08-22T22:09:54.353475+00:00,0.13,O,0,complete
2026-08-24T15:18:53.412967+00:00,8869,2026-08-29,UFC Fight Night: Nurmagomedov vs. Song,ufc,jingnan-xiong-vs-julia-polastri-80594,T2ZmZXJOb2RlOjEwMzY3NzQ4OA==,T3V0Y29tZU5vZGU6Njc5MTA0NA==,Polymarket,exchange,OVERUNDER_2.5,A_4,A_1,Over 2.5 rounds,Under 2.5 rounds,,2.5,Over 2.5,,0,-1329,-3233,-355,-4900,2026-08-24T15:10:52.810939+00:00,2026-08-15T22:14:30.023649+00:00,0.13,O,0,complete
2026-08-24T15:18:53.412967+00:00,8869,2026-08-29,UFC Fight Night: Nurmagomedov vs. Song,ufc,jingnan-xiong-vs-julia-polastri-80594,T2ZmZXJOb2RlOjEwMzY3NzQ4Nw==,T3V0Y29tZU5vZGU6Njc5MTA0Mg==,Polymarket,exchange,OVERUNDER_1.5,A_4,A_1,Over 1.5 rounds,Under 1.5 rounds,,1.5,Over 1.5,,0,-1567,-3233,-1329,-4900,2026-08-24T15:10:52.803979+00:00,2026-08-15T22:14:30.009371+00:00,0.13,O,0,complete
2026-08-24T15:18:53.412967+00:00,8869,2026-08-29,UFC Fight Night: Nurmagomedov vs. Song,ufc,jingnan-xiong-vs-julia-polastri-80594,T2ZmZXJOb2RlOjEwMzY3NzQ4Nw==,T3V0Y29tZU5vZGU6Njc5MTA0Mw==,Polymarket,exchange,OVERUNDER_1.5,A_4,A_1,Over 1.5 rounds,Under 1.5 rounds,,1.5,Under 1.5,,1,-1329,-3233,-900,-4900,2026-08-24T15:10:52.803979+00:00,2026-08-15T22:14:30.009371+00:00,0.13,O,0,complete
2026-08-24T15:18:53.412967+00:00,8869,2026-08-29,UFC Fight Night: Nurmagomedov vs. Song,ufc,jingnan-xiong-vs-julia-polastri-80594,T2ZmZXJOb2RlOjEwMzY3NzQ3Mg==,T3V0Y29tZU5vZGU6Njc5MTAxMg==,Polymarket,exchange,KO,A_5,A_13,wins by TKO/KO,doesn't win by TKO/KO,,2.0,Will Julia Polastri win by KO or TKO? - Yes,julia-polastri-39425,0,-1900,-4900,-525,-4900,2026-08-24T15:16:37.953507+00:00,2026-08-15T22:05:17.178253+00:00,0.04,O,0,complete
2026-08-24T15:18:53.412967+00:00,8869,2026-08-29,UFC Fight Night: Nurmagomedov vs. Song,ufc,jingnan-xiong-vs-julia-polastri-80594,T2ZmZXJOb2RlOjEwMzY3NzQ4Ng==,T3V0Y29tZU5vZGU6Njc5MTA0MA==,Polymarket,exchange,DISTANCE,A_4,A_2,Fight goes the distance,Fight ends inside distance,,,Fight to Go the Distance? - Yes,,0,-2400,-3233,-1329,-4900,2026-08-24T15:10:52.775821+00:00,2026-08-15T22:14:29.991355+00:00,0.13,O,0,complete
2026-08-24T15:18:53.412967+00:00,8869,2026-08-29,UFC Fight Night: Nurmagomedov vs. Song,ufc,jingnan-xiong-vs-julia-polastri-80594,T2ZmZXJOb2RlOjEwMzY3NzQ4Ng==,T3V0Y29tZU5vZGU6Njc5MTA0MQ==,Polymarket,exchange,DISTANCE,A_4,A_2,Fight goes the distance,Fight ends inside distance,,,Fight to Go the Distance? - No,,1,-1900,-3233,-1900,-4900,2026-08-24T15:10:52.775821+00:00,2026-08-15T22:14:29.991355+00:00,0.13,O,0,complete
2026-08-24T15:18:53.412967+00:00,8869,2026-08-29,UFC Fight Night: Nurmagomedov vs. Song,ufc,meng-ding-vs-cameron-nelson-80702,T2ZmZXJOb2RlOjEwMzY5MDI5MA==,T3V0Y29tZU5vZGU6NjgwNzgwMA==,Polymarket,exchange,OVERUNDER_1.5,A_4,A_1,Over 1.5 rounds,Under 1.5 rounds,,1.5,Over 1.5,,0,-1329,-9900,-1329,-9900,2026-08-24T15:10:53.039435+00:00,2026-08-22T22:09:54.517817+00:00,0.13,O,0,complete
2026-08-24T15:18:53.412967+00:00,8869,2026-08-29,UFC Fight Night: Nurmagomedov vs. Song,ufc,meng-ding-vs-cameron-nelson-80702,T2ZmZXJOb2RlOjEwMzY5MDI5MA==,T3V0Y29tZU5vZGU6NjgwNzgwMQ==,Polymarket,exchange,OVERUNDER_1.5,A_4,A_1,Over 1.5 rounds,Under 1.5 rounds,,1.5,Under 1.5,,1,-1567,-9900,-1329,-9900,2026-08-24T15:10:53.039435+00:00,2026-08-22T22:09:54.517817+00:00,0.13,O,0,complete
2026-08-24T15:18:53.412967+00:00,8869,2026-08-29,UFC Fight Night: Nurmagomedov vs. Song,ufc,meng-ding-vs-cameron-nelson-80702,T2ZmZXJOb2RlOjEwMzY5MDI4OQ==,T3V0Y29tZU5vZGU6NjgwNzc5OA==,Polymarket,exchange,OVERUNDER_0.5,A_4,A_1,Over 0.5 rounds,Under 0.5 rounds,,0.5,Over 0.5,,0,-1567,-4900,-1329,-4900,2026-08-24T15:10:53.036746+00:00,2026-08-22T22:09:54.496751+00:00,0.13,O,0,complete
2026-08-24T15:18:53.412967+00:00,8869,2026-08-29,UFC Fight Night: Nurmagomedov vs. Song,ufc,meng-ding-vs-cameron-nelson-80702,T2ZmZXJOb2RlOjEwMzY5MDI4OQ==,T3V0Y29tZU5vZGU6NjgwNzc5OQ==,Polymarket,exchange,OVERUNDER_0.5,A_4,A_1,Over 0.5 rounds,Under 0.5 rounds,,0.5,Under 0.5,,1,-1329,-4900,-1329,-4900,2026-08-24T15:10:53.036746+00:00,2026-08-22T22:09:54.496751+00:00,0.13,O,0,complete
2026-08-24T15:18:53.412967+00:00,8869,2026-08-29,UFC Fight Night: Nurmagomedov vs. Song,ufc,umar-nurmagomedov-vs-yadong-song-79649,T2ZmZXJOb2RlOjEwMzY3NzQwOA==,T3V0Y29tZU5vZGU6Njc5MDg4NA==,Polymarket,exchange,KO,A_5,A_13,wins by TKO/KO,doesn't win by TKO/KO,,2.0,Will Umar Nurmagomedov win by KO or TKO? - Yes,umar-nurmagomedov-28334,0,-1011,-4900,-525,-4900,2026-08-24T15:16:35.741973+00:00,2026-08-15T22:05:12.495755+00:00,0.04,O,0,complete
2026-08-24T15:28:49.863340+00:00,9111,2026-08-25,Dana White's Contender Series: Contender Series 2026: Week 3,dwcs,sean-clancy-jr-vs-gary-balletto-jr-79266,T2ZmZXJOb2RlOjEwMzY3NDg2NA==,T3V0Y29tZU5vZGU6Njc4NzQwNg==,Polymarket,exchange,OVERUNDER_0.5,A_4,A_1,Over 0.5 rounds,Under 0.5 rounds,,0.5,Over 0.5,,0,-2400,-4900,+900,-4900,2026-08-24T15:25:34.163411+00:00,2026-08-12T22:10:40.958830+00:00,0.05,O,0,complete
2026-08-24T15:28:49.863340+00:00,9111,2026-08-25,Dana White's Contender Series: Contender Series 2026: Week 3,dwcs,sean-clancy-jr-vs-gary-balletto-jr-79266,T2ZmZXJOb2RlOjEwMzY3NDg2NA==,T3V0Y29tZU5vZGU6Njc4NzQwNw==,Polymarket,exchange,OVERUNDER_0.5,A_4,A_1,Over 0.5 rounds,Under 0.5 rounds,,0.5,Under 0.5,,1,-1567,-4900,-1329,-4900,2026-08-24T15:25:34.163411+00:00,2026-08-12T22:10:40.958830+00:00,0.05,O,0,complete
2026-08-24T15:28:49.863340+00:00,8869,2026-08-29,UFC Fight Night: Nurmagomedov vs. Song,ufc,umar-nurmagomedov-vs-yadong-song-79649,T2ZmZXJOb2RlOjEwMzY3NzQ3Ng==,T3V0Y29tZU5vZGU6Njc5MTAyMA==,Polymarket,exchange,DISTANCE,A_4,A_2,Fight goes the distance,Fight ends inside distance,,,Fight to Go the Distance? - Yes,,0,-1900,-3233,-1900,-4900,2026-08-24T15:25:34.239943+00:00,2026-08-15T22:14:29.829922+00:00,0.05,O,0,complete
2026-08-24T15:28:49.863340+00:00,8869,2026-08-29,UFC Fight Night: Nurmagomedov vs. Song,ufc,umar-nurmagomedov-vs-yadong-song-79649,T2ZmZXJOb2RlOjEwMzY3NzQwOQ==,T3V0Y29tZU5vZGU6Njc5MDg4Ng==,Polymarket,exchange,END_SUB,A_4,A_5,Fight ends in submission,Fight doesn't end in submission,,,Will the fight be won by submission? - Yes,,0,-1900,-4900,-1900,-4900,2026-08-24T15:25:34.253642+00:00,2026-08-15T22:05:12.606747+00:00,0.05,O,0,complete
2026-08-24T15:28:49.863340+00:00,8869,2026-08-29,UFC Fight Night: Nurmagomedov vs. Song,ufc,xiaonan-yan-vs-denise-gomes-79865,T2ZmZXJOb2RlOjEwMzY3NzQyMg==,T3V0Y29tZU5vZGU6Njc5MDkxMw==,Polymarket,exchange,OVERUNDER_1.5,A_4,A_1,Over 1.5 rounds,Under 1.5 rounds,,1.5,Under 1.5,,1,-1567,-9900,-567,-9900,2026-08-24T15:25:34.285283+00:00,2026-08-15T22:05:13.386909+00:00,0.05,O,0,complete
2026-08-24T15:28:49.863340+00:00,8869,2026-08-29,UFC Fight Night: Nurmagomedov vs. Song,ufc,kai-asakura-vs-qileng-aori-80038,T2ZmZXJOb2RlOjEwMzY5MTA0Nw==,T3V0Y29tZU5vZGU6NjgwOTExOA==,BetOnline,sportsbook,SD,A_5,A_13,wins by split/majority decision,doesn't win by split/majority decision,,5.0,Kai Asakura Wins by Split or Majority Decision,kai-asakura-22821,0,+1000,+1000,+1000,+1000,2026-08-24T15:21:39.776040+00:00,2026-08-24T15:21:33.004119+00:00,0.12,O,0,complete
2026-08-24T15:28:49.863340+00:00,8869,2026-08-29,UFC Fight Night: Nurmagomedov vs. Song,ufc,kai-asakura-vs-qileng-aori-80038,T2ZmZXJOb2RlOjEwMzY5MTA0Ng==,T3V0Y29tZU5vZGU6NjgwOTExNw==,BetOnline,sportsbook,UD,A_5,A_13,wins by unanimous decision,doesn't win by unanimous decision,,4.0,Kai Asakura Wins by Unanimous Decision,kai-asakura-22821,0,+315,+315,+315,+315,2026-08-24T15:21:39.605672+00:00,2026-08-24T15:21:32.982442+00:00,0.12,O,0,complete
2026-08-24T15:28:49.863340+00:00,8869,2026-08-29,UFC Fight Night: Nurmagomedov vs. Song,ufc,kai-asakura-vs-qileng-aori-80038,T2ZmZXJOb2RlOjEwMzY5MTA0NQ==,T3V0Y29tZU5vZGU6NjgwOTExNg==,BetOnline,sportsbook,SD,A_5,A_13,wins by split/majority decision,doesn't win by split/majority decision,,5.0,Aoriqileng Wins by Split or Majority Decision,qileng-aori-28905,0,+1400,+1400,+1400,+1400,2026-08-24T15:21:39.441885+00:00,2026-08-24T15:21:32.965389+00:00,0.12,O,0,complete
2026-08-24T15:28:49.863340+00:00,8869,2026-08-29,UFC Fight Night: Nurmagomedov vs. Song,ufc,kai-asakura-vs-qileng-aori-80038,T2ZmZXJOb2RlOjEwMzY5MTA0NA==,T3V0Y29tZU5vZGU6NjgwOTExNQ==,BetOnline,sportsbook,UD,A_5,A_13,wins by unanimous decision,doesn't win by unanimous decision,,4.0,Aoriqileng Wins by Unanimous Decision,qileng-aori-28905,0,+675,+675,+675,+675,2026-08-24T15:21:39.297456+00:00,2026-08-24T15:21:32.926693+00:00,0.12,O,0,complete
2026-08-24T15:28:49.863340+00:00,8869,2026-08-29,UFC Fight Night: Nurmagomedov vs. Song,ufc,kai-asakura-vs-qileng-aori-80038,T2ZmZXJOb2RlOjEwMzY5MTA0Mw==,T3V0Y29tZU5vZGU6NjgwOTExMw==,BetOnline,sportsbook,END_SD,A_4,A_5,Fight ends in split or majority decision,Fight doesn't end in split or majority decision,,,Fight Goes to Split or Majority Decision - Yes,,0,+600,+600,+600,+600,2026-08-24T15:21:39.186927+00:00,2026-08-24T15:21:32.886368+00:00,0.12,O,0,complete
2026-08-24T15:28:49.863340+00:00,8869,2026-08-29,UFC Fight Night: Nurmagomedov vs. Song,ufc,kai-asakura-vs-qileng-aori-80038,T2ZmZXJOb2RlOjEwMzY5MTA0Mw==,T3V0Y29tZU5vZGU6NjgwOTExNA==,BetOnline,sportsbook,END_SD,A_4,A_5,Fight ends in split or majority decision,Fight doesn't end in split or majority decision,,,Fight Goes to Split or Majority Decision - No,,1,-1000,-1000,-1000,-1000,2026-08-24T15:21:39.186927+00:00,2026-08-24T15:21:32.886368+00:00,0.12,O,0,complete
2026-08-24T15:28:49.863340+00:00,8869,2026-08-29,UFC Fight Night: Nurmagomedov vs. Song,ufc,kai-asakura-vs-qileng-aori-80038,T2ZmZXJOb2RlOjEwMzY5MTA0Mg==,T3V0Y29tZU5vZGU6NjgwOTExMg==,BetOnline,sportsbook,SUB_DEC,A_5,A_30,wins by Submission or Decision,Any other result,,,Kai Asakura by Submission or Decision,kai-asakura-22821,0,-200,-200,-200,-200,2026-08-24T15:21:39.088641+00:00,2026-08-24T15:21:32.872621+00:00,0.12,O,0,complete
2026-08-24T15:28:49.863340+00:00,8869,2026-08-29,UFC Fight Night: Nurmagomedov vs. Song,ufc,kai-asakura-vs-qileng-aori-80038,T2ZmZXJOb2RlOjEwMzY5MTA0MQ==,T3V0Y29tZU5vZGU6NjgwOTExMQ==,BetOnline,sportsbook,KO_DEC,A_5,A_30,wins by KO/TKO or Decision,Any other result,,,"Kai Asakura by TKO/KO, DQ or Decision",kai-asakura-22821,0,-500,-500,-500,-500,2026-08-24T15:21:38.934682+00:00,2026-08-24T15:21:32.819610+00:00,0.12,O,0,complete
2026-08-24T15:28:49.863340+00:00,8869,2026-08-29,UFC Fight Night: Nurmagomedov vs. Song,ufc,kai-asakura-vs-qileng-aori-80038,T2ZmZXJOb2RlOjEwMzY5MTA0MA==,T3V0Y29tZU5vZGU6NjgwOTExMA==,BetOnline,sportsbook,SUB_DEC,A_5,A_30,wins by Submission or Decision,Any other result,,,Aoriqileng by Submission or Decision,qileng-aori-28905,0,+500,+500,+500,+500,2026-08-24T15:21:38.794854+00:00,2026-08-24T15:21:32.788318+00:00,0.12,O,0,complete
2026-08-24T15:28:49.863340+00:00,8869,2026-08-29,UFC Fight Night: Nurmagomedov vs. Song,ufc,kai-asakura-vs-qileng-aori-80038,T2ZmZXJOb2RlOjEwMzY5MTAzOQ==,T3V0Y29tZU5vZGU6NjgwOTEwOQ==,BetOnline,sportsbook,KO_DEC,A_5,A_30,wins by KO/TKO or Decision,Any other result,,,"Aoriqileng by TKO/KO, DQ or Decision",qileng-aori-28905,0,+350,+350,+350,+350,2026-08-24T15:21:38.681838+00:00,2026-08-24T15:21:32.774896+00:00,0.12,O,0,complete
2026-08-24T15:28:49.863340+00:00,8869,2026-08-29,UFC Fight Night: Nurmagomedov vs. Song,ufc,kai-asakura-vs-qileng-aori-80038,T2ZmZXJOb2RlOjEwMzY5MTAzOA==,T3V0Y29tZU5vZGU6NjgwOTEwOA==,BetOnline,sportsbook,,,,,,,,Goes the Distance,,0,+200,+200,+200,+200,2026-08-24T15:21:38.562709+00:00,2026-08-24T15:21:32.738639+00:00,0.12,O,0,complete
2026-08-24T15:28:49.863340+00:00,8869,2026-08-29,UFC Fight Night: Nurmagomedov vs. Song,ufc,kai-asakura-vs-qileng-aori-80038,T2ZmZXJOb2RlOjEwMzY5MTAzNw==,T3V0Y29tZU5vZGU6NjgwOTEwNw==,BetOnline,sportsbook,END_SUB,A_4,A_5,Fight ends in submission,Fight doesn't end in submission,,,Either Fighter by Submission,,0,+900,+900,+900,+900,2026-08-24T15:21:38.397061+00:00,2026-08-24T15:21:32.706250+00:00,0.12,O,0,complete
2026-08-24T15:28:49.863340+00:00,8869,2026-08-29,UFC Fight Night: Nurmagomedov vs. Song,ufc,kai-asakura-vs-qileng-aori-80038,T2ZmZXJOb2RlOjEwMzY5MTAzNg==,T3V0Y29tZU5vZGU6NjgwOTEwNg==,BetOnline,sportsbook,END_KO,A_4,A_5,"Fight ends by KO, TKO or DQ","Fight doesn't end by KO, TKO or DQ",,,Either Fighter by KO/TKO or DQ,,0,-225,-225,-225,-225,2026-08-24T15:21:38.282471+00:00,2026-08-24T15:21:32.681462+00:00,0.12,O,0,complete
2026-08-24T15:28:49.863340+00:00,8869,2026-08-29,UFC Fight Night: Nurmagomedov vs. Song,ufc,kai-asakura-vs-qileng-aori-80038,T2ZmZXJOb2RlOjEwMzY5MTAzNQ==,T3V0Y29tZU5vZGU6NjgwOTEwNQ==,BetOnline,sportsbook,ID,A_5,A_12,wins inside distance,doesn't win inside distance,,,Kai Asakura wins inside distance,kai-asakura-22821,0,-200,-200,-200,-200,2026-08-24T15:21:38.174978+00:00,2026-08-24T15:21:32.649067+00:00,0.12,O,0,complete
2026-08-24T15:28:49.863340+00:00,8869,2026-08-29,UFC Fight Night: Nurmagomedov vs. Song,ufc,kai-asakura-vs-qileng-aori-80038,T2ZmZXJOb2RlOjEwMzY5MTAzNA==,T3V0Y29tZU5vZGU6NjgwOTEwNA==,BetOnline,sportsbook,ID,A_5,A_12,wins inside distance,doesn't win inside distance,,,Aoriqileng wins inside distance,qileng-aori-28905,0,+675,+675,+675,+675,2026-08-24T15:21:38.001652+00:00,2026-08-24T15:21:32.618001+00:00,0.12,O,0,complete
2026-08-24T15:28:49.863340+00:00,8869,2026-08-29,UFC Fight Night: Nurmagomedov vs. Song,ufc,kai-asakura-vs-qileng-aori-80038,T2ZmZXJOb2RlOjEwMzY5MTAzMw==,T3V0Y29tZU5vZGU6NjgwOTEwMw==,BetOnline,sportsbook,STRAIGHT_NS,A_7,A_26,Straight (Finish Only),Straight (Finish Only),,,Kai Asakura - No Scorecards,kai-asakura-22821,1,-600,-600,-600,-600,2026-08-24T15:21:37.806032+00:00,2026-08-24T15:21:32.501823+00:00,0.12,O,0,complete
2026-08-24T15:28:49.863340+00:00,8869,2026-08-29,UFC Fight Night: Nurmagomedov vs. Song,ufc,kai-asakura-vs-qileng-aori-80038,T2ZmZXJOb2RlOjEwMzY5MTAzMw==,T3V0Y29tZU5vZGU6NjgwOTEwMg==,BetOnline,sportsbook,STRAIGHT_NS,A_7,A_26,Straight (Finish Only),Straight (Finish Only),,,Aoriqileng - No Scorecards,qileng-aori-28905,1,+400,+400,+400,+400,2026-08-24T15:21:37.806032+00:00,2026-08-24T15:21:32.501823+00:00,0.12,O,0,complete
2026-08-24T15:28:49.863340+00:00,8869,2026-08-29,UFC Fight Night: Nurmagomedov vs. Song,ufc,kai-asakura-vs-qileng-aori-80038,T2ZmZXJOb2RlOjEwMzY5MTAzMg==,T3V0Y29tZU5vZGU6NjgwOTEwMQ==,BetOnline,sportsbook,SUB_3,A_5,A_15,wins in round 3 - Submission,doesn't win in round 3 - Submission,,,Kai Asakura in Round 3 by Submission,kai-asakura-22821,0,+6000,+6000,+6000,+6000,2026-08-24T15:21:37.617171+00:00,2026-08-24T15:21:32.357121+00:00,0.12,O,0,complete
2026-08-24T15:28:49.863340+00:00,8869,2026-08-29,UFC Fight Night: Nurmagomedov vs. Song,ufc,kai-asakura-vs-qileng-aori-80038,T2ZmZXJOb2RlOjEwMzY5MTAzMQ==,T3V0Y29tZU5vZGU6NjgwOTEwMA==,BetOnline,sportsbook,SUB_2,A_5,A_15,wins in round 2 - Submission,doesn't win in round 2 - Submission,,,Kai Asakura in Round 2 by Submission,kai-asakura-22821,0,+5000,+5000,+5000,+5000,2026-08-24T15:21:37.420002+00:00,2026-08-24T15:21:32.316377+00:00,0.12,O,0,complete
2026-08-24T15:28:49.863340+00:00,8869,2026-08-29,UFC Fight Night: Nurmagomedov vs. Song,ufc,kai-asakura-vs-qileng-aori-80038,T2ZmZXJOb2RlOjEwMzY5MTAzMA==,T3V0Y29tZU5vZGU6NjgwOTA5OQ==,BetOnline,sportsbook,SUB_1,A_5,A_15,wins in round 1 - Submission,doesn't win in round 1 - Submission,,,Kai Asakura in Round 1 by Submission,kai-asakura-22821,0,+3300,+3300,+3300,+3300,2026-08-24T15:21:37.272281+00:00,2026-08-24T15:21:32.296651+00:00,0.12,O,0,complete
2026-08-24T15:28:49.863340+00:00,8869,2026-08-29,UFC Fight Night: Nurmagomedov vs. Song,ufc,kai-asakura-vs-qileng-aori-80038,T2ZmZXJOb2RlOjEwMzY5MTAyOQ==,T3V0Y29tZU5vZGU6NjgwOTA5OA==,BetOnline,sportsbook,KO_3,A_5,A_15,"wins in round 3 - KO, TKO or DQ","doesn't win in round 3 - KO, TKO or DQ",,,Kai Asakura in Round 3 by KO/TKO or DQ,kai-asakura-22821,0,+1000,+1000,+1000,+1000,2026-08-24T15:21:37.012555+00:00,2026-08-24T15:21:32.275088+00:00,0.12,O,0,complete
2026-08-24T15:28:49.863340+00:00,8869,2026-08-29,UFC Fight Night: Nurmagomedov vs. Song,ufc,kai-asakura-vs-qileng-aori-80038,T2ZmZXJOb2RlOjEwMzY5MTAyOA==,T3V0Y29tZU5vZGU6NjgwOTA5Nw==,BetOnline,sportsbook,KO_2,A_5,A_15,"wins in round 2 - KO, TKO or DQ","doesn't win in round 2 - KO, TKO or DQ",,,Kai Asakura in Round 2 by KO/TKO or DQ,kai-asakura-22821,0,+310,+310,+310,+310,2026-08-24T15:21:36.813803+00:00,2026-08-24T15:21:32.248646+00:00,0.12,O,0,complete
2026-08-24T15:28:49.863340+00:00,8869,2026-08-29,UFC Fight Night: Nurmagomedov vs. Song,ufc,kai-asakura-vs-qileng-aori-80038,T2ZmZXJOb2RlOjEwMzY5MTAyNw==,T3V0Y29tZU5vZGU6NjgwOTA5Ng==,BetOnline,sportsbook,KO_1,A_5,A_15,"wins in round 1 - KO, TKO or DQ","doesn't win in round 1 - KO, TKO or DQ",,,Kai Asakura in Round 1 by KO/TKO or DQ,kai-asakura-22821,0,+200,+200,+200,+200,2026-08-24T15:21:36.618221+00:00,2026-08-24T15:21:32.212609+00:00,0.12,O,0,complete
2026-08-24T15:28:49.863340+00:00,8869,2026-08-29,UFC Fight Night: Nurmagomedov vs. Song,ufc,kai-asakura-vs-qileng-aori-80038,T2ZmZXJOb2RlOjEwMzY5MTAyNg==,T3V0Y29tZU5vZGU6NjgwOTA5NQ==,BetOnline,sportsbook,SUB_3,A_5,A_15,wins in round 3 - Submission,doesn't win in round 3 - Submission,,,Aoriqileng in Round 3 by Submission,qileng-aori-28905,0,+6000,+6000,+6000,+6000,2026-08-24T15:21:36.410212+00:00,2026-08-24T15:21:32.188197+00:00,0.12,O,0,complete
2026-08-24T15:28:49.863340+00:00,8869,2026-08-29,UFC Fight Night: Nurmagomedov vs. Song,ufc,kai-asakura-vs-qileng-aori-80038,T2ZmZXJOb2RlOjEwMzY5MTAyNQ==,T3V0Y29tZU5vZGU6NjgwOTA5NA==,BetOnline,sportsbook,SUB_2,A_5,A_15,wins in round 2 - Submission,doesn't win in round 2 - Submission,,,Aoriqileng in Round 2 by Submission,qileng-aori-28905,0,+5000,+5000,+5000,+5000,2026-08-24T15:21:36.215324+00:00,2026-08-24T15:21:32.167706+00:00,0.12,O,0,complete
2026-08-24T15:28:49.863340+00:00,8869,2026-08-29,UFC Fight Night: Nurmagomedov vs. Song,ufc,kai-asakura-vs-qileng-aori-80038,T2ZmZXJOb2RlOjEwMzY5MTAyNA==,T3V0Y29tZU5vZGU6NjgwOTA5Mw==,BetOnline,sportsbook,SUB_1,A_5,A_15,wins in round 1 - Submission,doesn't win in round 1 - Submission,,,Aoriqileng in Round 1 by Submission,qileng-aori-28905,0,+3300,+3300,+3300,+3300,2026-08-24T15:21:35.996299+00:00,2026-08-24T15:21:32.131027+00:00,0.12,O,0,complete
2026-08-24T15:28:49.863340+00:00,8869,2026-08-29,UFC Fight Night: Nurmagomedov vs. Song,ufc,kai-asakura-vs-qileng-aori-80038,T2ZmZXJOb2RlOjEwMzY5MTAyMw==,T3V0Y29tZU5vZGU6NjgwOTA5Mg==,BetOnline,sportsbook,KO_3,A_5,A_15,"wins in round 3 - KO, TKO or DQ","doesn't win in round 3 - KO, TKO or DQ",,,Aoriqileng in Round 3 by KO/TKO or DQ,qileng-aori-28905,0,+3300,+3300,+3300,+3300,2026-08-24T15:21:35.873164+00:00,2026-08-24T15:21:32.071970+00:00,0.12,O,0,complete
2026-08-24T15:28:49.863340+00:00,8869,2026-08-29,UFC Fight Night: Nurmagomedov vs. Song,ufc,kai-asakura-vs-qileng-aori-80038,T2ZmZXJOb2RlOjEwMzY5MTAyMg==,T3V0Y29tZU5vZGU6NjgwOTA5MQ==,BetOnline,sportsbook,KO_2,A_5,A_15,"wins in round 2 - KO, TKO or DQ","doesn't win in round 2 - KO, TKO or DQ",,,Aoriqileng in Round 2 by KO/TKO or DQ,qileng-aori-28905,0,+2500,+2500,+2500,+2500,2026-08-24T15:21:35.720117+00:00,2026-08-24T15:21:32.027645+00:00,0.12,O,0,complete
2026-08-24T15:28:49.863340+00:00,8869,2026-08-29,UFC Fight Night: Nurmagomedov vs. Song,ufc,kai-asakura-vs-qileng-aori-80038,T2ZmZXJOb2RlOjEwMzY5MTAyMQ==,T3V0Y29tZU5vZGU6NjgwOTA5MA==,BetOnline,sportsbook,KO_1,A_5,A_15,"wins in round 1 - KO, TKO or DQ","doesn't win in round 1 - KO, TKO or DQ",,,Aoriqileng in Round 1 by KO/TKO or DQ,qileng-aori-28905,0,+1400,+1400,+1400,+1400,2026-08-24T15:21:35.591337+00:00,2026-08-24T15:21:31.981057+00:00,0.12,O,0,complete
2026-08-24T15:28:49.863340+00:00,8869,2026-08-29,UFC Fight Night: Nurmagomedov vs. Song,ufc,kai-asakura-vs-qileng-aori-80038,T2ZmZXJOb2RlOjEwMzY5MTAyMA==,T3V0Y29tZU5vZGU6NjgwOTA4OQ==,BetOnline,sportsbook,R_3,A_5,A_14,wins in round 3,doesn't win in round 3,,3.0,Kai Asakura in Round 3,kai-asakura-22821,0,+900,+900,+900,+900,2026-08-24T15:21:35.428935+00:00,2026-08-24T15:21:31.923652+00:00,0.12,O,0,complete
2026-08-24T15:28:49.863340+00:00,8869,2026-08-29,UFC Fight Night: Nurmagomedov vs. Song,ufc,kai-asakura-vs-qileng-aori-80038,T2ZmZXJOb2RlOjEwMzY5MTAxOQ==,T3V0Y29tZU5vZGU6NjgwOTA4OA==,BetOnline,sportsbook,R_2,A_5,A_14,wins in round 2,doesn't win in round 2,,2.0,Kai Asakura in Round 2,kai-asakura-22821,0,+285,+285,+285,+285,2026-08-24T15:21:35.220763+00:00,2026-08-24T15:21:31.843899+00:00,0.12,O,0,complete
2026-08-24T15:28:49.863340+00:00,8869,2026-08-29,UFC Fight Night: Nurmagomedov vs. Song,ufc,kai-asakura-vs-qileng-aori-80038,T2ZmZXJOb2RlOjEwMzY5MTAxOA==,T3V0Y29tZU5vZGU6NjgwOTA4Nw==,BetOnline,sportsbook,R_1,A_5,A_14,wins in round 1,doesn't win in round 1,,1.0,Kai Asakura in Round 1,kai-asakura-22821,0,+170,+170,+170,+170,2026-08-24T15:21:35.084930+00:00,2026-08-24T15:21:31.729433+00:00,0.12,O,0,complete
2026-08-24T15:28:49.863340+00:00,8869,2026-08-29,UFC Fight Night: Nurmagomedov vs. Song,ufc,kai-asakura-vs-qileng-aori-80038,T2ZmZXJOb2RlOjEwMzY5MTAxNw==,T3V0Y29tZU5vZGU6NjgwOTA4Ng==,BetOnline,sportsbook,R_3,A_5,A_14,wins in round 3,doesn't win in round 3,,3.0,Aoriqileng in Round 3,qileng-aori-28905,0,+2800,+2800,+2800,+2800,2026-08-24T15:21:34.920216+00:00,2026-08-24T15:21:31.625414+00:00,0.12,O,0,complete
2026-08-24T15:28:49.863340+00:00,8869,2026-08-29,UFC Fight Night: Nurmagomedov vs. Song,ufc,kai-asakura-vs-qileng-aori-80038,T2ZmZXJOb2RlOjEwMzY5MTAxNg==,T3V0Y29tZU5vZGU6NjgwOTA4NQ==,BetOnline,sportsbook,R_2,A_5,A_14,wins in round 2,doesn't win in round 2,,2.0,Aoriqileng in Round 2,qileng-aori-28905,0,+2200,+2200,+2200,+2200,2026-08-24T15:21:34.782774+00:00,2026-08-24T15:21:31.578800+00:00,0.12,O,0,complete
2026-08-24T15:28:49.863340+00:00,8869,2026-08-29,UFC Fight Night: Nurmagomedov vs. Song,ufc,kai-asakura-vs-qileng-aori-80038,T2ZmZXJOb2RlOjEwMzY5MTAxNQ==,T3V0Y29tZU5vZGU6NjgwOTA4NA==,BetOnline,sportsbook,R_1,A_5,A_14,wins in round 1,doesn't win in round 1,,1.0,Aoriqileng in Round 1,qileng-aori-28905,0,+1200,+1200,+1200,+1200,2026-08-24T15:21:34.504718+00:00,2026-08-24T15:21:31.478943+00:00,0.12,O,0,complete
2026-08-24T15:28:49.863340+00:00,8869,2026-08-29,UFC Fight Night: Nurmagomedov vs. Song,ufc,kai-asakura-vs-qileng-aori-80038,T2ZmZXJOb2RlOjEwMzY5MTAxNA==,T3V0Y29tZU5vZGU6NjgwOTA4Mw==,BetOnline,sportsbook,DRAW,A_3,A_0,Fight ends in a Draw,Fight doesn't end in a Draw,,,Draw,,0,+6600,+6600,+6600,+6600,2026-08-24T15:21:34.311035+00:00,2026-08-24T15:21:31.288077+00:00,0.12,O,0,complete
2026-08-24T15:28:49.863340+00:00,8869,2026-08-29,UFC Fight Night: Nurmagomedov vs. Song,ufc,kai-asakura-vs-qileng-aori-80038,T2ZmZXJOb2RlOjEwMzY5MTAxMw==,T3V0Y29tZU5vZGU6NjgwOTA4Mg==,BetOnline,sportsbook,SUB,A_5,A_13,wins by submission,doesn't win by submission,,3.0,Kai Asakura by Submission,kai-asakura-22821,0,+1800,+1800,+1800,+1800,2026-08-24T15:21:34.175106+00:00,2026-08-24T15:21:31.178240+00:00,0.12,O,0,complete
2026-08-24T15:28:49.863340+00:00,8869,2026-08-29,UFC Fight Night: Nurmagomedov vs. Song,ufc,kai-asakura-vs-qileng-aori-80038,T2ZmZXJOb2RlOjEwMzY5MTAxMg==,T3V0Y29tZU5vZGU6NjgwOTA4MQ==,BetOnline,sportsbook,KO,A_5,A_13,wins by TKO/KO,doesn't win by TKO/KO,,2.0,Kai Asakura by KO/TKO or DQ,kai-asakura-22821,0,-160,-160,-160,-160,2026-08-24T15:21:34.009925+00:00,2026-08-24T15:21:31.132323+00:00,0.12,O,0,complete
2026-08-24T15:28:49.863340+00:00,8869,2026-08-29,UFC Fight Night: Nurmagomedov vs. Song,ufc,kai-asakura-vs-qileng-aori-80038,T2ZmZXJOb2RlOjEwMzY5MTAxMQ==,T3V0Y29tZU5vZGU6NjgwOTA4MA==,BetOnline,sportsbook,DEC,A_5,A_13,wins by decision,doesn't win by decision,,1.0,Kai Asakura by Points,kai-asakura-22821,0,+275,+275,+275,+275,2026-08-24T15:21:33.875470+00:00,2026-08-24T15:21:30.975257+00:00,0.12,O,0,complete
2026-08-24T15:28:49.863340+00:00,8869,2026-08-29,UFC Fight Night: Nurmagomedov vs. Song,ufc,kai-asakura-vs-qileng-aori-80038,T2ZmZXJOb2RlOjEwMzY5MTAxMA==,T3V0Y29tZU5vZGU6NjgwOTA3OQ==,BetOnline,sportsbook,SUB,A_5,A_13,wins by submission,doesn't win by submission,,3.0,Aoriqileng by Submission,qileng-aori-28905,0,+1800,+1800,+1800,+1800,2026-08-24T15:21:33.753934+00:00,2026-08-24T15:21:30.894972+00:00,0.12,O,0,complete
2026-08-24T15:28:49.863340+00:00,8869,2026-08-29,UFC Fight Night: Nurmagomedov vs. Song,ufc,kai-asakura-vs-qileng-aori-80038,T2ZmZXJOb2RlOjEwMzY5MTAwOQ==,T3V0Y29tZU5vZGU6NjgwOTA3OA==,BetOnline,sportsbook,KO,A_5,A_13,wins by TKO/KO,doesn't win by TKO/KO,,2.0,Aoriqileng by KO/TKO or DQ,qileng-aori-28905,0,+800,+800,+800,+800,2026-08-24T15:21:33.570766+00:00,2026-08-24T15:21:30.777975+00:00,0.12,O,0,complete
2026-08-24T15:28:49.863340+00:00,8869,2026-08-29,UFC Fight Night: Nurmagomedov vs. Song,ufc,kai-asakura-vs-qileng-aori-80038,T2ZmZXJOb2RlOjEwMzY5MTAwOA==,T3V0Y29tZU5vZGU6NjgwOTA3Nw==,BetOnline,sportsbook,DEC,A_5,A_13,wins by decision,doesn't win by decision,,1.0,Aoriqileng by Points,qileng-aori-28905,0,+600,+600,+600,+600,2026-08-24T15:21:33.380248+00:00,2026-08-24T15:21:30.668456+00:00,0.12,O,0,complete
2026-08-24T15:28:49.863340+00:00,8869,2026-08-29,UFC Fight Night: Nurmagomedov vs. Song,ufc,kai-asakura-vs-qileng-aori-80038,T2ZmZXJOb2RlOjEwMzY5MTAwNw==,T3V0Y29tZU5vZGU6NjgwOTA3NQ==,BetOnline,sportsbook,DISTANCE,A_4,A_2,Fight goes the distance,Fight ends inside distance,,,Goes the Distance - Yes,,0,+200,+200,+200,+200,2026-08-24T15:21:33.195289+00:00,2026-08-24T15:21:30.555419+00:00,0.12,O,0,complete
2026-08-24T15:28:49.863340+00:00,8869,2026-08-29,UFC Fight Night: Nurmagomedov vs. Song,ufc,kai-asakura-vs-qileng-aori-80038,T2ZmZXJOb2RlOjEwMzY5MTAwNw==,T3V0Y29tZU5vZGU6NjgwOTA3Ng==,BetOnline,sportsbook,DISTANCE,A_4,A_2,Fight goes the distance,Fight ends inside distance,,,Goes the Distance - No,,1,-260,-260,-260,-260,2026-08-24T15:21:33.195289+00:00,2026-08-24T15:21:30.555419+00:00,0.12,O,0,complete
2026-08-24T15:28:49.863340+00:00,8869,2026-08-29,UFC Fight Night: Nurmagomedov vs. Song,ufc,kai-asakura-vs-qileng-aori-80038,T2ZmZXJOb2RlOjEwMzY3NzQzMA==,T3V0Y29tZU5vZGU6Njc5MDkyOA==,Polymarket,exchange,OVERUNDER_0.5,A_4,A_1,Over 0.5 rounds,Under 0.5 rounds,,0.5,Over 0.5,,0,-1900,-4900,-1150,-4900,2026-08-24T15:25:34.305244+00:00,2026-08-15T22:05:13.902928+00:00,0.05,O,0,complete
2026-08-24T15:28:49.863340+00:00,8869,2026-08-29,UFC Fight Night: Nurmagomedov vs. Song,ufc,kai-asakura-vs-qileng-aori-80038,T2ZmZXJOb2RlOjEwMzY3NzQzMA==,T3V0Y29tZU5vZGU6Njc5MDkyOQ==,Polymarket,exchange,OVERUNDER_0.5,A_4,A_1,Over 0.5 rounds,Under 0.5 rounds,,0.5,Under 0.5,,1,-1567,-4900,-1150,-4900,2026-08-24T15:25:34.305244+00:00,2026-08-15T22:05:13.902928+00:00,0.05,O,0,complete
2026-08-24T15:28:49.863340+00:00,8869,2026-08-29,UFC Fight Night: Nurmagomedov vs. Song,ufc,kai-asakura-vs-qileng-aori-80038,T2ZmZXJOb2RlOjEwMzY3NzQzMQ==,T3V0Y29tZU5vZGU6Njc5MDkzMQ==,Polymarket,exchange,OVERUNDER_1.5,A_4,A_1,Over 1.5 rounds,Under 1.5 rounds,,1.5,Under 1.5,,1,-1567,-9900,-1150,-9900,2026-08-24T15:25:34.307068+00:00,2026-08-15T22:05:13.989996+00:00,0.05,O,0,complete
2026-08-24T15:28:49.863340+00:00,8869,2026-08-29,UFC Fight Night: Nurmagomedov vs. Song,ufc,alex-perez-vs-su-mudaerji-79689,T2ZmZXJOb2RlOjEwMzY3NzQ3Nw==,T3V0Y29tZU5vZGU6Njc5MTAyMg==,Polymarket,exchange,DISTANCE,A_4,A_2,Fight goes the distance,Fight ends inside distance,,,Fight to Go the Distance? - Yes,,0,-1567,-3233,-1567,-4900,2026-08-24T15:25:34.312147+00:00,2026-08-15T22:14:29.855079+00:00,0.05,O,0,complete
2026-08-24T15:28:49.863340+00:00,8869,2026-08-29,UFC Fight Night: Nurmagomedov vs. Song,ufc,alex-perez-vs-su-mudaerji-79689,T2ZmZXJOb2RlOjEwMzY3NzQ3Nw==,T3V0Y29tZU5vZGU6Njc5MTAyMw==,Polymarket,exchange,DISTANCE,A_4,A_2,Fight goes the distance,Fight ends inside distance,,,Fight to Go the Distance? - No,,1,-1900,-3233,-1567,-4900,2026-08-24T15:25:34.312147+00:00,2026-08-15T22:14:29.855079+00:00,0.05,O,0,complete
2026-08-24T15:28:49.863340+00:00,8869,2026-08-29,UFC Fight Night: Nurmagomedov vs. Song,ufc,alex-perez-vs-su-mudaerji-79689,T2ZmZXJOb2RlOjEwMzY3NzQzOQ==,T3V0Y29tZU5vZGU6Njc5MDk0Nw==,Polymarket,exchange,OVERUNDER_1.5,A_4,A_1,Over 1.5 rounds,Under 1.5 rounds,,1.5,Under 1.5,,1,-1329,-9900,-488,-9900,2026-08-24T15:25:34.327562+00:00,2026-08-15T22:05:14.548928+00:00,0.05,O,0,complete
2026-08-24T15:28:49.863340+00:00,8869,2026-08-29,UFC Fight Night: Nurmagomedov vs. Song,ufc,alex-perez-vs-su-mudaerji-79689,T2ZmZXJOb2RlOjEwMzY3NzQzOA==,T3V0Y29tZU5vZGU6Njc5MDk0NQ==,Polymarket,exchange,OVERUNDER_0.5,A_4,A_1,Over 0.5 rounds,Under 0.5 rounds,,0.5,Under 0.5,,1,-1329,-4900,-488,-4900,2026-08-24T15:25:34.324375+00:00,2026-08-15T22:05:14.479760+00:00,0.05,O,0,complete
2026-08-24T15:28:49.863340+00:00,8869,2026-08-29,UFC Fight Night: Nurmagomedov vs. Song,ufc,bilal-hasan-vs-nilson-rojas-80821,T2ZmZXJOb2RlOjEwMzY4ODkwMg==,T3V0Y29tZU5vZGU6NjgwNTkyOA==,Polymarket,exchange,OVERUNDER_2.5,A_4,A_1,Over 2.5 rounds,Under 2.5 rounds,,2.5,Over 2.5,,0,-1567,-9900,-733,-9900,2026-08-24T15:25:34.598778+00:00,2026-08-21T22:04:29.868708+00:00,0.05,O,0,complete
2026-08-24T15:28:49.863340+00:00,8869,2026-08-29,UFC Fight Night: Nurmagomedov vs. Song,ufc,bilal-hasan-vs-nilson-rojas-80821,T2ZmZXJOb2RlOjEwMzY4ODkwMg==,T3V0Y29tZU5vZGU6NjgwNTkyOQ==,Polymarket,exchange,OVERUNDER_2.5,A_4,A_1,Over 2.5 rounds,Under 2.5 rounds,,2.5,Under 2.5,,1,-1567,-9900,-1329,-9900,2026-08-24T15:25:34.598778+00:00,2026-08-21T22:04:29.868708+00:00,0.05,O,0,complete
2026-08-24T15:28:49.863340+00:00,8869,2026-08-29,UFC Fight Night: Nurmagomedov vs. Song,ufc,bilal-hasan-vs-nilson-rojas-80821,T2ZmZXJOb2RlOjEwMzY4ODg5Ng==,T3V0Y29tZU5vZGU6NjgwNTkxNg==,Polymarket,exchange,DISTANCE,A_4,A_2,Fight goes the distance,Fight ends inside distance,,,Fight to Go the Distance? - Yes,,0,-1567,-2400,-1567,-2400,2026-08-24T15:25:34.581310+00:00,2026-08-21T22:04:29.640698+00:00,0.05,O,0,complete
2026-08-24T15:28:49.863340+00:00,8869,2026-08-29,UFC Fight Night: Nurmagomedov vs. Song,ufc,bilal-hasan-vs-nilson-rojas-80821,T2ZmZXJOb2RlOjEwMzY4ODg5Ng==,T3V0Y29tZU5vZGU6NjgwNTkxNw==,Polymarket,exchange,DISTANCE,A_4,A_2,Fight goes the distance,Fight ends inside distance,,,Fight to Go the Distance? - No,,1,-3233,-9900,-1567,-9900,2026-08-24T15:25:34.581310+00:00,2026-08-21T22:04:29.640698+00:00,0.05,O,0,complete
2026-08-24T15:28:49.863340+00:00,8869,2026-08-29,UFC Fight Night: Nurmagomedov vs. Song,ufc,andre-lima-vs-namsrai-batbayar-80336,T2ZmZXJOb2RlOjEwMzY3NzQ1NQ==,T3V0Y29tZU5vZGU6Njc5MDk3OQ==,Polymarket,exchange,OVERUNDER_1.5,A_4,A_1,Over 1.5 rounds,Under 1.5 rounds,,1.5,Under 1.5,,1,-1567,-9900,-1329,-9900,2026-08-24T15:25:34.384647+00:00,2026-08-15T22:05:15.733113+00:00,0.05,O,0,complete
2026-08-24T15:28:49.863340+00:00,8869,2026-08-29,UFC Fight Night: Nurmagomedov vs. Song,ufc,andre-lima-vs-namsrai-batbayar-80336,T2ZmZXJOb2RlOjEwMzY3NzQ1NA==,T3V0Y29tZU5vZGU6Njc5MDk3Nw==,Polymarket,exchange,OVERUNDER_0.5,A_4,A_1,Over 0.5 rounds,Under 0.5 rounds,,0.5,Under 0.5,,1,-1900,-4900,-1329,-4900,2026-08-24T15:25:34.380821+00:00,2026-08-15T22:05:15.663917+00:00,0.05,O,0,complete
2026-08-24T15:28:49.863340+00:00,8869,2026-08-29,UFC Fight Night: Nurmagomedov vs. Song,ufc,andre-lima-vs-namsrai-batbayar-80336,T2ZmZXJOb2RlOjEwMzY3NzQ3OQ==,T3V0Y29tZU5vZGU6Njc5MTAyNg==,Polymarket,exchange,DISTANCE,A_4,A_2,Fight goes the distance,Fight ends inside distance,,,Fight to Go the Distance? - Yes,,0,-2400,-3233,-1329,-4900,2026-08-24T15:25:34.357585+00:00,2026-08-15T22:14:29.879254+00:00,0.05,O,0,complete
2026-08-24T15:28:49.863340+00:00,8869,2026-08-29,UFC Fight Night: Nurmagomedov vs. Song,ufc,andre-lima-vs-namsrai-batbayar-80336,T2ZmZXJOb2RlOjEwMzY3NzQ3OQ==,T3V0Y29tZU5vZGU6Njc5MTAyNw==,Polymarket,exchange,DISTANCE,A_4,A_2,Fight goes the distance,Fight ends inside distance,,,Fight to Go the Distance? - No,,1,-1567,-3233,-1567,-4900,2026-08-24T15:25:34.357585+00:00,2026-08-15T22:14:29.879254+00:00,0.05,O,0,complete
2026-08-24T15:28:49.863340+00:00,8869,2026-08-29,UFC Fight Night: Nurmagomedov vs. Song,ufc,rei-tsuruya-vs-kevin-borjas-79779,T2ZmZXJOb2RlOjEwMzY3NzQ4Mw==,T3V0Y29tZU5vZGU6Njc5MTAzNA==,Polymarket,exchange,DISTANCE,A_4,A_2,Fight goes the distance,Fight ends inside distance,,,Fight to Go the Distance? - Yes,,0,-1329,-3233,-1329,-9900,2026-08-24T15:25:34.417548+00:00,2026-08-15T22:14:29.936510+00:00,0.05,O,0,complete
2026-08-24T15:28:49.863340+00:00,8869,2026-08-29,UFC Fight Night: Nurmagomedov vs. Song,ufc,rei-tsuruya-vs-kevin-borjas-79779,T2ZmZXJOb2RlOjEwMzY3NzQ4Mw==,T3V0Y29tZU5vZGU6Njc5MTAzNQ==,Polymarket,exchange,DISTANCE,A_4,A_2,Fight goes the distance,Fight ends inside distance,,,Fight to Go the Distance? - No,,1,-2400,-3233,-1900,-9900,2026-08-24T15:25:34.417548+00:00,2026-08-15T22:14:29.936510+00:00,0.05,O,0,complete
2026-08-24T15:28:49.863340+00:00,8869,2026-08-29,UFC Fight Night: Nurmagomedov vs. Song,ufc,rei-tsuruya-vs-kevin-borjas-79779,T2ZmZXJOb2RlOjEwMzY3NzQ4NA==,T3V0Y29tZU5vZGU6Njc5MTAzNw==,Polymarket,exchange,OVERUNDER_1.5,A_4,A_1,Over 1.5 rounds,Under 1.5 rounds,,1.5,Under 1.5,,1,-1900,-3233,-1329,-4900,2026-08-24T15:25:34.428980+00:00,2026-08-15T22:14:29.954523+00:00,0.05,O,0,complete
2026-08-24T15:28:49.863340+00:00,8869,2026-08-29,UFC Fight Night: Nurmagomedov vs. Song,ufc,jack-jenkins-vs-sean-woodson-80520,T2ZmZXJOb2RlOjEwMzY3NzQ4MQ==,T3V0Y29tZU5vZGU6Njc5MTAzMA==,Polymarket,exchange,OVERUNDER_1.5,A_4,A_1,Over 1.5 rounds,Under 1.5 rounds,,1.5,Over 1.5,,0,-1567,-3233,-1329,-3233,2026-08-24T15:25:34.410447+00:00,2026-08-15T22:14:29.902691+00:00,0.05,O,0,complete
2026-08-24T15:28:49.863340+00:00,8869,2026-08-29,UFC Fight Night: Nurmagomedov vs. Song,ufc,jack-jenkins-vs-sean-woodson-80520,T2ZmZXJOb2RlOjEwMzY3NzQ2Mg==,T3V0Y29tZU5vZGU6Njc5MDk5Mw==,Polymarket,exchange,OVERUNDER_0.5,A_4,A_1,Over 0.5 rounds,Under 0.5 rounds,,0.5,Under 0.5,,1,-1329,-4900,-809,-4900,2026-08-24T15:25:34.408173+00:00,2026-08-15T22:05:16.216556+00:00,0.05,O,0,complete
2026-08-24T15:28:49.863340+00:00,8869,2026-08-29,UFC Fight Night: Nurmagomedov vs. Song,ufc,lawrence-lui-vs-hector-santiago-80953,T2ZmZXJOb2RlOjEwMzY5MDI4MQ==,T3V0Y29tZU5vZGU6NjgwNzc4Mg==,Polymarket,exchange,OVERUNDER_1.5,A_4,A_1,Over 1.5 rounds,Under 1.5 rounds,,1.5,Over 1.5,,0,-1329,-9900,-1150,-9900,2026-08-24T15:25:34.617599+00:00,2026-08-22T22:09:54.368043+00:00,0.05,O,0,complete
2026-08-24T15:28:49.863340+00:00,8869,2026-08-29,UFC Fight Night: Nurmagomedov vs. Song,ufc,lawrence-lui-vs-hector-santiago-80953,T2ZmZXJOb2RlOjEwMzY5MDI4MA==,T3V0Y29tZU5vZGU6NjgwNzc4MA==,Polymarket,exchange,OVERUNDER_0.5,A_4,A_1,Over 0.5 rounds,Under 0.5 rounds,,0.5,Over 0.5,,0,-1329,-4900,-1150,-4900,2026-08-24T15:25:34.615887+00:00,2026-08-22T22:09:54.353475+00:00,0.05,O,0,complete
2026-08-24T15:28:49.863340+00:00,8869,2026-08-29,UFC Fight Night: Nurmagomedov vs. Song,ufc,lawrence-lui-vs-hector-santiago-80953,T2ZmZXJOb2RlOjEwMzY5MDI4MA==,T3V0Y29tZU5vZGU6NjgwNzc4MQ==,Polymarket,exchange,OVERUNDER_0.5,A_4,A_1,Over 0.5 rounds,Under 0.5 rounds,,0.5,Under 0.5,,1,-1567,-4900,-1150,-4900,2026-08-24T15:25:34.615887+00:00,2026-08-22T22:09:54.353475+00:00,0.05,O,0,complete
2026-08-24T15:28:49.863340+00:00,8869,2026-08-29,UFC Fight Night: Nurmagomedov vs. Song,ufc,jingnan-xiong-vs-julia-polastri-80594,T2ZmZXJOb2RlOjEwMzY3NzQ4OA==,T3V0Y29tZU5vZGU6Njc5MTA0NA==,Polymarket,exchange,OVERUNDER_2.5,A_4,A_1,Over 2.5 rounds,Under 2.5 rounds,,2.5,Over 2.5,,0,-1567,-3233,-355,-4900,2026-08-24T15:25:34.451859+00:00,2026-08-15T22:14:30.023649+00:00,0.05,O,0,complete
2026-08-24T15:28:49.863340+00:00,8869,2026-08-29,UFC Fight Night: Nurmagomedov vs. Song,ufc,jingnan-xiong-vs-julia-polastri-80594,T2ZmZXJOb2RlOjEwMzY3NzQ4OA==,T3V0Y29tZU5vZGU6Njc5MTA0NQ==,Polymarket,exchange,OVERUNDER_2.5,A_4,A_1,Over 2.5 rounds,Under 2.5 rounds,,2.5,Under 2.5,,1,-1900,-3233,+133,-4900,2026-08-24T15:25:34.451859+00:00,2026-08-15T22:14:30.023649+00:00,0.05,O,0,complete
2026-08-24T15:28:49.863340+00:00,8869,2026-08-29,UFC Fight Night: Nurmagomedov vs. Song,ufc,jingnan-xiong-vs-julia-polastri-80594,T2ZmZXJOb2RlOjEwMzY3NzQ4Nw==,T3V0Y29tZU5vZGU6Njc5MTA0Mw==,Polymarket,exchange,OVERUNDER_1.5,A_4,A_1,Over 1.5 rounds,Under 1.5 rounds,,1.5,Under 1.5,,1,-1900,-3233,-900,-4900,2026-08-24T15:25:34.449490+00:00,2026-08-15T22:14:30.009371+00:00,0.05,O,0,complete
2026-08-24T15:28:49.863340+00:00,8869,2026-08-29,UFC Fight Night: Nurmagomedov vs. Song,ufc,jingnan-xiong-vs-julia-polastri-80594,T2ZmZXJOb2RlOjEwMzY3NzQ3Mg==,T3V0Y29tZU5vZGU6Njc5MTAxMg==,Polymarket,exchange,KO,A_5,A_13,wins by TKO/KO,doesn't win by TKO/KO,,2.0,Will Julia Polastri win by KO or TKO? - Yes,julia-polastri-39425,0,-1329,-4900,-525,-4900,2026-08-24T15:25:34.441273+00:00,2026-08-15T22:05:17.178253+00:00,0.05,O,0,complete
2026-08-24T15:28:49.863340+00:00,8869,2026-08-29,UFC Fight Night: Nurmagomedov vs. Song,ufc,jingnan-xiong-vs-julia-polastri-80594,T2ZmZXJOb2RlOjEwMzY3NzQ3Mg==,T3V0Y29tZU5vZGU6Njc5MTAxMw==,Polymarket,exchange,KO,A_5,A_13,wins by TKO/KO,doesn't win by TKO/KO,,2.0,Will Julia Polastri win by KO or TKO? - No,julia-polastri-39425,1,-1567,-4900,+400,-4900,2026-08-24T15:25:34.441273+00:00,2026-08-15T22:05:17.178253+00:00,0.05,O,0,complete
2026-08-24T15:28:49.863340+00:00,8869,2026-08-29,UFC Fight Night: Nurmagomedov vs. Song,ufc,jingnan-xiong-vs-julia-polastri-80594,T2ZmZXJOb2RlOjEwMzY3NzQ4Ng==,T3V0Y29tZU5vZGU6Njc5MTA0MA==,Polymarket,exchange,DISTANCE,A_4,A_2,Fight goes the distance,Fight ends inside distance,,,Fight to Go the Distance? - Yes,,0,-3233,-3233,-1329,-4900,2026-08-24T15:25:34.434706+00:00,2026-08-15T22:14:29.991355+00:00,0.05,O,0,complete
2026-08-24T15:28:49.863340+00:00,8869,2026-08-29,UFC Fight Night: Nurmagomedov vs. Song,ufc,jingnan-xiong-vs-julia-polastri-80594,T2ZmZXJOb2RlOjEwMzY3NzQ4Ng==,T3V0Y29tZU5vZGU6Njc5MTA0MQ==,Polymarket,exchange,DISTANCE,A_4,A_2,Fight goes the distance,Fight ends inside distance,,,Fight to Go the Distance? - No,,1,-3233,-3233,-1900,-4900,2026-08-24T15:25:34.434706+00:00,2026-08-15T22:14:29.991355+00:00,0.05,O,0,complete
2026-08-24T15:28:49.863340+00:00,8869,2026-08-29,UFC Fight Night: Nurmagomedov vs. Song,ufc,meng-ding-vs-cameron-nelson-80702,T2ZmZXJOb2RlOjEwMzY5MDI4NA==,T3V0Y29tZU5vZGU6NjgwNzc4OA==,Polymarket,exchange,DISTANCE,A_4,A_2,Fight goes the distance,Fight ends inside distance,,,Fight to Go the Distance? - Yes,,0,-1900,-2400,-1567,-2400,2026-08-24T15:25:34.625268+00:00,2026-08-22T22:09:54.414757+00:00,0.05,O,0,complete
2026-08-24T15:28:49.863340+00:00,8869,2026-08-29,UFC Fight Night: Nurmagomedov vs. Song,ufc,meng-ding-vs-cameron-nelson-80702,T2ZmZXJOb2RlOjEwMzY5MDI4NA==,T3V0Y29tZU5vZGU6NjgwNzc4OQ==,Polymarket,exchange,DISTANCE,A_4,A_2,Fight goes the distance,Fight ends inside distance,,,Fight to Go the Distance? - No,,1,-1567,-9900,-1567,-9900,2026-08-24T15:25:34.625268+00:00,2026-08-22T22:09:54.414757+00:00,0.05,O,0,complete
2026-08-24T15:28:49.863340+00:00,8869,2026-08-29,UFC Fight Night: Nurmagomedov vs. Song,ufc,meng-ding-vs-cameron-nelson-80702,T2ZmZXJOb2RlOjEwMzY5MDI5MA==,T3V0Y29tZU5vZGU6NjgwNzgwMA==,Polymarket,exchange,OVERUNDER_1.5,A_4,A_1,Over 1.5 rounds,Under 1.5 rounds,,1.5,Over 1.5,,0,-1900,-9900,-1329,-9900,2026-08-24T15:25:34.636276+00:00,2026-08-22T22:09:54.517817+00:00,0.05,O,0,complete
2026-08-24T15:28:49.863340+00:00,8869,2026-08-29,UFC Fight Night: Nurmagomedov vs. Song,ufc,meng-ding-vs-cameron-nelson-80702,T2ZmZXJOb2RlOjEwMzY5MDI5MA==,T3V0Y29tZU5vZGU6NjgwNzgwMQ==,Polymarket,exchange,OVERUNDER_1.5,A_4,A_1,Over 1.5 rounds,Under 1.5 rounds,,1.5,Under 1.5,,1,-1329,-9900,-1329,-9900,2026-08-24T15:25:34.636276+00:00,2026-08-22T22:09:54.517817+00:00,0.05,O,0,complete
2026-08-24T15:28:49.863340+00:00,8869,2026-08-29,UFC Fight Night: Nurmagomedov vs. Song,ufc,umar-nurmagomedov-vs-yadong-song-79649,T2ZmZXJOb2RlOjEwMzY3NzQwOA==,T3V0Y29tZU5vZGU6Njc5MDg4NA==,Polymarket,exchange,KO,A_5,A_13,wins by TKO/KO,doesn't win by TKO/KO,,2.0,Will Umar Nurmagomedov win by KO or TKO? - Yes,umar-nurmagomedov-28334,0,-614,-4900,-525,-4900,2026-08-24T15:25:34.249674+00:00,2026-08-15T22:05:12.495755+00:00,0.05,O,0,complete
2026-08-24T15:28:49.863340+00:00,8869,2026-08-29,UFC Fight Night: Nurmagomedov vs. Song,ufc,umar-nurmagomedov-vs-yadong-song-79649,T2ZmZXJOb2RlOjEwMzY3NzQwNw==,T3V0Y29tZU5vZGU6Njc5MDg4Mg==,Polymarket,exchange,KO,A_5,A_13,wins by TKO/KO,doesn't win by TKO/KO,,2.0,Will Song Yadong win by KO or TKO? - Yes,yadong-song-6805,0,-1567,-4900,-1329,-4900,2026-08-24T15:25:34.245855+00:00,2026-08-15T22:05:12.416206+00:00,0.05,O,0,complete
2026-08-24T15:28:49.863340+00:00,8869,2026-08-29,UFC Fight Night: Nurmagomedov vs. Song,ufc,umar-nurmagomedov-vs-yadong-song-79649,T2ZmZXJOb2RlOjEwMzY3NzQwNg==,T3V0Y29tZU5vZGU6Njc5MDg4MA==,Polymarket,exchange,END_KO,A_4,A_5,"Fight ends by KO, TKO or DQ","Fight doesn't end by KO, TKO or DQ",,,Will the fight be won by KO or TKO? - Yes,,0,-1900,-4900,-1567,-4900,2026-08-24T15:25:34.242184+00:00,2026-08-15T22:05:12.341441+00:00,0.05,O,0,complete
