poll_time,league_id,matchup_id,home,away,start_time,period,bet_type,side,line,american,is_alt,max_risk,currency_hint,cutoff_at,version
2026-10-01T00:00:14.388509+00:00,1624,1637148508,Alden Coria,Imanol Rodriguez,2026-10-03T21:00:00Z,0,ml,home,,128,0,2050,account_ccy,2026-10-03T21:00:00+00:00,3747689781
2026-10-01T00:00:14.388509+00:00,1624,1637148508,Alden Coria,Imanol Rodriguez,2026-10-03T21:00:00Z,0,ml,away,,-150,0,2050,account_ccy,2026-10-03T21:00:00+00:00,3747689781
2026-10-01T00:00:14.388509+00:00,1624,1637148508,Alden Coria,Imanol Rodriguez,2026-10-03T21:00:00Z,0,ou,over,2.5,-161,0,1025,account_ccy,2026-10-03T21:00:00+00:00,3747689781
2026-10-01T00:00:14.388509+00:00,1624,1637148508,Alden Coria,Imanol Rodriguez,2026-10-03T21:00:00Z,0,ou,under,2.5,132,0,1025,account_ccy,2026-10-03T21:00:00+00:00,3747689781
2026-10-01T00:00:14.388509+00:00,1624,1636035127,Wang Cong,Natalia Silva,2026-10-03T21:00:00Z,0,ml,home,,180,0,2050,account_ccy,2026-10-03T21:00:00+00:00,3747731481
2026-10-01T00:00:14.388509+00:00,1624,1636035127,Wang Cong,Natalia Silva,2026-10-03T21:00:00Z,0,ml,away,,-214,0,2050,account_ccy,2026-10-03T21:00:00+00:00,3747731481
2026-10-01T00:00:14.388509+00:00,1624,1636035127,Wang Cong,Natalia Silva,2026-10-03T21:00:00Z,0,ou,over,4.5,-299,0,1025,account_ccy,2026-10-03T21:00:00+00:00,3747731481
2026-10-01T00:00:14.388509+00:00,1624,1636035127,Wang Cong,Natalia Silva,2026-10-03T21:00:00Z,0,ou,under,4.5,236,0,1025,account_ccy,2026-10-03T21:00:00+00:00,3747731481
2026-10-01T00:00:14.388509+00:00,1624,1637148507,Roberto Soldic,Khaos Williams,2026-10-03T21:00:00Z,0,ml,home,,-252,0,2050,account_ccy,2026-10-03T21:00:00+00:00,3747679509
2026-10-01T00:00:14.388509+00:00,1624,1637148507,Roberto Soldic,Khaos Williams,2026-10-03T21:00:00Z,0,ml,away,,210,0,2050,account_ccy,2026-10-03T21:00:00+00:00,3747679509
2026-10-01T00:00:14.388509+00:00,1624,1637148507,Roberto Soldic,Khaos Williams,2026-10-03T21:00:00Z,0,ou,over,1.5,-101,0,1025,account_ccy,2026-10-03T21:00:00+00:00,3747679509
2026-10-01T00:00:14.388509+00:00,1624,1637148507,Roberto Soldic,Khaos Williams,2026-10-03T21:00:00Z,0,ou,under,1.5,-120,0,1025,account_ccy,2026-10-03T21:00:00+00:00,3747679509
2026-10-01T00:00:14.388509+00:00,1624,1637148811,Alexander Hernandez,Rafael Dos Anjos,2026-10-03T21:00:00Z,0,ml,home,,-286,0,2050,account_ccy,2026-10-03T21:00:00+00:00,3747655962
2026-10-01T00:00:14.388509+00:00,1624,1637148811,Alexander Hernandez,Rafael Dos Anjos,2026-10-03T21:00:00Z,0,ml,away,,236,0,2050,account_ccy,2026-10-03T21:00:00+00:00,3747655962
2026-10-01T00:00:14.388509+00:00,1624,1637148811,Alexander Hernandez,Rafael Dos Anjos,2026-10-03T21:00:00Z,0,ou,over,2.5,-146,0,1025,account_ccy,2026-10-03T21:00:00+00:00,3747655962
2026-10-01T00:00:14.388509+00:00,1624,1637148811,Alexander Hernandez,Rafael Dos Anjos,2026-10-03T21:00:00Z,0,ou,under,2.5,120,0,1025,account_ccy,2026-10-03T21:00:00+00:00,3747655962
2026-10-01T00:00:14.388509+00:00,1624,1637148510,Lucas Armand,Anthony Wint,2026-10-03T21:00:00Z,0,ml,home,,403,0,2050,account_ccy,2026-10-03T21:00:00+00:00,3747719189
2026-10-01T00:00:14.388509+00:00,1624,1637148510,Lucas Armand,Anthony Wint,2026-10-03T21:00:00Z,0,ml,away,,-524,0,2050,account_ccy,2026-10-03T21:00:00+00:00,3747719189
2026-10-01T00:00:14.388509+00:00,1624,1637148510,Lucas Armand,Anthony Wint,2026-10-03T21:00:00Z,0,ou,over,1.5,185,0,1025,account_ccy,2026-10-03T21:00:00+00:00,3747719189
2026-10-01T00:00:14.388509+00:00,1624,1637148510,Lucas Armand,Anthony Wint,2026-10-03T21:00:00Z,0,ou,under,1.5,-230,0,1025,account_ccy,2026-10-03T21:00:00+00:00,3747719189
2026-10-01T00:00:14.388509+00:00,1624,1636035128,Payton Talbott,Deiveson Figueiredo,2026-10-03T21:00:00Z,0,ml,home,,-670,0,2050,account_ccy,2026-10-03T21:00:00+00:00,3747730084
2026-10-01T00:00:14.388509+00:00,1624,1636035128,Payton Talbott,Deiveson Figueiredo,2026-10-03T21:00:00Z,0,ml,away,,494,0,2050,account_ccy,2026-10-03T21:00:00+00:00,3747730084
2026-10-01T00:00:14.388509+00:00,1624,1636035128,Payton Talbott,Deiveson Figueiredo,2026-10-03T21:00:00Z,0,ou,over,2.5,-122,0,1025,account_ccy,2026-10-03T21:00:00+00:00,3747730084
2026-10-01T00:00:14.388509+00:00,1624,1636035128,Payton Talbott,Deiveson Figueiredo,2026-10-03T21:00:00Z,0,ou,under,2.5,100,0,1025,account_ccy,2026-10-03T21:00:00+00:00,3747730084
2026-10-01T00:00:14.388509+00:00,1624,1637148802,Esteban Ribovics,King Green,2026-10-03T21:00:00Z,0,ml,home,,-233,0,2050,account_ccy,2026-10-03T21:00:00+00:00,3747589100
2026-10-01T00:00:14.388509+00:00,1624,1637148802,Esteban Ribovics,King Green,2026-10-03T21:00:00Z,0,ml,away,,195,0,2050,account_ccy,2026-10-03T21:00:00+00:00,3747589100
2026-10-01T00:00:14.388509+00:00,1624,1637148802,Esteban Ribovics,King Green,2026-10-03T21:00:00Z,0,ou,over,1.5,-198,0,1025,account_ccy,2026-10-03T21:00:00+00:00,3747589100
2026-10-01T00:00:14.388509+00:00,1624,1637148802,Esteban Ribovics,King Green,2026-10-03T21:00:00Z,0,ou,under,1.5,161,0,1025,account_ccy,2026-10-03T21:00:00+00:00,3747589100
2026-10-01T00:00:14.388509+00:00,1624,1637148806,Andrey Pulyaev,Damian Pinas,2026-10-03T21:00:00Z,0,ml,home,,443,0,2050,account_ccy,2026-10-03T21:00:00+00:00,3747719189
2026-10-01T00:00:14.388509+00:00,1624,1637148806,Andrey Pulyaev,Damian Pinas,2026-10-03T21:00:00Z,0,ml,away,,-586,0,2050,account_ccy,2026-10-03T21:00:00+00:00,3747719189
2026-10-01T00:00:14.388509+00:00,1624,1637148806,Andrey Pulyaev,Damian Pinas,2026-10-03T21:00:00Z,0,ou,over,1.5,104,0,1025,account_ccy,2026-10-03T21:00:00+00:00,3747719189
2026-10-01T00:00:14.388509+00:00,1624,1637148806,Andrey Pulyaev,Damian Pinas,2026-10-03T21:00:00Z,0,ou,under,1.5,-126,0,1025,account_ccy,2026-10-03T21:00:00+00:00,3747719189
2026-10-01T00:00:14.388509+00:00,1624,1637148801,Josh Hokit,Ciryl Gane,2026-11-14T22:00:00Z,0,ml,home,,213,0,2050,account_ccy,2026-11-14T22:00:00+00:00,3747216075
2026-10-01T00:00:14.388509+00:00,1624,1637148801,Josh Hokit,Ciryl Gane,2026-11-14T22:00:00Z,0,ml,away,,-256,0,2050,account_ccy,2026-11-14T22:00:00+00:00,3747216075
2026-10-01T00:00:14.388509+00:00,1624,1637148805,Roman Kopylov,Ateba Gautier,2026-10-03T21:00:00Z,0,ml,home,,185,0,2050,account_ccy,2026-10-03T21:00:00+00:00,3747053007
2026-10-01T00:00:14.388509+00:00,1624,1637148805,Roman Kopylov,Ateba Gautier,2026-10-03T21:00:00Z,0,ml,away,,-220,0,2050,account_ccy,2026-10-03T21:00:00+00:00,3747053007
2026-10-01T00:00:14.388509+00:00,1624,1637148805,Roman Kopylov,Ateba Gautier,2026-10-03T21:00:00Z,0,ou,over,1.5,-164,0,1025,account_ccy,2026-10-03T21:00:00+00:00,3747053007
2026-10-01T00:00:14.388509+00:00,1624,1637148805,Roman Kopylov,Ateba Gautier,2026-10-03T21:00:00Z,0,ou,under,1.5,134,0,1025,account_ccy,2026-10-03T21:00:00+00:00,3747053007
2026-10-01T00:00:14.388509+00:00,1624,1637146542,Mick Parkin,Johnny Walker,2026-10-03T21:00:00Z,0,ml,home,,116,0,2050,account_ccy,2026-10-03T21:00:00+00:00,3746820817
2026-10-01T00:00:14.388509+00:00,1624,1637146542,Mick Parkin,Johnny Walker,2026-10-03T21:00:00Z,0,ml,away,,-136,0,2050,account_ccy,2026-10-03T21:00:00+00:00,3746820817
2026-10-01T00:00:14.388509+00:00,1624,1637146542,Mick Parkin,Johnny Walker,2026-10-03T21:00:00Z,0,ou,over,1.5,-190,0,1025,account_ccy,2026-10-03T21:00:00+00:00,3746820817
2026-10-01T00:00:14.388509+00:00,1624,1637146542,Mick Parkin,Johnny Walker,2026-10-03T21:00:00Z,0,ou,under,1.5,155,0,1025,account_ccy,2026-10-03T21:00:00+00:00,3746820817
2026-10-01T00:00:14.388509+00:00,1624,1637151310,Ismail Naurdiev,Marvin Vettori,2026-10-03T21:00:00Z,0,ml,home,,-132,0,2050,account_ccy,2026-10-03T21:00:00+00:00,3747722609
2026-10-01T00:00:14.388509+00:00,1624,1637151310,Ismail Naurdiev,Marvin Vettori,2026-10-03T21:00:00Z,0,ml,away,,113,0,2050,account_ccy,2026-10-03T21:00:00+00:00,3747722609
2026-10-01T00:00:14.388509+00:00,1624,1637151310,Ismail Naurdiev,Marvin Vettori,2026-10-03T21:00:00Z,0,ou,over,2.5,-206,0,1025,account_ccy,2026-10-03T21:00:00+00:00,3747722609
2026-10-01T00:00:14.388509+00:00,1624,1637151310,Ismail Naurdiev,Marvin Vettori,2026-10-03T21:00:00Z,0,ou,under,2.5,167,0,1025,account_ccy,2026-10-03T21:00:00+00:00,3747722609
2026-10-01T00:00:14.388509+00:00,1624,1635385021,Movsar Evloev,Alexander Volkanovski,2026-10-24T14:00:00Z,0,ml,home,,-110,0,2050,account_ccy,2026-10-24T14:00:00+00:00,3746976945
2026-10-01T00:00:14.388509+00:00,1624,1635385021,Movsar Evloev,Alexander Volkanovski,2026-10-24T14:00:00Z,0,ml,away,,-106,0,2050,account_ccy,2026-10-24T14:00:00+00:00,3746976945
2026-10-01T00:00:14.388509+00:00,1624,1637388045,Bruce Whitehead,Jacobe Smith,2026-10-03T21:00:00Z,0,ml,home,,701,0,2050,account_ccy,2026-10-03T21:00:00+00:00,3747719189
2026-10-01T00:00:14.388509+00:00,1624,1637388045,Bruce Whitehead,Jacobe Smith,2026-10-03T21:00:00Z,0,ml,away,,-1058,0,2050,account_ccy,2026-10-03T21:00:00+00:00,3747719189
2026-10-01T00:00:14.388509+00:00,1624,1637388045,Bruce Whitehead,Jacobe Smith,2026-10-03T21:00:00Z,0,ou,over,1.5,215,0,1025,account_ccy,2026-10-03T21:00:00+00:00,3747719189
2026-10-01T00:00:14.388509+00:00,1624,1637388045,Bruce Whitehead,Jacobe Smith,2026-10-03T21:00:00Z,0,ou,under,1.5,-270,0,1025,account_ccy,2026-10-03T21:00:00+00:00,3747719189
2026-10-01T00:00:14.388509+00:00,1624,1637148816,Eric Nolan,Court McGee,2026-10-03T21:00:00Z,0,ml,home,,-224,0,2050,account_ccy,2026-10-03T21:00:00+00:00,3747710526
2026-10-01T00:00:14.388509+00:00,1624,1637148816,Eric Nolan,Court McGee,2026-10-03T21:00:00Z,0,ml,away,,188,0,2050,account_ccy,2026-10-03T21:00:00+00:00,3747710526
2026-10-01T00:00:14.388509+00:00,1624,1637148816,Eric Nolan,Court McGee,2026-10-03T21:00:00Z,0,ou,over,2.5,-110,0,1025,account_ccy,2026-10-03T21:00:00+00:00,3747710526
2026-10-01T00:00:14.388509+00:00,1624,1637148816,Eric Nolan,Court McGee,2026-10-03T21:00:00Z,0,ou,under,2.5,-110,0,1025,account_ccy,2026-10-03T21:00:00+00:00,3747710526
2026-10-01T00:00:14.388509+00:00,1624,1637543552,Anthony Romero,Marcus McGhee,2026-10-03T22:45:00Z,0,ml,home,,354,0,950,account_ccy,2026-10-03T22:45:00+00:00,3747705468
2026-10-01T00:00:14.388509+00:00,1624,1637543552,Anthony Romero,Marcus McGhee,2026-10-03T22:45:00Z,0,ml,away,,-450,0,950,account_ccy,2026-10-03T22:45:00+00:00,3747705468
2026-10-01T00:00:14.388509+00:00,1624,1637543552,Anthony Romero,Marcus McGhee,2026-10-03T22:45:00Z,0,ou,over,1.5,-210,0,475,account_ccy,2026-10-03T22:45:00+00:00,3747705468
2026-10-01T00:00:14.388509+00:00,1624,1637543552,Anthony Romero,Marcus McGhee,2026-10-03T22:45:00Z,0,ou,under,1.5,170,0,475,account_ccy,2026-10-03T22:45:00+00:00,3747705468
2026-10-01T00:00:14.388509+00:00,1624,1635389131,Merab Dvalishvili,Petr Yan,2026-10-24T14:00:00Z,0,ml,home,,150,0,2050,account_ccy,2026-10-24T14:00:00+00:00,3746735253
2026-10-01T00:00:14.388509+00:00,1624,1635389131,Merab Dvalishvili,Petr Yan,2026-10-24T14:00:00Z,0,ml,away,,-176,0,2050,account_ccy,2026-10-24T14:00:00+00:00,3746735253
2026-10-01T00:00:14.388509+00:00,1624,1637148505,Amanda Nunes,Kayla Harrison,2026-11-14T22:00:00Z,0,ml,home,,159,0,2050,account_ccy,2026-11-14T22:00:00+00:00,3737735666
2026-10-01T00:00:14.388509+00:00,1624,1637148505,Amanda Nunes,Kayla Harrison,2026-11-14T22:00:00Z,0,ml,away,,-188,0,2050,account_ccy,2026-11-14T22:00:00+00:00,3737735666
2026-10-01T00:10:26.066772+00:00,1624,1637148510,Lucas Armand,Anthony Wint,2026-10-03T21:00:00Z,0,ml,home,,403,0,2050,account_ccy,2026-10-03T21:00:00+00:00,3747719189
2026-10-01T00:10:26.066772+00:00,1624,1637148510,Lucas Armand,Anthony Wint,2026-10-03T21:00:00Z,0,ml,away,,-524,0,2050,account_ccy,2026-10-03T21:00:00+00:00,3747719189
2026-10-01T00:10:26.066772+00:00,1624,1637148510,Lucas Armand,Anthony Wint,2026-10-03T21:00:00Z,0,ou,over,1.5,185,0,1025,account_ccy,2026-10-03T21:00:00+00:00,3747719189
2026-10-01T00:10:26.066772+00:00,1624,1637148510,Lucas Armand,Anthony Wint,2026-10-03T21:00:00Z,0,ou,under,1.5,-230,0,1025,account_ccy,2026-10-03T21:00:00+00:00,3747719189
2026-10-01T00:10:26.066772+00:00,1624,1635385021,Movsar Evloev,Alexander Volkanovski,2026-10-24T14:00:00Z,0,ml,home,,-110,0,2050,account_ccy,2026-10-24T14:00:00+00:00,3746976945
2026-10-01T00:10:26.066772+00:00,1624,1635385021,Movsar Evloev,Alexander Volkanovski,2026-10-24T14:00:00Z,0,ml,away,,-106,0,2050,account_ccy,2026-10-24T14:00:00+00:00,3746976945
2026-10-01T00:10:26.066772+00:00,1624,1637388045,Bruce Whitehead,Jacobe Smith,2026-10-03T21:00:00Z,0,ml,home,,701,0,2050,account_ccy,2026-10-03T21:00:00+00:00,3747719189
2026-10-01T00:10:26.066772+00:00,1624,1637388045,Bruce Whitehead,Jacobe Smith,2026-10-03T21:00:00Z,0,ml,away,,-1058,0,2050,account_ccy,2026-10-03T21:00:00+00:00,3747719189
2026-10-01T00:10:26.066772+00:00,1624,1637388045,Bruce Whitehead,Jacobe Smith,2026-10-03T21:00:00Z,0,ou,over,1.5,215,0,1025,account_ccy,2026-10-03T21:00:00+00:00,3747719189
2026-10-01T00:10:26.066772+00:00,1624,1637388045,Bruce Whitehead,Jacobe Smith,2026-10-03T21:00:00Z,0,ou,under,1.5,-270,0,1025,account_ccy,2026-10-03T21:00:00+00:00,3747719189
2026-10-01T00:10:26.066772+00:00,1624,1636035128,Payton Talbott,Deiveson Figueiredo,2026-10-03T21:00:00Z,0,ml,home,,-670,0,2050,account_ccy,2026-10-03T21:00:00+00:00,3747730084
2026-10-01T00:10:26.066772+00:00,1624,1636035128,Payton Talbott,Deiveson Figueiredo,2026-10-03T21:00:00Z,0,ml,away,,494,0,2050,account_ccy,2026-10-03T21:00:00+00:00,3747730084
2026-10-01T00:10:26.066772+00:00,1624,1636035128,Payton Talbott,Deiveson Figueiredo,2026-10-03T21:00:00Z,0,ou,over,2.5,-122,0,1025,account_ccy,2026-10-03T21:00:00+00:00,3747730084
2026-10-01T00:10:26.066772+00:00,1624,1636035128,Payton Talbott,Deiveson Figueiredo,2026-10-03T21:00:00Z,0,ou,under,2.5,100,0,1025,account_ccy,2026-10-03T21:00:00+00:00,3747730084
2026-10-01T00:10:26.066772+00:00,1624,1637148802,Esteban Ribovics,King Green,2026-10-03T21:00:00Z,0,ml,home,,-233,0,2050,account_ccy,2026-10-03T21:00:00+00:00,3747589100
2026-10-01T00:10:26.066772+00:00,1624,1637148802,Esteban Ribovics,King Green,2026-10-03T21:00:00Z,0,ml,away,,195,0,2050,account_ccy,2026-10-03T21:00:00+00:00,3747589100
2026-10-01T00:10:26.066772+00:00,1624,1637148802,Esteban Ribovics,King Green,2026-10-03T21:00:00Z,0,ou,over,1.5,-198,0,1025,account_ccy,2026-10-03T21:00:00+00:00,3747589100
2026-10-01T00:10:26.066772+00:00,1624,1637148802,Esteban Ribovics,King Green,2026-10-03T21:00:00Z,0,ou,under,1.5,161,0,1025,account_ccy,2026-10-03T21:00:00+00:00,3747589100
2026-10-01T00:10:26.066772+00:00,1624,1637148507,Roberto Soldic,Khaos Williams,2026-10-03T21:00:00Z,0,ml,home,,-252,0,2050,account_ccy,2026-10-03T21:00:00+00:00,3747679509
2026-10-01T00:10:26.066772+00:00,1624,1637148507,Roberto Soldic,Khaos Williams,2026-10-03T21:00:00Z,0,ml,away,,210,0,2050,account_ccy,2026-10-03T21:00:00+00:00,3747679509
2026-10-01T00:10:26.066772+00:00,1624,1637148507,Roberto Soldic,Khaos Williams,2026-10-03T21:00:00Z,0,ou,over,1.5,-101,0,1025,account_ccy,2026-10-03T21:00:00+00:00,3747679509
2026-10-01T00:10:26.066772+00:00,1624,1637148507,Roberto Soldic,Khaos Williams,2026-10-03T21:00:00Z,0,ou,under,1.5,-120,0,1025,account_ccy,2026-10-03T21:00:00+00:00,3747679509
2026-10-01T00:10:26.066772+00:00,1624,1637146542,Mick Parkin,Johnny Walker,2026-10-03T21:00:00Z,0,ml,home,,116,0,2050,account_ccy,2026-10-03T21:00:00+00:00,3746820817
2026-10-01T00:10:26.066772+00:00,1624,1637146542,Mick Parkin,Johnny Walker,2026-10-03T21:00:00Z,0,ml,away,,-136,0,2050,account_ccy,2026-10-03T21:00:00+00:00,3746820817
2026-10-01T00:10:26.066772+00:00,1624,1637146542,Mick Parkin,Johnny Walker,2026-10-03T21:00:00Z,0,ou,over,1.5,-190,0,1025,account_ccy,2026-10-03T21:00:00+00:00,3746820817
2026-10-01T00:10:26.066772+00:00,1624,1637146542,Mick Parkin,Johnny Walker,2026-10-03T21:00:00Z,0,ou,under,1.5,155,0,1025,account_ccy,2026-10-03T21:00:00+00:00,3746820817
2026-10-01T00:10:26.066772+00:00,1624,1637148505,Amanda Nunes,Kayla Harrison,2026-11-14T22:00:00Z,0,ml,home,,159,0,2050,account_ccy,2026-11-14T22:00:00+00:00,3737735666
2026-10-01T00:10:26.066772+00:00,1624,1637148505,Amanda Nunes,Kayla Harrison,2026-11-14T22:00:00Z,0,ml,away,,-188,0,2050,account_ccy,2026-11-14T22:00:00+00:00,3737735666
2026-10-01T00:10:26.066772+00:00,1624,1637148805,Roman Kopylov,Ateba Gautier,2026-10-03T21:00:00Z,0,ml,home,,185,0,2050,account_ccy,2026-10-03T21:00:00+00:00,3747053007
2026-10-01T00:10:26.066772+00:00,1624,1637148805,Roman Kopylov,Ateba Gautier,2026-10-03T21:00:00Z,0,ml,away,,-220,0,2050,account_ccy,2026-10-03T21:00:00+00:00,3747053007
2026-10-01T00:10:26.066772+00:00,1624,1637148805,Roman Kopylov,Ateba Gautier,2026-10-03T21:00:00Z,0,ou,over,1.5,-164,0,1025,account_ccy,2026-10-03T21:00:00+00:00,3747053007
2026-10-01T00:10:26.066772+00:00,1624,1637148805,Roman Kopylov,Ateba Gautier,2026-10-03T21:00:00Z,0,ou,under,1.5,134,0,1025,account_ccy,2026-10-03T21:00:00+00:00,3747053007
2026-10-01T00:10:26.066772+00:00,1624,1637151310,Ismail Naurdiev,Marvin Vettori,2026-10-03T21:00:00Z,0,ml,home,,-132,0,2050,account_ccy,2026-10-03T21:00:00+00:00,3747722609
2026-10-01T00:10:26.066772+00:00,1624,1637151310,Ismail Naurdiev,Marvin Vettori,2026-10-03T21:00:00Z,0,ml,away,,113,0,2050,account_ccy,2026-10-03T21:00:00+00:00,3747722609
2026-10-01T00:10:26.066772+00:00,1624,1637151310,Ismail Naurdiev,Marvin Vettori,2026-10-03T21:00:00Z,0,ou,over,2.5,-206,0,1025,account_ccy,2026-10-03T21:00:00+00:00,3747722609
2026-10-01T00:10:26.066772+00:00,1624,1637151310,Ismail Naurdiev,Marvin Vettori,2026-10-03T21:00:00Z,0,ou,under,2.5,167,0,1025,account_ccy,2026-10-03T21:00:00+00:00,3747722609
2026-10-01T00:10:26.066772+00:00,1624,1637148508,Alden Coria,Imanol Rodriguez,2026-10-03T21:00:00Z,0,ml,home,,128,0,2050,account_ccy,2026-10-03T21:00:00+00:00,3747689781
2026-10-01T00:10:26.066772+00:00,1624,1637148508,Alden Coria,Imanol Rodriguez,2026-10-03T21:00:00Z,0,ml,away,,-150,0,2050,account_ccy,2026-10-03T21:00:00+00:00,3747689781
2026-10-01T00:10:26.066772+00:00,1624,1637148508,Alden Coria,Imanol Rodriguez,2026-10-03T21:00:00Z,0,ou,over,2.5,-161,0,1025,account_ccy,2026-10-03T21:00:00+00:00,3747689781
2026-10-01T00:10:26.066772+00:00,1624,1637148508,Alden Coria,Imanol Rodriguez,2026-10-03T21:00:00Z,0,ou,under,2.5,132,0,1025,account_ccy,2026-10-03T21:00:00+00:00,3747689781
2026-10-01T00:10:26.066772+00:00,1624,1637148811,Alexander Hernandez,Rafael Dos Anjos,2026-10-03T21:00:00Z,0,ml,home,,-286,0,2050,account_ccy,2026-10-03T21:00:00+00:00,3747655962
2026-10-01T00:10:26.066772+00:00,1624,1637148811,Alexander Hernandez,Rafael Dos Anjos,2026-10-03T21:00:00Z,0,ml,away,,236,0,2050,account_ccy,2026-10-03T21:00:00+00:00,3747655962
2026-10-01T00:10:26.066772+00:00,1624,1637148811,Alexander Hernandez,Rafael Dos Anjos,2026-10-03T21:00:00Z,0,ou,over,2.5,-146,0,1025,account_ccy,2026-10-03T21:00:00+00:00,3747655962
2026-10-01T00:10:26.066772+00:00,1624,1637148811,Alexander Hernandez,Rafael Dos Anjos,2026-10-03T21:00:00Z,0,ou,under,2.5,120,0,1025,account_ccy,2026-10-03T21:00:00+00:00,3747655962
2026-10-01T00:10:26.066772+00:00,1624,1637148816,Eric Nolan,Court McGee,2026-10-03T21:00:00Z,0,ml,home,,-224,0,2050,account_ccy,2026-10-03T21:00:00+00:00,3747710526
2026-10-01T00:10:26.066772+00:00,1624,1637148816,Eric Nolan,Court McGee,2026-10-03T21:00:00Z,0,ml,away,,188,0,2050,account_ccy,2026-10-03T21:00:00+00:00,3747710526
2026-10-01T00:10:26.066772+00:00,1624,1637148816,Eric Nolan,Court McGee,2026-10-03T21:00:00Z,0,ou,over,2.5,-110,0,1025,account_ccy,2026-10-03T21:00:00+00:00,3747710526
2026-10-01T00:10:26.066772+00:00,1624,1637148816,Eric Nolan,Court McGee,2026-10-03T21:00:00Z,0,ou,under,2.5,-110,0,1025,account_ccy,2026-10-03T21:00:00+00:00,3747710526
2026-10-01T00:10:26.066772+00:00,1624,1637543552,Anthony Romero,Marcus McGhee,2026-10-03T22:45:00Z,0,ml,home,,354,0,950,account_ccy,2026-10-03T22:45:00+00:00,3747705468
2026-10-01T00:10:26.066772+00:00,1624,1637543552,Anthony Romero,Marcus McGhee,2026-10-03T22:45:00Z,0,ml,away,,-450,0,950,account_ccy,2026-10-03T22:45:00+00:00,3747705468
2026-10-01T00:10:26.066772+00:00,1624,1637543552,Anthony Romero,Marcus McGhee,2026-10-03T22:45:00Z,0,ou,over,1.5,-210,0,475,account_ccy,2026-10-03T22:45:00+00:00,3747705468
2026-10-01T00:10:26.066772+00:00,1624,1637543552,Anthony Romero,Marcus McGhee,2026-10-03T22:45:00Z,0,ou,under,1.5,170,0,475,account_ccy,2026-10-03T22:45:00+00:00,3747705468
2026-10-01T00:10:26.066772+00:00,1624,1635389131,Merab Dvalishvili,Petr Yan,2026-10-24T14:00:00Z,0,ml,home,,150,0,2050,account_ccy,2026-10-24T14:00:00+00:00,3746735253
2026-10-01T00:10:26.066772+00:00,1624,1635389131,Merab Dvalishvili,Petr Yan,2026-10-24T14:00:00Z,0,ml,away,,-176,0,2050,account_ccy,2026-10-24T14:00:00+00:00,3746735253
2026-10-01T00:10:26.066772+00:00,1624,1636035127,Wang Cong,Natalia Silva,2026-10-03T21:00:00Z,0,ml,home,,180,0,2050,account_ccy,2026-10-03T21:00:00+00:00,3747731481
2026-10-01T00:10:26.066772+00:00,1624,1636035127,Wang Cong,Natalia Silva,2026-10-03T21:00:00Z,0,ml,away,,-214,0,2050,account_ccy,2026-10-03T21:00:00+00:00,3747731481
2026-10-01T00:10:26.066772+00:00,1624,1636035127,Wang Cong,Natalia Silva,2026-10-03T21:00:00Z,0,ou,over,4.5,-299,0,1025,account_ccy,2026-10-03T21:00:00+00:00,3747731481
2026-10-01T00:10:26.066772+00:00,1624,1636035127,Wang Cong,Natalia Silva,2026-10-03T21:00:00Z,0,ou,under,4.5,236,0,1025,account_ccy,2026-10-03T21:00:00+00:00,3747731481
2026-10-01T00:10:26.066772+00:00,1624,1637148806,Andrey Pulyaev,Damian Pinas,2026-10-03T21:00:00Z,0,ml,home,,443,0,2050,account_ccy,2026-10-03T21:00:00+00:00,3747719189
2026-10-01T00:10:26.066772+00:00,1624,1637148806,Andrey Pulyaev,Damian Pinas,2026-10-03T21:00:00Z,0,ml,away,,-586,0,2050,account_ccy,2026-10-03T21:00:00+00:00,3747719189
2026-10-01T00:10:26.066772+00:00,1624,1637148806,Andrey Pulyaev,Damian Pinas,2026-10-03T21:00:00Z,0,ou,over,1.5,104,0,1025,account_ccy,2026-10-03T21:00:00+00:00,3747719189
2026-10-01T00:10:26.066772+00:00,1624,1637148806,Andrey Pulyaev,Damian Pinas,2026-10-03T21:00:00Z,0,ou,under,1.5,-126,0,1025,account_ccy,2026-10-03T21:00:00+00:00,3747719189
2026-10-01T00:10:26.066772+00:00,1624,1637148801,Josh Hokit,Ciryl Gane,2026-11-14T22:00:00Z,0,ml,home,,213,0,2050,account_ccy,2026-11-14T22:00:00+00:00,3747216075
2026-10-01T00:10:26.066772+00:00,1624,1637148801,Josh Hokit,Ciryl Gane,2026-11-14T22:00:00Z,0,ml,away,,-256,0,2050,account_ccy,2026-11-14T22:00:00+00:00,3747216075
2026-10-01T00:20:37.000996+00:00,1624,1636035127,Wang Cong,Natalia Silva,2026-10-03T21:00:00Z,0,ml,home,,180,0,2050,account_ccy,2026-10-03T21:00:00+00:00,3747731481
2026-10-01T00:20:37.000996+00:00,1624,1636035127,Wang Cong,Natalia Silva,2026-10-03T21:00:00Z,0,ml,away,,-214,0,2050,account_ccy,2026-10-03T21:00:00+00:00,3747731481
2026-10-01T00:20:37.000996+00:00,1624,1636035127,Wang Cong,Natalia Silva,2026-10-03T21:00:00Z,0,ou,over,4.5,-299,0,1025,account_ccy,2026-10-03T21:00:00+00:00,3747731481
2026-10-01T00:20:37.000996+00:00,1624,1636035127,Wang Cong,Natalia Silva,2026-10-03T21:00:00Z,0,ou,under,4.5,236,0,1025,account_ccy,2026-10-03T21:00:00+00:00,3747731481
2026-10-01T00:20:37.000996+00:00,1624,1637148802,Esteban Ribovics,King Green,2026-10-03T21:00:00Z,0,ml,home,,-233,0,2050,account_ccy,2026-10-03T21:00:00+00:00,3747589100
2026-10-01T00:20:37.000996+00:00,1624,1637148802,Esteban Ribovics,King Green,2026-10-03T21:00:00Z,0,ml,away,,195,0,2050,account_ccy,2026-10-03T21:00:00+00:00,3747589100
2026-10-01T00:20:37.000996+00:00,1624,1637148802,Esteban Ribovics,King Green,2026-10-03T21:00:00Z,0,ou,over,1.5,-198,0,1025,account_ccy,2026-10-03T21:00:00+00:00,3747589100
2026-10-01T00:20:37.000996+00:00,1624,1637148802,Esteban Ribovics,King Green,2026-10-03T21:00:00Z,0,ou,under,1.5,161,0,1025,account_ccy,2026-10-03T21:00:00+00:00,3747589100
2026-10-01T00:20:37.000996+00:00,1624,1637148801,Josh Hokit,Ciryl Gane,2026-11-14T22:00:00Z,0,ml,home,,213,0,2050,account_ccy,2026-11-14T22:00:00+00:00,3747216075
2026-10-01T00:20:37.000996+00:00,1624,1637148801,Josh Hokit,Ciryl Gane,2026-11-14T22:00:00Z,0,ml,away,,-256,0,2050,account_ccy,2026-11-14T22:00:00+00:00,3747216075
2026-10-01T00:20:37.000996+00:00,1624,1637146542,Mick Parkin,Johnny Walker,2026-10-03T21:00:00Z,0,ml,home,,116,0,2050,account_ccy,2026-10-03T21:00:00+00:00,3746820817
2026-10-01T00:20:37.000996+00:00,1624,1637146542,Mick Parkin,Johnny Walker,2026-10-03T21:00:00Z,0,ml,away,,-136,0,2050,account_ccy,2026-10-03T21:00:00+00:00,3746820817
2026-10-01T00:20:37.000996+00:00,1624,1637146542,Mick Parkin,Johnny Walker,2026-10-03T21:00:00Z,0,ou,over,1.5,-190,0,1025,account_ccy,2026-10-03T21:00:00+00:00,3746820817
2026-10-01T00:20:37.000996+00:00,1624,1637146542,Mick Parkin,Johnny Walker,2026-10-03T21:00:00Z,0,ou,under,1.5,155,0,1025,account_ccy,2026-10-03T21:00:00+00:00,3746820817
2026-10-01T00:20:37.000996+00:00,1624,1636035128,Payton Talbott,Deiveson Figueiredo,2026-10-03T21:00:00Z,0,ml,home,,-670,0,2050,account_ccy,2026-10-03T21:00:00+00:00,3747730084
2026-10-01T00:20:37.000996+00:00,1624,1636035128,Payton Talbott,Deiveson Figueiredo,2026-10-03T21:00:00Z,0,ml,away,,494,0,2050,account_ccy,2026-10-03T21:00:00+00:00,3747730084
2026-10-01T00:20:37.000996+00:00,1624,1636035128,Payton Talbott,Deiveson Figueiredo,2026-10-03T21:00:00Z,0,ou,over,2.5,-122,0,1025,account_ccy,2026-10-03T21:00:00+00:00,3747730084
2026-10-01T00:20:37.000996+00:00,1624,1636035128,Payton Talbott,Deiveson Figueiredo,2026-10-03T21:00:00Z,0,ou,under,2.5,100,0,1025,account_ccy,2026-10-03T21:00:00+00:00,3747730084
2026-10-01T00:20:37.000996+00:00,1624,1635389131,Merab Dvalishvili,Petr Yan,2026-10-24T14:00:00Z,0,ml,home,,150,0,2050,account_ccy,2026-10-24T14:00:00+00:00,3746735253
2026-10-01T00:20:37.000996+00:00,1624,1635389131,Merab Dvalishvili,Petr Yan,2026-10-24T14:00:00Z,0,ml,away,,-176,0,2050,account_ccy,2026-10-24T14:00:00+00:00,3746735253
2026-10-01T00:20:37.000996+00:00,1624,1637148505,Amanda Nunes,Kayla Harrison,2026-11-14T22:00:00Z,0,ml,home,,159,0,2050,account_ccy,2026-11-14T22:00:00+00:00,3737735666
2026-10-01T00:20:37.000996+00:00,1624,1637148505,Amanda Nunes,Kayla Harrison,2026-11-14T22:00:00Z,0,ml,away,,-188,0,2050,account_ccy,2026-11-14T22:00:00+00:00,3737735666
2026-10-01T00:20:37.000996+00:00,1624,1635385021,Movsar Evloev,Alexander Volkanovski,2026-10-24T14:00:00Z,0,ml,home,,-110,0,2050,account_ccy,2026-10-24T14:00:00+00:00,3746976945
2026-10-01T00:20:37.000996+00:00,1624,1635385021,Movsar Evloev,Alexander Volkanovski,2026-10-24T14:00:00Z,0,ml,away,,-106,0,2050,account_ccy,2026-10-24T14:00:00+00:00,3746976945
2026-10-01T00:20:37.000996+00:00,1624,1637148508,Alden Coria,Imanol Rodriguez,2026-10-03T21:00:00Z,0,ml,home,,128,0,2050,account_ccy,2026-10-03T21:00:00+00:00,3747689781
2026-10-01T00:20:37.000996+00:00,1624,1637148508,Alden Coria,Imanol Rodriguez,2026-10-03T21:00:00Z,0,ml,away,,-150,0,2050,account_ccy,2026-10-03T21:00:00+00:00,3747689781
2026-10-01T00:20:37.000996+00:00,1624,1637148508,Alden Coria,Imanol Rodriguez,2026-10-03T21:00:00Z,0,ou,over,2.5,-161,0,1025,account_ccy,2026-10-03T21:00:00+00:00,3747689781
2026-10-01T00:20:37.000996+00:00,1624,1637148508,Alden Coria,Imanol Rodriguez,2026-10-03T21:00:00Z,0,ou,under,2.5,132,0,1025,account_ccy,2026-10-03T21:00:00+00:00,3747689781
2026-10-01T00:20:37.000996+00:00,1624,1637148811,Alexander Hernandez,Rafael Dos Anjos,2026-10-03T21:00:00Z,0,ml,home,,-286,0,2050,account_ccy,2026-10-03T21:00:00+00:00,3747655962
2026-10-01T00:20:37.000996+00:00,1624,1637148811,Alexander Hernandez,Rafael Dos Anjos,2026-10-03T21:00:00Z,0,ml,away,,236,0,2050,account_ccy,2026-10-03T21:00:00+00:00,3747655962
2026-10-01T00:20:37.000996+00:00,1624,1637148811,Alexander Hernandez,Rafael Dos Anjos,2026-10-03T21:00:00Z,0,ou,over,2.5,-146,0,1025,account_ccy,2026-10-03T21:00:00+00:00,3747655962
2026-10-01T00:20:37.000996+00:00,1624,1637148811,Alexander Hernandez,Rafael Dos Anjos,2026-10-03T21:00:00Z,0,ou,under,2.5,120,0,1025,account_ccy,2026-10-03T21:00:00+00:00,3747655962
2026-10-01T00:20:37.000996+00:00,1624,1637148805,Roman Kopylov,Ateba Gautier,2026-10-03T21:00:00Z,0,ml,home,,185,0,2050,account_ccy,2026-10-03T21:00:00+00:00,3747053007
2026-10-01T00:20:37.000996+00:00,1624,1637148805,Roman Kopylov,Ateba Gautier,2026-10-03T21:00:00Z,0,ml,away,,-220,0,2050,account_ccy,2026-10-03T21:00:00+00:00,3747053007
2026-10-01T00:20:37.000996+00:00,1624,1637148805,Roman Kopylov,Ateba Gautier,2026-10-03T21:00:00Z,0,ou,over,1.5,-164,0,1025,account_ccy,2026-10-03T21:00:00+00:00,3747053007
2026-10-01T00:20:37.000996+00:00,1624,1637148805,Roman Kopylov,Ateba Gautier,2026-10-03T21:00:00Z,0,ou,under,1.5,134,0,1025,account_ccy,2026-10-03T21:00:00+00:00,3747053007
2026-10-01T00:20:37.000996+00:00,1624,1637388045,Bruce Whitehead,Jacobe Smith,2026-10-03T21:00:00Z,0,ml,home,,701,0,2050,account_ccy,2026-10-03T21:00:00+00:00,3747719189
2026-10-01T00:20:37.000996+00:00,1624,1637388045,Bruce Whitehead,Jacobe Smith,2026-10-03T21:00:00Z,0,ml,away,,-1058,0,2050,account_ccy,2026-10-03T21:00:00+00:00,3747719189
2026-10-01T00:20:37.000996+00:00,1624,1637388045,Bruce Whitehead,Jacobe Smith,2026-10-03T21:00:00Z,0,ou,over,1.5,215,0,1025,account_ccy,2026-10-03T21:00:00+00:00,3747719189
2026-10-01T00:20:37.000996+00:00,1624,1637388045,Bruce Whitehead,Jacobe Smith,2026-10-03T21:00:00Z,0,ou,under,1.5,-270,0,1025,account_ccy,2026-10-03T21:00:00+00:00,3747719189
2026-10-01T00:20:37.000996+00:00,1624,1637543552,Anthony Romero,Marcus McGhee,2026-10-03T22:45:00Z,0,ml,home,,354,0,950,account_ccy,2026-10-03T22:45:00+00:00,3747705468
2026-10-01T00:20:37.000996+00:00,1624,1637543552,Anthony Romero,Marcus McGhee,2026-10-03T22:45:00Z,0,ml,away,,-450,0,950,account_ccy,2026-10-03T22:45:00+00:00,3747705468
2026-10-01T00:20:37.000996+00:00,1624,1637543552,Anthony Romero,Marcus McGhee,2026-10-03T22:45:00Z,0,ou,over,1.5,-210,0,475,account_ccy,2026-10-03T22:45:00+00:00,3747705468
2026-10-01T00:20:37.000996+00:00,1624,1637543552,Anthony Romero,Marcus McGhee,2026-10-03T22:45:00Z,0,ou,under,1.5,170,0,475,account_ccy,2026-10-03T22:45:00+00:00,3747705468
2026-10-01T00:20:37.000996+00:00,1624,1637151310,Ismail Naurdiev,Marvin Vettori,2026-10-03T21:00:00Z,0,ml,home,,-132,0,2050,account_ccy,2026-10-03T21:00:00+00:00,3747722609
2026-10-01T00:20:37.000996+00:00,1624,1637151310,Ismail Naurdiev,Marvin Vettori,2026-10-03T21:00:00Z,0,ml,away,,113,0,2050,account_ccy,2026-10-03T21:00:00+00:00,3747722609
2026-10-01T00:20:37.000996+00:00,1624,1637151310,Ismail Naurdiev,Marvin Vettori,2026-10-03T21:00:00Z,0,ou,over,2.5,-206,0,1025,account_ccy,2026-10-03T21:00:00+00:00,3747722609
2026-10-01T00:20:37.000996+00:00,1624,1637151310,Ismail Naurdiev,Marvin Vettori,2026-10-03T21:00:00Z,0,ou,under,2.5,167,0,1025,account_ccy,2026-10-03T21:00:00+00:00,3747722609
2026-10-01T00:20:37.000996+00:00,1624,1637148510,Lucas Armand,Anthony Wint,2026-10-03T21:00:00Z,0,ml,home,,403,0,2050,account_ccy,2026-10-03T21:00:00+00:00,3747719189
2026-10-01T00:20:37.000996+00:00,1624,1637148510,Lucas Armand,Anthony Wint,2026-10-03T21:00:00Z,0,ml,away,,-524,0,2050,account_ccy,2026-10-03T21:00:00+00:00,3747719189
2026-10-01T00:20:37.000996+00:00,1624,1637148510,Lucas Armand,Anthony Wint,2026-10-03T21:00:00Z,0,ou,over,1.5,185,0,1025,account_ccy,2026-10-03T21:00:00+00:00,3747719189
2026-10-01T00:20:37.000996+00:00,1624,1637148510,Lucas Armand,Anthony Wint,2026-10-03T21:00:00Z,0,ou,under,1.5,-230,0,1025,account_ccy,2026-10-03T21:00:00+00:00,3747719189
2026-10-01T00:20:37.000996+00:00,1624,1637148507,Roberto Soldic,Khaos Williams,2026-10-03T21:00:00Z,0,ml,home,,-252,0,2050,account_ccy,2026-10-03T21:00:00+00:00,3747679509
2026-10-01T00:20:37.000996+00:00,1624,1637148507,Roberto Soldic,Khaos Williams,2026-10-03T21:00:00Z,0,ml,away,,210,0,2050,account_ccy,2026-10-03T21:00:00+00:00,3747679509
2026-10-01T00:20:37.000996+00:00,1624,1637148507,Roberto Soldic,Khaos Williams,2026-10-03T21:00:00Z,0,ou,over,1.5,-101,0,1025,account_ccy,2026-10-03T21:00:00+00:00,3747679509
2026-10-01T00:20:37.000996+00:00,1624,1637148507,Roberto Soldic,Khaos Williams,2026-10-03T21:00:00Z,0,ou,under,1.5,-120,0,1025,account_ccy,2026-10-03T21:00:00+00:00,3747679509
2026-10-01T00:20:37.000996+00:00,1624,1637148806,Andrey Pulyaev,Damian Pinas,2026-10-03T21:00:00Z,0,ml,home,,443,0,2050,account_ccy,2026-10-03T21:00:00+00:00,3747719189
2026-10-01T00:20:37.000996+00:00,1624,1637148806,Andrey Pulyaev,Damian Pinas,2026-10-03T21:00:00Z,0,ml,away,,-586,0,2050,account_ccy,2026-10-03T21:00:00+00:00,3747719189
2026-10-01T00:20:37.000996+00:00,1624,1637148806,Andrey Pulyaev,Damian Pinas,2026-10-03T21:00:00Z,0,ou,over,1.5,104,0,1025,account_ccy,2026-10-03T21:00:00+00:00,3747719189
2026-10-01T00:20:37.000996+00:00,1624,1637148806,Andrey Pulyaev,Damian Pinas,2026-10-03T21:00:00Z,0,ou,under,1.5,-126,0,1025,account_ccy,2026-10-03T21:00:00+00:00,3747719189
2026-10-01T00:20:37.000996+00:00,1624,1637148816,Eric Nolan,Court McGee,2026-10-03T21:00:00Z,0,ml,home,,-224,0,2050,account_ccy,2026-10-03T21:00:00+00:00,3747710526
2026-10-01T00:20:37.000996+00:00,1624,1637148816,Eric Nolan,Court McGee,2026-10-03T21:00:00Z,0,ml,away,,188,0,2050,account_ccy,2026-10-03T21:00:00+00:00,3747710526
2026-10-01T00:20:37.000996+00:00,1624,1637148816,Eric Nolan,Court McGee,2026-10-03T21:00:00Z,0,ou,over,2.5,-110,0,1025,account_ccy,2026-10-03T21:00:00+00:00,3747710526
2026-10-01T00:20:37.000996+00:00,1624,1637148816,Eric Nolan,Court McGee,2026-10-03T21:00:00Z,0,ou,under,2.5,-110,0,1025,account_ccy,2026-10-03T21:00:00+00:00,3747710526
2026-10-01T00:30:47.676413+00:00,1624,1636035127,Wang Cong,Natalia Silva,2026-10-03T21:00:00Z,0,ml,home,,180,0,2050,account_ccy,2026-10-03T21:00:00+00:00,3747731481
2026-10-01T00:30:47.676413+00:00,1624,1636035127,Wang Cong,Natalia Silva,2026-10-03T21:00:00Z,0,ml,away,,-214,0,2050,account_ccy,2026-10-03T21:00:00+00:00,3747731481
2026-10-01T00:30:47.676413+00:00,1624,1636035127,Wang Cong,Natalia Silva,2026-10-03T21:00:00Z,0,ou,over,4.5,-299,0,1025,account_ccy,2026-10-03T21:00:00+00:00,3747731481
2026-10-01T00:30:47.676413+00:00,1624,1636035127,Wang Cong,Natalia Silva,2026-10-03T21:00:00Z,0,ou,under,4.5,236,0,1025,account_ccy,2026-10-03T21:00:00+00:00,3747731481
2026-10-01T00:30:47.676413+00:00,1624,1637148802,Esteban Ribovics,King Green,2026-10-03T21:00:00Z,0,ml,home,,-233,0,2050,account_ccy,2026-10-03T21:00:00+00:00,3747589100
2026-10-01T00:30:47.676413+00:00,1624,1637148802,Esteban Ribovics,King Green,2026-10-03T21:00:00Z,0,ml,away,,195,0,2050,account_ccy,2026-10-03T21:00:00+00:00,3747589100
2026-10-01T00:30:47.676413+00:00,1624,1637148802,Esteban Ribovics,King Green,2026-10-03T21:00:00Z,0,ou,over,1.5,-198,0,1025,account_ccy,2026-10-03T21:00:00+00:00,3747589100
2026-10-01T00:30:47.676413+00:00,1624,1637148802,Esteban Ribovics,King Green,2026-10-03T21:00:00Z,0,ou,under,1.5,161,0,1025,account_ccy,2026-10-03T21:00:00+00:00,3747589100
2026-10-01T00:30:47.676413+00:00,1624,1637148801,Josh Hokit,Ciryl Gane,2026-11-14T22:00:00Z,0,ml,home,,213,0,2050,account_ccy,2026-11-14T22:00:00+00:00,3747216075
2026-10-01T00:30:47.676413+00:00,1624,1637148801,Josh Hokit,Ciryl Gane,2026-11-14T22:00:00Z,0,ml,away,,-256,0,2050,account_ccy,2026-11-14T22:00:00+00:00,3747216075
2026-10-01T00:30:47.676413+00:00,1624,1637146542,Mick Parkin,Johnny Walker,2026-10-03T21:00:00Z,0,ml,home,,116,0,2050,account_ccy,2026-10-03T21:00:00+00:00,3746820817
2026-10-01T00:30:47.676413+00:00,1624,1637146542,Mick Parkin,Johnny Walker,2026-10-03T21:00:00Z,0,ml,away,,-136,0,2050,account_ccy,2026-10-03T21:00:00+00:00,3746820817
2026-10-01T00:30:47.676413+00:00,1624,1637146542,Mick Parkin,Johnny Walker,2026-10-03T21:00:00Z,0,ou,over,1.5,-190,0,1025,account_ccy,2026-10-03T21:00:00+00:00,3746820817
2026-10-01T00:30:47.676413+00:00,1624,1637146542,Mick Parkin,Johnny Walker,2026-10-03T21:00:00Z,0,ou,under,1.5,155,0,1025,account_ccy,2026-10-03T21:00:00+00:00,3746820817
2026-10-01T00:30:47.676413+00:00,1624,1636035128,Payton Talbott,Deiveson Figueiredo,2026-10-03T21:00:00Z,0,ml,home,,-670,0,2050,account_ccy,2026-10-03T21:00:00+00:00,3747730084
2026-10-01T00:30:47.676413+00:00,1624,1636035128,Payton Talbott,Deiveson Figueiredo,2026-10-03T21:00:00Z,0,ml,away,,494,0,2050,account_ccy,2026-10-03T21:00:00+00:00,3747730084
2026-10-01T00:30:47.676413+00:00,1624,1636035128,Payton Talbott,Deiveson Figueiredo,2026-10-03T21:00:00Z,0,ou,over,2.5,-122,0,1025,account_ccy,2026-10-03T21:00:00+00:00,3747730084
2026-10-01T00:30:47.676413+00:00,1624,1636035128,Payton Talbott,Deiveson Figueiredo,2026-10-03T21:00:00Z,0,ou,under,2.5,100,0,1025,account_ccy,2026-10-03T21:00:00+00:00,3747730084
2026-10-01T00:30:47.676413+00:00,1624,1635389131,Merab Dvalishvili,Petr Yan,2026-10-24T14:00:00Z,0,ml,home,,150,0,2050,account_ccy,2026-10-24T14:00:00+00:00,3746735253
2026-10-01T00:30:47.676413+00:00,1624,1635389131,Merab Dvalishvili,Petr Yan,2026-10-24T14:00:00Z,0,ml,away,,-176,0,2050,account_ccy,2026-10-24T14:00:00+00:00,3746735253
2026-10-01T00:30:47.676413+00:00,1624,1637148505,Amanda Nunes,Kayla Harrison,2026-11-14T22:00:00Z,0,ml,home,,159,0,2050,account_ccy,2026-11-14T22:00:00+00:00,3737735666
2026-10-01T00:30:47.676413+00:00,1624,1637148505,Amanda Nunes,Kayla Harrison,2026-11-14T22:00:00Z,0,ml,away,,-188,0,2050,account_ccy,2026-11-14T22:00:00+00:00,3737735666
2026-10-01T00:30:47.676413+00:00,1624,1635385021,Movsar Evloev,Alexander Volkanovski,2026-10-24T14:00:00Z,0,ml,home,,-110,0,2050,account_ccy,2026-10-24T14:00:00+00:00,3746976945
2026-10-01T00:30:47.676413+00:00,1624,1635385021,Movsar Evloev,Alexander Volkanovski,2026-10-24T14:00:00Z,0,ml,away,,-106,0,2050,account_ccy,2026-10-24T14:00:00+00:00,3746976945
2026-10-01T00:30:47.676413+00:00,1624,1637148508,Alden Coria,Imanol Rodriguez,2026-10-03T21:00:00Z,0,ml,home,,128,0,2050,account_ccy,2026-10-03T21:00:00+00:00,3747689781
2026-10-01T00:30:47.676413+00:00,1624,1637148508,Alden Coria,Imanol Rodriguez,2026-10-03T21:00:00Z,0,ml,away,,-150,0,2050,account_ccy,2026-10-03T21:00:00+00:00,3747689781
2026-10-01T00:30:47.676413+00:00,1624,1637148508,Alden Coria,Imanol Rodriguez,2026-10-03T21:00:00Z,0,ou,over,2.5,-161,0,1025,account_ccy,2026-10-03T21:00:00+00:00,3747689781
2026-10-01T00:30:47.676413+00:00,1624,1637148508,Alden Coria,Imanol Rodriguez,2026-10-03T21:00:00Z,0,ou,under,2.5,132,0,1025,account_ccy,2026-10-03T21:00:00+00:00,3747689781
2026-10-01T00:30:47.676413+00:00,1624,1637148811,Alexander Hernandez,Rafael Dos Anjos,2026-10-03T21:00:00Z,0,ml,home,,-286,0,2050,account_ccy,2026-10-03T21:00:00+00:00,3747655962
2026-10-01T00:30:47.676413+00:00,1624,1637148811,Alexander Hernandez,Rafael Dos Anjos,2026-10-03T21:00:00Z,0,ml,away,,236,0,2050,account_ccy,2026-10-03T21:00:00+00:00,3747655962
2026-10-01T00:30:47.676413+00:00,1624,1637148811,Alexander Hernandez,Rafael Dos Anjos,2026-10-03T21:00:00Z,0,ou,over,2.5,-146,0,1025,account_ccy,2026-10-03T21:00:00+00:00,3747655962
2026-10-01T00:30:47.676413+00:00,1624,1637148811,Alexander Hernandez,Rafael Dos Anjos,2026-10-03T21:00:00Z,0,ou,under,2.5,120,0,1025,account_ccy,2026-10-03T21:00:00+00:00,3747655962
2026-10-01T00:30:47.676413+00:00,1624,1637148805,Roman Kopylov,Ateba Gautier,2026-10-03T21:00:00Z,0,ml,home,,185,0,2050,account_ccy,2026-10-03T21:00:00+00:00,3747053007
2026-10-01T00:30:47.676413+00:00,1624,1637148805,Roman Kopylov,Ateba Gautier,2026-10-03T21:00:00Z,0,ml,away,,-220,0,2050,account_ccy,2026-10-03T21:00:00+00:00,3747053007
2026-10-01T00:30:47.676413+00:00,1624,1637148805,Roman Kopylov,Ateba Gautier,2026-10-03T21:00:00Z,0,ou,over,1.5,-164,0,1025,account_ccy,2026-10-03T21:00:00+00:00,3747053007
2026-10-01T00:30:47.676413+00:00,1624,1637148805,Roman Kopylov,Ateba Gautier,2026-10-03T21:00:00Z,0,ou,under,1.5,134,0,1025,account_ccy,2026-10-03T21:00:00+00:00,3747053007
2026-10-01T00:30:47.676413+00:00,1624,1637388045,Bruce Whitehead,Jacobe Smith,2026-10-03T21:00:00Z,0,ml,home,,701,0,2050,account_ccy,2026-10-03T21:00:00+00:00,3747719189
2026-10-01T00:30:47.676413+00:00,1624,1637388045,Bruce Whitehead,Jacobe Smith,2026-10-03T21:00:00Z,0,ml,away,,-1058,0,2050,account_ccy,2026-10-03T21:00:00+00:00,3747719189
2026-10-01T00:30:47.676413+00:00,1624,1637388045,Bruce Whitehead,Jacobe Smith,2026-10-03T21:00:00Z,0,ou,over,1.5,215,0,1025,account_ccy,2026-10-03T21:00:00+00:00,3747719189
2026-10-01T00:30:47.676413+00:00,1624,1637388045,Bruce Whitehead,Jacobe Smith,2026-10-03T21:00:00Z,0,ou,under,1.5,-270,0,1025,account_ccy,2026-10-03T21:00:00+00:00,3747719189
2026-10-01T00:30:47.676413+00:00,1624,1637543552,Anthony Romero,Marcus McGhee,2026-10-03T22:45:00Z,0,ml,home,,354,0,950,account_ccy,2026-10-03T22:45:00+00:00,3747705468
2026-10-01T00:30:47.676413+00:00,1624,1637543552,Anthony Romero,Marcus McGhee,2026-10-03T22:45:00Z,0,ml,away,,-450,0,950,account_ccy,2026-10-03T22:45:00+00:00,3747705468
2026-10-01T00:30:47.676413+00:00,1624,1637543552,Anthony Romero,Marcus McGhee,2026-10-03T22:45:00Z,0,ou,over,1.5,-210,0,475,account_ccy,2026-10-03T22:45:00+00:00,3747705468
2026-10-01T00:30:47.676413+00:00,1624,1637543552,Anthony Romero,Marcus McGhee,2026-10-03T22:45:00Z,0,ou,under,1.5,170,0,475,account_ccy,2026-10-03T22:45:00+00:00,3747705468
2026-10-01T00:30:47.676413+00:00,1624,1637151310,Ismail Naurdiev,Marvin Vettori,2026-10-03T21:00:00Z,0,ml,home,,-132,0,2050,account_ccy,2026-10-03T21:00:00+00:00,3747722609
2026-10-01T00:30:47.676413+00:00,1624,1637151310,Ismail Naurdiev,Marvin Vettori,2026-10-03T21:00:00Z,0,ml,away,,113,0,2050,account_ccy,2026-10-03T21:00:00+00:00,3747722609
2026-10-01T00:30:47.676413+00:00,1624,1637151310,Ismail Naurdiev,Marvin Vettori,2026-10-03T21:00:00Z,0,ou,over,2.5,-206,0,1025,account_ccy,2026-10-03T21:00:00+00:00,3747722609
2026-10-01T00:30:47.676413+00:00,1624,1637151310,Ismail Naurdiev,Marvin Vettori,2026-10-03T21:00:00Z,0,ou,under,2.5,167,0,1025,account_ccy,2026-10-03T21:00:00+00:00,3747722609
2026-10-01T00:30:47.676413+00:00,1624,1637148510,Lucas Armand,Anthony Wint,2026-10-03T21:00:00Z,0,ml,home,,403,0,2050,account_ccy,2026-10-03T21:00:00+00:00,3747719189
2026-10-01T00:30:47.676413+00:00,1624,1637148510,Lucas Armand,Anthony Wint,2026-10-03T21:00:00Z,0,ml,away,,-524,0,2050,account_ccy,2026-10-03T21:00:00+00:00,3747719189
2026-10-01T00:30:47.676413+00:00,1624,1637148510,Lucas Armand,Anthony Wint,2026-10-03T21:00:00Z,0,ou,over,1.5,185,0,1025,account_ccy,2026-10-03T21:00:00+00:00,3747719189
2026-10-01T00:30:47.676413+00:00,1624,1637148510,Lucas Armand,Anthony Wint,2026-10-03T21:00:00Z,0,ou,under,1.5,-230,0,1025,account_ccy,2026-10-03T21:00:00+00:00,3747719189
2026-10-01T00:30:47.676413+00:00,1624,1637148507,Roberto Soldic,Khaos Williams,2026-10-03T21:00:00Z,0,ml,home,,-252,0,2050,account_ccy,2026-10-03T21:00:00+00:00,3747679509
2026-10-01T00:30:47.676413+00:00,1624,1637148507,Roberto Soldic,Khaos Williams,2026-10-03T21:00:00Z,0,ml,away,,210,0,2050,account_ccy,2026-10-03T21:00:00+00:00,3747679509
2026-10-01T00:30:47.676413+00:00,1624,1637148507,Roberto Soldic,Khaos Williams,2026-10-03T21:00:00Z,0,ou,over,1.5,-101,0,1025,account_ccy,2026-10-03T21:00:00+00:00,3747679509
2026-10-01T00:30:47.676413+00:00,1624,1637148507,Roberto Soldic,Khaos Williams,2026-10-03T21:00:00Z,0,ou,under,1.5,-120,0,1025,account_ccy,2026-10-03T21:00:00+00:00,3747679509
2026-10-01T00:30:47.676413+00:00,1624,1637148806,Andrey Pulyaev,Damian Pinas,2026-10-03T21:00:00Z,0,ml,home,,443,0,2050,account_ccy,2026-10-03T21:00:00+00:00,3747719189
2026-10-01T00:30:47.676413+00:00,1624,1637148806,Andrey Pulyaev,Damian Pinas,2026-10-03T21:00:00Z,0,ml,away,,-586,0,2050,account_ccy,2026-10-03T21:00:00+00:00,3747719189
2026-10-01T00:30:47.676413+00:00,1624,1637148806,Andrey Pulyaev,Damian Pinas,2026-10-03T21:00:00Z,0,ou,over,1.5,104,0,1025,account_ccy,2026-10-03T21:00:00+00:00,3747719189
2026-10-01T00:30:47.676413+00:00,1624,1637148806,Andrey Pulyaev,Damian Pinas,2026-10-03T21:00:00Z,0,ou,under,1.5,-126,0,1025,account_ccy,2026-10-03T21:00:00+00:00,3747719189
2026-10-01T00:30:47.676413+00:00,1624,1637148816,Eric Nolan,Court McGee,2026-10-03T21:00:00Z,0,ml,home,,-224,0,2050,account_ccy,2026-10-03T21:00:00+00:00,3747710526
2026-10-01T00:30:47.676413+00:00,1624,1637148816,Eric Nolan,Court McGee,2026-10-03T21:00:00Z,0,ml,away,,188,0,2050,account_ccy,2026-10-03T21:00:00+00:00,3747710526
2026-10-01T00:30:47.676413+00:00,1624,1637148816,Eric Nolan,Court McGee,2026-10-03T21:00:00Z,0,ou,over,2.5,-110,0,1025,account_ccy,2026-10-03T21:00:00+00:00,3747710526
2026-10-01T00:30:47.676413+00:00,1624,1637148816,Eric Nolan,Court McGee,2026-10-03T21:00:00Z,0,ou,under,2.5,-110,0,1025,account_ccy,2026-10-03T21:00:00+00:00,3747710526
2026-10-01T00:40:58.507350+00:00,1624,1637148505,Amanda Nunes,Kayla Harrison,2026-11-14T22:00:00Z,0,ml,home,,159,0,2050,account_ccy,2026-11-14T22:00:00+00:00,3737735666
2026-10-01T00:40:58.507350+00:00,1624,1637148505,Amanda Nunes,Kayla Harrison,2026-11-14T22:00:00Z,0,ml,away,,-188,0,2050,account_ccy,2026-11-14T22:00:00+00:00,3737735666
2026-10-01T00:40:58.507350+00:00,1624,1637148806,Andrey Pulyaev,Damian Pinas,2026-10-03T21:00:00Z,0,ml,home,,443,0,2050,account_ccy,2026-10-03T21:00:00+00:00,3747719189
2026-10-01T00:40:58.507350+00:00,1624,1637148806,Andrey Pulyaev,Damian Pinas,2026-10-03T21:00:00Z,0,ml,away,,-586,0,2050,account_ccy,2026-10-03T21:00:00+00:00,3747719189
2026-10-01T00:40:58.507350+00:00,1624,1637148806,Andrey Pulyaev,Damian Pinas,2026-10-03T21:00:00Z,0,ou,over,1.5,104,0,1025,account_ccy,2026-10-03T21:00:00+00:00,3747719189
2026-10-01T00:40:58.507350+00:00,1624,1637148806,Andrey Pulyaev,Damian Pinas,2026-10-03T21:00:00Z,0,ou,under,1.5,-126,0,1025,account_ccy,2026-10-03T21:00:00+00:00,3747719189
2026-10-01T00:40:58.507350+00:00,1624,1635385021,Movsar Evloev,Alexander Volkanovski,2026-10-24T14:00:00Z,0,ml,home,,-110,0,2050,account_ccy,2026-10-24T14:00:00+00:00,3746976945
2026-10-01T00:40:58.507350+00:00,1624,1635385021,Movsar Evloev,Alexander Volkanovski,2026-10-24T14:00:00Z,0,ml,away,,-106,0,2050,account_ccy,2026-10-24T14:00:00+00:00,3746976945
2026-10-01T00:40:58.507350+00:00,1624,1637148811,Alexander Hernandez,Rafael Dos Anjos,2026-10-03T21:00:00Z,0,ml,home,,-286,0,2050,account_ccy,2026-10-03T21:00:00+00:00,3747655962
2026-10-01T00:40:58.507350+00:00,1624,1637148811,Alexander Hernandez,Rafael Dos Anjos,2026-10-03T21:00:00Z,0,ml,away,,236,0,2050,account_ccy,2026-10-03T21:00:00+00:00,3747655962
2026-10-01T00:40:58.507350+00:00,1624,1637148811,Alexander Hernandez,Rafael Dos Anjos,2026-10-03T21:00:00Z,0,ou,over,2.5,-146,0,1025,account_ccy,2026-10-03T21:00:00+00:00,3747655962
2026-10-01T00:40:58.507350+00:00,1624,1637148811,Alexander Hernandez,Rafael Dos Anjos,2026-10-03T21:00:00Z,0,ou,under,2.5,120,0,1025,account_ccy,2026-10-03T21:00:00+00:00,3747655962
2026-10-01T00:40:58.507350+00:00,1624,1637388045,Bruce Whitehead,Jacobe Smith,2026-10-03T21:00:00Z,0,ml,home,,701,0,2050,account_ccy,2026-10-03T21:00:00+00:00,3747719189
2026-10-01T00:40:58.507350+00:00,1624,1637388045,Bruce Whitehead,Jacobe Smith,2026-10-03T21:00:00Z,0,ml,away,,-1058,0,2050,account_ccy,2026-10-03T21:00:00+00:00,3747719189
2026-10-01T00:40:58.507350+00:00,1624,1637388045,Bruce Whitehead,Jacobe Smith,2026-10-03T21:00:00Z,0,ou,over,1.5,215,0,1025,account_ccy,2026-10-03T21:00:00+00:00,3747719189
2026-10-01T00:40:58.507350+00:00,1624,1637388045,Bruce Whitehead,Jacobe Smith,2026-10-03T21:00:00Z,0,ou,under,1.5,-270,0,1025,account_ccy,2026-10-03T21:00:00+00:00,3747719189
2026-10-01T00:40:58.507350+00:00,1624,1637148802,Esteban Ribovics,King Green,2026-10-03T21:00:00Z,0,ml,home,,-233,0,2050,account_ccy,2026-10-03T21:00:00+00:00,3747589100
2026-10-01T00:40:58.507350+00:00,1624,1637148802,Esteban Ribovics,King Green,2026-10-03T21:00:00Z,0,ml,away,,195,0,2050,account_ccy,2026-10-03T21:00:00+00:00,3747589100
2026-10-01T00:40:58.507350+00:00,1624,1637148802,Esteban Ribovics,King Green,2026-10-03T21:00:00Z,0,ou,over,1.5,-198,0,1025,account_ccy,2026-10-03T21:00:00+00:00,3747589100
2026-10-01T00:40:58.507350+00:00,1624,1637148802,Esteban Ribovics,King Green,2026-10-03T21:00:00Z,0,ou,under,1.5,161,0,1025,account_ccy,2026-10-03T21:00:00+00:00,3747589100
2026-10-01T00:40:58.507350+00:00,1624,1637543552,Anthony Romero,Marcus McGhee,2026-10-03T22:45:00Z,0,ml,home,,354,0,950,account_ccy,2026-10-03T22:45:00+00:00,3747705468
2026-10-01T00:40:58.507350+00:00,1624,1637543552,Anthony Romero,Marcus McGhee,2026-10-03T22:45:00Z,0,ml,away,,-450,0,950,account_ccy,2026-10-03T22:45:00+00:00,3747705468
2026-10-01T00:40:58.507350+00:00,1624,1637543552,Anthony Romero,Marcus McGhee,2026-10-03T22:45:00Z,0,ou,over,1.5,-210,0,475,account_ccy,2026-10-03T22:45:00+00:00,3747705468
2026-10-01T00:40:58.507350+00:00,1624,1637543552,Anthony Romero,Marcus McGhee,2026-10-03T22:45:00Z,0,ou,under,1.5,170,0,475,account_ccy,2026-10-03T22:45:00+00:00,3747705468
2026-10-01T00:40:58.507350+00:00,1624,1637148507,Roberto Soldic,Khaos Williams,2026-10-03T21:00:00Z,0,ml,home,,-252,0,2050,account_ccy,2026-10-03T21:00:00+00:00,3747679509
2026-10-01T00:40:58.507350+00:00,1624,1637148507,Roberto Soldic,Khaos Williams,2026-10-03T21:00:00Z,0,ml,away,,210,0,2050,account_ccy,2026-10-03T21:00:00+00:00,3747679509
2026-10-01T00:40:58.507350+00:00,1624,1637148507,Roberto Soldic,Khaos Williams,2026-10-03T21:00:00Z,0,ou,over,1.5,-101,0,1025,account_ccy,2026-10-03T21:00:00+00:00,3747679509
2026-10-01T00:40:58.507350+00:00,1624,1637148507,Roberto Soldic,Khaos Williams,2026-10-03T21:00:00Z,0,ou,under,1.5,-120,0,1025,account_ccy,2026-10-03T21:00:00+00:00,3747679509
2026-10-01T00:40:58.507350+00:00,1624,1636035128,Payton Talbott,Deiveson Figueiredo,2026-10-03T21:00:00Z,0,ml,home,,-670,0,2050,account_ccy,2026-10-03T21:00:00+00:00,3747730084
2026-10-01T00:40:58.507350+00:00,1624,1636035128,Payton Talbott,Deiveson Figueiredo,2026-10-03T21:00:00Z,0,ml,away,,494,0,2050,account_ccy,2026-10-03T21:00:00+00:00,3747730084
2026-10-01T00:40:58.507350+00:00,1624,1636035128,Payton Talbott,Deiveson Figueiredo,2026-10-03T21:00:00Z,0,ou,over,2.5,-122,0,1025,account_ccy,2026-10-03T21:00:00+00:00,3747730084
2026-10-01T00:40:58.507350+00:00,1624,1636035128,Payton Talbott,Deiveson Figueiredo,2026-10-03T21:00:00Z,0,ou,under,2.5,100,0,1025,account_ccy,2026-10-03T21:00:00+00:00,3747730084
2026-10-01T00:40:58.507350+00:00,1624,1636035127,Wang Cong,Natalia Silva,2026-10-03T21:00:00Z,0,ml,home,,180,0,2050,account_ccy,2026-10-03T21:00:00+00:00,3747731481
2026-10-01T00:40:58.507350+00:00,1624,1636035127,Wang Cong,Natalia Silva,2026-10-03T21:00:00Z,0,ml,away,,-214,0,2050,account_ccy,2026-10-03T21:00:00+00:00,3747731481
2026-10-01T00:40:58.507350+00:00,1624,1636035127,Wang Cong,Natalia Silva,2026-10-03T21:00:00Z,0,ou,over,4.5,-299,0,1025,account_ccy,2026-10-03T21:00:00+00:00,3747731481
2026-10-01T00:40:58.507350+00:00,1624,1636035127,Wang Cong,Natalia Silva,2026-10-03T21:00:00Z,0,ou,under,4.5,236,0,1025,account_ccy,2026-10-03T21:00:00+00:00,3747731481
2026-10-01T00:40:58.507350+00:00,1624,1637148816,Eric Nolan,Court McGee,2026-10-03T21:00:00Z,0,ml,home,,-224,0,2050,account_ccy,2026-10-03T21:00:00+00:00,3747710526
2026-10-01T00:40:58.507350+00:00,1624,1637148816,Eric Nolan,Court McGee,2026-10-03T21:00:00Z,0,ml,away,,188,0,2050,account_ccy,2026-10-03T21:00:00+00:00,3747710526
2026-10-01T00:40:58.507350+00:00,1624,1637148816,Eric Nolan,Court McGee,2026-10-03T21:00:00Z,0,ou,over,2.5,-110,0,1025,account_ccy,2026-10-03T21:00:00+00:00,3747710526
2026-10-01T00:40:58.507350+00:00,1624,1637148816,Eric Nolan,Court McGee,2026-10-03T21:00:00Z,0,ou,under,2.5,-110,0,1025,account_ccy,2026-10-03T21:00:00+00:00,3747710526
2026-10-01T00:40:58.507350+00:00,1624,1637148508,Alden Coria,Imanol Rodriguez,2026-10-03T21:00:00Z,0,ml,home,,128,0,2050,account_ccy,2026-10-03T21:00:00+00:00,3747689781
2026-10-01T00:40:58.507350+00:00,1624,1637148508,Alden Coria,Imanol Rodriguez,2026-10-03T21:00:00Z,0,ml,away,,-150,0,2050,account_ccy,2026-10-03T21:00:00+00:00,3747689781
2026-10-01T00:40:58.507350+00:00,1624,1637148508,Alden Coria,Imanol Rodriguez,2026-10-03T21:00:00Z,0,ou,over,2.5,-161,0,1025,account_ccy,2026-10-03T21:00:00+00:00,3747689781
2026-10-01T00:40:58.507350+00:00,1624,1637148508,Alden Coria,Imanol Rodriguez,2026-10-03T21:00:00Z,0,ou,under,2.5,132,0,1025,account_ccy,2026-10-03T21:00:00+00:00,3747689781
2026-10-01T00:40:58.507350+00:00,1624,1637148801,Josh Hokit,Ciryl Gane,2026-11-14T22:00:00Z,0,ml,home,,213,0,2050,account_ccy,2026-11-14T22:00:00+00:00,3747216075
2026-10-01T00:40:58.507350+00:00,1624,1637148801,Josh Hokit,Ciryl Gane,2026-11-14T22:00:00Z,0,ml,away,,-256,0,2050,account_ccy,2026-11-14T22:00:00+00:00,3747216075
2026-10-01T00:40:58.507350+00:00,1624,1637151310,Ismail Naurdiev,Marvin Vettori,2026-10-03T21:00:00Z,0,ml,home,,-132,0,2050,account_ccy,2026-10-03T21:00:00+00:00,3747722609
2026-10-01T00:40:58.507350+00:00,1624,1637151310,Ismail Naurdiev,Marvin Vettori,2026-10-03T21:00:00Z,0,ml,away,,113,0,2050,account_ccy,2026-10-03T21:00:00+00:00,3747722609
2026-10-01T00:40:58.507350+00:00,1624,1637151310,Ismail Naurdiev,Marvin Vettori,2026-10-03T21:00:00Z,0,ou,over,2.5,-206,0,1025,account_ccy,2026-10-03T21:00:00+00:00,3747722609
2026-10-01T00:40:58.507350+00:00,1624,1637151310,Ismail Naurdiev,Marvin Vettori,2026-10-03T21:00:00Z,0,ou,under,2.5,167,0,1025,account_ccy,2026-10-03T21:00:00+00:00,3747722609
2026-10-01T00:40:58.507350+00:00,1624,1637148510,Lucas Armand,Anthony Wint,2026-10-03T21:00:00Z,0,ml,home,,403,0,2050,account_ccy,2026-10-03T21:00:00+00:00,3747719189
2026-10-01T00:40:58.507350+00:00,1624,1637148510,Lucas Armand,Anthony Wint,2026-10-03T21:00:00Z,0,ml,away,,-524,0,2050,account_ccy,2026-10-03T21:00:00+00:00,3747719189
2026-10-01T00:40:58.507350+00:00,1624,1637148510,Lucas Armand,Anthony Wint,2026-10-03T21:00:00Z,0,ou,over,1.5,185,0,1025,account_ccy,2026-10-03T21:00:00+00:00,3747719189
2026-10-01T00:40:58.507350+00:00,1624,1637148510,Lucas Armand,Anthony Wint,2026-10-03T21:00:00Z,0,ou,under,1.5,-230,0,1025,account_ccy,2026-10-03T21:00:00+00:00,3747719189
2026-10-01T00:40:58.507350+00:00,1624,1637148805,Roman Kopylov,Ateba Gautier,2026-10-03T21:00:00Z,0,ml,home,,185,0,2050,account_ccy,2026-10-03T21:00:00+00:00,3747053007
2026-10-01T00:40:58.507350+00:00,1624,1637148805,Roman Kopylov,Ateba Gautier,2026-10-03T21:00:00Z,0,ml,away,,-220,0,2050,account_ccy,2026-10-03T21:00:00+00:00,3747053007
2026-10-01T00:40:58.507350+00:00,1624,1637148805,Roman Kopylov,Ateba Gautier,2026-10-03T21:00:00Z,0,ou,over,1.5,-164,0,1025,account_ccy,2026-10-03T21:00:00+00:00,3747053007
2026-10-01T00:40:58.507350+00:00,1624,1637148805,Roman Kopylov,Ateba Gautier,2026-10-03T21:00:00Z,0,ou,under,1.5,134,0,1025,account_ccy,2026-10-03T21:00:00+00:00,3747053007
2026-10-01T00:40:58.507350+00:00,1624,1635389131,Merab Dvalishvili,Petr Yan,2026-10-24T14:00:00Z,0,ml,home,,150,0,2050,account_ccy,2026-10-24T14:00:00+00:00,3746735253
2026-10-01T00:40:58.507350+00:00,1624,1635389131,Merab Dvalishvili,Petr Yan,2026-10-24T14:00:00Z,0,ml,away,,-176,0,2050,account_ccy,2026-10-24T14:00:00+00:00,3746735253
2026-10-01T00:40:58.507350+00:00,1624,1637146542,Mick Parkin,Johnny Walker,2026-10-03T21:00:00Z,0,ml,home,,116,0,2050,account_ccy,2026-10-03T21:00:00+00:00,3746820817
2026-10-01T00:40:58.507350+00:00,1624,1637146542,Mick Parkin,Johnny Walker,2026-10-03T21:00:00Z,0,ml,away,,-136,0,2050,account_ccy,2026-10-03T21:00:00+00:00,3746820817
2026-10-01T00:40:58.507350+00:00,1624,1637146542,Mick Parkin,Johnny Walker,2026-10-03T21:00:00Z,0,ou,over,1.5,-190,0,1025,account_ccy,2026-10-03T21:00:00+00:00,3746820817
2026-10-01T00:40:58.507350+00:00,1624,1637146542,Mick Parkin,Johnny Walker,2026-10-03T21:00:00Z,0,ou,under,1.5,155,0,1025,account_ccy,2026-10-03T21:00:00+00:00,3746820817
2026-10-01T00:42:09.795098+00:00,1624,1637148505,Amanda Nunes,Kayla Harrison,2026-11-14T22:00:00Z,0,ml,home,,159,0,2050,account_ccy,2026-11-14T22:00:00+00:00,3737735666
2026-10-01T00:42:09.795098+00:00,1624,1637148505,Amanda Nunes,Kayla Harrison,2026-11-14T22:00:00Z,0,ml,away,,-188,0,2050,account_ccy,2026-11-14T22:00:00+00:00,3737735666
2026-10-01T00:42:09.795098+00:00,1624,1637148806,Andrey Pulyaev,Damian Pinas,2026-10-03T21:00:00Z,0,ml,home,,443,0,2050,account_ccy,2026-10-03T21:00:00+00:00,3747719189
2026-10-01T00:42:09.795098+00:00,1624,1637148806,Andrey Pulyaev,Damian Pinas,2026-10-03T21:00:00Z,0,ml,away,,-586,0,2050,account_ccy,2026-10-03T21:00:00+00:00,3747719189
2026-10-01T00:42:09.795098+00:00,1624,1637148806,Andrey Pulyaev,Damian Pinas,2026-10-03T21:00:00Z,0,ou,over,1.5,104,0,1025,account_ccy,2026-10-03T21:00:00+00:00,3747719189
2026-10-01T00:42:09.795098+00:00,1624,1637148806,Andrey Pulyaev,Damian Pinas,2026-10-03T21:00:00Z,0,ou,under,1.5,-126,0,1025,account_ccy,2026-10-03T21:00:00+00:00,3747719189
2026-10-01T00:42:09.795098+00:00,1624,1635385021,Movsar Evloev,Alexander Volkanovski,2026-10-24T14:00:00Z,0,ml,home,,-110,0,2050,account_ccy,2026-10-24T14:00:00+00:00,3746976945
2026-10-01T00:42:09.795098+00:00,1624,1635385021,Movsar Evloev,Alexander Volkanovski,2026-10-24T14:00:00Z,0,ml,away,,-106,0,2050,account_ccy,2026-10-24T14:00:00+00:00,3746976945
2026-10-01T00:42:09.795098+00:00,1624,1637148811,Alexander Hernandez,Rafael Dos Anjos,2026-10-03T21:00:00Z,0,ml,home,,-286,0,2050,account_ccy,2026-10-03T21:00:00+00:00,3747655962
2026-10-01T00:42:09.795098+00:00,1624,1637148811,Alexander Hernandez,Rafael Dos Anjos,2026-10-03T21:00:00Z,0,ml,away,,236,0,2050,account_ccy,2026-10-03T21:00:00+00:00,3747655962
2026-10-01T00:42:09.795098+00:00,1624,1637148811,Alexander Hernandez,Rafael Dos Anjos,2026-10-03T21:00:00Z,0,ou,over,2.5,-146,0,1025,account_ccy,2026-10-03T21:00:00+00:00,3747655962
2026-10-01T00:42:09.795098+00:00,1624,1637148811,Alexander Hernandez,Rafael Dos Anjos,2026-10-03T21:00:00Z,0,ou,under,2.5,120,0,1025,account_ccy,2026-10-03T21:00:00+00:00,3747655962
2026-10-01T00:42:09.795098+00:00,1624,1637388045,Bruce Whitehead,Jacobe Smith,2026-10-03T21:00:00Z,0,ml,home,,701,0,2050,account_ccy,2026-10-03T21:00:00+00:00,3747719189
2026-10-01T00:42:09.795098+00:00,1624,1637388045,Bruce Whitehead,Jacobe Smith,2026-10-03T21:00:00Z,0,ml,away,,-1058,0,2050,account_ccy,2026-10-03T21:00:00+00:00,3747719189
2026-10-01T00:42:09.795098+00:00,1624,1637388045,Bruce Whitehead,Jacobe Smith,2026-10-03T21:00:00Z,0,ou,over,1.5,215,0,1025,account_ccy,2026-10-03T21:00:00+00:00,3747719189
2026-10-01T00:42:09.795098+00:00,1624,1637388045,Bruce Whitehead,Jacobe Smith,2026-10-03T21:00:00Z,0,ou,under,1.5,-270,0,1025,account_ccy,2026-10-03T21:00:00+00:00,3747719189
2026-10-01T00:42:09.795098+00:00,1624,1637148802,Esteban Ribovics,King Green,2026-10-03T21:00:00Z,0,ml,home,,-233,0,2050,account_ccy,2026-10-03T21:00:00+00:00,3747589100
2026-10-01T00:42:09.795098+00:00,1624,1637148802,Esteban Ribovics,King Green,2026-10-03T21:00:00Z,0,ml,away,,195,0,2050,account_ccy,2026-10-03T21:00:00+00:00,3747589100
2026-10-01T00:42:09.795098+00:00,1624,1637148802,Esteban Ribovics,King Green,2026-10-03T21:00:00Z,0,ou,over,1.5,-198,0,1025,account_ccy,2026-10-03T21:00:00+00:00,3747589100
2026-10-01T00:42:09.795098+00:00,1624,1637148802,Esteban Ribovics,King Green,2026-10-03T21:00:00Z,0,ou,under,1.5,161,0,1025,account_ccy,2026-10-03T21:00:00+00:00,3747589100
2026-10-01T00:42:09.795098+00:00,1624,1637543552,Anthony Romero,Marcus McGhee,2026-10-03T22:45:00Z,0,ml,home,,354,0,950,account_ccy,2026-10-03T22:45:00+00:00,3747705468
2026-10-01T00:42:09.795098+00:00,1624,1637543552,Anthony Romero,Marcus McGhee,2026-10-03T22:45:00Z,0,ml,away,,-450,0,950,account_ccy,2026-10-03T22:45:00+00:00,3747705468
2026-10-01T00:42:09.795098+00:00,1624,1637543552,Anthony Romero,Marcus McGhee,2026-10-03T22:45:00Z,0,ou,over,1.5,-210,0,475,account_ccy,2026-10-03T22:45:00+00:00,3747705468
2026-10-01T00:42:09.795098+00:00,1624,1637543552,Anthony Romero,Marcus McGhee,2026-10-03T22:45:00Z,0,ou,under,1.5,170,0,475,account_ccy,2026-10-03T22:45:00+00:00,3747705468
2026-10-01T00:42:09.795098+00:00,1624,1637148507,Roberto Soldic,Khaos Williams,2026-10-03T21:00:00Z,0,ml,home,,-252,0,2050,account_ccy,2026-10-03T21:00:00+00:00,3747679509
2026-10-01T00:42:09.795098+00:00,1624,1637148507,Roberto Soldic,Khaos Williams,2026-10-03T21:00:00Z,0,ml,away,,210,0,2050,account_ccy,2026-10-03T21:00:00+00:00,3747679509
2026-10-01T00:42:09.795098+00:00,1624,1637148507,Roberto Soldic,Khaos Williams,2026-10-03T21:00:00Z,0,ou,over,1.5,-101,0,1025,account_ccy,2026-10-03T21:00:00+00:00,3747679509
2026-10-01T00:42:09.795098+00:00,1624,1637148507,Roberto Soldic,Khaos Williams,2026-10-03T21:00:00Z,0,ou,under,1.5,-120,0,1025,account_ccy,2026-10-03T21:00:00+00:00,3747679509
2026-10-01T00:42:09.795098+00:00,1624,1636035128,Payton Talbott,Deiveson Figueiredo,2026-10-03T21:00:00Z,0,ml,home,,-670,0,2050,account_ccy,2026-10-03T21:00:00+00:00,3747730084
2026-10-01T00:42:09.795098+00:00,1624,1636035128,Payton Talbott,Deiveson Figueiredo,2026-10-03T21:00:00Z,0,ml,away,,494,0,2050,account_ccy,2026-10-03T21:00:00+00:00,3747730084
2026-10-01T00:42:09.795098+00:00,1624,1636035128,Payton Talbott,Deiveson Figueiredo,2026-10-03T21:00:00Z,0,ou,over,2.5,-122,0,1025,account_ccy,2026-10-03T21:00:00+00:00,3747730084
2026-10-01T00:42:09.795098+00:00,1624,1636035128,Payton Talbott,Deiveson Figueiredo,2026-10-03T21:00:00Z,0,ou,under,2.5,100,0,1025,account_ccy,2026-10-03T21:00:00+00:00,3747730084
2026-10-01T00:42:09.795098+00:00,1624,1636035127,Wang Cong,Natalia Silva,2026-10-03T21:00:00Z,0,ml,home,,180,0,2050,account_ccy,2026-10-03T21:00:00+00:00,3747731481
2026-10-01T00:42:09.795098+00:00,1624,1636035127,Wang Cong,Natalia Silva,2026-10-03T21:00:00Z,0,ml,away,,-214,0,2050,account_ccy,2026-10-03T21:00:00+00:00,3747731481
2026-10-01T00:42:09.795098+00:00,1624,1636035127,Wang Cong,Natalia Silva,2026-10-03T21:00:00Z,0,ou,over,4.5,-299,0,1025,account_ccy,2026-10-03T21:00:00+00:00,3747731481
2026-10-01T00:42:09.795098+00:00,1624,1636035127,Wang Cong,Natalia Silva,2026-10-03T21:00:00Z,0,ou,under,4.5,236,0,1025,account_ccy,2026-10-03T21:00:00+00:00,3747731481
2026-10-01T00:42:09.795098+00:00,1624,1637148816,Eric Nolan,Court McGee,2026-10-03T21:00:00Z,0,ml,home,,-224,0,2050,account_ccy,2026-10-03T21:00:00+00:00,3747710526
2026-10-01T00:42:09.795098+00:00,1624,1637148816,Eric Nolan,Court McGee,2026-10-03T21:00:00Z,0,ml,away,,188,0,2050,account_ccy,2026-10-03T21:00:00+00:00,3747710526
2026-10-01T00:42:09.795098+00:00,1624,1637148816,Eric Nolan,Court McGee,2026-10-03T21:00:00Z,0,ou,over,2.5,-110,0,1025,account_ccy,2026-10-03T21:00:00+00:00,3747710526
2026-10-01T00:42:09.795098+00:00,1624,1637148816,Eric Nolan,Court McGee,2026-10-03T21:00:00Z,0,ou,under,2.5,-110,0,1025,account_ccy,2026-10-03T21:00:00+00:00,3747710526
2026-10-01T00:42:09.795098+00:00,1624,1637148508,Alden Coria,Imanol Rodriguez,2026-10-03T21:00:00Z,0,ml,home,,128,0,2050,account_ccy,2026-10-03T21:00:00+00:00,3747689781
2026-10-01T00:42:09.795098+00:00,1624,1637148508,Alden Coria,Imanol Rodriguez,2026-10-03T21:00:00Z,0,ml,away,,-150,0,2050,account_ccy,2026-10-03T21:00:00+00:00,3747689781
2026-10-01T00:42:09.795098+00:00,1624,1637148508,Alden Coria,Imanol Rodriguez,2026-10-03T21:00:00Z,0,ou,over,2.5,-161,0,1025,account_ccy,2026-10-03T21:00:00+00:00,3747689781
2026-10-01T00:42:09.795098+00:00,1624,1637148508,Alden Coria,Imanol Rodriguez,2026-10-03T21:00:00Z,0,ou,under,2.5,132,0,1025,account_ccy,2026-10-03T21:00:00+00:00,3747689781
2026-10-01T00:42:09.795098+00:00,1624,1637148801,Josh Hokit,Ciryl Gane,2026-11-14T22:00:00Z,0,ml,home,,213,0,2050,account_ccy,2026-11-14T22:00:00+00:00,3747216075
2026-10-01T00:42:09.795098+00:00,1624,1637148801,Josh Hokit,Ciryl Gane,2026-11-14T22:00:00Z,0,ml,away,,-256,0,2050,account_ccy,2026-11-14T22:00:00+00:00,3747216075
2026-10-01T00:42:09.795098+00:00,1624,1637151310,Ismail Naurdiev,Marvin Vettori,2026-10-03T21:00:00Z,0,ml,home,,-132,0,2050,account_ccy,2026-10-03T21:00:00+00:00,3747722609
2026-10-01T00:42:09.795098+00:00,1624,1637151310,Ismail Naurdiev,Marvin Vettori,2026-10-03T21:00:00Z,0,ml,away,,113,0,2050,account_ccy,2026-10-03T21:00:00+00:00,3747722609
2026-10-01T00:42:09.795098+00:00,1624,1637151310,Ismail Naurdiev,Marvin Vettori,2026-10-03T21:00:00Z,0,ou,over,2.5,-206,0,1025,account_ccy,2026-10-03T21:00:00+00:00,3747722609
2026-10-01T00:42:09.795098+00:00,1624,1637151310,Ismail Naurdiev,Marvin Vettori,2026-10-03T21:00:00Z,0,ou,under,2.5,167,0,1025,account_ccy,2026-10-03T21:00:00+00:00,3747722609
2026-10-01T00:42:09.795098+00:00,1624,1637148510,Lucas Armand,Anthony Wint,2026-10-03T21:00:00Z,0,ml,home,,403,0,2050,account_ccy,2026-10-03T21:00:00+00:00,3747719189
2026-10-01T00:42:09.795098+00:00,1624,1637148510,Lucas Armand,Anthony Wint,2026-10-03T21:00:00Z,0,ml,away,,-524,0,2050,account_ccy,2026-10-03T21:00:00+00:00,3747719189
2026-10-01T00:42:09.795098+00:00,1624,1637148510,Lucas Armand,Anthony Wint,2026-10-03T21:00:00Z,0,ou,over,1.5,185,0,1025,account_ccy,2026-10-03T21:00:00+00:00,3747719189
2026-10-01T00:42:09.795098+00:00,1624,1637148510,Lucas Armand,Anthony Wint,2026-10-03T21:00:00Z,0,ou,under,1.5,-230,0,1025,account_ccy,2026-10-03T21:00:00+00:00,3747719189
2026-10-01T00:42:09.795098+00:00,1624,1637148805,Roman Kopylov,Ateba Gautier,2026-10-03T21:00:00Z,0,ml,home,,185,0,2050,account_ccy,2026-10-03T21:00:00+00:00,3747053007
2026-10-01T00:42:09.795098+00:00,1624,1637148805,Roman Kopylov,Ateba Gautier,2026-10-03T21:00:00Z,0,ml,away,,-220,0,2050,account_ccy,2026-10-03T21:00:00+00:00,3747053007
2026-10-01T00:42:09.795098+00:00,1624,1637148805,Roman Kopylov,Ateba Gautier,2026-10-03T21:00:00Z,0,ou,over,1.5,-164,0,1025,account_ccy,2026-10-03T21:00:00+00:00,3747053007
2026-10-01T00:42:09.795098+00:00,1624,1637148805,Roman Kopylov,Ateba Gautier,2026-10-03T21:00:00Z,0,ou,under,1.5,134,0,1025,account_ccy,2026-10-03T21:00:00+00:00,3747053007
2026-10-01T00:42:09.795098+00:00,1624,1635389131,Merab Dvalishvili,Petr Yan,2026-10-24T14:00:00Z,0,ml,home,,150,0,2050,account_ccy,2026-10-24T14:00:00+00:00,3746735253
2026-10-01T00:42:09.795098+00:00,1624,1635389131,Merab Dvalishvili,Petr Yan,2026-10-24T14:00:00Z,0,ml,away,,-176,0,2050,account_ccy,2026-10-24T14:00:00+00:00,3746735253
2026-10-01T00:42:09.795098+00:00,1624,1637146542,Mick Parkin,Johnny Walker,2026-10-03T21:00:00Z,0,ml,home,,116,0,2050,account_ccy,2026-10-03T21:00:00+00:00,3746820817
2026-10-01T00:42:09.795098+00:00,1624,1637146542,Mick Parkin,Johnny Walker,2026-10-03T21:00:00Z,0,ml,away,,-136,0,2050,account_ccy,2026-10-03T21:00:00+00:00,3746820817
2026-10-01T00:42:09.795098+00:00,1624,1637146542,Mick Parkin,Johnny Walker,2026-10-03T21:00:00Z,0,ou,over,1.5,-190,0,1025,account_ccy,2026-10-03T21:00:00+00:00,3746820817
2026-10-01T00:42:09.795098+00:00,1624,1637146542,Mick Parkin,Johnny Walker,2026-10-03T21:00:00Z,0,ou,under,1.5,155,0,1025,account_ccy,2026-10-03T21:00:00+00:00,3746820817
2026-10-01T00:52:20.931376+00:00,1624,1637148505,Amanda Nunes,Kayla Harrison,2026-11-14T22:00:00Z,0,ml,home,,159,0,2050,account_ccy,2026-11-14T22:00:00+00:00,3737735666
2026-10-01T00:52:20.931376+00:00,1624,1637148505,Amanda Nunes,Kayla Harrison,2026-11-14T22:00:00Z,0,ml,away,,-188,0,2050,account_ccy,2026-11-14T22:00:00+00:00,3737735666
2026-10-01T00:52:20.931376+00:00,1624,1637148802,Esteban Ribovics,King Green,2026-10-03T21:00:00Z,0,ml,home,,-233,0,2050,account_ccy,2026-10-03T21:00:00+00:00,3747589100
2026-10-01T00:52:20.931376+00:00,1624,1637148802,Esteban Ribovics,King Green,2026-10-03T21:00:00Z,0,ml,away,,195,0,2050,account_ccy,2026-10-03T21:00:00+00:00,3747589100
2026-10-01T00:52:20.931376+00:00,1624,1637148802,Esteban Ribovics,King Green,2026-10-03T21:00:00Z,0,ou,over,1.5,-198,0,1025,account_ccy,2026-10-03T21:00:00+00:00,3747589100
2026-10-01T00:52:20.931376+00:00,1624,1637148802,Esteban Ribovics,King Green,2026-10-03T21:00:00Z,0,ou,under,1.5,161,0,1025,account_ccy,2026-10-03T21:00:00+00:00,3747589100
2026-10-01T00:52:20.931376+00:00,1624,1637148510,Lucas Armand,Anthony Wint,2026-10-03T21:00:00Z,0,ml,home,,403,0,2050,account_ccy,2026-10-03T21:00:00+00:00,3747719189
2026-10-01T00:52:20.931376+00:00,1624,1637148510,Lucas Armand,Anthony Wint,2026-10-03T21:00:00Z,0,ml,away,,-524,0,2050,account_ccy,2026-10-03T21:00:00+00:00,3747719189
2026-10-01T00:52:20.931376+00:00,1624,1637148510,Lucas Armand,Anthony Wint,2026-10-03T21:00:00Z,0,ou,over,1.5,185,0,1025,account_ccy,2026-10-03T21:00:00+00:00,3747719189
2026-10-01T00:52:20.931376+00:00,1624,1637148510,Lucas Armand,Anthony Wint,2026-10-03T21:00:00Z,0,ou,under,1.5,-230,0,1025,account_ccy,2026-10-03T21:00:00+00:00,3747719189
2026-10-01T00:52:20.931376+00:00,1624,1637148507,Roberto Soldic,Khaos Williams,2026-10-03T21:00:00Z,0,ml,home,,-252,0,2050,account_ccy,2026-10-03T21:00:00+00:00,3747679509
2026-10-01T00:52:20.931376+00:00,1624,1637148507,Roberto Soldic,Khaos Williams,2026-10-03T21:00:00Z,0,ml,away,,210,0,2050,account_ccy,2026-10-03T21:00:00+00:00,3747679509
2026-10-01T00:52:20.931376+00:00,1624,1637148507,Roberto Soldic,Khaos Williams,2026-10-03T21:00:00Z,0,ou,over,1.5,-101,0,1025,account_ccy,2026-10-03T21:00:00+00:00,3747679509
2026-10-01T00:52:20.931376+00:00,1624,1637148507,Roberto Soldic,Khaos Williams,2026-10-03T21:00:00Z,0,ou,under,1.5,-120,0,1025,account_ccy,2026-10-03T21:00:00+00:00,3747679509
2026-10-01T00:52:20.931376+00:00,1624,1637148811,Alexander Hernandez,Rafael Dos Anjos,2026-10-03T21:00:00Z,0,ml,home,,-286,0,2050,account_ccy,2026-10-03T21:00:00+00:00,3747655962
2026-10-01T00:52:20.931376+00:00,1624,1637148811,Alexander Hernandez,Rafael Dos Anjos,2026-10-03T21:00:00Z,0,ml,away,,236,0,2050,account_ccy,2026-10-03T21:00:00+00:00,3747655962
2026-10-01T00:52:20.931376+00:00,1624,1637148811,Alexander Hernandez,Rafael Dos Anjos,2026-10-03T21:00:00Z,0,ou,over,2.5,-146,0,1025,account_ccy,2026-10-03T21:00:00+00:00,3747655962
2026-10-01T00:52:20.931376+00:00,1624,1637148811,Alexander Hernandez,Rafael Dos Anjos,2026-10-03T21:00:00Z,0,ou,under,2.5,120,0,1025,account_ccy,2026-10-03T21:00:00+00:00,3747655962
2026-10-01T00:52:20.931376+00:00,1624,1635385021,Movsar Evloev,Alexander Volkanovski,2026-10-24T14:00:00Z,0,ml,home,,-110,0,2050,account_ccy,2026-10-24T14:00:00+00:00,3746976945
2026-10-01T00:52:20.931376+00:00,1624,1635385021,Movsar Evloev,Alexander Volkanovski,2026-10-24T14:00:00Z,0,ml,away,,-106,0,2050,account_ccy,2026-10-24T14:00:00+00:00,3746976945
2026-10-01T00:52:20.931376+00:00,1624,1636035127,Wang Cong,Natalia Silva,2026-10-03T21:00:00Z,0,ml,home,,180,0,2050,account_ccy,2026-10-03T21:00:00+00:00,3747731481
2026-10-01T00:52:20.931376+00:00,1624,1636035127,Wang Cong,Natalia Silva,2026-10-03T21:00:00Z,0,ml,away,,-214,0,2050,account_ccy,2026-10-03T21:00:00+00:00,3747731481
2026-10-01T00:52:20.931376+00:00,1624,1636035127,Wang Cong,Natalia Silva,2026-10-03T21:00:00Z,0,ou,over,4.5,-299,0,1025,account_ccy,2026-10-03T21:00:00+00:00,3747731481
2026-10-01T00:52:20.931376+00:00,1624,1636035127,Wang Cong,Natalia Silva,2026-10-03T21:00:00Z,0,ou,under,4.5,236,0,1025,account_ccy,2026-10-03T21:00:00+00:00,3747731481
2026-10-01T00:52:20.931376+00:00,1624,1637388045,Bruce Whitehead,Jacobe Smith,2026-10-03T21:00:00Z,0,ml,home,,701,0,2050,account_ccy,2026-10-03T21:00:00+00:00,3747719189
2026-10-01T00:52:20.931376+00:00,1624,1637388045,Bruce Whitehead,Jacobe Smith,2026-10-03T21:00:00Z,0,ml,away,,-1058,0,2050,account_ccy,2026-10-03T21:00:00+00:00,3747719189
2026-10-01T00:52:20.931376+00:00,1624,1637388045,Bruce Whitehead,Jacobe Smith,2026-10-03T21:00:00Z,0,ou,over,1.5,215,0,1025,account_ccy,2026-10-03T21:00:00+00:00,3747719189
2026-10-01T00:52:20.931376+00:00,1624,1637388045,Bruce Whitehead,Jacobe Smith,2026-10-03T21:00:00Z,0,ou,under,1.5,-270,0,1025,account_ccy,2026-10-03T21:00:00+00:00,3747719189
2026-10-01T00:52:20.931376+00:00,1624,1637148806,Andrey Pulyaev,Damian Pinas,2026-10-03T21:00:00Z,0,ml,home,,443,0,2050,account_ccy,2026-10-03T21:00:00+00:00,3747719189
2026-10-01T00:52:20.931376+00:00,1624,1637148806,Andrey Pulyaev,Damian Pinas,2026-10-03T21:00:00Z,0,ml,away,,-586,0,2050,account_ccy,2026-10-03T21:00:00+00:00,3747719189
2026-10-01T00:52:20.931376+00:00,1624,1637148806,Andrey Pulyaev,Damian Pinas,2026-10-03T21:00:00Z,0,ou,over,1.5,104,0,1025,account_ccy,2026-10-03T21:00:00+00:00,3747719189
2026-10-01T00:52:20.931376+00:00,1624,1637148806,Andrey Pulyaev,Damian Pinas,2026-10-03T21:00:00Z,0,ou,under,1.5,-126,0,1025,account_ccy,2026-10-03T21:00:00+00:00,3747719189
2026-10-01T00:52:20.931376+00:00,1624,1637148816,Eric Nolan,Court McGee,2026-10-03T21:00:00Z,0,ml,home,,-224,0,2050,account_ccy,2026-10-03T21:00:00+00:00,3747710526
2026-10-01T00:52:20.931376+00:00,1624,1637148816,Eric Nolan,Court McGee,2026-10-03T21:00:00Z,0,ml,away,,188,0,2050,account_ccy,2026-10-03T21:00:00+00:00,3747710526
2026-10-01T00:52:20.931376+00:00,1624,1637148816,Eric Nolan,Court McGee,2026-10-03T21:00:00Z,0,ou,over,2.5,-110,0,1025,account_ccy,2026-10-03T21:00:00+00:00,3747710526
2026-10-01T00:52:20.931376+00:00,1624,1637148816,Eric Nolan,Court McGee,2026-10-03T21:00:00Z,0,ou,under,2.5,-110,0,1025,account_ccy,2026-10-03T21:00:00+00:00,3747710526
2026-10-01T00:52:20.931376+00:00,1624,1637151310,Ismail Naurdiev,Marvin Vettori,2026-10-03T21:00:00Z,0,ml,home,,-132,0,2050,account_ccy,2026-10-03T21:00:00+00:00,3747722609
2026-10-01T00:52:20.931376+00:00,1624,1637151310,Ismail Naurdiev,Marvin Vettori,2026-10-03T21:00:00Z,0,ml,away,,113,0,2050,account_ccy,2026-10-03T21:00:00+00:00,3747722609
2026-10-01T00:52:20.931376+00:00,1624,1637151310,Ismail Naurdiev,Marvin Vettori,2026-10-03T21:00:00Z,0,ou,over,2.5,-206,0,1025,account_ccy,2026-10-03T21:00:00+00:00,3747722609
2026-10-01T00:52:20.931376+00:00,1624,1637151310,Ismail Naurdiev,Marvin Vettori,2026-10-03T21:00:00Z,0,ou,under,2.5,167,0,1025,account_ccy,2026-10-03T21:00:00+00:00,3747722609
2026-10-01T00:52:20.931376+00:00,1624,1636035128,Payton Talbott,Deiveson Figueiredo,2026-10-03T21:00:00Z,0,ml,home,,-670,0,2050,account_ccy,2026-10-03T21:00:00+00:00,3747730084
2026-10-01T00:52:20.931376+00:00,1624,1636035128,Payton Talbott,Deiveson Figueiredo,2026-10-03T21:00:00Z,0,ml,away,,494,0,2050,account_ccy,2026-10-03T21:00:00+00:00,3747730084
2026-10-01T00:52:20.931376+00:00,1624,1636035128,Payton Talbott,Deiveson Figueiredo,2026-10-03T21:00:00Z,0,ou,over,2.5,-122,0,1025,account_ccy,2026-10-03T21:00:00+00:00,3747730084
2026-10-01T00:52:20.931376+00:00,1624,1636035128,Payton Talbott,Deiveson Figueiredo,2026-10-03T21:00:00Z,0,ou,under,2.5,100,0,1025,account_ccy,2026-10-03T21:00:00+00:00,3747730084
2026-10-01T00:52:20.931376+00:00,1624,1637543552,Anthony Romero,Marcus McGhee,2026-10-03T22:45:00Z,0,ml,home,,354,0,950,account_ccy,2026-10-03T22:45:00+00:00,3747705468
2026-10-01T00:52:20.931376+00:00,1624,1637543552,Anthony Romero,Marcus McGhee,2026-10-03T22:45:00Z,0,ml,away,,-450,0,950,account_ccy,2026-10-03T22:45:00+00:00,3747705468
2026-10-01T00:52:20.931376+00:00,1624,1637543552,Anthony Romero,Marcus McGhee,2026-10-03T22:45:00Z,0,ou,over,1.5,-210,0,475,account_ccy,2026-10-03T22:45:00+00:00,3747705468
2026-10-01T00:52:20.931376+00:00,1624,1637543552,Anthony Romero,Marcus McGhee,2026-10-03T22:45:00Z,0,ou,under,1.5,170,0,475,account_ccy,2026-10-03T22:45:00+00:00,3747705468
2026-10-01T00:52:20.931376+00:00,1624,1637148801,Josh Hokit,Ciryl Gane,2026-11-14T22:00:00Z,0,ml,home,,213,0,2050,account_ccy,2026-11-14T22:00:00+00:00,3747216075
2026-10-01T00:52:20.931376+00:00,1624,1637148801,Josh Hokit,Ciryl Gane,2026-11-14T22:00:00Z,0,ml,away,,-256,0,2050,account_ccy,2026-11-14T22:00:00+00:00,3747216075
2026-10-01T00:52:20.931376+00:00,1624,1637146542,Mick Parkin,Johnny Walker,2026-10-03T21:00:00Z,0,ml,home,,116,0,2050,account_ccy,2026-10-03T21:00:00+00:00,3746820817
2026-10-01T00:52:20.931376+00:00,1624,1637146542,Mick Parkin,Johnny Walker,2026-10-03T21:00:00Z,0,ml,away,,-136,0,2050,account_ccy,2026-10-03T21:00:00+00:00,3746820817
2026-10-01T00:52:20.931376+00:00,1624,1637146542,Mick Parkin,Johnny Walker,2026-10-03T21:00:00Z,0,ou,over,1.5,-190,0,1025,account_ccy,2026-10-03T21:00:00+00:00,3746820817
2026-10-01T00:52:20.931376+00:00,1624,1637146542,Mick Parkin,Johnny Walker,2026-10-03T21:00:00Z,0,ou,under,1.5,155,0,1025,account_ccy,2026-10-03T21:00:00+00:00,3746820817
2026-10-01T00:52:20.931376+00:00,1624,1637148508,Alden Coria,Imanol Rodriguez,2026-10-03T21:00:00Z,0,ml,home,,128,0,2050,account_ccy,2026-10-03T21:00:00+00:00,3747689781
2026-10-01T00:52:20.931376+00:00,1624,1637148508,Alden Coria,Imanol Rodriguez,2026-10-03T21:00:00Z,0,ml,away,,-150,0,2050,account_ccy,2026-10-03T21:00:00+00:00,3747689781
2026-10-01T00:52:20.931376+00:00,1624,1637148508,Alden Coria,Imanol Rodriguez,2026-10-03T21:00:00Z,0,ou,over,2.5,-161,0,1025,account_ccy,2026-10-03T21:00:00+00:00,3747689781
2026-10-01T00:52:20.931376+00:00,1624,1637148508,Alden Coria,Imanol Rodriguez,2026-10-03T21:00:00Z,0,ou,under,2.5,132,0,1025,account_ccy,2026-10-03T21:00:00+00:00,3747689781
2026-10-01T00:52:20.931376+00:00,1624,1637148805,Roman Kopylov,Ateba Gautier,2026-10-03T21:00:00Z,0,ml,home,,185,0,2050,account_ccy,2026-10-03T21:00:00+00:00,3747053007
2026-10-01T00:52:20.931376+00:00,1624,1637148805,Roman Kopylov,Ateba Gautier,2026-10-03T21:00:00Z,0,ml,away,,-220,0,2050,account_ccy,2026-10-03T21:00:00+00:00,3747053007
2026-10-01T00:52:20.931376+00:00,1624,1637148805,Roman Kopylov,Ateba Gautier,2026-10-03T21:00:00Z,0,ou,over,1.5,-164,0,1025,account_ccy,2026-10-03T21:00:00+00:00,3747053007
2026-10-01T00:52:20.931376+00:00,1624,1637148805,Roman Kopylov,Ateba Gautier,2026-10-03T21:00:00Z,0,ou,under,1.5,134,0,1025,account_ccy,2026-10-03T21:00:00+00:00,3747053007
2026-10-01T00:52:20.931376+00:00,1624,1635389131,Merab Dvalishvili,Petr Yan,2026-10-24T14:00:00Z,0,ml,home,,150,0,2050,account_ccy,2026-10-24T14:00:00+00:00,3746735253
2026-10-01T00:52:20.931376+00:00,1624,1635389131,Merab Dvalishvili,Petr Yan,2026-10-24T14:00:00Z,0,ml,away,,-176,0,2050,account_ccy,2026-10-24T14:00:00+00:00,3746735253
2026-10-01T01:02:31.263650+00:00,1624,1637148505,Amanda Nunes,Kayla Harrison,2026-11-14T22:00:00Z,0,ml,home,,159,0,2050,account_ccy,2026-11-14T22:00:00+00:00,3737735666
2026-10-01T01:02:31.263650+00:00,1624,1637148505,Amanda Nunes,Kayla Harrison,2026-11-14T22:00:00Z,0,ml,away,,-188,0,2050,account_ccy,2026-11-14T22:00:00+00:00,3737735666
2026-10-01T01:02:31.263650+00:00,1624,1637148802,Esteban Ribovics,King Green,2026-10-03T21:00:00Z,0,ml,home,,-233,0,2050,account_ccy,2026-10-03T21:00:00+00:00,3747589100
2026-10-01T01:02:31.263650+00:00,1624,1637148802,Esteban Ribovics,King Green,2026-10-03T21:00:00Z,0,ml,away,,195,0,2050,account_ccy,2026-10-03T21:00:00+00:00,3747589100
2026-10-01T01:02:31.263650+00:00,1624,1637148802,Esteban Ribovics,King Green,2026-10-03T21:00:00Z,0,ou,over,1.5,-198,0,1025,account_ccy,2026-10-03T21:00:00+00:00,3747589100
2026-10-01T01:02:31.263650+00:00,1624,1637148802,Esteban Ribovics,King Green,2026-10-03T21:00:00Z,0,ou,under,1.5,161,0,1025,account_ccy,2026-10-03T21:00:00+00:00,3747589100
2026-10-01T01:02:31.263650+00:00,1624,1637148510,Lucas Armand,Anthony Wint,2026-10-03T21:00:00Z,0,ml,home,,403,0,2050,account_ccy,2026-10-03T21:00:00+00:00,3747719189
2026-10-01T01:02:31.263650+00:00,1624,1637148510,Lucas Armand,Anthony Wint,2026-10-03T21:00:00Z,0,ml,away,,-524,0,2050,account_ccy,2026-10-03T21:00:00+00:00,3747719189
2026-10-01T01:02:31.263650+00:00,1624,1637148510,Lucas Armand,Anthony Wint,2026-10-03T21:00:00Z,0,ou,over,1.5,185,0,1025,account_ccy,2026-10-03T21:00:00+00:00,3747719189
2026-10-01T01:02:31.263650+00:00,1624,1637148510,Lucas Armand,Anthony Wint,2026-10-03T21:00:00Z,0,ou,under,1.5,-230,0,1025,account_ccy,2026-10-03T21:00:00+00:00,3747719189
2026-10-01T01:02:31.263650+00:00,1624,1637148507,Roberto Soldic,Khaos Williams,2026-10-03T21:00:00Z,0,ml,home,,-252,0,2050,account_ccy,2026-10-03T21:00:00+00:00,3747679509
2026-10-01T01:02:31.263650+00:00,1624,1637148507,Roberto Soldic,Khaos Williams,2026-10-03T21:00:00Z,0,ml,away,,210,0,2050,account_ccy,2026-10-03T21:00:00+00:00,3747679509
2026-10-01T01:02:31.263650+00:00,1624,1637148507,Roberto Soldic,Khaos Williams,2026-10-03T21:00:00Z,0,ou,over,1.5,-101,0,1025,account_ccy,2026-10-03T21:00:00+00:00,3747679509
2026-10-01T01:02:31.263650+00:00,1624,1637148507,Roberto Soldic,Khaos Williams,2026-10-03T21:00:00Z,0,ou,under,1.5,-120,0,1025,account_ccy,2026-10-03T21:00:00+00:00,3747679509
2026-10-01T01:02:31.263650+00:00,1624,1637148811,Alexander Hernandez,Rafael Dos Anjos,2026-10-03T21:00:00Z,0,ml,home,,-286,0,2050,account_ccy,2026-10-03T21:00:00+00:00,3747655962
2026-10-01T01:02:31.263650+00:00,1624,1637148811,Alexander Hernandez,Rafael Dos Anjos,2026-10-03T21:00:00Z,0,ml,away,,236,0,2050,account_ccy,2026-10-03T21:00:00+00:00,3747655962
2026-10-01T01:02:31.263650+00:00,1624,1637148811,Alexander Hernandez,Rafael Dos Anjos,2026-10-03T21:00:00Z,0,ou,over,2.5,-146,0,1025,account_ccy,2026-10-03T21:00:00+00:00,3747655962
2026-10-01T01:02:31.263650+00:00,1624,1637148811,Alexander Hernandez,Rafael Dos Anjos,2026-10-03T21:00:00Z,0,ou,under,2.5,120,0,1025,account_ccy,2026-10-03T21:00:00+00:00,3747655962
2026-10-01T01:02:31.263650+00:00,1624,1635385021,Movsar Evloev,Alexander Volkanovski,2026-10-24T14:00:00Z,0,ml,home,,-110,0,2050,account_ccy,2026-10-24T14:00:00+00:00,3746976945
2026-10-01T01:02:31.263650+00:00,1624,1635385021,Movsar Evloev,Alexander Volkanovski,2026-10-24T14:00:00Z,0,ml,away,,-106,0,2050,account_ccy,2026-10-24T14:00:00+00:00,3746976945
2026-10-01T01:02:31.263650+00:00,1624,1636035127,Wang Cong,Natalia Silva,2026-10-03T21:00:00Z,0,ml,home,,180,0,2050,account_ccy,2026-10-03T21:00:00+00:00,3747731481
2026-10-01T01:02:31.263650+00:00,1624,1636035127,Wang Cong,Natalia Silva,2026-10-03T21:00:00Z,0,ml,away,,-214,0,2050,account_ccy,2026-10-03T21:00:00+00:00,3747731481
2026-10-01T01:02:31.263650+00:00,1624,1636035127,Wang Cong,Natalia Silva,2026-10-03T21:00:00Z,0,ou,over,4.5,-299,0,1025,account_ccy,2026-10-03T21:00:00+00:00,3747731481
2026-10-01T01:02:31.263650+00:00,1624,1636035127,Wang Cong,Natalia Silva,2026-10-03T21:00:00Z,0,ou,under,4.5,236,0,1025,account_ccy,2026-10-03T21:00:00+00:00,3747731481
2026-10-01T01:02:31.263650+00:00,1624,1637388045,Bruce Whitehead,Jacobe Smith,2026-10-03T21:00:00Z,0,ml,home,,701,0,2050,account_ccy,2026-10-03T21:00:00+00:00,3747719189
2026-10-01T01:02:31.263650+00:00,1624,1637388045,Bruce Whitehead,Jacobe Smith,2026-10-03T21:00:00Z,0,ml,away,,-1058,0,2050,account_ccy,2026-10-03T21:00:00+00:00,3747719189
2026-10-01T01:02:31.263650+00:00,1624,1637388045,Bruce Whitehead,Jacobe Smith,2026-10-03T21:00:00Z,0,ou,over,1.5,215,0,1025,account_ccy,2026-10-03T21:00:00+00:00,3747719189
2026-10-01T01:02:31.263650+00:00,1624,1637388045,Bruce Whitehead,Jacobe Smith,2026-10-03T21:00:00Z,0,ou,under,1.5,-270,0,1025,account_ccy,2026-10-03T21:00:00+00:00,3747719189
2026-10-01T01:02:31.263650+00:00,1624,1637148806,Andrey Pulyaev,Damian Pinas,2026-10-03T21:00:00Z,0,ml,home,,443,0,2050,account_ccy,2026-10-03T21:00:00+00:00,3747719189
2026-10-01T01:02:31.263650+00:00,1624,1637148806,Andrey Pulyaev,Damian Pinas,2026-10-03T21:00:00Z,0,ml,away,,-586,0,2050,account_ccy,2026-10-03T21:00:00+00:00,3747719189
2026-10-01T01:02:31.263650+00:00,1624,1637148806,Andrey Pulyaev,Damian Pinas,2026-10-03T21:00:00Z,0,ou,over,1.5,104,0,1025,account_ccy,2026-10-03T21:00:00+00:00,3747719189
2026-10-01T01:02:31.263650+00:00,1624,1637148806,Andrey Pulyaev,Damian Pinas,2026-10-03T21:00:00Z,0,ou,under,1.5,-126,0,1025,account_ccy,2026-10-03T21:00:00+00:00,3747719189
2026-10-01T01:02:31.263650+00:00,1624,1637148816,Eric Nolan,Court McGee,2026-10-03T21:00:00Z,0,ml,home,,-224,0,2050,account_ccy,2026-10-03T21:00:00+00:00,3747710526
2026-10-01T01:02:31.263650+00:00,1624,1637148816,Eric Nolan,Court McGee,2026-10-03T21:00:00Z,0,ml,away,,188,0,2050,account_ccy,2026-10-03T21:00:00+00:00,3747710526
2026-10-01T01:02:31.263650+00:00,1624,1637148816,Eric Nolan,Court McGee,2026-10-03T21:00:00Z,0,ou,over,2.5,-110,0,1025,account_ccy,2026-10-03T21:00:00+00:00,3747710526
2026-10-01T01:02:31.263650+00:00,1624,1637148816,Eric Nolan,Court McGee,2026-10-03T21:00:00Z,0,ou,under,2.5,-110,0,1025,account_ccy,2026-10-03T21:00:00+00:00,3747710526
2026-10-01T01:02:31.263650+00:00,1624,1637151310,Ismail Naurdiev,Marvin Vettori,2026-10-03T21:00:00Z,0,ml,home,,-132,0,2050,account_ccy,2026-10-03T21:00:00+00:00,3747722609
2026-10-01T01:02:31.263650+00:00,1624,1637151310,Ismail Naurdiev,Marvin Vettori,2026-10-03T21:00:00Z,0,ml,away,,113,0,2050,account_ccy,2026-10-03T21:00:00+00:00,3747722609
2026-10-01T01:02:31.263650+00:00,1624,1637151310,Ismail Naurdiev,Marvin Vettori,2026-10-03T21:00:00Z,0,ou,over,2.5,-206,0,1025,account_ccy,2026-10-03T21:00:00+00:00,3747722609
2026-10-01T01:02:31.263650+00:00,1624,1637151310,Ismail Naurdiev,Marvin Vettori,2026-10-03T21:00:00Z,0,ou,under,2.5,167,0,1025,account_ccy,2026-10-03T21:00:00+00:00,3747722609
2026-10-01T01:02:31.263650+00:00,1624,1636035128,Payton Talbott,Deiveson Figueiredo,2026-10-03T21:00:00Z,0,ml,home,,-670,0,2050,account_ccy,2026-10-03T21:00:00+00:00,3747730084
2026-10-01T01:02:31.263650+00:00,1624,1636035128,Payton Talbott,Deiveson Figueiredo,2026-10-03T21:00:00Z,0,ml,away,,494,0,2050,account_ccy,2026-10-03T21:00:00+00:00,3747730084
2026-10-01T01:02:31.263650+00:00,1624,1636035128,Payton Talbott,Deiveson Figueiredo,2026-10-03T21:00:00Z,0,ou,over,2.5,-122,0,1025,account_ccy,2026-10-03T21:00:00+00:00,3747730084
2026-10-01T01:02:31.263650+00:00,1624,1636035128,Payton Talbott,Deiveson Figueiredo,2026-10-03T21:00:00Z,0,ou,under,2.5,100,0,1025,account_ccy,2026-10-03T21:00:00+00:00,3747730084
2026-10-01T01:02:31.263650+00:00,1624,1637543552,Anthony Romero,Marcus McGhee,2026-10-03T22:45:00Z,0,ml,home,,354,0,950,account_ccy,2026-10-03T22:45:00+00:00,3747705468
2026-10-01T01:02:31.263650+00:00,1624,1637543552,Anthony Romero,Marcus McGhee,2026-10-03T22:45:00Z,0,ml,away,,-450,0,950,account_ccy,2026-10-03T22:45:00+00:00,3747705468
2026-10-01T01:02:31.263650+00:00,1624,1637543552,Anthony Romero,Marcus McGhee,2026-10-03T22:45:00Z,0,ou,over,1.5,-210,0,475,account_ccy,2026-10-03T22:45:00+00:00,3747705468
2026-10-01T01:02:31.263650+00:00,1624,1637543552,Anthony Romero,Marcus McGhee,2026-10-03T22:45:00Z,0,ou,under,1.5,170,0,475,account_ccy,2026-10-03T22:45:00+00:00,3747705468
2026-10-01T01:02:31.263650+00:00,1624,1637148801,Josh Hokit,Ciryl Gane,2026-11-14T22:00:00Z,0,ml,home,,213,0,2050,account_ccy,2026-11-14T22:00:00+00:00,3747216075
2026-10-01T01:02:31.263650+00:00,1624,1637148801,Josh Hokit,Ciryl Gane,2026-11-14T22:00:00Z,0,ml,away,,-256,0,2050,account_ccy,2026-11-14T22:00:00+00:00,3747216075
2026-10-01T01:02:31.263650+00:00,1624,1637146542,Mick Parkin,Johnny Walker,2026-10-03T21:00:00Z,0,ml,home,,116,0,2050,account_ccy,2026-10-03T21:00:00+00:00,3746820817
2026-10-01T01:02:31.263650+00:00,1624,1637146542,Mick Parkin,Johnny Walker,2026-10-03T21:00:00Z,0,ml,away,,-136,0,2050,account_ccy,2026-10-03T21:00:00+00:00,3746820817
2026-10-01T01:02:31.263650+00:00,1624,1637146542,Mick Parkin,Johnny Walker,2026-10-03T21:00:00Z,0,ou,over,1.5,-190,0,1025,account_ccy,2026-10-03T21:00:00+00:00,3746820817
2026-10-01T01:02:31.263650+00:00,1624,1637146542,Mick Parkin,Johnny Walker,2026-10-03T21:00:00Z,0,ou,under,1.5,155,0,1025,account_ccy,2026-10-03T21:00:00+00:00,3746820817
2026-10-01T01:02:31.263650+00:00,1624,1637148508,Alden Coria,Imanol Rodriguez,2026-10-03T21:00:00Z,0,ml,home,,128,0,2050,account_ccy,2026-10-03T21:00:00+00:00,3747689781
2026-10-01T01:02:31.263650+00:00,1624,1637148508,Alden Coria,Imanol Rodriguez,2026-10-03T21:00:00Z,0,ml,away,,-150,0,2050,account_ccy,2026-10-03T21:00:00+00:00,3747689781
2026-10-01T01:02:31.263650+00:00,1624,1637148508,Alden Coria,Imanol Rodriguez,2026-10-03T21:00:00Z,0,ou,over,2.5,-161,0,1025,account_ccy,2026-10-03T21:00:00+00:00,3747689781
2026-10-01T01:02:31.263650+00:00,1624,1637148508,Alden Coria,Imanol Rodriguez,2026-10-03T21:00:00Z,0,ou,under,2.5,132,0,1025,account_ccy,2026-10-03T21:00:00+00:00,3747689781
2026-10-01T01:02:31.263650+00:00,1624,1637148805,Roman Kopylov,Ateba Gautier,2026-10-03T21:00:00Z,0,ml,home,,185,0,2050,account_ccy,2026-10-03T21:00:00+00:00,3747053007
2026-10-01T01:02:31.263650+00:00,1624,1637148805,Roman Kopylov,Ateba Gautier,2026-10-03T21:00:00Z,0,ml,away,,-220,0,2050,account_ccy,2026-10-03T21:00:00+00:00,3747053007
2026-10-01T01:02:31.263650+00:00,1624,1637148805,Roman Kopylov,Ateba Gautier,2026-10-03T21:00:00Z,0,ou,over,1.5,-164,0,1025,account_ccy,2026-10-03T21:00:00+00:00,3747053007
2026-10-01T01:02:31.263650+00:00,1624,1637148805,Roman Kopylov,Ateba Gautier,2026-10-03T21:00:00Z,0,ou,under,1.5,134,0,1025,account_ccy,2026-10-03T21:00:00+00:00,3747053007
2026-10-01T01:02:31.263650+00:00,1624,1635389131,Merab Dvalishvili,Petr Yan,2026-10-24T14:00:00Z,0,ml,home,,150,0,2050,account_ccy,2026-10-24T14:00:00+00:00,3746735253
2026-10-01T01:02:31.263650+00:00,1624,1635389131,Merab Dvalishvili,Petr Yan,2026-10-24T14:00:00Z,0,ml,away,,-176,0,2050,account_ccy,2026-10-24T14:00:00+00:00,3746735253
2026-10-01T01:12:41.352803+00:00,1624,1637148508,Alden Coria,Imanol Rodriguez,2026-10-03T21:00:00Z,0,ml,home,,128,0,2050,account_ccy,2026-10-03T21:00:00+00:00,3747689781
2026-10-01T01:12:41.352803+00:00,1624,1637148508,Alden Coria,Imanol Rodriguez,2026-10-03T21:00:00Z,0,ml,away,,-150,0,2050,account_ccy,2026-10-03T21:00:00+00:00,3747689781
2026-10-01T01:12:41.352803+00:00,1624,1637148508,Alden Coria,Imanol Rodriguez,2026-10-03T21:00:00Z,0,ou,over,2.5,-161,0,1025,account_ccy,2026-10-03T21:00:00+00:00,3747689781
2026-10-01T01:12:41.352803+00:00,1624,1637148508,Alden Coria,Imanol Rodriguez,2026-10-03T21:00:00Z,0,ou,under,2.5,132,0,1025,account_ccy,2026-10-03T21:00:00+00:00,3747689781
2026-10-01T01:12:41.352803+00:00,1624,1636035127,Wang Cong,Natalia Silva,2026-10-03T21:00:00Z,0,ml,home,,180,0,2050,account_ccy,2026-10-03T21:00:00+00:00,3747731481
2026-10-01T01:12:41.352803+00:00,1624,1636035127,Wang Cong,Natalia Silva,2026-10-03T21:00:00Z,0,ml,away,,-214,0,2050,account_ccy,2026-10-03T21:00:00+00:00,3747731481
2026-10-01T01:12:41.352803+00:00,1624,1636035127,Wang Cong,Natalia Silva,2026-10-03T21:00:00Z,0,ou,over,4.5,-299,0,1025,account_ccy,2026-10-03T21:00:00+00:00,3747731481
2026-10-01T01:12:41.352803+00:00,1624,1636035127,Wang Cong,Natalia Silva,2026-10-03T21:00:00Z,0,ou,under,4.5,236,0,1025,account_ccy,2026-10-03T21:00:00+00:00,3747731481
2026-10-01T01:12:41.352803+00:00,1624,1637148507,Roberto Soldic,Khaos Williams,2026-10-03T21:00:00Z,0,ml,home,,-252,0,2050,account_ccy,2026-10-03T21:00:00+00:00,3747679509
2026-10-01T01:12:41.352803+00:00,1624,1637148507,Roberto Soldic,Khaos Williams,2026-10-03T21:00:00Z,0,ml,away,,210,0,2050,account_ccy,2026-10-03T21:00:00+00:00,3747679509
2026-10-01T01:12:41.352803+00:00,1624,1637148507,Roberto Soldic,Khaos Williams,2026-10-03T21:00:00Z,0,ou,over,1.5,-101,0,1025,account_ccy,2026-10-03T21:00:00+00:00,3747679509
2026-10-01T01:12:41.352803+00:00,1624,1637148507,Roberto Soldic,Khaos Williams,2026-10-03T21:00:00Z,0,ou,under,1.5,-120,0,1025,account_ccy,2026-10-03T21:00:00+00:00,3747679509
2026-10-01T01:12:41.352803+00:00,1624,1637148811,Alexander Hernandez,Rafael Dos Anjos,2026-10-03T21:00:00Z,0,ml,home,,-286,0,2050,account_ccy,2026-10-03T21:00:00+00:00,3747655962
2026-10-01T01:12:41.352803+00:00,1624,1637148811,Alexander Hernandez,Rafael Dos Anjos,2026-10-03T21:00:00Z,0,ml,away,,236,0,2050,account_ccy,2026-10-03T21:00:00+00:00,3747655962
2026-10-01T01:12:41.352803+00:00,1624,1637148811,Alexander Hernandez,Rafael Dos Anjos,2026-10-03T21:00:00Z,0,ou,over,2.5,-146,0,1025,account_ccy,2026-10-03T21:00:00+00:00,3747655962
2026-10-01T01:12:41.352803+00:00,1624,1637148811,Alexander Hernandez,Rafael Dos Anjos,2026-10-03T21:00:00Z,0,ou,under,2.5,120,0,1025,account_ccy,2026-10-03T21:00:00+00:00,3747655962
2026-10-01T01:12:41.352803+00:00,1624,1637148510,Lucas Armand,Anthony Wint,2026-10-03T21:00:00Z,0,ml,home,,403,0,2050,account_ccy,2026-10-03T21:00:00+00:00,3747719189
2026-10-01T01:12:41.352803+00:00,1624,1637148510,Lucas Armand,Anthony Wint,2026-10-03T21:00:00Z,0,ml,away,,-524,0,2050,account_ccy,2026-10-03T21:00:00+00:00,3747719189
2026-10-01T01:12:41.352803+00:00,1624,1637148510,Lucas Armand,Anthony Wint,2026-10-03T21:00:00Z,0,ou,over,1.5,185,0,1025,account_ccy,2026-10-03T21:00:00+00:00,3747719189
2026-10-01T01:12:41.352803+00:00,1624,1637148510,Lucas Armand,Anthony Wint,2026-10-03T21:00:00Z,0,ou,under,1.5,-230,0,1025,account_ccy,2026-10-03T21:00:00+00:00,3747719189
2026-10-01T01:12:41.352803+00:00,1624,1636035128,Payton Talbott,Deiveson Figueiredo,2026-10-03T21:00:00Z,0,ml,home,,-670,0,2050,account_ccy,2026-10-03T21:00:00+00:00,3747730084
2026-10-01T01:12:41.352803+00:00,1624,1636035128,Payton Talbott,Deiveson Figueiredo,2026-10-03T21:00:00Z,0,ml,away,,494,0,2050,account_ccy,2026-10-03T21:00:00+00:00,3747730084
2026-10-01T01:12:41.352803+00:00,1624,1636035128,Payton Talbott,Deiveson Figueiredo,2026-10-03T21:00:00Z,0,ou,over,2.5,-122,0,1025,account_ccy,2026-10-03T21:00:00+00:00,3747730084
2026-10-01T01:12:41.352803+00:00,1624,1636035128,Payton Talbott,Deiveson Figueiredo,2026-10-03T21:00:00Z,0,ou,under,2.5,100,0,1025,account_ccy,2026-10-03T21:00:00+00:00,3747730084
2026-10-01T01:12:41.352803+00:00,1624,1637148802,Esteban Ribovics,King Green,2026-10-03T21:00:00Z,0,ml,home,,-233,0,2050,account_ccy,2026-10-03T21:00:00+00:00,3747589100
2026-10-01T01:12:41.352803+00:00,1624,1637148802,Esteban Ribovics,King Green,2026-10-03T21:00:00Z,0,ml,away,,195,0,2050,account_ccy,2026-10-03T21:00:00+00:00,3747589100
2026-10-01T01:12:41.352803+00:00,1624,1637148802,Esteban Ribovics,King Green,2026-10-03T21:00:00Z,0,ou,over,1.5,-198,0,1025,account_ccy,2026-10-03T21:00:00+00:00,3747589100
2026-10-01T01:12:41.352803+00:00,1624,1637148802,Esteban Ribovics,King Green,2026-10-03T21:00:00Z,0,ou,under,1.5,161,0,1025,account_ccy,2026-10-03T21:00:00+00:00,3747589100
2026-10-01T01:12:41.352803+00:00,1624,1637148806,Andrey Pulyaev,Damian Pinas,2026-10-03T21:00:00Z,0,ml,home,,443,0,2050,account_ccy,2026-10-03T21:00:00+00:00,3747719189
2026-10-01T01:12:41.352803+00:00,1624,1637148806,Andrey Pulyaev,Damian Pinas,2026-10-03T21:00:00Z,0,ml,away,,-586,0,2050,account_ccy,2026-10-03T21:00:00+00:00,3747719189
2026-10-01T01:12:41.352803+00:00,1624,1637148806,Andrey Pulyaev,Damian Pinas,2026-10-03T21:00:00Z,0,ou,over,1.5,104,0,1025,account_ccy,2026-10-03T21:00:00+00:00,3747719189
2026-10-01T01:12:41.352803+00:00,1624,1637148806,Andrey Pulyaev,Damian Pinas,2026-10-03T21:00:00Z,0,ou,under,1.5,-126,0,1025,account_ccy,2026-10-03T21:00:00+00:00,3747719189
2026-10-01T01:12:41.352803+00:00,1624,1637148801,Josh Hokit,Ciryl Gane,2026-11-14T22:00:00Z,0,ml,home,,213,0,2050,account_ccy,2026-11-14T22:00:00+00:00,3747216075
2026-10-01T01:12:41.352803+00:00,1624,1637148801,Josh Hokit,Ciryl Gane,2026-11-14T22:00:00Z,0,ml,away,,-256,0,2050,account_ccy,2026-11-14T22:00:00+00:00,3747216075
2026-10-01T01:12:41.352803+00:00,1624,1637148805,Roman Kopylov,Ateba Gautier,2026-10-03T21:00:00Z,0,ml,home,,185,0,2050,account_ccy,2026-10-03T21:00:00+00:00,3747053007
2026-10-01T01:12:41.352803+00:00,1624,1637148805,Roman Kopylov,Ateba Gautier,2026-10-03T21:00:00Z,0,ml,away,,-220,0,2050,account_ccy,2026-10-03T21:00:00+00:00,3747053007
2026-10-01T01:12:41.352803+00:00,1624,1637148805,Roman Kopylov,Ateba Gautier,2026-10-03T21:00:00Z,0,ou,over,1.5,-164,0,1025,account_ccy,2026-10-03T21:00:00+00:00,3747053007
2026-10-01T01:12:41.352803+00:00,1624,1637148805,Roman Kopylov,Ateba Gautier,2026-10-03T21:00:00Z,0,ou,under,1.5,134,0,1025,account_ccy,2026-10-03T21:00:00+00:00,3747053007
2026-10-01T01:12:41.352803+00:00,1624,1637146542,Mick Parkin,Johnny Walker,2026-10-03T21:00:00Z,0,ml,home,,116,0,2050,account_ccy,2026-10-03T21:00:00+00:00,3746820817
2026-10-01T01:12:41.352803+00:00,1624,1637146542,Mick Parkin,Johnny Walker,2026-10-03T21:00:00Z,0,ml,away,,-136,0,2050,account_ccy,2026-10-03T21:00:00+00:00,3746820817
2026-10-01T01:12:41.352803+00:00,1624,1637146542,Mick Parkin,Johnny Walker,2026-10-03T21:00:00Z,0,ou,over,1.5,-190,0,1025,account_ccy,2026-10-03T21:00:00+00:00,3746820817
2026-10-01T01:12:41.352803+00:00,1624,1637146542,Mick Parkin,Johnny Walker,2026-10-03T21:00:00Z,0,ou,under,1.5,155,0,1025,account_ccy,2026-10-03T21:00:00+00:00,3746820817
2026-10-01T01:12:41.352803+00:00,1624,1637151310,Ismail Naurdiev,Marvin Vettori,2026-10-03T21:00:00Z,0,ml,home,,-132,0,2050,account_ccy,2026-10-03T21:00:00+00:00,3747722609
2026-10-01T01:12:41.352803+00:00,1624,1637151310,Ismail Naurdiev,Marvin Vettori,2026-10-03T21:00:00Z,0,ml,away,,113,0,2050,account_ccy,2026-10-03T21:00:00+00:00,3747722609
2026-10-01T01:12:41.352803+00:00,1624,1637151310,Ismail Naurdiev,Marvin Vettori,2026-10-03T21:00:00Z,0,ou,over,2.5,-206,0,1025,account_ccy,2026-10-03T21:00:00+00:00,3747722609
2026-10-01T01:12:41.352803+00:00,1624,1637151310,Ismail Naurdiev,Marvin Vettori,2026-10-03T21:00:00Z,0,ou,under,2.5,167,0,1025,account_ccy,2026-10-03T21:00:00+00:00,3747722609
2026-10-01T01:12:41.352803+00:00,1624,1635385021,Movsar Evloev,Alexander Volkanovski,2026-10-24T14:00:00Z,0,ml,home,,-110,0,2050,account_ccy,2026-10-24T14:00:00+00:00,3746976945
2026-10-01T01:12:41.352803+00:00,1624,1635385021,Movsar Evloev,Alexander Volkanovski,2026-10-24T14:00:00Z,0,ml,away,,-106,0,2050,account_ccy,2026-10-24T14:00:00+00:00,3746976945
2026-10-01T01:12:41.352803+00:00,1624,1637388045,Bruce Whitehead,Jacobe Smith,2026-10-03T21:00:00Z,0,ml,home,,701,0,2050,account_ccy,2026-10-03T21:00:00+00:00,3747719189
2026-10-01T01:12:41.352803+00:00,1624,1637388045,Bruce Whitehead,Jacobe Smith,2026-10-03T21:00:00Z,0,ml,away,,-1058,0,2050,account_ccy,2026-10-03T21:00:00+00:00,3747719189
2026-10-01T01:12:41.352803+00:00,1624,1637388045,Bruce Whitehead,Jacobe Smith,2026-10-03T21:00:00Z,0,ou,over,1.5,215,0,1025,account_ccy,2026-10-03T21:00:00+00:00,3747719189
2026-10-01T01:12:41.352803+00:00,1624,1637388045,Bruce Whitehead,Jacobe Smith,2026-10-03T21:00:00Z,0,ou,under,1.5,-270,0,1025,account_ccy,2026-10-03T21:00:00+00:00,3747719189
2026-10-01T01:12:41.352803+00:00,1624,1637148816,Eric Nolan,Court McGee,2026-10-03T21:00:00Z,0,ml,home,,-224,0,2050,account_ccy,2026-10-03T21:00:00+00:00,3747710526
2026-10-01T01:12:41.352803+00:00,1624,1637148816,Eric Nolan,Court McGee,2026-10-03T21:00:00Z,0,ml,away,,188,0,2050,account_ccy,2026-10-03T21:00:00+00:00,3747710526
2026-10-01T01:12:41.352803+00:00,1624,1637148816,Eric Nolan,Court McGee,2026-10-03T21:00:00Z,0,ou,over,2.5,-110,0,1025,account_ccy,2026-10-03T21:00:00+00:00,3747710526
2026-10-01T01:12:41.352803+00:00,1624,1637148816,Eric Nolan,Court McGee,2026-10-03T21:00:00Z,0,ou,under,2.5,-110,0,1025,account_ccy,2026-10-03T21:00:00+00:00,3747710526
2026-10-01T01:12:41.352803+00:00,1624,1637543552,Anthony Romero,Marcus McGhee,2026-10-03T22:45:00Z,0,ml,home,,354,0,950,account_ccy,2026-10-03T22:45:00+00:00,3747705468
2026-10-01T01:12:41.352803+00:00,1624,1637543552,Anthony Romero,Marcus McGhee,2026-10-03T22:45:00Z,0,ml,away,,-450,0,950,account_ccy,2026-10-03T22:45:00+00:00,3747705468
2026-10-01T01:12:41.352803+00:00,1624,1637543552,Anthony Romero,Marcus McGhee,2026-10-03T22:45:00Z,0,ou,over,1.5,-210,0,475,account_ccy,2026-10-03T22:45:00+00:00,3747705468
2026-10-01T01:12:41.352803+00:00,1624,1637543552,Anthony Romero,Marcus McGhee,2026-10-03T22:45:00Z,0,ou,under,1.5,170,0,475,account_ccy,2026-10-03T22:45:00+00:00,3747705468
2026-10-01T01:12:41.352803+00:00,1624,1635389131,Merab Dvalishvili,Petr Yan,2026-10-24T14:00:00Z,0,ml,home,,150,0,2050,account_ccy,2026-10-24T14:00:00+00:00,3746735253
2026-10-01T01:12:41.352803+00:00,1624,1635389131,Merab Dvalishvili,Petr Yan,2026-10-24T14:00:00Z,0,ml,away,,-176,0,2050,account_ccy,2026-10-24T14:00:00+00:00,3746735253
2026-10-01T01:12:41.352803+00:00,1624,1637148505,Amanda Nunes,Kayla Harrison,2026-11-14T22:00:00Z,0,ml,home,,159,0,2050,account_ccy,2026-11-14T22:00:00+00:00,3737735666
2026-10-01T01:12:41.352803+00:00,1624,1637148505,Amanda Nunes,Kayla Harrison,2026-11-14T22:00:00Z,0,ml,away,,-188,0,2050,account_ccy,2026-11-14T22:00:00+00:00,3737735666
2026-10-01T01:22:52.396288+00:00,1624,1635389131,Merab Dvalishvili,Petr Yan,2026-10-24T14:00:00Z,0,ml,home,,150,0,2050,account_ccy,2026-10-24T14:00:00+00:00,3746735253
2026-10-01T01:22:52.396288+00:00,1624,1635389131,Merab Dvalishvili,Petr Yan,2026-10-24T14:00:00Z,0,ml,away,,-176,0,2050,account_ccy,2026-10-24T14:00:00+00:00,3746735253
2026-10-01T01:22:52.396288+00:00,1624,1636035128,Payton Talbott,Deiveson Figueiredo,2026-10-03T21:00:00Z,0,ml,home,,-670,0,2050,account_ccy,2026-10-03T21:00:00+00:00,3747730084
2026-10-01T01:22:52.396288+00:00,1624,1636035128,Payton Talbott,Deiveson Figueiredo,2026-10-03T21:00:00Z,0,ml,away,,494,0,2050,account_ccy,2026-10-03T21:00:00+00:00,3747730084
2026-10-01T01:22:52.396288+00:00,1624,1636035128,Payton Talbott,Deiveson Figueiredo,2026-10-03T21:00:00Z,0,ou,over,2.5,-122,0,1025,account_ccy,2026-10-03T21:00:00+00:00,3747730084
2026-10-01T01:22:52.396288+00:00,1624,1636035128,Payton Talbott,Deiveson Figueiredo,2026-10-03T21:00:00Z,0,ou,under,2.5,100,0,1025,account_ccy,2026-10-03T21:00:00+00:00,3747730084
2026-10-01T01:22:52.396288+00:00,1624,1637148805,Roman Kopylov,Ateba Gautier,2026-10-03T21:00:00Z,0,ml,home,,185,0,2050,account_ccy,2026-10-03T21:00:00+00:00,3747053007
2026-10-01T01:22:52.396288+00:00,1624,1637148805,Roman Kopylov,Ateba Gautier,2026-10-03T21:00:00Z,0,ml,away,,-220,0,2050,account_ccy,2026-10-03T21:00:00+00:00,3747053007
2026-10-01T01:22:52.396288+00:00,1624,1637148805,Roman Kopylov,Ateba Gautier,2026-10-03T21:00:00Z,0,ou,over,1.5,-164,0,1025,account_ccy,2026-10-03T21:00:00+00:00,3747053007
2026-10-01T01:22:52.396288+00:00,1624,1637148805,Roman Kopylov,Ateba Gautier,2026-10-03T21:00:00Z,0,ou,under,1.5,134,0,1025,account_ccy,2026-10-03T21:00:00+00:00,3747053007
2026-10-01T01:22:52.396288+00:00,1624,1637148510,Lucas Armand,Anthony Wint,2026-10-03T21:00:00Z,0,ml,home,,403,0,2050,account_ccy,2026-10-03T21:00:00+00:00,3747719189
2026-10-01T01:22:52.396288+00:00,1624,1637148510,Lucas Armand,Anthony Wint,2026-10-03T21:00:00Z,0,ml,away,,-524,0,2050,account_ccy,2026-10-03T21:00:00+00:00,3747719189
2026-10-01T01:22:52.396288+00:00,1624,1637148510,Lucas Armand,Anthony Wint,2026-10-03T21:00:00Z,0,ou,over,1.5,185,0,1025,account_ccy,2026-10-03T21:00:00+00:00,3747719189
2026-10-01T01:22:52.396288+00:00,1624,1637148510,Lucas Armand,Anthony Wint,2026-10-03T21:00:00Z,0,ou,under,1.5,-230,0,1025,account_ccy,2026-10-03T21:00:00+00:00,3747719189
2026-10-01T01:22:52.396288+00:00,1624,1637148811,Alexander Hernandez,Rafael Dos Anjos,2026-10-03T21:00:00Z,0,ml,home,,-286,0,2050,account_ccy,2026-10-03T21:00:00+00:00,3747655962
2026-10-01T01:22:52.396288+00:00,1624,1637148811,Alexander Hernandez,Rafael Dos Anjos,2026-10-03T21:00:00Z,0,ml,away,,236,0,2050,account_ccy,2026-10-03T21:00:00+00:00,3747655962
2026-10-01T01:22:52.396288+00:00,1624,1637148811,Alexander Hernandez,Rafael Dos Anjos,2026-10-03T21:00:00Z,0,ou,over,2.5,-146,0,1025,account_ccy,2026-10-03T21:00:00+00:00,3747655962
2026-10-01T01:22:52.396288+00:00,1624,1637148811,Alexander Hernandez,Rafael Dos Anjos,2026-10-03T21:00:00Z,0,ou,under,2.5,120,0,1025,account_ccy,2026-10-03T21:00:00+00:00,3747655962
2026-10-01T01:22:52.396288+00:00,1624,1637148816,Eric Nolan,Court McGee,2026-10-03T21:00:00Z,0,ml,home,,-224,0,2050,account_ccy,2026-10-03T21:00:00+00:00,3747710526
2026-10-01T01:22:52.396288+00:00,1624,1637148816,Eric Nolan,Court McGee,2026-10-03T21:00:00Z,0,ml,away,,188,0,2050,account_ccy,2026-10-03T21:00:00+00:00,3747710526
2026-10-01T01:22:52.396288+00:00,1624,1637148816,Eric Nolan,Court McGee,2026-10-03T21:00:00Z,0,ou,over,2.5,-110,0,1025,account_ccy,2026-10-03T21:00:00+00:00,3747710526
2026-10-01T01:22:52.396288+00:00,1624,1637148816,Eric Nolan,Court McGee,2026-10-03T21:00:00Z,0,ou,under,2.5,-110,0,1025,account_ccy,2026-10-03T21:00:00+00:00,3747710526
2026-10-01T01:22:52.396288+00:00,1624,1637146542,Mick Parkin,Johnny Walker,2026-10-03T21:00:00Z,0,ml,home,,116,0,2050,account_ccy,2026-10-03T21:00:00+00:00,3746820817
2026-10-01T01:22:52.396288+00:00,1624,1637146542,Mick Parkin,Johnny Walker,2026-10-03T21:00:00Z,0,ml,away,,-136,0,2050,account_ccy,2026-10-03T21:00:00+00:00,3746820817
2026-10-01T01:22:52.396288+00:00,1624,1637146542,Mick Parkin,Johnny Walker,2026-10-03T21:00:00Z,0,ou,over,1.5,-190,0,1025,account_ccy,2026-10-03T21:00:00+00:00,3746820817
2026-10-01T01:22:52.396288+00:00,1624,1637146542,Mick Parkin,Johnny Walker,2026-10-03T21:00:00Z,0,ou,under,1.5,155,0,1025,account_ccy,2026-10-03T21:00:00+00:00,3746820817
2026-10-01T01:22:52.396288+00:00,1624,1637148801,Josh Hokit,Ciryl Gane,2026-11-14T22:00:00Z,0,ml,home,,213,0,2050,account_ccy,2026-11-14T22:00:00+00:00,3747216075
2026-10-01T01:22:52.396288+00:00,1624,1637148801,Josh Hokit,Ciryl Gane,2026-11-14T22:00:00Z,0,ml,away,,-256,0,2050,account_ccy,2026-11-14T22:00:00+00:00,3747216075
2026-10-01T01:22:52.396288+00:00,1624,1636035127,Wang Cong,Natalia Silva,2026-10-03T21:00:00Z,0,ml,home,,180,0,2050,account_ccy,2026-10-03T21:00:00+00:00,3747731481
2026-10-01T01:22:52.396288+00:00,1624,1636035127,Wang Cong,Natalia Silva,2026-10-03T21:00:00Z,0,ml,away,,-214,0,2050,account_ccy,2026-10-03T21:00:00+00:00,3747731481
2026-10-01T01:22:52.396288+00:00,1624,1636035127,Wang Cong,Natalia Silva,2026-10-03T21:00:00Z,0,ou,over,4.5,-299,0,1025,account_ccy,2026-10-03T21:00:00+00:00,3747731481
2026-10-01T01:22:52.396288+00:00,1624,1636035127,Wang Cong,Natalia Silva,2026-10-03T21:00:00Z,0,ou,under,4.5,236,0,1025,account_ccy,2026-10-03T21:00:00+00:00,3747731481
2026-10-01T01:22:52.396288+00:00,1624,1637148806,Andrey Pulyaev,Damian Pinas,2026-10-03T21:00:00Z,0,ml,home,,443,0,2050,account_ccy,2026-10-03T21:00:00+00:00,3747719189
2026-10-01T01:22:52.396288+00:00,1624,1637148806,Andrey Pulyaev,Damian Pinas,2026-10-03T21:00:00Z,0,ml,away,,-586,0,2050,account_ccy,2026-10-03T21:00:00+00:00,3747719189
2026-10-01T01:22:52.396288+00:00,1624,1637148806,Andrey Pulyaev,Damian Pinas,2026-10-03T21:00:00Z,0,ou,over,1.5,104,0,1025,account_ccy,2026-10-03T21:00:00+00:00,3747719189
2026-10-01T01:22:52.396288+00:00,1624,1637148806,Andrey Pulyaev,Damian Pinas,2026-10-03T21:00:00Z,0,ou,under,1.5,-126,0,1025,account_ccy,2026-10-03T21:00:00+00:00,3747719189
2026-10-01T01:22:52.396288+00:00,1624,1637543552,Anthony Romero,Marcus McGhee,2026-10-03T22:45:00Z,0,ml,home,,354,0,950,account_ccy,2026-10-03T22:45:00+00:00,3747705468
2026-10-01T01:22:52.396288+00:00,1624,1637543552,Anthony Romero,Marcus McGhee,2026-10-03T22:45:00Z,0,ml,away,,-450,0,950,account_ccy,2026-10-03T22:45:00+00:00,3747705468
2026-10-01T01:22:52.396288+00:00,1624,1637543552,Anthony Romero,Marcus McGhee,2026-10-03T22:45:00Z,0,ou,over,1.5,-210,0,475,account_ccy,2026-10-03T22:45:00+00:00,3747705468
2026-10-01T01:22:52.396288+00:00,1624,1637543552,Anthony Romero,Marcus McGhee,2026-10-03T22:45:00Z,0,ou,under,1.5,170,0,475,account_ccy,2026-10-03T22:45:00+00:00,3747705468
2026-10-01T01:22:52.396288+00:00,1624,1635385021,Movsar Evloev,Alexander Volkanovski,2026-10-24T14:00:00Z,0,ml,home,,-110,0,2050,account_ccy,2026-10-24T14:00:00+00:00,3746976945
2026-10-01T01:22:52.396288+00:00,1624,1635385021,Movsar Evloev,Alexander Volkanovski,2026-10-24T14:00:00Z,0,ml,away,,-106,0,2050,account_ccy,2026-10-24T14:00:00+00:00,3746976945
2026-10-01T01:22:52.396288+00:00,1624,1637151310,Ismail Naurdiev,Marvin Vettori,2026-10-03T21:00:00Z,0,ml,home,,-132,0,2050,account_ccy,2026-10-03T21:00:00+00:00,3747796839
2026-10-01T01:22:52.396288+00:00,1624,1637151310,Ismail Naurdiev,Marvin Vettori,2026-10-03T21:00:00Z,0,ml,away,,113,0,2050,account_ccy,2026-10-03T21:00:00+00:00,3747796839
2026-10-01T01:22:52.396288+00:00,1624,1637151310,Ismail Naurdiev,Marvin Vettori,2026-10-03T21:00:00Z,0,ou,over,2.5,-233,0,1025,account_ccy,2026-10-03T21:00:00+00:00,3747796839
2026-10-01T01:22:52.396288+00:00,1624,1637151310,Ismail Naurdiev,Marvin Vettori,2026-10-03T21:00:00Z,0,ou,under,2.5,187,0,1025,account_ccy,2026-10-03T21:00:00+00:00,3747796839
2026-10-01T01:22:52.396288+00:00,1624,1637148507,Roberto Soldic,Khaos Williams,2026-10-03T21:00:00Z,0,ml,home,,-252,0,2050,account_ccy,2026-10-03T21:00:00+00:00,3747679509
2026-10-01T01:22:52.396288+00:00,1624,1637148507,Roberto Soldic,Khaos Williams,2026-10-03T21:00:00Z,0,ml,away,,210,0,2050,account_ccy,2026-10-03T21:00:00+00:00,3747679509
2026-10-01T01:22:52.396288+00:00,1624,1637148507,Roberto Soldic,Khaos Williams,2026-10-03T21:00:00Z,0,ou,over,1.5,-101,0,1025,account_ccy,2026-10-03T21:00:00+00:00,3747679509
2026-10-01T01:22:52.396288+00:00,1624,1637148507,Roberto Soldic,Khaos Williams,2026-10-03T21:00:00Z,0,ou,under,1.5,-120,0,1025,account_ccy,2026-10-03T21:00:00+00:00,3747679509
2026-10-01T01:22:52.396288+00:00,1624,1637148505,Amanda Nunes,Kayla Harrison,2026-11-14T22:00:00Z,0,ml,home,,159,0,2050,account_ccy,2026-11-14T22:00:00+00:00,3737735666
2026-10-01T01:22:52.396288+00:00,1624,1637148505,Amanda Nunes,Kayla Harrison,2026-11-14T22:00:00Z,0,ml,away,,-188,0,2050,account_ccy,2026-11-14T22:00:00+00:00,3737735666
2026-10-01T01:22:52.396288+00:00,1624,1637148802,Esteban Ribovics,King Green,2026-10-03T21:00:00Z,0,ml,home,,-233,0,2050,account_ccy,2026-10-03T21:00:00+00:00,3747589100
2026-10-01T01:22:52.396288+00:00,1624,1637148802,Esteban Ribovics,King Green,2026-10-03T21:00:00Z,0,ml,away,,195,0,2050,account_ccy,2026-10-03T21:00:00+00:00,3747589100
2026-10-01T01:22:52.396288+00:00,1624,1637148802,Esteban Ribovics,King Green,2026-10-03T21:00:00Z,0,ou,over,1.5,-198,0,1025,account_ccy,2026-10-03T21:00:00+00:00,3747589100
2026-10-01T01:22:52.396288+00:00,1624,1637148802,Esteban Ribovics,King Green,2026-10-03T21:00:00Z,0,ou,under,1.5,161,0,1025,account_ccy,2026-10-03T21:00:00+00:00,3747589100
2026-10-01T01:22:52.396288+00:00,1624,1637148508,Alden Coria,Imanol Rodriguez,2026-10-03T21:00:00Z,0,ml,home,,128,0,2050,account_ccy,2026-10-03T21:00:00+00:00,3747689781
2026-10-01T01:22:52.396288+00:00,1624,1637148508,Alden Coria,Imanol Rodriguez,2026-10-03T21:00:00Z,0,ml,away,,-150,0,2050,account_ccy,2026-10-03T21:00:00+00:00,3747689781
2026-10-01T01:22:52.396288+00:00,1624,1637148508,Alden Coria,Imanol Rodriguez,2026-10-03T21:00:00Z,0,ou,over,2.5,-161,0,1025,account_ccy,2026-10-03T21:00:00+00:00,3747689781
2026-10-01T01:22:52.396288+00:00,1624,1637148508,Alden Coria,Imanol Rodriguez,2026-10-03T21:00:00Z,0,ou,under,2.5,132,0,1025,account_ccy,2026-10-03T21:00:00+00:00,3747689781
2026-10-01T01:22:52.396288+00:00,1624,1637388045,Bruce Whitehead,Jacobe Smith,2026-10-03T21:00:00Z,0,ml,home,,701,0,2050,account_ccy,2026-10-03T21:00:00+00:00,3747719189
2026-10-01T01:22:52.396288+00:00,1624,1637388045,Bruce Whitehead,Jacobe Smith,2026-10-03T21:00:00Z,0,ml,away,,-1058,0,2050,account_ccy,2026-10-03T21:00:00+00:00,3747719189
2026-10-01T01:22:52.396288+00:00,1624,1637388045,Bruce Whitehead,Jacobe Smith,2026-10-03T21:00:00Z,0,ou,over,1.5,215,0,1025,account_ccy,2026-10-03T21:00:00+00:00,3747719189
2026-10-01T01:22:52.396288+00:00,1624,1637388045,Bruce Whitehead,Jacobe Smith,2026-10-03T21:00:00Z,0,ou,under,1.5,-270,0,1025,account_ccy,2026-10-03T21:00:00+00:00,3747719189
2026-10-01T01:24:08.378035+00:00,1624,1635389131,Merab Dvalishvili,Petr Yan,2026-10-24T14:00:00Z,0,ml,home,,150,0,2050,account_ccy,2026-10-24T14:00:00+00:00,3746735253
2026-10-01T01:24:08.378035+00:00,1624,1635389131,Merab Dvalishvili,Petr Yan,2026-10-24T14:00:00Z,0,ml,away,,-176,0,2050,account_ccy,2026-10-24T14:00:00+00:00,3746735253
2026-10-01T01:24:08.378035+00:00,1624,1636035128,Payton Talbott,Deiveson Figueiredo,2026-10-03T21:00:00Z,0,ml,home,,-670,0,2050,account_ccy,2026-10-03T21:00:00+00:00,3747730084
2026-10-01T01:24:08.378035+00:00,1624,1636035128,Payton Talbott,Deiveson Figueiredo,2026-10-03T21:00:00Z,0,ml,away,,494,0,2050,account_ccy,2026-10-03T21:00:00+00:00,3747730084
2026-10-01T01:24:08.378035+00:00,1624,1636035128,Payton Talbott,Deiveson Figueiredo,2026-10-03T21:00:00Z,0,ou,over,2.5,-122,0,1025,account_ccy,2026-10-03T21:00:00+00:00,3747730084
2026-10-01T01:24:08.378035+00:00,1624,1636035128,Payton Talbott,Deiveson Figueiredo,2026-10-03T21:00:00Z,0,ou,under,2.5,100,0,1025,account_ccy,2026-10-03T21:00:00+00:00,3747730084
2026-10-01T01:24:08.378035+00:00,1624,1637148805,Roman Kopylov,Ateba Gautier,2026-10-03T21:00:00Z,0,ml,home,,185,0,2050,account_ccy,2026-10-03T21:00:00+00:00,3747053007
2026-10-01T01:24:08.378035+00:00,1624,1637148805,Roman Kopylov,Ateba Gautier,2026-10-03T21:00:00Z,0,ml,away,,-220,0,2050,account_ccy,2026-10-03T21:00:00+00:00,3747053007
2026-10-01T01:24:08.378035+00:00,1624,1637148805,Roman Kopylov,Ateba Gautier,2026-10-03T21:00:00Z,0,ou,over,1.5,-164,0,1025,account_ccy,2026-10-03T21:00:00+00:00,3747053007
2026-10-01T01:24:08.378035+00:00,1624,1637148805,Roman Kopylov,Ateba Gautier,2026-10-03T21:00:00Z,0,ou,under,1.5,134,0,1025,account_ccy,2026-10-03T21:00:00+00:00,3747053007
2026-10-01T01:24:08.378035+00:00,1624,1637148510,Lucas Armand,Anthony Wint,2026-10-03T21:00:00Z,0,ml,home,,403,0,2050,account_ccy,2026-10-03T21:00:00+00:00,3747719189
2026-10-01T01:24:08.378035+00:00,1624,1637148510,Lucas Armand,Anthony Wint,2026-10-03T21:00:00Z,0,ml,away,,-524,0,2050,account_ccy,2026-10-03T21:00:00+00:00,3747719189
2026-10-01T01:24:08.378035+00:00,1624,1637148510,Lucas Armand,Anthony Wint,2026-10-03T21:00:00Z,0,ou,over,1.5,185,0,1025,account_ccy,2026-10-03T21:00:00+00:00,3747719189
2026-10-01T01:24:08.378035+00:00,1624,1637148510,Lucas Armand,Anthony Wint,2026-10-03T21:00:00Z,0,ou,under,1.5,-230,0,1025,account_ccy,2026-10-03T21:00:00+00:00,3747719189
2026-10-01T01:24:08.378035+00:00,1624,1637148811,Alexander Hernandez,Rafael Dos Anjos,2026-10-03T21:00:00Z,0,ml,home,,-286,0,2050,account_ccy,2026-10-03T21:00:00+00:00,3747655962
2026-10-01T01:24:08.378035+00:00,1624,1637148811,Alexander Hernandez,Rafael Dos Anjos,2026-10-03T21:00:00Z,0,ml,away,,236,0,2050,account_ccy,2026-10-03T21:00:00+00:00,3747655962
2026-10-01T01:24:08.378035+00:00,1624,1637148811,Alexander Hernandez,Rafael Dos Anjos,2026-10-03T21:00:00Z,0,ou,over,2.5,-146,0,1025,account_ccy,2026-10-03T21:00:00+00:00,3747655962
2026-10-01T01:24:08.378035+00:00,1624,1637148811,Alexander Hernandez,Rafael Dos Anjos,2026-10-03T21:00:00Z,0,ou,under,2.5,120,0,1025,account_ccy,2026-10-03T21:00:00+00:00,3747655962
2026-10-01T01:24:08.378035+00:00,1624,1637148816,Eric Nolan,Court McGee,2026-10-03T21:00:00Z,0,ml,home,,-224,0,2050,account_ccy,2026-10-03T21:00:00+00:00,3747710526
2026-10-01T01:24:08.378035+00:00,1624,1637148816,Eric Nolan,Court McGee,2026-10-03T21:00:00Z,0,ml,away,,188,0,2050,account_ccy,2026-10-03T21:00:00+00:00,3747710526
2026-10-01T01:24:08.378035+00:00,1624,1637148816,Eric Nolan,Court McGee,2026-10-03T21:00:00Z,0,ou,over,2.5,-110,0,1025,account_ccy,2026-10-03T21:00:00+00:00,3747710526
2026-10-01T01:24:08.378035+00:00,1624,1637148816,Eric Nolan,Court McGee,2026-10-03T21:00:00Z,0,ou,under,2.5,-110,0,1025,account_ccy,2026-10-03T21:00:00+00:00,3747710526
2026-10-01T01:24:08.378035+00:00,1624,1637146542,Mick Parkin,Johnny Walker,2026-10-03T21:00:00Z,0,ml,home,,116,0,2050,account_ccy,2026-10-03T21:00:00+00:00,3746820817
2026-10-01T01:24:08.378035+00:00,1624,1637146542,Mick Parkin,Johnny Walker,2026-10-03T21:00:00Z,0,ml,away,,-136,0,2050,account_ccy,2026-10-03T21:00:00+00:00,3746820817
2026-10-01T01:24:08.378035+00:00,1624,1637146542,Mick Parkin,Johnny Walker,2026-10-03T21:00:00Z,0,ou,over,1.5,-190,0,1025,account_ccy,2026-10-03T21:00:00+00:00,3746820817
2026-10-01T01:24:08.378035+00:00,1624,1637146542,Mick Parkin,Johnny Walker,2026-10-03T21:00:00Z,0,ou,under,1.5,155,0,1025,account_ccy,2026-10-03T21:00:00+00:00,3746820817
2026-10-01T01:24:08.378035+00:00,1624,1637148801,Josh Hokit,Ciryl Gane,2026-11-14T22:00:00Z,0,ml,home,,213,0,2050,account_ccy,2026-11-14T22:00:00+00:00,3747216075
2026-10-01T01:24:08.378035+00:00,1624,1637148801,Josh Hokit,Ciryl Gane,2026-11-14T22:00:00Z,0,ml,away,,-256,0,2050,account_ccy,2026-11-14T22:00:00+00:00,3747216075
2026-10-01T01:24:08.378035+00:00,1624,1636035127,Wang Cong,Natalia Silva,2026-10-03T21:00:00Z,0,ml,home,,180,0,2050,account_ccy,2026-10-03T21:00:00+00:00,3747731481
2026-10-01T01:24:08.378035+00:00,1624,1636035127,Wang Cong,Natalia Silva,2026-10-03T21:00:00Z,0,ml,away,,-214,0,2050,account_ccy,2026-10-03T21:00:00+00:00,3747731481
2026-10-01T01:24:08.378035+00:00,1624,1636035127,Wang Cong,Natalia Silva,2026-10-03T21:00:00Z,0,ou,over,4.5,-299,0,1025,account_ccy,2026-10-03T21:00:00+00:00,3747731481
2026-10-01T01:24:08.378035+00:00,1624,1636035127,Wang Cong,Natalia Silva,2026-10-03T21:00:00Z,0,ou,under,4.5,236,0,1025,account_ccy,2026-10-03T21:00:00+00:00,3747731481
2026-10-01T01:24:08.378035+00:00,1624,1637148806,Andrey Pulyaev,Damian Pinas,2026-10-03T21:00:00Z,0,ml,home,,443,0,2050,account_ccy,2026-10-03T21:00:00+00:00,3747719189
2026-10-01T01:24:08.378035+00:00,1624,1637148806,Andrey Pulyaev,Damian Pinas,2026-10-03T21:00:00Z,0,ml,away,,-586,0,2050,account_ccy,2026-10-03T21:00:00+00:00,3747719189
2026-10-01T01:24:08.378035+00:00,1624,1637148806,Andrey Pulyaev,Damian Pinas,2026-10-03T21:00:00Z,0,ou,over,1.5,104,0,1025,account_ccy,2026-10-03T21:00:00+00:00,3747719189
2026-10-01T01:24:08.378035+00:00,1624,1637148806,Andrey Pulyaev,Damian Pinas,2026-10-03T21:00:00Z,0,ou,under,1.5,-126,0,1025,account_ccy,2026-10-03T21:00:00+00:00,3747719189
2026-10-01T01:24:08.378035+00:00,1624,1637543552,Anthony Romero,Marcus McGhee,2026-10-03T22:45:00Z,0,ml,home,,354,0,950,account_ccy,2026-10-03T22:45:00+00:00,3747705468
2026-10-01T01:24:08.378035+00:00,1624,1637543552,Anthony Romero,Marcus McGhee,2026-10-03T22:45:00Z,0,ml,away,,-450,0,950,account_ccy,2026-10-03T22:45:00+00:00,3747705468
2026-10-01T01:24:08.378035+00:00,1624,1637543552,Anthony Romero,Marcus McGhee,2026-10-03T22:45:00Z,0,ou,over,1.5,-210,0,475,account_ccy,2026-10-03T22:45:00+00:00,3747705468
2026-10-01T01:24:08.378035+00:00,1624,1637543552,Anthony Romero,Marcus McGhee,2026-10-03T22:45:00Z,0,ou,under,1.5,170,0,475,account_ccy,2026-10-03T22:45:00+00:00,3747705468
2026-10-01T01:24:08.378035+00:00,1624,1635385021,Movsar Evloev,Alexander Volkanovski,2026-10-24T14:00:00Z,0,ml,home,,-110,0,2050,account_ccy,2026-10-24T14:00:00+00:00,3746976945
2026-10-01T01:24:08.378035+00:00,1624,1635385021,Movsar Evloev,Alexander Volkanovski,2026-10-24T14:00:00Z,0,ml,away,,-106,0,2050,account_ccy,2026-10-24T14:00:00+00:00,3746976945
2026-10-01T01:24:08.378035+00:00,1624,1637151310,Ismail Naurdiev,Marvin Vettori,2026-10-03T21:00:00Z,0,ml,home,,-132,0,2050,account_ccy,2026-10-03T21:00:00+00:00,3747796839
2026-10-01T01:24:08.378035+00:00,1624,1637151310,Ismail Naurdiev,Marvin Vettori,2026-10-03T21:00:00Z,0,ml,away,,113,0,2050,account_ccy,2026-10-03T21:00:00+00:00,3747796839
2026-10-01T01:24:08.378035+00:00,1624,1637151310,Ismail Naurdiev,Marvin Vettori,2026-10-03T21:00:00Z,0,ou,over,2.5,-233,0,1025,account_ccy,2026-10-03T21:00:00+00:00,3747796839
2026-10-01T01:24:08.378035+00:00,1624,1637151310,Ismail Naurdiev,Marvin Vettori,2026-10-03T21:00:00Z,0,ou,under,2.5,187,0,1025,account_ccy,2026-10-03T21:00:00+00:00,3747796839
2026-10-01T01:24:08.378035+00:00,1624,1637148507,Roberto Soldic,Khaos Williams,2026-10-03T21:00:00Z,0,ml,home,,-252,0,2050,account_ccy,2026-10-03T21:00:00+00:00,3747679509
2026-10-01T01:24:08.378035+00:00,1624,1637148507,Roberto Soldic,Khaos Williams,2026-10-03T21:00:00Z,0,ml,away,,210,0,2050,account_ccy,2026-10-03T21:00:00+00:00,3747679509
2026-10-01T01:24:08.378035+00:00,1624,1637148507,Roberto Soldic,Khaos Williams,2026-10-03T21:00:00Z,0,ou,over,1.5,-101,0,1025,account_ccy,2026-10-03T21:00:00+00:00,3747679509
2026-10-01T01:24:08.378035+00:00,1624,1637148507,Roberto Soldic,Khaos Williams,2026-10-03T21:00:00Z,0,ou,under,1.5,-120,0,1025,account_ccy,2026-10-03T21:00:00+00:00,3747679509
2026-10-01T01:24:08.378035+00:00,1624,1637148505,Amanda Nunes,Kayla Harrison,2026-11-14T22:00:00Z,0,ml,home,,159,0,2050,account_ccy,2026-11-14T22:00:00+00:00,3737735666
2026-10-01T01:24:08.378035+00:00,1624,1637148505,Amanda Nunes,Kayla Harrison,2026-11-14T22:00:00Z,0,ml,away,,-188,0,2050,account_ccy,2026-11-14T22:00:00+00:00,3737735666
2026-10-01T01:24:08.378035+00:00,1624,1637148802,Esteban Ribovics,King Green,2026-10-03T21:00:00Z,0,ml,home,,-233,0,2050,account_ccy,2026-10-03T21:00:00+00:00,3747589100
2026-10-01T01:24:08.378035+00:00,1624,1637148802,Esteban Ribovics,King Green,2026-10-03T21:00:00Z,0,ml,away,,195,0,2050,account_ccy,2026-10-03T21:00:00+00:00,3747589100
2026-10-01T01:24:08.378035+00:00,1624,1637148802,Esteban Ribovics,King Green,2026-10-03T21:00:00Z,0,ou,over,1.5,-198,0,1025,account_ccy,2026-10-03T21:00:00+00:00,3747589100
2026-10-01T01:24:08.378035+00:00,1624,1637148802,Esteban Ribovics,King Green,2026-10-03T21:00:00Z,0,ou,under,1.5,161,0,1025,account_ccy,2026-10-03T21:00:00+00:00,3747589100
2026-10-01T01:24:08.378035+00:00,1624,1637148508,Alden Coria,Imanol Rodriguez,2026-10-03T21:00:00Z,0,ml,home,,128,0,2050,account_ccy,2026-10-03T21:00:00+00:00,3747689781
2026-10-01T01:24:08.378035+00:00,1624,1637148508,Alden Coria,Imanol Rodriguez,2026-10-03T21:00:00Z,0,ml,away,,-150,0,2050,account_ccy,2026-10-03T21:00:00+00:00,3747689781
2026-10-01T01:24:08.378035+00:00,1624,1637148508,Alden Coria,Imanol Rodriguez,2026-10-03T21:00:00Z,0,ou,over,2.5,-161,0,1025,account_ccy,2026-10-03T21:00:00+00:00,3747689781
2026-10-01T01:24:08.378035+00:00,1624,1637148508,Alden Coria,Imanol Rodriguez,2026-10-03T21:00:00Z,0,ou,under,2.5,132,0,1025,account_ccy,2026-10-03T21:00:00+00:00,3747689781
2026-10-01T01:24:08.378035+00:00,1624,1637388045,Bruce Whitehead,Jacobe Smith,2026-10-03T21:00:00Z,0,ml,home,,701,0,2050,account_ccy,2026-10-03T21:00:00+00:00,3747719189
2026-10-01T01:24:08.378035+00:00,1624,1637388045,Bruce Whitehead,Jacobe Smith,2026-10-03T21:00:00Z,0,ml,away,,-1058,0,2050,account_ccy,2026-10-03T21:00:00+00:00,3747719189
2026-10-01T01:24:08.378035+00:00,1624,1637388045,Bruce Whitehead,Jacobe Smith,2026-10-03T21:00:00Z,0,ou,over,1.5,215,0,1025,account_ccy,2026-10-03T21:00:00+00:00,3747719189
2026-10-01T01:24:08.378035+00:00,1624,1637388045,Bruce Whitehead,Jacobe Smith,2026-10-03T21:00:00Z,0,ou,under,1.5,-270,0,1025,account_ccy,2026-10-03T21:00:00+00:00,3747719189
2026-10-01T01:34:19.253047+00:00,1624,1635389131,Merab Dvalishvili,Petr Yan,2026-10-24T14:00:00Z,0,ml,home,,150,0,2050,account_ccy,2026-10-24T14:00:00+00:00,3746735253
2026-10-01T01:34:19.253047+00:00,1624,1635389131,Merab Dvalishvili,Petr Yan,2026-10-24T14:00:00Z,0,ml,away,,-176,0,2050,account_ccy,2026-10-24T14:00:00+00:00,3746735253
2026-10-01T01:34:19.253047+00:00,1624,1636035128,Payton Talbott,Deiveson Figueiredo,2026-10-03T21:00:00Z,0,ml,home,,-670,0,2050,account_ccy,2026-10-03T21:00:00+00:00,3747730084
2026-10-01T01:34:19.253047+00:00,1624,1636035128,Payton Talbott,Deiveson Figueiredo,2026-10-03T21:00:00Z,0,ml,away,,494,0,2050,account_ccy,2026-10-03T21:00:00+00:00,3747730084
2026-10-01T01:34:19.253047+00:00,1624,1636035128,Payton Talbott,Deiveson Figueiredo,2026-10-03T21:00:00Z,0,ou,over,2.5,-122,0,1025,account_ccy,2026-10-03T21:00:00+00:00,3747730084
2026-10-01T01:34:19.253047+00:00,1624,1636035128,Payton Talbott,Deiveson Figueiredo,2026-10-03T21:00:00Z,0,ou,under,2.5,100,0,1025,account_ccy,2026-10-03T21:00:00+00:00,3747730084
2026-10-01T01:34:19.253047+00:00,1624,1637148805,Roman Kopylov,Ateba Gautier,2026-10-03T21:00:00Z,0,ml,home,,185,0,2050,account_ccy,2026-10-03T21:00:00+00:00,3747053007
2026-10-01T01:34:19.253047+00:00,1624,1637148805,Roman Kopylov,Ateba Gautier,2026-10-03T21:00:00Z,0,ml,away,,-220,0,2050,account_ccy,2026-10-03T21:00:00+00:00,3747053007
2026-10-01T01:34:19.253047+00:00,1624,1637148805,Roman Kopylov,Ateba Gautier,2026-10-03T21:00:00Z,0,ou,over,1.5,-164,0,1025,account_ccy,2026-10-03T21:00:00+00:00,3747053007
2026-10-01T01:34:19.253047+00:00,1624,1637148805,Roman Kopylov,Ateba Gautier,2026-10-03T21:00:00Z,0,ou,under,1.5,134,0,1025,account_ccy,2026-10-03T21:00:00+00:00,3747053007
2026-10-01T01:34:19.253047+00:00,1624,1637148510,Lucas Armand,Anthony Wint,2026-10-03T21:00:00Z,0,ml,home,,403,0,2050,account_ccy,2026-10-03T21:00:00+00:00,3747719189
2026-10-01T01:34:19.253047+00:00,1624,1637148510,Lucas Armand,Anthony Wint,2026-10-03T21:00:00Z,0,ml,away,,-524,0,2050,account_ccy,2026-10-03T21:00:00+00:00,3747719189
2026-10-01T01:34:19.253047+00:00,1624,1637148510,Lucas Armand,Anthony Wint,2026-10-03T21:00:00Z,0,ou,over,1.5,185,0,1025,account_ccy,2026-10-03T21:00:00+00:00,3747719189
2026-10-01T01:34:19.253047+00:00,1624,1637148510,Lucas Armand,Anthony Wint,2026-10-03T21:00:00Z,0,ou,under,1.5,-230,0,1025,account_ccy,2026-10-03T21:00:00+00:00,3747719189
2026-10-01T01:34:19.253047+00:00,1624,1637148811,Alexander Hernandez,Rafael Dos Anjos,2026-10-03T21:00:00Z,0,ml,home,,-286,0,2050,account_ccy,2026-10-03T21:00:00+00:00,3747655962
2026-10-01T01:34:19.253047+00:00,1624,1637148811,Alexander Hernandez,Rafael Dos Anjos,2026-10-03T21:00:00Z,0,ml,away,,236,0,2050,account_ccy,2026-10-03T21:00:00+00:00,3747655962
2026-10-01T01:34:19.253047+00:00,1624,1637148811,Alexander Hernandez,Rafael Dos Anjos,2026-10-03T21:00:00Z,0,ou,over,2.5,-146,0,1025,account_ccy,2026-10-03T21:00:00+00:00,3747655962
2026-10-01T01:34:19.253047+00:00,1624,1637148811,Alexander Hernandez,Rafael Dos Anjos,2026-10-03T21:00:00Z,0,ou,under,2.5,120,0,1025,account_ccy,2026-10-03T21:00:00+00:00,3747655962
2026-10-01T01:34:19.253047+00:00,1624,1637148816,Eric Nolan,Court McGee,2026-10-03T21:00:00Z,0,ml,home,,-224,0,2050,account_ccy,2026-10-03T21:00:00+00:00,3747710526
2026-10-01T01:34:19.253047+00:00,1624,1637148816,Eric Nolan,Court McGee,2026-10-03T21:00:00Z,0,ml,away,,188,0,2050,account_ccy,2026-10-03T21:00:00+00:00,3747710526
2026-10-01T01:34:19.253047+00:00,1624,1637148816,Eric Nolan,Court McGee,2026-10-03T21:00:00Z,0,ou,over,2.5,-110,0,1025,account_ccy,2026-10-03T21:00:00+00:00,3747710526
2026-10-01T01:34:19.253047+00:00,1624,1637148816,Eric Nolan,Court McGee,2026-10-03T21:00:00Z,0,ou,under,2.5,-110,0,1025,account_ccy,2026-10-03T21:00:00+00:00,3747710526
2026-10-01T01:34:19.253047+00:00,1624,1637146542,Mick Parkin,Johnny Walker,2026-10-03T21:00:00Z,0,ml,home,,116,0,2050,account_ccy,2026-10-03T21:00:00+00:00,3746820817
2026-10-01T01:34:19.253047+00:00,1624,1637146542,Mick Parkin,Johnny Walker,2026-10-03T21:00:00Z,0,ml,away,,-136,0,2050,account_ccy,2026-10-03T21:00:00+00:00,3746820817
2026-10-01T01:34:19.253047+00:00,1624,1637146542,Mick Parkin,Johnny Walker,2026-10-03T21:00:00Z,0,ou,over,1.5,-190,0,1025,account_ccy,2026-10-03T21:00:00+00:00,3746820817
2026-10-01T01:34:19.253047+00:00,1624,1637146542,Mick Parkin,Johnny Walker,2026-10-03T21:00:00Z,0,ou,under,1.5,155,0,1025,account_ccy,2026-10-03T21:00:00+00:00,3746820817
2026-10-01T01:34:19.253047+00:00,1624,1637148801,Josh Hokit,Ciryl Gane,2026-11-14T22:00:00Z,0,ml,home,,213,0,2050,account_ccy,2026-11-14T22:00:00+00:00,3747216075
2026-10-01T01:34:19.253047+00:00,1624,1637148801,Josh Hokit,Ciryl Gane,2026-11-14T22:00:00Z,0,ml,away,,-256,0,2050,account_ccy,2026-11-14T22:00:00+00:00,3747216075
2026-10-01T01:34:19.253047+00:00,1624,1636035127,Wang Cong,Natalia Silva,2026-10-03T21:00:00Z,0,ml,home,,180,0,2050,account_ccy,2026-10-03T21:00:00+00:00,3747731481
2026-10-01T01:34:19.253047+00:00,1624,1636035127,Wang Cong,Natalia Silva,2026-10-03T21:00:00Z,0,ml,away,,-214,0,2050,account_ccy,2026-10-03T21:00:00+00:00,3747731481
2026-10-01T01:34:19.253047+00:00,1624,1636035127,Wang Cong,Natalia Silva,2026-10-03T21:00:00Z,0,ou,over,4.5,-299,0,1025,account_ccy,2026-10-03T21:00:00+00:00,3747731481
2026-10-01T01:34:19.253047+00:00,1624,1636035127,Wang Cong,Natalia Silva,2026-10-03T21:00:00Z,0,ou,under,4.5,236,0,1025,account_ccy,2026-10-03T21:00:00+00:00,3747731481
2026-10-01T01:34:19.253047+00:00,1624,1637148806,Andrey Pulyaev,Damian Pinas,2026-10-03T21:00:00Z,0,ml,home,,443,0,2050,account_ccy,2026-10-03T21:00:00+00:00,3747719189
2026-10-01T01:34:19.253047+00:00,1624,1637148806,Andrey Pulyaev,Damian Pinas,2026-10-03T21:00:00Z,0,ml,away,,-586,0,2050,account_ccy,2026-10-03T21:00:00+00:00,3747719189
2026-10-01T01:34:19.253047+00:00,1624,1637148806,Andrey Pulyaev,Damian Pinas,2026-10-03T21:00:00Z,0,ou,over,1.5,104,0,1025,account_ccy,2026-10-03T21:00:00+00:00,3747719189
2026-10-01T01:34:19.253047+00:00,1624,1637148806,Andrey Pulyaev,Damian Pinas,2026-10-03T21:00:00Z,0,ou,under,1.5,-126,0,1025,account_ccy,2026-10-03T21:00:00+00:00,3747719189
2026-10-01T01:34:19.253047+00:00,1624,1637543552,Anthony Romero,Marcus McGhee,2026-10-03T22:45:00Z,0,ml,home,,354,0,950,account_ccy,2026-10-03T22:45:00+00:00,3747705468
2026-10-01T01:34:19.253047+00:00,1624,1637543552,Anthony Romero,Marcus McGhee,2026-10-03T22:45:00Z,0,ml,away,,-450,0,950,account_ccy,2026-10-03T22:45:00+00:00,3747705468
2026-10-01T01:34:19.253047+00:00,1624,1637543552,Anthony Romero,Marcus McGhee,2026-10-03T22:45:00Z,0,ou,over,1.5,-210,0,475,account_ccy,2026-10-03T22:45:00+00:00,3747705468
2026-10-01T01:34:19.253047+00:00,1624,1637543552,Anthony Romero,Marcus McGhee,2026-10-03T22:45:00Z,0,ou,under,1.5,170,0,475,account_ccy,2026-10-03T22:45:00+00:00,3747705468
2026-10-01T01:34:19.253047+00:00,1624,1635385021,Movsar Evloev,Alexander Volkanovski,2026-10-24T14:00:00Z,0,ml,home,,-110,0,2050,account_ccy,2026-10-24T14:00:00+00:00,3746976945
2026-10-01T01:34:19.253047+00:00,1624,1635385021,Movsar Evloev,Alexander Volkanovski,2026-10-24T14:00:00Z,0,ml,away,,-106,0,2050,account_ccy,2026-10-24T14:00:00+00:00,3746976945
2026-10-01T01:34:19.253047+00:00,1624,1637151310,Ismail Naurdiev,Marvin Vettori,2026-10-03T21:00:00Z,0,ml,home,,-132,0,2050,account_ccy,2026-10-03T21:00:00+00:00,3747796839
2026-10-01T01:34:19.253047+00:00,1624,1637151310,Ismail Naurdiev,Marvin Vettori,2026-10-03T21:00:00Z,0,ml,away,,113,0,2050,account_ccy,2026-10-03T21:00:00+00:00,3747796839
2026-10-01T01:34:19.253047+00:00,1624,1637151310,Ismail Naurdiev,Marvin Vettori,2026-10-03T21:00:00Z,0,ou,over,2.5,-233,0,1025,account_ccy,2026-10-03T21:00:00+00:00,3747796839
2026-10-01T01:34:19.253047+00:00,1624,1637151310,Ismail Naurdiev,Marvin Vettori,2026-10-03T21:00:00Z,0,ou,under,2.5,187,0,1025,account_ccy,2026-10-03T21:00:00+00:00,3747796839
2026-10-01T01:34:19.253047+00:00,1624,1637148507,Roberto Soldic,Khaos Williams,2026-10-03T21:00:00Z,0,ml,home,,-252,0,2050,account_ccy,2026-10-03T21:00:00+00:00,3747679509
2026-10-01T01:34:19.253047+00:00,1624,1637148507,Roberto Soldic,Khaos Williams,2026-10-03T21:00:00Z,0,ml,away,,210,0,2050,account_ccy,2026-10-03T21:00:00+00:00,3747679509
2026-10-01T01:34:19.253047+00:00,1624,1637148507,Roberto Soldic,Khaos Williams,2026-10-03T21:00:00Z,0,ou,over,1.5,-101,0,1025,account_ccy,2026-10-03T21:00:00+00:00,3747679509
2026-10-01T01:34:19.253047+00:00,1624,1637148507,Roberto Soldic,Khaos Williams,2026-10-03T21:00:00Z,0,ou,under,1.5,-120,0,1025,account_ccy,2026-10-03T21:00:00+00:00,3747679509
2026-10-01T01:34:19.253047+00:00,1624,1637148505,Amanda Nunes,Kayla Harrison,2026-11-14T22:00:00Z,0,ml,home,,159,0,2050,account_ccy,2026-11-14T22:00:00+00:00,3737735666
2026-10-01T01:34:19.253047+00:00,1624,1637148505,Amanda Nunes,Kayla Harrison,2026-11-14T22:00:00Z,0,ml,away,,-188,0,2050,account_ccy,2026-11-14T22:00:00+00:00,3737735666
2026-10-01T01:34:19.253047+00:00,1624,1637148802,Esteban Ribovics,King Green,2026-10-03T21:00:00Z,0,ml,home,,-233,0,2050,account_ccy,2026-10-03T21:00:00+00:00,3747589100
2026-10-01T01:34:19.253047+00:00,1624,1637148802,Esteban Ribovics,King Green,2026-10-03T21:00:00Z,0,ml,away,,195,0,2050,account_ccy,2026-10-03T21:00:00+00:00,3747589100
2026-10-01T01:34:19.253047+00:00,1624,1637148802,Esteban Ribovics,King Green,2026-10-03T21:00:00Z,0,ou,over,1.5,-198,0,1025,account_ccy,2026-10-03T21:00:00+00:00,3747589100
2026-10-01T01:34:19.253047+00:00,1624,1637148802,Esteban Ribovics,King Green,2026-10-03T21:00:00Z,0,ou,under,1.5,161,0,1025,account_ccy,2026-10-03T21:00:00+00:00,3747589100
2026-10-01T01:34:19.253047+00:00,1624,1637148508,Alden Coria,Imanol Rodriguez,2026-10-03T21:00:00Z,0,ml,home,,128,0,2050,account_ccy,2026-10-03T21:00:00+00:00,3747689781
2026-10-01T01:34:19.253047+00:00,1624,1637148508,Alden Coria,Imanol Rodriguez,2026-10-03T21:00:00Z,0,ml,away,,-150,0,2050,account_ccy,2026-10-03T21:00:00+00:00,3747689781
2026-10-01T01:34:19.253047+00:00,1624,1637148508,Alden Coria,Imanol Rodriguez,2026-10-03T21:00:00Z,0,ou,over,2.5,-161,0,1025,account_ccy,2026-10-03T21:00:00+00:00,3747689781
2026-10-01T01:34:19.253047+00:00,1624,1637148508,Alden Coria,Imanol Rodriguez,2026-10-03T21:00:00Z,0,ou,under,2.5,132,0,1025,account_ccy,2026-10-03T21:00:00+00:00,3747689781
2026-10-01T01:34:19.253047+00:00,1624,1637388045,Bruce Whitehead,Jacobe Smith,2026-10-03T21:00:00Z,0,ml,home,,701,0,2050,account_ccy,2026-10-03T21:00:00+00:00,3747719189
2026-10-01T01:34:19.253047+00:00,1624,1637388045,Bruce Whitehead,Jacobe Smith,2026-10-03T21:00:00Z,0,ml,away,,-1058,0,2050,account_ccy,2026-10-03T21:00:00+00:00,3747719189
2026-10-01T01:34:19.253047+00:00,1624,1637388045,Bruce Whitehead,Jacobe Smith,2026-10-03T21:00:00Z,0,ou,over,1.5,215,0,1025,account_ccy,2026-10-03T21:00:00+00:00,3747719189
2026-10-01T01:34:19.253047+00:00,1624,1637388045,Bruce Whitehead,Jacobe Smith,2026-10-03T21:00:00Z,0,ou,under,1.5,-270,0,1025,account_ccy,2026-10-03T21:00:00+00:00,3747719189
2026-10-01T01:44:30.721959+00:00,1624,1637148507,Roberto Soldic,Khaos Williams,2026-10-03T21:00:00Z,0,ml,home,,-252,0,2050,account_ccy,2026-10-03T21:00:00+00:00,3747679509
2026-10-01T01:44:30.721959+00:00,1624,1637148507,Roberto Soldic,Khaos Williams,2026-10-03T21:00:00Z,0,ml,away,,210,0,2050,account_ccy,2026-10-03T21:00:00+00:00,3747679509
2026-10-01T01:44:30.721959+00:00,1624,1637148507,Roberto Soldic,Khaos Williams,2026-10-03T21:00:00Z,0,ou,over,1.5,-101,0,1025,account_ccy,2026-10-03T21:00:00+00:00,3747679509
2026-10-01T01:44:30.721959+00:00,1624,1637148507,Roberto Soldic,Khaos Williams,2026-10-03T21:00:00Z,0,ou,under,1.5,-120,0,1025,account_ccy,2026-10-03T21:00:00+00:00,3747679509
2026-10-01T01:44:30.721959+00:00,1624,1637146542,Mick Parkin,Johnny Walker,2026-10-03T21:00:00Z,0,ml,home,,113,0,2050,account_ccy,2026-10-03T21:00:00+00:00,3747802421
2026-10-01T01:44:30.721959+00:00,1624,1637146542,Mick Parkin,Johnny Walker,2026-10-03T21:00:00Z,0,ml,away,,-132,0,2050,account_ccy,2026-10-03T21:00:00+00:00,3747802421
2026-10-01T01:44:30.721959+00:00,1624,1637146542,Mick Parkin,Johnny Walker,2026-10-03T21:00:00Z,0,ou,over,1.5,-190,0,1025,account_ccy,2026-10-03T21:00:00+00:00,3747802421
2026-10-01T01:44:30.721959+00:00,1624,1637146542,Mick Parkin,Johnny Walker,2026-10-03T21:00:00Z,0,ou,under,1.5,155,0,1025,account_ccy,2026-10-03T21:00:00+00:00,3747802421
2026-10-01T01:44:30.721959+00:00,1624,1636035128,Payton Talbott,Deiveson Figueiredo,2026-10-03T21:00:00Z,0,ml,home,,-670,0,2050,account_ccy,2026-10-03T21:00:00+00:00,3747730084
2026-10-01T01:44:30.721959+00:00,1624,1636035128,Payton Talbott,Deiveson Figueiredo,2026-10-03T21:00:00Z,0,ml,away,,494,0,2050,account_ccy,2026-10-03T21:00:00+00:00,3747730084
2026-10-01T01:44:30.721959+00:00,1624,1636035128,Payton Talbott,Deiveson Figueiredo,2026-10-03T21:00:00Z,0,ou,over,2.5,-122,0,1025,account_ccy,2026-10-03T21:00:00+00:00,3747730084
2026-10-01T01:44:30.721959+00:00,1624,1636035128,Payton Talbott,Deiveson Figueiredo,2026-10-03T21:00:00Z,0,ou,under,2.5,100,0,1025,account_ccy,2026-10-03T21:00:00+00:00,3747730084
2026-10-01T01:44:30.721959+00:00,1624,1637148505,Amanda Nunes,Kayla Harrison,2026-11-14T22:00:00Z,0,ml,home,,159,0,2050,account_ccy,2026-11-14T22:00:00+00:00,3737735666
2026-10-01T01:44:30.721959+00:00,1624,1637148505,Amanda Nunes,Kayla Harrison,2026-11-14T22:00:00Z,0,ml,away,,-188,0,2050,account_ccy,2026-11-14T22:00:00+00:00,3737735666
2026-10-01T01:44:30.721959+00:00,1624,1637148811,Alexander Hernandez,Rafael Dos Anjos,2026-10-03T21:00:00Z,0,ml,home,,-286,0,2050,account_ccy,2026-10-03T21:00:00+00:00,3747655962
2026-10-01T01:44:30.721959+00:00,1624,1637148811,Alexander Hernandez,Rafael Dos Anjos,2026-10-03T21:00:00Z,0,ml,away,,236,0,2050,account_ccy,2026-10-03T21:00:00+00:00,3747655962
2026-10-01T01:44:30.721959+00:00,1624,1637148811,Alexander Hernandez,Rafael Dos Anjos,2026-10-03T21:00:00Z,0,ou,over,2.5,-146,0,1025,account_ccy,2026-10-03T21:00:00+00:00,3747655962
2026-10-01T01:44:30.721959+00:00,1624,1637148811,Alexander Hernandez,Rafael Dos Anjos,2026-10-03T21:00:00Z,0,ou,under,2.5,120,0,1025,account_ccy,2026-10-03T21:00:00+00:00,3747655962
2026-10-01T01:44:30.721959+00:00,1624,1635389131,Merab Dvalishvili,Petr Yan,2026-10-24T14:00:00Z,0,ml,home,,150,0,2050,account_ccy,2026-10-24T14:00:00+00:00,3746735253
2026-10-01T01:44:30.721959+00:00,1624,1635389131,Merab Dvalishvili,Petr Yan,2026-10-24T14:00:00Z,0,ml,away,,-176,0,2050,account_ccy,2026-10-24T14:00:00+00:00,3746735253
2026-10-01T01:44:30.721959+00:00,1624,1637543552,Anthony Romero,Marcus McGhee,2026-10-03T22:45:00Z,0,ml,home,,354,0,950,account_ccy,2026-10-03T22:45:00+00:00,3747705468
2026-10-01T01:44:30.721959+00:00,1624,1637543552,Anthony Romero,Marcus McGhee,2026-10-03T22:45:00Z,0,ml,away,,-450,0,950,account_ccy,2026-10-03T22:45:00+00:00,3747705468
2026-10-01T01:44:30.721959+00:00,1624,1637543552,Anthony Romero,Marcus McGhee,2026-10-03T22:45:00Z,0,ou,over,1.5,-210,0,475,account_ccy,2026-10-03T22:45:00+00:00,3747705468
2026-10-01T01:44:30.721959+00:00,1624,1637543552,Anthony Romero,Marcus McGhee,2026-10-03T22:45:00Z,0,ou,under,1.5,170,0,475,account_ccy,2026-10-03T22:45:00+00:00,3747705468
2026-10-01T01:44:30.721959+00:00,1624,1637148805,Roman Kopylov,Ateba Gautier,2026-10-03T21:00:00Z,0,ml,home,,185,0,2050,account_ccy,2026-10-03T21:00:00+00:00,3747053007
2026-10-01T01:44:30.721959+00:00,1624,1637148805,Roman Kopylov,Ateba Gautier,2026-10-03T21:00:00Z,0,ml,away,,-220,0,2050,account_ccy,2026-10-03T21:00:00+00:00,3747053007
2026-10-01T01:44:30.721959+00:00,1624,1637148805,Roman Kopylov,Ateba Gautier,2026-10-03T21:00:00Z,0,ou,over,1.5,-164,0,1025,account_ccy,2026-10-03T21:00:00+00:00,3747053007
2026-10-01T01:44:30.721959+00:00,1624,1637148805,Roman Kopylov,Ateba Gautier,2026-10-03T21:00:00Z,0,ou,under,1.5,134,0,1025,account_ccy,2026-10-03T21:00:00+00:00,3747053007
2026-10-01T01:44:30.721959+00:00,1624,1637148806,Andrey Pulyaev,Damian Pinas,2026-10-03T21:00:00Z,0,ml,home,,443,0,2050,account_ccy,2026-10-03T21:00:00+00:00,3747719189
2026-10-01T01:44:30.721959+00:00,1624,1637148806,Andrey Pulyaev,Damian Pinas,2026-10-03T21:00:00Z,0,ml,away,,-586,0,2050,account_ccy,2026-10-03T21:00:00+00:00,3747719189
2026-10-01T01:44:30.721959+00:00,1624,1637148806,Andrey Pulyaev,Damian Pinas,2026-10-03T21:00:00Z,0,ou,over,1.5,104,0,1025,account_ccy,2026-10-03T21:00:00+00:00,3747719189
2026-10-01T01:44:30.721959+00:00,1624,1637148806,Andrey Pulyaev,Damian Pinas,2026-10-03T21:00:00Z,0,ou,under,1.5,-126,0,1025,account_ccy,2026-10-03T21:00:00+00:00,3747719189
2026-10-01T01:44:30.721959+00:00,1624,1636035127,Wang Cong,Natalia Silva,2026-10-03T21:00:00Z,0,ml,home,,180,0,2050,account_ccy,2026-10-03T21:00:00+00:00,3747731481
2026-10-01T01:44:30.721959+00:00,1624,1636035127,Wang Cong,Natalia Silva,2026-10-03T21:00:00Z,0,ml,away,,-214,0,2050,account_ccy,2026-10-03T21:00:00+00:00,3747731481
2026-10-01T01:44:30.721959+00:00,1624,1636035127,Wang Cong,Natalia Silva,2026-10-03T21:00:00Z,0,ou,over,4.5,-299,0,1025,account_ccy,2026-10-03T21:00:00+00:00,3747731481
2026-10-01T01:44:30.721959+00:00,1624,1636035127,Wang Cong,Natalia Silva,2026-10-03T21:00:00Z,0,ou,under,4.5,236,0,1025,account_ccy,2026-10-03T21:00:00+00:00,3747731481
2026-10-01T01:44:30.721959+00:00,1624,1637388045,Bruce Whitehead,Jacobe Smith,2026-10-03T21:00:00Z,0,ml,home,,701,0,2050,account_ccy,2026-10-03T21:00:00+00:00,3747719189
2026-10-01T01:44:30.721959+00:00,1624,1637388045,Bruce Whitehead,Jacobe Smith,2026-10-03T21:00:00Z,0,ml,away,,-1058,0,2050,account_ccy,2026-10-03T21:00:00+00:00,3747719189
2026-10-01T01:44:30.721959+00:00,1624,1637388045,Bruce Whitehead,Jacobe Smith,2026-10-03T21:00:00Z,0,ou,over,1.5,215,0,1025,account_ccy,2026-10-03T21:00:00+00:00,3747719189
2026-10-01T01:44:30.721959+00:00,1624,1637388045,Bruce Whitehead,Jacobe Smith,2026-10-03T21:00:00Z,0,ou,under,1.5,-270,0,1025,account_ccy,2026-10-03T21:00:00+00:00,3747719189
2026-10-01T01:44:30.721959+00:00,1624,1637148801,Josh Hokit,Ciryl Gane,2026-11-14T22:00:00Z,0,ml,home,,213,0,2050,account_ccy,2026-11-14T22:00:00+00:00,3747216075
2026-10-01T01:44:30.721959+00:00,1624,1637148801,Josh Hokit,Ciryl Gane,2026-11-14T22:00:00Z,0,ml,away,,-256,0,2050,account_ccy,2026-11-14T22:00:00+00:00,3747216075
2026-10-01T01:44:30.721959+00:00,1624,1637148802,Esteban Ribovics,King Green,2026-10-03T21:00:00Z,0,ml,home,,-233,0,2050,account_ccy,2026-10-03T21:00:00+00:00,3747589100
2026-10-01T01:44:30.721959+00:00,1624,1637148802,Esteban Ribovics,King Green,2026-10-03T21:00:00Z,0,ml,away,,195,0,2050,account_ccy,2026-10-03T21:00:00+00:00,3747589100
2026-10-01T01:44:30.721959+00:00,1624,1637148802,Esteban Ribovics,King Green,2026-10-03T21:00:00Z,0,ou,over,1.5,-198,0,1025,account_ccy,2026-10-03T21:00:00+00:00,3747589100
2026-10-01T01:44:30.721959+00:00,1624,1637148802,Esteban Ribovics,King Green,2026-10-03T21:00:00Z,0,ou,under,1.5,161,0,1025,account_ccy,2026-10-03T21:00:00+00:00,3747589100
2026-10-01T01:44:30.721959+00:00,1624,1637148510,Lucas Armand,Anthony Wint,2026-10-03T21:00:00Z,0,ml,home,,403,0,2050,account_ccy,2026-10-03T21:00:00+00:00,3747719189
2026-10-01T01:44:30.721959+00:00,1624,1637148510,Lucas Armand,Anthony Wint,2026-10-03T21:00:00Z,0,ml,away,,-524,0,2050,account_ccy,2026-10-03T21:00:00+00:00,3747719189
2026-10-01T01:44:30.721959+00:00,1624,1637148510,Lucas Armand,Anthony Wint,2026-10-03T21:00:00Z,0,ou,over,1.5,185,0,1025,account_ccy,2026-10-03T21:00:00+00:00,3747719189
2026-10-01T01:44:30.721959+00:00,1624,1637148510,Lucas Armand,Anthony Wint,2026-10-03T21:00:00Z,0,ou,under,1.5,-230,0,1025,account_ccy,2026-10-03T21:00:00+00:00,3747719189
2026-10-01T01:44:30.721959+00:00,1624,1637148816,Eric Nolan,Court McGee,2026-10-03T21:00:00Z,0,ml,home,,-224,0,2050,account_ccy,2026-10-03T21:00:00+00:00,3747710526
2026-10-01T01:44:30.721959+00:00,1624,1637148816,Eric Nolan,Court McGee,2026-10-03T21:00:00Z,0,ml,away,,188,0,2050,account_ccy,2026-10-03T21:00:00+00:00,3747710526
2026-10-01T01:44:30.721959+00:00,1624,1637148816,Eric Nolan,Court McGee,2026-10-03T21:00:00Z,0,ou,over,2.5,-110,0,1025,account_ccy,2026-10-03T21:00:00+00:00,3747710526
2026-10-01T01:44:30.721959+00:00,1624,1637148816,Eric Nolan,Court McGee,2026-10-03T21:00:00Z,0,ou,under,2.5,-110,0,1025,account_ccy,2026-10-03T21:00:00+00:00,3747710526
2026-10-01T01:44:30.721959+00:00,1624,1635385021,Movsar Evloev,Alexander Volkanovski,2026-10-24T14:00:00Z,0,ml,home,,-110,0,2050,account_ccy,2026-10-24T14:00:00+00:00,3746976945
2026-10-01T01:44:30.721959+00:00,1624,1635385021,Movsar Evloev,Alexander Volkanovski,2026-10-24T14:00:00Z,0,ml,away,,-106,0,2050,account_ccy,2026-10-24T14:00:00+00:00,3746976945
2026-10-01T01:44:30.721959+00:00,1624,1637148508,Alden Coria,Imanol Rodriguez,2026-10-03T21:00:00Z,0,ml,home,,128,0,2050,account_ccy,2026-10-03T21:00:00+00:00,3747689781
2026-10-01T01:44:30.721959+00:00,1624,1637148508,Alden Coria,Imanol Rodriguez,2026-10-03T21:00:00Z,0,ml,away,,-150,0,2050,account_ccy,2026-10-03T21:00:00+00:00,3747689781
2026-10-01T01:44:30.721959+00:00,1624,1637148508,Alden Coria,Imanol Rodriguez,2026-10-03T21:00:00Z,0,ou,over,2.5,-161,0,1025,account_ccy,2026-10-03T21:00:00+00:00,3747689781
2026-10-01T01:44:30.721959+00:00,1624,1637148508,Alden Coria,Imanol Rodriguez,2026-10-03T21:00:00Z,0,ou,under,2.5,132,0,1025,account_ccy,2026-10-03T21:00:00+00:00,3747689781
2026-10-01T01:44:30.721959+00:00,1624,1637151310,Ismail Naurdiev,Marvin Vettori,2026-10-03T21:00:00Z,0,ml,home,,-132,0,2050,account_ccy,2026-10-03T21:00:00+00:00,3747796839
2026-10-01T01:44:30.721959+00:00,1624,1637151310,Ismail Naurdiev,Marvin Vettori,2026-10-03T21:00:00Z,0,ml,away,,113,0,2050,account_ccy,2026-10-03T21:00:00+00:00,3747796839
2026-10-01T01:44:30.721959+00:00,1624,1637151310,Ismail Naurdiev,Marvin Vettori,2026-10-03T21:00:00Z,0,ou,over,2.5,-233,0,1025,account_ccy,2026-10-03T21:00:00+00:00,3747796839
2026-10-01T01:44:30.721959+00:00,1624,1637151310,Ismail Naurdiev,Marvin Vettori,2026-10-03T21:00:00Z,0,ou,under,2.5,187,0,1025,account_ccy,2026-10-03T21:00:00+00:00,3747796839
2026-10-01T01:54:42.460525+00:00,1624,1637148801,Josh Hokit,Ciryl Gane,2026-11-14T22:00:00Z,0,ml,home,,213,0,2050,account_ccy,2026-11-14T22:00:00+00:00,3747216075
2026-10-01T01:54:42.460525+00:00,1624,1637148801,Josh Hokit,Ciryl Gane,2026-11-14T22:00:00Z,0,ml,away,,-256,0,2050,account_ccy,2026-11-14T22:00:00+00:00,3747216075
2026-10-01T01:54:42.460525+00:00,1624,1637388045,Bruce Whitehead,Jacobe Smith,2026-10-03T21:00:00Z,0,ml,home,,701,0,2050,account_ccy,2026-10-03T21:00:00+00:00,3747719189
2026-10-01T01:54:42.460525+00:00,1624,1637388045,Bruce Whitehead,Jacobe Smith,2026-10-03T21:00:00Z,0,ml,away,,-1058,0,2050,account_ccy,2026-10-03T21:00:00+00:00,3747719189
2026-10-01T01:54:42.460525+00:00,1624,1637388045,Bruce Whitehead,Jacobe Smith,2026-10-03T21:00:00Z,0,ou,over,1.5,215,0,1025,account_ccy,2026-10-03T21:00:00+00:00,3747719189
2026-10-01T01:54:42.460525+00:00,1624,1637388045,Bruce Whitehead,Jacobe Smith,2026-10-03T21:00:00Z,0,ou,under,1.5,-270,0,1025,account_ccy,2026-10-03T21:00:00+00:00,3747719189
2026-10-01T01:54:42.460525+00:00,1624,1636035127,Wang Cong,Natalia Silva,2026-10-03T21:00:00Z,0,ml,home,,180,0,2050,account_ccy,2026-10-03T21:00:00+00:00,3747731481
2026-10-01T01:54:42.460525+00:00,1624,1636035127,Wang Cong,Natalia Silva,2026-10-03T21:00:00Z,0,ml,away,,-214,0,2050,account_ccy,2026-10-03T21:00:00+00:00,3747731481
2026-10-01T01:54:42.460525+00:00,1624,1636035127,Wang Cong,Natalia Silva,2026-10-03T21:00:00Z,0,ou,over,4.5,-299,0,1025,account_ccy,2026-10-03T21:00:00+00:00,3747731481
2026-10-01T01:54:42.460525+00:00,1624,1636035127,Wang Cong,Natalia Silva,2026-10-03T21:00:00Z,0,ou,under,4.5,236,0,1025,account_ccy,2026-10-03T21:00:00+00:00,3747731481
2026-10-01T01:54:42.460525+00:00,1624,1637148510,Lucas Armand,Anthony Wint,2026-10-03T21:00:00Z,0,ml,home,,403,0,2050,account_ccy,2026-10-03T21:00:00+00:00,3747719189
2026-10-01T01:54:42.460525+00:00,1624,1637148510,Lucas Armand,Anthony Wint,2026-10-03T21:00:00Z,0,ml,away,,-524,0,2050,account_ccy,2026-10-03T21:00:00+00:00,3747719189
2026-10-01T01:54:42.460525+00:00,1624,1637148510,Lucas Armand,Anthony Wint,2026-10-03T21:00:00Z,0,ou,over,1.5,185,0,1025,account_ccy,2026-10-03T21:00:00+00:00,3747719189
2026-10-01T01:54:42.460525+00:00,1624,1637148510,Lucas Armand,Anthony Wint,2026-10-03T21:00:00Z,0,ou,under,1.5,-230,0,1025,account_ccy,2026-10-03T21:00:00+00:00,3747719189
2026-10-01T01:54:42.460525+00:00,1624,1637146542,Mick Parkin,Johnny Walker,2026-10-03T21:00:00Z,0,ml,home,,113,0,2050,account_ccy,2026-10-03T21:00:00+00:00,3747802421
2026-10-01T01:54:42.460525+00:00,1624,1637146542,Mick Parkin,Johnny Walker,2026-10-03T21:00:00Z,0,ml,away,,-132,0,2050,account_ccy,2026-10-03T21:00:00+00:00,3747802421
2026-10-01T01:54:42.460525+00:00,1624,1637146542,Mick Parkin,Johnny Walker,2026-10-03T21:00:00Z,0,ou,over,1.5,-190,0,1025,account_ccy,2026-10-03T21:00:00+00:00,3747802421
2026-10-01T01:54:42.460525+00:00,1624,1637146542,Mick Parkin,Johnny Walker,2026-10-03T21:00:00Z,0,ou,under,1.5,155,0,1025,account_ccy,2026-10-03T21:00:00+00:00,3747802421
2026-10-01T01:54:42.460525+00:00,1624,1637148811,Alexander Hernandez,Rafael Dos Anjos,2026-10-03T21:00:00Z,0,ml,home,,-286,0,2050,account_ccy,2026-10-03T21:00:00+00:00,3747655962
2026-10-01T01:54:42.460525+00:00,1624,1637148811,Alexander Hernandez,Rafael Dos Anjos,2026-10-03T21:00:00Z,0,ml,away,,236,0,2050,account_ccy,2026-10-03T21:00:00+00:00,3747655962
2026-10-01T01:54:42.460525+00:00,1624,1637148811,Alexander Hernandez,Rafael Dos Anjos,2026-10-03T21:00:00Z,0,ou,over,2.5,-146,0,1025,account_ccy,2026-10-03T21:00:00+00:00,3747655962
2026-10-01T01:54:42.460525+00:00,1624,1637148811,Alexander Hernandez,Rafael Dos Anjos,2026-10-03T21:00:00Z,0,ou,under,2.5,120,0,1025,account_ccy,2026-10-03T21:00:00+00:00,3747655962
2026-10-01T01:54:42.460525+00:00,1624,1637151310,Ismail Naurdiev,Marvin Vettori,2026-10-03T21:00:00Z,0,ml,home,,-132,0,2050,account_ccy,2026-10-03T21:00:00+00:00,3747796839
2026-10-01T01:54:42.460525+00:00,1624,1637151310,Ismail Naurdiev,Marvin Vettori,2026-10-03T21:00:00Z,0,ml,away,,113,0,2050,account_ccy,2026-10-03T21:00:00+00:00,3747796839
2026-10-01T01:54:42.460525+00:00,1624,1637151310,Ismail Naurdiev,Marvin Vettori,2026-10-03T21:00:00Z,0,ou,over,2.5,-233,0,1025,account_ccy,2026-10-03T21:00:00+00:00,3747796839
2026-10-01T01:54:42.460525+00:00,1624,1637151310,Ismail Naurdiev,Marvin Vettori,2026-10-03T21:00:00Z,0,ou,under,2.5,187,0,1025,account_ccy,2026-10-03T21:00:00+00:00,3747796839
2026-10-01T01:54:42.460525+00:00,1624,1637148507,Roberto Soldic,Khaos Williams,2026-10-03T21:00:00Z,0,ml,home,,-252,0,2050,account_ccy,2026-10-03T21:00:00+00:00,3747679509
2026-10-01T01:54:42.460525+00:00,1624,1637148507,Roberto Soldic,Khaos Williams,2026-10-03T21:00:00Z,0,ml,away,,210,0,2050,account_ccy,2026-10-03T21:00:00+00:00,3747679509
2026-10-01T01:54:42.460525+00:00,1624,1637148507,Roberto Soldic,Khaos Williams,2026-10-03T21:00:00Z,0,ou,over,1.5,-101,0,1025,account_ccy,2026-10-03T21:00:00+00:00,3747679509
2026-10-01T01:54:42.460525+00:00,1624,1637148507,Roberto Soldic,Khaos Williams,2026-10-03T21:00:00Z,0,ou,under,1.5,-120,0,1025,account_ccy,2026-10-03T21:00:00+00:00,3747679509
2026-10-01T01:54:42.460525+00:00,1624,1637148505,Amanda Nunes,Kayla Harrison,2026-11-14T22:00:00Z,0,ml,home,,159,0,2050,account_ccy,2026-11-14T22:00:00+00:00,3737735666
2026-10-01T01:54:42.460525+00:00,1624,1637148505,Amanda Nunes,Kayla Harrison,2026-11-14T22:00:00Z,0,ml,away,,-188,0,2050,account_ccy,2026-11-14T22:00:00+00:00,3737735666
2026-10-01T01:54:42.460525+00:00,1624,1637148806,Andrey Pulyaev,Damian Pinas,2026-10-03T21:00:00Z,0,ml,home,,443,0,2050,account_ccy,2026-10-03T21:00:00+00:00,3747719189
2026-10-01T01:54:42.460525+00:00,1624,1637148806,Andrey Pulyaev,Damian Pinas,2026-10-03T21:00:00Z,0,ml,away,,-586,0,2050,account_ccy,2026-10-03T21:00:00+00:00,3747719189
2026-10-01T01:54:42.460525+00:00,1624,1637148806,Andrey Pulyaev,Damian Pinas,2026-10-03T21:00:00Z,0,ou,over,1.5,104,0,1025,account_ccy,2026-10-03T21:00:00+00:00,3747719189
2026-10-01T01:54:42.460525+00:00,1624,1637148806,Andrey Pulyaev,Damian Pinas,2026-10-03T21:00:00Z,0,ou,under,1.5,-126,0,1025,account_ccy,2026-10-03T21:00:00+00:00,3747719189
2026-10-01T01:54:42.460525+00:00,1624,1636035128,Payton Talbott,Deiveson Figueiredo,2026-10-03T21:00:00Z,0,ml,home,,-670,0,2050,account_ccy,2026-10-03T21:00:00+00:00,3747730084
2026-10-01T01:54:42.460525+00:00,1624,1636035128,Payton Talbott,Deiveson Figueiredo,2026-10-03T21:00:00Z,0,ml,away,,494,0,2050,account_ccy,2026-10-03T21:00:00+00:00,3747730084
2026-10-01T01:54:42.460525+00:00,1624,1636035128,Payton Talbott,Deiveson Figueiredo,2026-10-03T21:00:00Z,0,ou,over,2.5,-122,0,1025,account_ccy,2026-10-03T21:00:00+00:00,3747730084
2026-10-01T01:54:42.460525+00:00,1624,1636035128,Payton Talbott,Deiveson Figueiredo,2026-10-03T21:00:00Z,0,ou,under,2.5,100,0,1025,account_ccy,2026-10-03T21:00:00+00:00,3747730084
2026-10-01T01:54:42.460525+00:00,1624,1637148805,Roman Kopylov,Ateba Gautier,2026-10-03T21:00:00Z,0,ml,home,,185,0,2050,account_ccy,2026-10-03T21:00:00+00:00,3747053007
2026-10-01T01:54:42.460525+00:00,1624,1637148805,Roman Kopylov,Ateba Gautier,2026-10-03T21:00:00Z,0,ml,away,,-220,0,2050,account_ccy,2026-10-03T21:00:00+00:00,3747053007
2026-10-01T01:54:42.460525+00:00,1624,1637148805,Roman Kopylov,Ateba Gautier,2026-10-03T21:00:00Z,0,ou,over,1.5,-164,0,1025,account_ccy,2026-10-03T21:00:00+00:00,3747053007
2026-10-01T01:54:42.460525+00:00,1624,1637148805,Roman Kopylov,Ateba Gautier,2026-10-03T21:00:00Z,0,ou,under,1.5,134,0,1025,account_ccy,2026-10-03T21:00:00+00:00,3747053007
2026-10-01T01:54:42.460525+00:00,1624,1635385021,Movsar Evloev,Alexander Volkanovski,2026-10-24T14:00:00Z,0,ml,home,,-110,0,2050,account_ccy,2026-10-24T14:00:00+00:00,3746976945
2026-10-01T01:54:42.460525+00:00,1624,1635385021,Movsar Evloev,Alexander Volkanovski,2026-10-24T14:00:00Z,0,ml,away,,-106,0,2050,account_ccy,2026-10-24T14:00:00+00:00,3746976945
2026-10-01T01:54:42.460525+00:00,1624,1637148816,Eric Nolan,Court McGee,2026-10-03T21:00:00Z,0,ml,home,,-224,0,2050,account_ccy,2026-10-03T21:00:00+00:00,3747710526
2026-10-01T01:54:42.460525+00:00,1624,1637148816,Eric Nolan,Court McGee,2026-10-03T21:00:00Z,0,ml,away,,188,0,2050,account_ccy,2026-10-03T21:00:00+00:00,3747710526
2026-10-01T01:54:42.460525+00:00,1624,1637148816,Eric Nolan,Court McGee,2026-10-03T21:00:00Z,0,ou,over,2.5,-110,0,1025,account_ccy,2026-10-03T21:00:00+00:00,3747710526
2026-10-01T01:54:42.460525+00:00,1624,1637148816,Eric Nolan,Court McGee,2026-10-03T21:00:00Z,0,ou,under,2.5,-110,0,1025,account_ccy,2026-10-03T21:00:00+00:00,3747710526
2026-10-01T01:54:42.460525+00:00,1624,1635389131,Merab Dvalishvili,Petr Yan,2026-10-24T14:00:00Z,0,ml,home,,150,0,2050,account_ccy,2026-10-24T14:00:00+00:00,3746735253
2026-10-01T01:54:42.460525+00:00,1624,1635389131,Merab Dvalishvili,Petr Yan,2026-10-24T14:00:00Z,0,ml,away,,-176,0,2050,account_ccy,2026-10-24T14:00:00+00:00,3746735253
2026-10-01T01:54:42.460525+00:00,1624,1637148802,Esteban Ribovics,King Green,2026-10-03T21:00:00Z,0,ml,home,,-233,0,2050,account_ccy,2026-10-03T21:00:00+00:00,3747589100
2026-10-01T01:54:42.460525+00:00,1624,1637148802,Esteban Ribovics,King Green,2026-10-03T21:00:00Z,0,ml,away,,195,0,2050,account_ccy,2026-10-03T21:00:00+00:00,3747589100
2026-10-01T01:54:42.460525+00:00,1624,1637148802,Esteban Ribovics,King Green,2026-10-03T21:00:00Z,0,ou,over,1.5,-198,0,1025,account_ccy,2026-10-03T21:00:00+00:00,3747589100
2026-10-01T01:54:42.460525+00:00,1624,1637148802,Esteban Ribovics,King Green,2026-10-03T21:00:00Z,0,ou,under,1.5,161,0,1025,account_ccy,2026-10-03T21:00:00+00:00,3747589100
2026-10-01T01:54:42.460525+00:00,1624,1637543552,Anthony Romero,Marcus McGhee,2026-10-03T22:45:00Z,0,ml,home,,354,0,950,account_ccy,2026-10-03T22:45:00+00:00,3747705468
2026-10-01T01:54:42.460525+00:00,1624,1637543552,Anthony Romero,Marcus McGhee,2026-10-03T22:45:00Z,0,ml,away,,-450,0,950,account_ccy,2026-10-03T22:45:00+00:00,3747705468
2026-10-01T01:54:42.460525+00:00,1624,1637543552,Anthony Romero,Marcus McGhee,2026-10-03T22:45:00Z,0,ou,over,1.5,-210,0,475,account_ccy,2026-10-03T22:45:00+00:00,3747705468
2026-10-01T01:54:42.460525+00:00,1624,1637543552,Anthony Romero,Marcus McGhee,2026-10-03T22:45:00Z,0,ou,under,1.5,170,0,475,account_ccy,2026-10-03T22:45:00+00:00,3747705468
2026-10-01T01:54:42.460525+00:00,1624,1637148508,Alden Coria,Imanol Rodriguez,2026-10-03T21:00:00Z,0,ml,home,,128,0,2050,account_ccy,2026-10-03T21:00:00+00:00,3747689781
2026-10-01T01:54:42.460525+00:00,1624,1637148508,Alden Coria,Imanol Rodriguez,2026-10-03T21:00:00Z,0,ml,away,,-150,0,2050,account_ccy,2026-10-03T21:00:00+00:00,3747689781
2026-10-01T01:54:42.460525+00:00,1624,1637148508,Alden Coria,Imanol Rodriguez,2026-10-03T21:00:00Z,0,ou,over,2.5,-161,0,1025,account_ccy,2026-10-03T21:00:00+00:00,3747689781
2026-10-01T01:54:42.460525+00:00,1624,1637148508,Alden Coria,Imanol Rodriguez,2026-10-03T21:00:00Z,0,ou,under,2.5,132,0,1025,account_ccy,2026-10-03T21:00:00+00:00,3747689781
2026-10-01T02:04:53.606015+00:00,1624,1637148801,Josh Hokit,Ciryl Gane,2026-11-14T22:00:00Z,0,ml,home,,213,0,2050,account_ccy,2026-11-14T22:00:00+00:00,3747216075
2026-10-01T02:04:53.606015+00:00,1624,1637148801,Josh Hokit,Ciryl Gane,2026-11-14T22:00:00Z,0,ml,away,,-256,0,2050,account_ccy,2026-11-14T22:00:00+00:00,3747216075
2026-10-01T02:04:53.606015+00:00,1624,1637388045,Bruce Whitehead,Jacobe Smith,2026-10-03T21:00:00Z,0,ml,home,,701,0,2050,account_ccy,2026-10-03T21:00:00+00:00,3747719189
2026-10-01T02:04:53.606015+00:00,1624,1637388045,Bruce Whitehead,Jacobe Smith,2026-10-03T21:00:00Z,0,ml,away,,-1058,0,2050,account_ccy,2026-10-03T21:00:00+00:00,3747719189
2026-10-01T02:04:53.606015+00:00,1624,1637388045,Bruce Whitehead,Jacobe Smith,2026-10-03T21:00:00Z,0,ou,over,1.5,215,0,1025,account_ccy,2026-10-03T21:00:00+00:00,3747719189
2026-10-01T02:04:53.606015+00:00,1624,1637388045,Bruce Whitehead,Jacobe Smith,2026-10-03T21:00:00Z,0,ou,under,1.5,-270,0,1025,account_ccy,2026-10-03T21:00:00+00:00,3747719189
2026-10-01T02:04:53.606015+00:00,1624,1636035127,Wang Cong,Natalia Silva,2026-10-03T21:00:00Z,0,ml,home,,180,0,2050,account_ccy,2026-10-03T21:00:00+00:00,3747731481
2026-10-01T02:04:53.606015+00:00,1624,1636035127,Wang Cong,Natalia Silva,2026-10-03T21:00:00Z,0,ml,away,,-214,0,2050,account_ccy,2026-10-03T21:00:00+00:00,3747731481
2026-10-01T02:04:53.606015+00:00,1624,1636035127,Wang Cong,Natalia Silva,2026-10-03T21:00:00Z,0,ou,over,4.5,-299,0,1025,account_ccy,2026-10-03T21:00:00+00:00,3747731481
2026-10-01T02:04:53.606015+00:00,1624,1636035127,Wang Cong,Natalia Silva,2026-10-03T21:00:00Z,0,ou,under,4.5,236,0,1025,account_ccy,2026-10-03T21:00:00+00:00,3747731481
2026-10-01T02:04:53.606015+00:00,1624,1637148510,Lucas Armand,Anthony Wint,2026-10-03T21:00:00Z,0,ml,home,,403,0,2050,account_ccy,2026-10-03T21:00:00+00:00,3747719189
2026-10-01T02:04:53.606015+00:00,1624,1637148510,Lucas Armand,Anthony Wint,2026-10-03T21:00:00Z,0,ml,away,,-524,0,2050,account_ccy,2026-10-03T21:00:00+00:00,3747719189
2026-10-01T02:04:53.606015+00:00,1624,1637148510,Lucas Armand,Anthony Wint,2026-10-03T21:00:00Z,0,ou,over,1.5,185,0,1025,account_ccy,2026-10-03T21:00:00+00:00,3747719189
2026-10-01T02:04:53.606015+00:00,1624,1637148510,Lucas Armand,Anthony Wint,2026-10-03T21:00:00Z,0,ou,under,1.5,-230,0,1025,account_ccy,2026-10-03T21:00:00+00:00,3747719189
2026-10-01T02:04:53.606015+00:00,1624,1637146542,Mick Parkin,Johnny Walker,2026-10-03T21:00:00Z,0,ml,home,,113,0,2050,account_ccy,2026-10-03T21:00:00+00:00,3747802421
2026-10-01T02:04:53.606015+00:00,1624,1637146542,Mick Parkin,Johnny Walker,2026-10-03T21:00:00Z,0,ml,away,,-132,0,2050,account_ccy,2026-10-03T21:00:00+00:00,3747802421
2026-10-01T02:04:53.606015+00:00,1624,1637146542,Mick Parkin,Johnny Walker,2026-10-03T21:00:00Z,0,ou,over,1.5,-190,0,1025,account_ccy,2026-10-03T21:00:00+00:00,3747802421
2026-10-01T02:04:53.606015+00:00,1624,1637146542,Mick Parkin,Johnny Walker,2026-10-03T21:00:00Z,0,ou,under,1.5,155,0,1025,account_ccy,2026-10-03T21:00:00+00:00,3747802421
2026-10-01T02:04:53.606015+00:00,1624,1637148811,Alexander Hernandez,Rafael Dos Anjos,2026-10-03T21:00:00Z,0,ml,home,,-286,0,2050,account_ccy,2026-10-03T21:00:00+00:00,3747655962
2026-10-01T02:04:53.606015+00:00,1624,1637148811,Alexander Hernandez,Rafael Dos Anjos,2026-10-03T21:00:00Z,0,ml,away,,236,0,2050,account_ccy,2026-10-03T21:00:00+00:00,3747655962
2026-10-01T02:04:53.606015+00:00,1624,1637148811,Alexander Hernandez,Rafael Dos Anjos,2026-10-03T21:00:00Z,0,ou,over,2.5,-146,0,1025,account_ccy,2026-10-03T21:00:00+00:00,3747655962
2026-10-01T02:04:53.606015+00:00,1624,1637148811,Alexander Hernandez,Rafael Dos Anjos,2026-10-03T21:00:00Z,0,ou,under,2.5,120,0,1025,account_ccy,2026-10-03T21:00:00+00:00,3747655962
2026-10-01T02:04:53.606015+00:00,1624,1637151310,Ismail Naurdiev,Marvin Vettori,2026-10-03T21:00:00Z,0,ml,home,,-132,0,2050,account_ccy,2026-10-03T21:00:00+00:00,3747796839
2026-10-01T02:04:53.606015+00:00,1624,1637151310,Ismail Naurdiev,Marvin Vettori,2026-10-03T21:00:00Z,0,ml,away,,113,0,2050,account_ccy,2026-10-03T21:00:00+00:00,3747796839
2026-10-01T02:04:53.606015+00:00,1624,1637151310,Ismail Naurdiev,Marvin Vettori,2026-10-03T21:00:00Z,0,ou,over,2.5,-233,0,1025,account_ccy,2026-10-03T21:00:00+00:00,3747796839
2026-10-01T02:04:53.606015+00:00,1624,1637151310,Ismail Naurdiev,Marvin Vettori,2026-10-03T21:00:00Z,0,ou,under,2.5,187,0,1025,account_ccy,2026-10-03T21:00:00+00:00,3747796839
2026-10-01T02:04:53.606015+00:00,1624,1637148507,Roberto Soldic,Khaos Williams,2026-10-03T21:00:00Z,0,ml,home,,-252,0,2050,account_ccy,2026-10-03T21:00:00+00:00,3747679509
2026-10-01T02:04:53.606015+00:00,1624,1637148507,Roberto Soldic,Khaos Williams,2026-10-03T21:00:00Z,0,ml,away,,210,0,2050,account_ccy,2026-10-03T21:00:00+00:00,3747679509
2026-10-01T02:04:53.606015+00:00,1624,1637148507,Roberto Soldic,Khaos Williams,2026-10-03T21:00:00Z,0,ou,over,1.5,-101,0,1025,account_ccy,2026-10-03T21:00:00+00:00,3747679509
2026-10-01T02:04:53.606015+00:00,1624,1637148507,Roberto Soldic,Khaos Williams,2026-10-03T21:00:00Z,0,ou,under,1.5,-120,0,1025,account_ccy,2026-10-03T21:00:00+00:00,3747679509
2026-10-01T02:04:53.606015+00:00,1624,1637148505,Amanda Nunes,Kayla Harrison,2026-11-14T22:00:00Z,0,ml,home,,159,0,2050,account_ccy,2026-11-14T22:00:00+00:00,3737735666
2026-10-01T02:04:53.606015+00:00,1624,1637148505,Amanda Nunes,Kayla Harrison,2026-11-14T22:00:00Z,0,ml,away,,-188,0,2050,account_ccy,2026-11-14T22:00:00+00:00,3737735666
2026-10-01T02:04:53.606015+00:00,1624,1637148806,Andrey Pulyaev,Damian Pinas,2026-10-03T21:00:00Z,0,ml,home,,443,0,2050,account_ccy,2026-10-03T21:00:00+00:00,3747719189
2026-10-01T02:04:53.606015+00:00,1624,1637148806,Andrey Pulyaev,Damian Pinas,2026-10-03T21:00:00Z,0,ml,away,,-586,0,2050,account_ccy,2026-10-03T21:00:00+00:00,3747719189
2026-10-01T02:04:53.606015+00:00,1624,1637148806,Andrey Pulyaev,Damian Pinas,2026-10-03T21:00:00Z,0,ou,over,1.5,104,0,1025,account_ccy,2026-10-03T21:00:00+00:00,3747719189
2026-10-01T02:04:53.606015+00:00,1624,1637148806,Andrey Pulyaev,Damian Pinas,2026-10-03T21:00:00Z,0,ou,under,1.5,-126,0,1025,account_ccy,2026-10-03T21:00:00+00:00,3747719189
2026-10-01T02:04:53.606015+00:00,1624,1636035128,Payton Talbott,Deiveson Figueiredo,2026-10-03T21:00:00Z,0,ml,home,,-670,0,2050,account_ccy,2026-10-03T21:00:00+00:00,3747730084
2026-10-01T02:04:53.606015+00:00,1624,1636035128,Payton Talbott,Deiveson Figueiredo,2026-10-03T21:00:00Z,0,ml,away,,494,0,2050,account_ccy,2026-10-03T21:00:00+00:00,3747730084
2026-10-01T02:04:53.606015+00:00,1624,1636035128,Payton Talbott,Deiveson Figueiredo,2026-10-03T21:00:00Z,0,ou,over,2.5,-122,0,1025,account_ccy,2026-10-03T21:00:00+00:00,3747730084
2026-10-01T02:04:53.606015+00:00,1624,1636035128,Payton Talbott,Deiveson Figueiredo,2026-10-03T21:00:00Z,0,ou,under,2.5,100,0,1025,account_ccy,2026-10-03T21:00:00+00:00,3747730084
2026-10-01T02:04:53.606015+00:00,1624,1637148805,Roman Kopylov,Ateba Gautier,2026-10-03T21:00:00Z,0,ml,home,,185,0,2050,account_ccy,2026-10-03T21:00:00+00:00,3747053007
2026-10-01T02:04:53.606015+00:00,1624,1637148805,Roman Kopylov,Ateba Gautier,2026-10-03T21:00:00Z,0,ml,away,,-220,0,2050,account_ccy,2026-10-03T21:00:00+00:00,3747053007
2026-10-01T02:04:53.606015+00:00,1624,1637148805,Roman Kopylov,Ateba Gautier,2026-10-03T21:00:00Z,0,ou,over,1.5,-164,0,1025,account_ccy,2026-10-03T21:00:00+00:00,3747053007
2026-10-01T02:04:53.606015+00:00,1624,1637148805,Roman Kopylov,Ateba Gautier,2026-10-03T21:00:00Z,0,ou,under,1.5,134,0,1025,account_ccy,2026-10-03T21:00:00+00:00,3747053007
2026-10-01T02:04:53.606015+00:00,1624,1635385021,Movsar Evloev,Alexander Volkanovski,2026-10-24T14:00:00Z,0,ml,home,,-110,0,2050,account_ccy,2026-10-24T14:00:00+00:00,3746976945
2026-10-01T02:04:53.606015+00:00,1624,1635385021,Movsar Evloev,Alexander Volkanovski,2026-10-24T14:00:00Z,0,ml,away,,-106,0,2050,account_ccy,2026-10-24T14:00:00+00:00,3746976945
2026-10-01T02:04:53.606015+00:00,1624,1637148816,Eric Nolan,Court McGee,2026-10-03T21:00:00Z,0,ml,home,,-224,0,2050,account_ccy,2026-10-03T21:00:00+00:00,3747710526
2026-10-01T02:04:53.606015+00:00,1624,1637148816,Eric Nolan,Court McGee,2026-10-03T21:00:00Z,0,ml,away,,188,0,2050,account_ccy,2026-10-03T21:00:00+00:00,3747710526
2026-10-01T02:04:53.606015+00:00,1624,1637148816,Eric Nolan,Court McGee,2026-10-03T21:00:00Z,0,ou,over,2.5,-110,0,1025,account_ccy,2026-10-03T21:00:00+00:00,3747710526
2026-10-01T02:04:53.606015+00:00,1624,1637148816,Eric Nolan,Court McGee,2026-10-03T21:00:00Z,0,ou,under,2.5,-110,0,1025,account_ccy,2026-10-03T21:00:00+00:00,3747710526
2026-10-01T02:04:53.606015+00:00,1624,1635389131,Merab Dvalishvili,Petr Yan,2026-10-24T14:00:00Z,0,ml,home,,150,0,2050,account_ccy,2026-10-24T14:00:00+00:00,3746735253
2026-10-01T02:04:53.606015+00:00,1624,1635389131,Merab Dvalishvili,Petr Yan,2026-10-24T14:00:00Z,0,ml,away,,-176,0,2050,account_ccy,2026-10-24T14:00:00+00:00,3746735253
2026-10-01T02:04:53.606015+00:00,1624,1637148802,Esteban Ribovics,King Green,2026-10-03T21:00:00Z,0,ml,home,,-233,0,2050,account_ccy,2026-10-03T21:00:00+00:00,3747589100
2026-10-01T02:04:53.606015+00:00,1624,1637148802,Esteban Ribovics,King Green,2026-10-03T21:00:00Z,0,ml,away,,195,0,2050,account_ccy,2026-10-03T21:00:00+00:00,3747589100
2026-10-01T02:04:53.606015+00:00,1624,1637148802,Esteban Ribovics,King Green,2026-10-03T21:00:00Z,0,ou,over,1.5,-198,0,1025,account_ccy,2026-10-03T21:00:00+00:00,3747589100
2026-10-01T02:04:53.606015+00:00,1624,1637148802,Esteban Ribovics,King Green,2026-10-03T21:00:00Z,0,ou,under,1.5,161,0,1025,account_ccy,2026-10-03T21:00:00+00:00,3747589100
2026-10-01T02:04:53.606015+00:00,1624,1637543552,Anthony Romero,Marcus McGhee,2026-10-03T22:45:00Z,0,ml,home,,354,0,950,account_ccy,2026-10-03T22:45:00+00:00,3747705468
2026-10-01T02:04:53.606015+00:00,1624,1637543552,Anthony Romero,Marcus McGhee,2026-10-03T22:45:00Z,0,ml,away,,-450,0,950,account_ccy,2026-10-03T22:45:00+00:00,3747705468
2026-10-01T02:04:53.606015+00:00,1624,1637543552,Anthony Romero,Marcus McGhee,2026-10-03T22:45:00Z,0,ou,over,1.5,-210,0,475,account_ccy,2026-10-03T22:45:00+00:00,3747705468
2026-10-01T02:04:53.606015+00:00,1624,1637543552,Anthony Romero,Marcus McGhee,2026-10-03T22:45:00Z,0,ou,under,1.5,170,0,475,account_ccy,2026-10-03T22:45:00+00:00,3747705468
2026-10-01T02:04:53.606015+00:00,1624,1637148508,Alden Coria,Imanol Rodriguez,2026-10-03T21:00:00Z,0,ml,home,,128,0,2050,account_ccy,2026-10-03T21:00:00+00:00,3747689781
2026-10-01T02:04:53.606015+00:00,1624,1637148508,Alden Coria,Imanol Rodriguez,2026-10-03T21:00:00Z,0,ml,away,,-150,0,2050,account_ccy,2026-10-03T21:00:00+00:00,3747689781
2026-10-01T02:04:53.606015+00:00,1624,1637148508,Alden Coria,Imanol Rodriguez,2026-10-03T21:00:00Z,0,ou,over,2.5,-161,0,1025,account_ccy,2026-10-03T21:00:00+00:00,3747689781
2026-10-01T02:04:53.606015+00:00,1624,1637148508,Alden Coria,Imanol Rodriguez,2026-10-03T21:00:00Z,0,ou,under,2.5,132,0,1025,account_ccy,2026-10-03T21:00:00+00:00,3747689781
2026-10-01T02:06:14.455993+00:00,1624,1637148505,Amanda Nunes,Kayla Harrison,2026-11-14T22:00:00Z,0,ml,home,,159,0,2050,account_ccy,2026-11-14T22:00:00+00:00,3737735666
2026-10-01T02:06:14.455993+00:00,1624,1637148505,Amanda Nunes,Kayla Harrison,2026-11-14T22:00:00Z,0,ml,away,,-188,0,2050,account_ccy,2026-11-14T22:00:00+00:00,3737735666
2026-10-01T02:06:14.455993+00:00,1624,1637148802,Esteban Ribovics,King Green,2026-10-03T21:00:00Z,0,ml,home,,-233,0,2050,account_ccy,2026-10-03T21:00:00+00:00,3747589100
2026-10-01T02:06:14.455993+00:00,1624,1637148802,Esteban Ribovics,King Green,2026-10-03T21:00:00Z,0,ml,away,,195,0,2050,account_ccy,2026-10-03T21:00:00+00:00,3747589100
2026-10-01T02:06:14.455993+00:00,1624,1637148802,Esteban Ribovics,King Green,2026-10-03T21:00:00Z,0,ou,over,1.5,-198,0,1025,account_ccy,2026-10-03T21:00:00+00:00,3747589100
2026-10-01T02:06:14.455993+00:00,1624,1637148802,Esteban Ribovics,King Green,2026-10-03T21:00:00Z,0,ou,under,1.5,161,0,1025,account_ccy,2026-10-03T21:00:00+00:00,3747589100
2026-10-01T02:06:14.455993+00:00,1624,1637148510,Lucas Armand,Anthony Wint,2026-10-03T21:00:00Z,0,ml,home,,403,0,2050,account_ccy,2026-10-03T21:00:00+00:00,3747719189
2026-10-01T02:06:14.455993+00:00,1624,1637148510,Lucas Armand,Anthony Wint,2026-10-03T21:00:00Z,0,ml,away,,-524,0,2050,account_ccy,2026-10-03T21:00:00+00:00,3747719189
2026-10-01T02:06:14.455993+00:00,1624,1637148510,Lucas Armand,Anthony Wint,2026-10-03T21:00:00Z,0,ou,over,1.5,185,0,1025,account_ccy,2026-10-03T21:00:00+00:00,3747719189
2026-10-01T02:06:14.455993+00:00,1624,1637148510,Lucas Armand,Anthony Wint,2026-10-03T21:00:00Z,0,ou,under,1.5,-230,0,1025,account_ccy,2026-10-03T21:00:00+00:00,3747719189
2026-10-01T02:06:14.455993+00:00,1624,1637148507,Roberto Soldic,Khaos Williams,2026-10-03T21:00:00Z,0,ml,home,,-252,0,2050,account_ccy,2026-10-03T21:00:00+00:00,3747679509
2026-10-01T02:06:14.455993+00:00,1624,1637148507,Roberto Soldic,Khaos Williams,2026-10-03T21:00:00Z,0,ml,away,,210,0,2050,account_ccy,2026-10-03T21:00:00+00:00,3747679509
2026-10-01T02:06:14.455993+00:00,1624,1637148507,Roberto Soldic,Khaos Williams,2026-10-03T21:00:00Z,0,ou,over,1.5,-101,0,1025,account_ccy,2026-10-03T21:00:00+00:00,3747679509
2026-10-01T02:06:14.455993+00:00,1624,1637148507,Roberto Soldic,Khaos Williams,2026-10-03T21:00:00Z,0,ou,under,1.5,-120,0,1025,account_ccy,2026-10-03T21:00:00+00:00,3747679509
2026-10-01T02:06:14.455993+00:00,1624,1637148811,Alexander Hernandez,Rafael Dos Anjos,2026-10-03T21:00:00Z,0,ml,home,,-286,0,2050,account_ccy,2026-10-03T21:00:00+00:00,3747655962
2026-10-01T02:06:14.455993+00:00,1624,1637148811,Alexander Hernandez,Rafael Dos Anjos,2026-10-03T21:00:00Z,0,ml,away,,236,0,2050,account_ccy,2026-10-03T21:00:00+00:00,3747655962
2026-10-01T02:06:14.455993+00:00,1624,1637148811,Alexander Hernandez,Rafael Dos Anjos,2026-10-03T21:00:00Z,0,ou,over,2.5,-146,0,1025,account_ccy,2026-10-03T21:00:00+00:00,3747655962
2026-10-01T02:06:14.455993+00:00,1624,1637148811,Alexander Hernandez,Rafael Dos Anjos,2026-10-03T21:00:00Z,0,ou,under,2.5,120,0,1025,account_ccy,2026-10-03T21:00:00+00:00,3747655962
2026-10-01T02:06:14.455993+00:00,1624,1635385021,Movsar Evloev,Alexander Volkanovski,2026-10-24T14:00:00Z,0,ml,home,,-110,0,2050,account_ccy,2026-10-24T14:00:00+00:00,3746976945
2026-10-01T02:06:14.455993+00:00,1624,1635385021,Movsar Evloev,Alexander Volkanovski,2026-10-24T14:00:00Z,0,ml,away,,-106,0,2050,account_ccy,2026-10-24T14:00:00+00:00,3746976945
2026-10-01T02:06:14.455993+00:00,1624,1636035127,Wang Cong,Natalia Silva,2026-10-03T21:00:00Z,0,ml,home,,180,0,2050,account_ccy,2026-10-03T21:00:00+00:00,3747731481
2026-10-01T02:06:14.455993+00:00,1624,1636035127,Wang Cong,Natalia Silva,2026-10-03T21:00:00Z,0,ml,away,,-214,0,2050,account_ccy,2026-10-03T21:00:00+00:00,3747731481
2026-10-01T02:06:14.455993+00:00,1624,1636035127,Wang Cong,Natalia Silva,2026-10-03T21:00:00Z,0,ou,over,4.5,-299,0,1025,account_ccy,2026-10-03T21:00:00+00:00,3747731481
2026-10-01T02:06:14.455993+00:00,1624,1636035127,Wang Cong,Natalia Silva,2026-10-03T21:00:00Z,0,ou,under,4.5,236,0,1025,account_ccy,2026-10-03T21:00:00+00:00,3747731481
2026-10-01T02:06:14.455993+00:00,1624,1637388045,Bruce Whitehead,Jacobe Smith,2026-10-03T21:00:00Z,0,ml,home,,701,0,2050,account_ccy,2026-10-03T21:00:00+00:00,3747719189
2026-10-01T02:06:14.455993+00:00,1624,1637388045,Bruce Whitehead,Jacobe Smith,2026-10-03T21:00:00Z,0,ml,away,,-1058,0,2050,account_ccy,2026-10-03T21:00:00+00:00,3747719189
2026-10-01T02:06:14.455993+00:00,1624,1637388045,Bruce Whitehead,Jacobe Smith,2026-10-03T21:00:00Z,0,ou,over,1.5,215,0,1025,account_ccy,2026-10-03T21:00:00+00:00,3747719189
2026-10-01T02:06:14.455993+00:00,1624,1637388045,Bruce Whitehead,Jacobe Smith,2026-10-03T21:00:00Z,0,ou,under,1.5,-270,0,1025,account_ccy,2026-10-03T21:00:00+00:00,3747719189
2026-10-01T02:06:14.455993+00:00,1624,1637148806,Andrey Pulyaev,Damian Pinas,2026-10-03T21:00:00Z,0,ml,home,,443,0,2050,account_ccy,2026-10-03T21:00:00+00:00,3747719189
2026-10-01T02:06:14.455993+00:00,1624,1637148806,Andrey Pulyaev,Damian Pinas,2026-10-03T21:00:00Z,0,ml,away,,-586,0,2050,account_ccy,2026-10-03T21:00:00+00:00,3747719189
2026-10-01T02:06:14.455993+00:00,1624,1637148806,Andrey Pulyaev,Damian Pinas,2026-10-03T21:00:00Z,0,ou,over,1.5,104,0,1025,account_ccy,2026-10-03T21:00:00+00:00,3747719189
2026-10-01T02:06:14.455993+00:00,1624,1637148806,Andrey Pulyaev,Damian Pinas,2026-10-03T21:00:00Z,0,ou,under,1.5,-126,0,1025,account_ccy,2026-10-03T21:00:00+00:00,3747719189
2026-10-01T02:06:14.455993+00:00,1624,1637148816,Eric Nolan,Court McGee,2026-10-03T21:00:00Z,0,ml,home,,-224,0,2050,account_ccy,2026-10-03T21:00:00+00:00,3747710526
2026-10-01T02:06:14.455993+00:00,1624,1637148816,Eric Nolan,Court McGee,2026-10-03T21:00:00Z,0,ml,away,,188,0,2050,account_ccy,2026-10-03T21:00:00+00:00,3747710526
2026-10-01T02:06:14.455993+00:00,1624,1637148816,Eric Nolan,Court McGee,2026-10-03T21:00:00Z,0,ou,over,2.5,-110,0,1025,account_ccy,2026-10-03T21:00:00+00:00,3747710526
2026-10-01T02:06:14.455993+00:00,1624,1637148816,Eric Nolan,Court McGee,2026-10-03T21:00:00Z,0,ou,under,2.5,-110,0,1025,account_ccy,2026-10-03T21:00:00+00:00,3747710526
2026-10-01T02:06:14.455993+00:00,1624,1637151310,Ismail Naurdiev,Marvin Vettori,2026-10-03T21:00:00Z,0,ml,home,,-132,0,2050,account_ccy,2026-10-03T21:00:00+00:00,3747796839
2026-10-01T02:06:14.455993+00:00,1624,1637151310,Ismail Naurdiev,Marvin Vettori,2026-10-03T21:00:00Z,0,ml,away,,113,0,2050,account_ccy,2026-10-03T21:00:00+00:00,3747796839
2026-10-01T02:06:14.455993+00:00,1624,1637151310,Ismail Naurdiev,Marvin Vettori,2026-10-03T21:00:00Z,0,ou,over,2.5,-233,0,1025,account_ccy,2026-10-03T21:00:00+00:00,3747796839
2026-10-01T02:06:14.455993+00:00,1624,1637151310,Ismail Naurdiev,Marvin Vettori,2026-10-03T21:00:00Z,0,ou,under,2.5,187,0,1025,account_ccy,2026-10-03T21:00:00+00:00,3747796839
2026-10-01T02:06:14.455993+00:00,1624,1636035128,Payton Talbott,Deiveson Figueiredo,2026-10-03T21:00:00Z,0,ml,home,,-670,0,2050,account_ccy,2026-10-03T21:00:00+00:00,3747730084
2026-10-01T02:06:14.455993+00:00,1624,1636035128,Payton Talbott,Deiveson Figueiredo,2026-10-03T21:00:00Z,0,ml,away,,494,0,2050,account_ccy,2026-10-03T21:00:00+00:00,3747730084
2026-10-01T02:06:14.455993+00:00,1624,1636035128,Payton Talbott,Deiveson Figueiredo,2026-10-03T21:00:00Z,0,ou,over,2.5,-122,0,1025,account_ccy,2026-10-03T21:00:00+00:00,3747730084
2026-10-01T02:06:14.455993+00:00,1624,1636035128,Payton Talbott,Deiveson Figueiredo,2026-10-03T21:00:00Z,0,ou,under,2.5,100,0,1025,account_ccy,2026-10-03T21:00:00+00:00,3747730084
2026-10-01T02:06:14.455993+00:00,1624,1637543552,Anthony Romero,Marcus McGhee,2026-10-03T22:45:00Z,0,ml,home,,354,0,950,account_ccy,2026-10-03T22:45:00+00:00,3747705468
2026-10-01T02:06:14.455993+00:00,1624,1637543552,Anthony Romero,Marcus McGhee,2026-10-03T22:45:00Z,0,ml,away,,-450,0,950,account_ccy,2026-10-03T22:45:00+00:00,3747705468
2026-10-01T02:06:14.455993+00:00,1624,1637543552,Anthony Romero,Marcus McGhee,2026-10-03T22:45:00Z,0,ou,over,1.5,-210,0,475,account_ccy,2026-10-03T22:45:00+00:00,3747705468
2026-10-01T02:06:14.455993+00:00,1624,1637543552,Anthony Romero,Marcus McGhee,2026-10-03T22:45:00Z,0,ou,under,1.5,170,0,475,account_ccy,2026-10-03T22:45:00+00:00,3747705468
2026-10-01T02:06:14.455993+00:00,1624,1637148801,Josh Hokit,Ciryl Gane,2026-11-14T22:00:00Z,0,ml,home,,213,0,2050,account_ccy,2026-11-14T22:00:00+00:00,3747216075
2026-10-01T02:06:14.455993+00:00,1624,1637148801,Josh Hokit,Ciryl Gane,2026-11-14T22:00:00Z,0,ml,away,,-256,0,2050,account_ccy,2026-11-14T22:00:00+00:00,3747216075
2026-10-01T02:06:14.455993+00:00,1624,1637146542,Mick Parkin,Johnny Walker,2026-10-03T21:00:00Z,0,ml,home,,113,0,2050,account_ccy,2026-10-03T21:00:00+00:00,3747802421
2026-10-01T02:06:14.455993+00:00,1624,1637146542,Mick Parkin,Johnny Walker,2026-10-03T21:00:00Z,0,ml,away,,-132,0,2050,account_ccy,2026-10-03T21:00:00+00:00,3747802421
2026-10-01T02:06:14.455993+00:00,1624,1637146542,Mick Parkin,Johnny Walker,2026-10-03T21:00:00Z,0,ou,over,1.5,-190,0,1025,account_ccy,2026-10-03T21:00:00+00:00,3747802421
2026-10-01T02:06:14.455993+00:00,1624,1637146542,Mick Parkin,Johnny Walker,2026-10-03T21:00:00Z,0,ou,under,1.5,155,0,1025,account_ccy,2026-10-03T21:00:00+00:00,3747802421
2026-10-01T02:06:14.455993+00:00,1624,1637148508,Alden Coria,Imanol Rodriguez,2026-10-03T21:00:00Z,0,ml,home,,128,0,2050,account_ccy,2026-10-03T21:00:00+00:00,3747689781
2026-10-01T02:06:14.455993+00:00,1624,1637148508,Alden Coria,Imanol Rodriguez,2026-10-03T21:00:00Z,0,ml,away,,-150,0,2050,account_ccy,2026-10-03T21:00:00+00:00,3747689781
2026-10-01T02:06:14.455993+00:00,1624,1637148508,Alden Coria,Imanol Rodriguez,2026-10-03T21:00:00Z,0,ou,over,2.5,-161,0,1025,account_ccy,2026-10-03T21:00:00+00:00,3747689781
2026-10-01T02:06:14.455993+00:00,1624,1637148508,Alden Coria,Imanol Rodriguez,2026-10-03T21:00:00Z,0,ou,under,2.5,132,0,1025,account_ccy,2026-10-03T21:00:00+00:00,3747689781
2026-10-01T02:06:14.455993+00:00,1624,1637148805,Roman Kopylov,Ateba Gautier,2026-10-03T21:00:00Z,0,ml,home,,185,0,2050,account_ccy,2026-10-03T21:00:00+00:00,3747053007
2026-10-01T02:06:14.455993+00:00,1624,1637148805,Roman Kopylov,Ateba Gautier,2026-10-03T21:00:00Z,0,ml,away,,-220,0,2050,account_ccy,2026-10-03T21:00:00+00:00,3747053007
2026-10-01T02:06:14.455993+00:00,1624,1637148805,Roman Kopylov,Ateba Gautier,2026-10-03T21:00:00Z,0,ou,over,1.5,-164,0,1025,account_ccy,2026-10-03T21:00:00+00:00,3747053007
2026-10-01T02:06:14.455993+00:00,1624,1637148805,Roman Kopylov,Ateba Gautier,2026-10-03T21:00:00Z,0,ou,under,1.5,134,0,1025,account_ccy,2026-10-03T21:00:00+00:00,3747053007
2026-10-01T02:06:14.455993+00:00,1624,1635389131,Merab Dvalishvili,Petr Yan,2026-10-24T14:00:00Z,0,ml,home,,150,0,2050,account_ccy,2026-10-24T14:00:00+00:00,3746735253
2026-10-01T02:06:14.455993+00:00,1624,1635389131,Merab Dvalishvili,Petr Yan,2026-10-24T14:00:00Z,0,ml,away,,-176,0,2050,account_ccy,2026-10-24T14:00:00+00:00,3746735253
2026-10-01T02:16:25.976524+00:00,1624,1637148505,Amanda Nunes,Kayla Harrison,2026-11-14T22:00:00Z,0,ml,home,,159,0,2050,account_ccy,2026-11-14T22:00:00+00:00,3737735666
2026-10-01T02:16:25.976524+00:00,1624,1637148505,Amanda Nunes,Kayla Harrison,2026-11-14T22:00:00Z,0,ml,away,,-188,0,2050,account_ccy,2026-11-14T22:00:00+00:00,3737735666
2026-10-01T02:16:25.976524+00:00,1624,1637148802,Esteban Ribovics,King Green,2026-10-03T21:00:00Z,0,ml,home,,-233,0,2050,account_ccy,2026-10-03T21:00:00+00:00,3747589100
2026-10-01T02:16:25.976524+00:00,1624,1637148802,Esteban Ribovics,King Green,2026-10-03T21:00:00Z,0,ml,away,,195,0,2050,account_ccy,2026-10-03T21:00:00+00:00,3747589100
2026-10-01T02:16:25.976524+00:00,1624,1637148802,Esteban Ribovics,King Green,2026-10-03T21:00:00Z,0,ou,over,1.5,-198,0,1025,account_ccy,2026-10-03T21:00:00+00:00,3747589100
2026-10-01T02:16:25.976524+00:00,1624,1637148802,Esteban Ribovics,King Green,2026-10-03T21:00:00Z,0,ou,under,1.5,161,0,1025,account_ccy,2026-10-03T21:00:00+00:00,3747589100
2026-10-01T02:16:25.976524+00:00,1624,1637148510,Lucas Armand,Anthony Wint,2026-10-03T21:00:00Z,0,ml,home,,403,0,2050,account_ccy,2026-10-03T21:00:00+00:00,3747719189
2026-10-01T02:16:25.976524+00:00,1624,1637148510,Lucas Armand,Anthony Wint,2026-10-03T21:00:00Z,0,ml,away,,-524,0,2050,account_ccy,2026-10-03T21:00:00+00:00,3747719189
2026-10-01T02:16:25.976524+00:00,1624,1637148510,Lucas Armand,Anthony Wint,2026-10-03T21:00:00Z,0,ou,over,1.5,185,0,1025,account_ccy,2026-10-03T21:00:00+00:00,3747719189
2026-10-01T02:16:25.976524+00:00,1624,1637148510,Lucas Armand,Anthony Wint,2026-10-03T21:00:00Z,0,ou,under,1.5,-230,0,1025,account_ccy,2026-10-03T21:00:00+00:00,3747719189
2026-10-01T02:16:25.976524+00:00,1624,1637148507,Roberto Soldic,Khaos Williams,2026-10-03T21:00:00Z,0,ml,home,,-252,0,2050,account_ccy,2026-10-03T21:00:00+00:00,3747679509
2026-10-01T02:16:25.976524+00:00,1624,1637148507,Roberto Soldic,Khaos Williams,2026-10-03T21:00:00Z,0,ml,away,,210,0,2050,account_ccy,2026-10-03T21:00:00+00:00,3747679509
2026-10-01T02:16:25.976524+00:00,1624,1637148507,Roberto Soldic,Khaos Williams,2026-10-03T21:00:00Z,0,ou,over,1.5,-101,0,1025,account_ccy,2026-10-03T21:00:00+00:00,3747679509
2026-10-01T02:16:25.976524+00:00,1624,1637148507,Roberto Soldic,Khaos Williams,2026-10-03T21:00:00Z,0,ou,under,1.5,-120,0,1025,account_ccy,2026-10-03T21:00:00+00:00,3747679509
2026-10-01T02:16:25.976524+00:00,1624,1637148811,Alexander Hernandez,Rafael Dos Anjos,2026-10-03T21:00:00Z,0,ml,home,,-286,0,2050,account_ccy,2026-10-03T21:00:00+00:00,3747655962
2026-10-01T02:16:25.976524+00:00,1624,1637148811,Alexander Hernandez,Rafael Dos Anjos,2026-10-03T21:00:00Z,0,ml,away,,236,0,2050,account_ccy,2026-10-03T21:00:00+00:00,3747655962
2026-10-01T02:16:25.976524+00:00,1624,1637148811,Alexander Hernandez,Rafael Dos Anjos,2026-10-03T21:00:00Z,0,ou,over,2.5,-146,0,1025,account_ccy,2026-10-03T21:00:00+00:00,3747655962
2026-10-01T02:16:25.976524+00:00,1624,1637148811,Alexander Hernandez,Rafael Dos Anjos,2026-10-03T21:00:00Z,0,ou,under,2.5,120,0,1025,account_ccy,2026-10-03T21:00:00+00:00,3747655962
2026-10-01T02:16:25.976524+00:00,1624,1635385021,Movsar Evloev,Alexander Volkanovski,2026-10-24T14:00:00Z,0,ml,home,,-110,0,2050,account_ccy,2026-10-24T14:00:00+00:00,3746976945
2026-10-01T02:16:25.976524+00:00,1624,1635385021,Movsar Evloev,Alexander Volkanovski,2026-10-24T14:00:00Z,0,ml,away,,-106,0,2050,account_ccy,2026-10-24T14:00:00+00:00,3746976945
2026-10-01T02:16:25.976524+00:00,1624,1636035127,Wang Cong,Natalia Silva,2026-10-03T21:00:00Z,0,ml,home,,180,0,2050,account_ccy,2026-10-03T21:00:00+00:00,3747731481
2026-10-01T02:16:25.976524+00:00,1624,1636035127,Wang Cong,Natalia Silva,2026-10-03T21:00:00Z,0,ml,away,,-214,0,2050,account_ccy,2026-10-03T21:00:00+00:00,3747731481
2026-10-01T02:16:25.976524+00:00,1624,1636035127,Wang Cong,Natalia Silva,2026-10-03T21:00:00Z,0,ou,over,4.5,-299,0,1025,account_ccy,2026-10-03T21:00:00+00:00,3747731481
2026-10-01T02:16:25.976524+00:00,1624,1636035127,Wang Cong,Natalia Silva,2026-10-03T21:00:00Z,0,ou,under,4.5,236,0,1025,account_ccy,2026-10-03T21:00:00+00:00,3747731481
2026-10-01T02:16:25.976524+00:00,1624,1637388045,Bruce Whitehead,Jacobe Smith,2026-10-03T21:00:00Z,0,ml,home,,701,0,2050,account_ccy,2026-10-03T21:00:00+00:00,3747719189
2026-10-01T02:16:25.976524+00:00,1624,1637388045,Bruce Whitehead,Jacobe Smith,2026-10-03T21:00:00Z,0,ml,away,,-1058,0,2050,account_ccy,2026-10-03T21:00:00+00:00,3747719189
2026-10-01T02:16:25.976524+00:00,1624,1637388045,Bruce Whitehead,Jacobe Smith,2026-10-03T21:00:00Z,0,ou,over,1.5,215,0,1025,account_ccy,2026-10-03T21:00:00+00:00,3747719189
2026-10-01T02:16:25.976524+00:00,1624,1637388045,Bruce Whitehead,Jacobe Smith,2026-10-03T21:00:00Z,0,ou,under,1.5,-270,0,1025,account_ccy,2026-10-03T21:00:00+00:00,3747719189
2026-10-01T02:16:25.976524+00:00,1624,1637148806,Andrey Pulyaev,Damian Pinas,2026-10-03T21:00:00Z,0,ml,home,,443,0,2050,account_ccy,2026-10-03T21:00:00+00:00,3747719189
2026-10-01T02:16:25.976524+00:00,1624,1637148806,Andrey Pulyaev,Damian Pinas,2026-10-03T21:00:00Z,0,ml,away,,-586,0,2050,account_ccy,2026-10-03T21:00:00+00:00,3747719189
2026-10-01T02:16:25.976524+00:00,1624,1637148806,Andrey Pulyaev,Damian Pinas,2026-10-03T21:00:00Z,0,ou,over,1.5,104,0,1025,account_ccy,2026-10-03T21:00:00+00:00,3747719189
2026-10-01T02:16:25.976524+00:00,1624,1637148806,Andrey Pulyaev,Damian Pinas,2026-10-03T21:00:00Z,0,ou,under,1.5,-126,0,1025,account_ccy,2026-10-03T21:00:00+00:00,3747719189
2026-10-01T02:16:25.976524+00:00,1624,1637148816,Eric Nolan,Court McGee,2026-10-03T21:00:00Z,0,ml,home,,-224,0,2050,account_ccy,2026-10-03T21:00:00+00:00,3747710526
2026-10-01T02:16:25.976524+00:00,1624,1637148816,Eric Nolan,Court McGee,2026-10-03T21:00:00Z,0,ml,away,,188,0,2050,account_ccy,2026-10-03T21:00:00+00:00,3747710526
2026-10-01T02:16:25.976524+00:00,1624,1637148816,Eric Nolan,Court McGee,2026-10-03T21:00:00Z,0,ou,over,2.5,-110,0,1025,account_ccy,2026-10-03T21:00:00+00:00,3747710526
2026-10-01T02:16:25.976524+00:00,1624,1637148816,Eric Nolan,Court McGee,2026-10-03T21:00:00Z,0,ou,under,2.5,-110,0,1025,account_ccy,2026-10-03T21:00:00+00:00,3747710526
2026-10-01T02:16:25.976524+00:00,1624,1637151310,Ismail Naurdiev,Marvin Vettori,2026-10-03T21:00:00Z,0,ml,home,,-132,0,2050,account_ccy,2026-10-03T21:00:00+00:00,3747796839
2026-10-01T02:16:25.976524+00:00,1624,1637151310,Ismail Naurdiev,Marvin Vettori,2026-10-03T21:00:00Z,0,ml,away,,113,0,2050,account_ccy,2026-10-03T21:00:00+00:00,3747796839
2026-10-01T02:16:25.976524+00:00,1624,1637151310,Ismail Naurdiev,Marvin Vettori,2026-10-03T21:00:00Z,0,ou,over,2.5,-233,0,1025,account_ccy,2026-10-03T21:00:00+00:00,3747796839
2026-10-01T02:16:25.976524+00:00,1624,1637151310,Ismail Naurdiev,Marvin Vettori,2026-10-03T21:00:00Z,0,ou,under,2.5,187,0,1025,account_ccy,2026-10-03T21:00:00+00:00,3747796839
2026-10-01T02:16:25.976524+00:00,1624,1636035128,Payton Talbott,Deiveson Figueiredo,2026-10-03T21:00:00Z,0,ml,home,,-670,0,2050,account_ccy,2026-10-03T21:00:00+00:00,3747730084
2026-10-01T02:16:25.976524+00:00,1624,1636035128,Payton Talbott,Deiveson Figueiredo,2026-10-03T21:00:00Z,0,ml,away,,494,0,2050,account_ccy,2026-10-03T21:00:00+00:00,3747730084
2026-10-01T02:16:25.976524+00:00,1624,1636035128,Payton Talbott,Deiveson Figueiredo,2026-10-03T21:00:00Z,0,ou,over,2.5,-122,0,1025,account_ccy,2026-10-03T21:00:00+00:00,3747730084
2026-10-01T02:16:25.976524+00:00,1624,1636035128,Payton Talbott,Deiveson Figueiredo,2026-10-03T21:00:00Z,0,ou,under,2.5,100,0,1025,account_ccy,2026-10-03T21:00:00+00:00,3747730084
2026-10-01T02:16:25.976524+00:00,1624,1637543552,Anthony Romero,Marcus McGhee,2026-10-03T22:45:00Z,0,ml,home,,354,0,950,account_ccy,2026-10-03T22:45:00+00:00,3747705468
2026-10-01T02:16:25.976524+00:00,1624,1637543552,Anthony Romero,Marcus McGhee,2026-10-03T22:45:00Z,0,ml,away,,-450,0,950,account_ccy,2026-10-03T22:45:00+00:00,3747705468
2026-10-01T02:16:25.976524+00:00,1624,1637543552,Anthony Romero,Marcus McGhee,2026-10-03T22:45:00Z,0,ou,over,1.5,-210,0,475,account_ccy,2026-10-03T22:45:00+00:00,3747705468
2026-10-01T02:16:25.976524+00:00,1624,1637543552,Anthony Romero,Marcus McGhee,2026-10-03T22:45:00Z,0,ou,under,1.5,170,0,475,account_ccy,2026-10-03T22:45:00+00:00,3747705468
2026-10-01T02:16:25.976524+00:00,1624,1637148801,Josh Hokit,Ciryl Gane,2026-11-14T22:00:00Z,0,ml,home,,213,0,2050,account_ccy,2026-11-14T22:00:00+00:00,3747216075
2026-10-01T02:16:25.976524+00:00,1624,1637148801,Josh Hokit,Ciryl Gane,2026-11-14T22:00:00Z,0,ml,away,,-256,0,2050,account_ccy,2026-11-14T22:00:00+00:00,3747216075
2026-10-01T02:16:25.976524+00:00,1624,1637146542,Mick Parkin,Johnny Walker,2026-10-03T21:00:00Z,0,ml,home,,113,0,2050,account_ccy,2026-10-03T21:00:00+00:00,3747802421
2026-10-01T02:16:25.976524+00:00,1624,1637146542,Mick Parkin,Johnny Walker,2026-10-03T21:00:00Z,0,ml,away,,-132,0,2050,account_ccy,2026-10-03T21:00:00+00:00,3747802421
2026-10-01T02:16:25.976524+00:00,1624,1637146542,Mick Parkin,Johnny Walker,2026-10-03T21:00:00Z,0,ou,over,1.5,-190,0,1025,account_ccy,2026-10-03T21:00:00+00:00,3747802421
2026-10-01T02:16:25.976524+00:00,1624,1637146542,Mick Parkin,Johnny Walker,2026-10-03T21:00:00Z,0,ou,under,1.5,155,0,1025,account_ccy,2026-10-03T21:00:00+00:00,3747802421
2026-10-01T02:16:25.976524+00:00,1624,1637148508,Alden Coria,Imanol Rodriguez,2026-10-03T21:00:00Z,0,ml,home,,128,0,2050,account_ccy,2026-10-03T21:00:00+00:00,3747689781
2026-10-01T02:16:25.976524+00:00,1624,1637148508,Alden Coria,Imanol Rodriguez,2026-10-03T21:00:00Z,0,ml,away,,-150,0,2050,account_ccy,2026-10-03T21:00:00+00:00,3747689781
2026-10-01T02:16:25.976524+00:00,1624,1637148508,Alden Coria,Imanol Rodriguez,2026-10-03T21:00:00Z,0,ou,over,2.5,-161,0,1025,account_ccy,2026-10-03T21:00:00+00:00,3747689781
2026-10-01T02:16:25.976524+00:00,1624,1637148508,Alden Coria,Imanol Rodriguez,2026-10-03T21:00:00Z,0,ou,under,2.5,132,0,1025,account_ccy,2026-10-03T21:00:00+00:00,3747689781
2026-10-01T02:16:25.976524+00:00,1624,1637148805,Roman Kopylov,Ateba Gautier,2026-10-03T21:00:00Z,0,ml,home,,185,0,2050,account_ccy,2026-10-03T21:00:00+00:00,3747053007
2026-10-01T02:16:25.976524+00:00,1624,1637148805,Roman Kopylov,Ateba Gautier,2026-10-03T21:00:00Z,0,ml,away,,-220,0,2050,account_ccy,2026-10-03T21:00:00+00:00,3747053007
2026-10-01T02:16:25.976524+00:00,1624,1637148805,Roman Kopylov,Ateba Gautier,2026-10-03T21:00:00Z,0,ou,over,1.5,-164,0,1025,account_ccy,2026-10-03T21:00:00+00:00,3747053007
2026-10-01T02:16:25.976524+00:00,1624,1637148805,Roman Kopylov,Ateba Gautier,2026-10-03T21:00:00Z,0,ou,under,1.5,134,0,1025,account_ccy,2026-10-03T21:00:00+00:00,3747053007
2026-10-01T02:16:25.976524+00:00,1624,1635389131,Merab Dvalishvili,Petr Yan,2026-10-24T14:00:00Z,0,ml,home,,150,0,2050,account_ccy,2026-10-24T14:00:00+00:00,3746735253
2026-10-01T02:16:25.976524+00:00,1624,1635389131,Merab Dvalishvili,Petr Yan,2026-10-24T14:00:00Z,0,ml,away,,-176,0,2050,account_ccy,2026-10-24T14:00:00+00:00,3746735253
2026-10-01T02:26:37.315668+00:00,1624,1637388045,Bruce Whitehead,Jacobe Smith,2026-10-03T21:00:00Z,0,ml,home,,701,0,2050,account_ccy,2026-10-03T21:00:00+00:00,3747719189
2026-10-01T02:26:37.315668+00:00,1624,1637388045,Bruce Whitehead,Jacobe Smith,2026-10-03T21:00:00Z,0,ml,away,,-1058,0,2050,account_ccy,2026-10-03T21:00:00+00:00,3747719189
2026-10-01T02:26:37.315668+00:00,1624,1637388045,Bruce Whitehead,Jacobe Smith,2026-10-03T21:00:00Z,0,ou,over,1.5,215,0,1025,account_ccy,2026-10-03T21:00:00+00:00,3747719189
2026-10-01T02:26:37.315668+00:00,1624,1637388045,Bruce Whitehead,Jacobe Smith,2026-10-03T21:00:00Z,0,ou,under,1.5,-270,0,1025,account_ccy,2026-10-03T21:00:00+00:00,3747719189
2026-10-01T02:26:37.315668+00:00,1624,1637148811,Alexander Hernandez,Rafael Dos Anjos,2026-10-03T21:00:00Z,0,ml,home,,-286,0,2050,account_ccy,2026-10-03T21:00:00+00:00,3747655962
2026-10-01T02:26:37.315668+00:00,1624,1637148811,Alexander Hernandez,Rafael Dos Anjos,2026-10-03T21:00:00Z,0,ml,away,,236,0,2050,account_ccy,2026-10-03T21:00:00+00:00,3747655962
2026-10-01T02:26:37.315668+00:00,1624,1637148811,Alexander Hernandez,Rafael Dos Anjos,2026-10-03T21:00:00Z,0,ou,over,2.5,-146,0,1025,account_ccy,2026-10-03T21:00:00+00:00,3747655962
2026-10-01T02:26:37.315668+00:00,1624,1637148811,Alexander Hernandez,Rafael Dos Anjos,2026-10-03T21:00:00Z,0,ou,under,2.5,120,0,1025,account_ccy,2026-10-03T21:00:00+00:00,3747655962
2026-10-01T02:26:37.315668+00:00,1624,1637148801,Josh Hokit,Ciryl Gane,2026-11-14T22:00:00Z,0,ml,home,,213,0,2050,account_ccy,2026-11-14T22:00:00+00:00,3747216075
2026-10-01T02:26:37.315668+00:00,1624,1637148801,Josh Hokit,Ciryl Gane,2026-11-14T22:00:00Z,0,ml,away,,-256,0,2050,account_ccy,2026-11-14T22:00:00+00:00,3747216075
2026-10-01T02:26:37.315668+00:00,1624,1637148805,Roman Kopylov,Ateba Gautier,2026-10-03T21:00:00Z,0,ml,home,,185,0,2050,account_ccy,2026-10-03T21:00:00+00:00,3747053007
2026-10-01T02:26:37.315668+00:00,1624,1637148805,Roman Kopylov,Ateba Gautier,2026-10-03T21:00:00Z,0,ml,away,,-220,0,2050,account_ccy,2026-10-03T21:00:00+00:00,3747053007
2026-10-01T02:26:37.315668+00:00,1624,1637148805,Roman Kopylov,Ateba Gautier,2026-10-03T21:00:00Z,0,ou,over,1.5,-164,0,1025,account_ccy,2026-10-03T21:00:00+00:00,3747053007
2026-10-01T02:26:37.315668+00:00,1624,1637148805,Roman Kopylov,Ateba Gautier,2026-10-03T21:00:00Z,0,ou,under,1.5,134,0,1025,account_ccy,2026-10-03T21:00:00+00:00,3747053007
2026-10-01T02:26:37.315668+00:00,1624,1637148508,Alden Coria,Imanol Rodriguez,2026-10-03T21:00:00Z,0,ml,home,,128,0,2050,account_ccy,2026-10-03T21:00:00+00:00,3747689781
2026-10-01T02:26:37.315668+00:00,1624,1637148508,Alden Coria,Imanol Rodriguez,2026-10-03T21:00:00Z,0,ml,away,,-150,0,2050,account_ccy,2026-10-03T21:00:00+00:00,3747689781
2026-10-01T02:26:37.315668+00:00,1624,1637148508,Alden Coria,Imanol Rodriguez,2026-10-03T21:00:00Z,0,ou,over,2.5,-161,0,1025,account_ccy,2026-10-03T21:00:00+00:00,3747689781
2026-10-01T02:26:37.315668+00:00,1624,1637148508,Alden Coria,Imanol Rodriguez,2026-10-03T21:00:00Z,0,ou,under,2.5,132,0,1025,account_ccy,2026-10-03T21:00:00+00:00,3747689781
2026-10-01T02:26:37.315668+00:00,1624,1637146542,Mick Parkin,Johnny Walker,2026-10-03T21:00:00Z,0,ml,home,,113,0,2050,account_ccy,2026-10-03T21:00:00+00:00,3747802421
2026-10-01T02:26:37.315668+00:00,1624,1637146542,Mick Parkin,Johnny Walker,2026-10-03T21:00:00Z,0,ml,away,,-132,0,2050,account_ccy,2026-10-03T21:00:00+00:00,3747802421
2026-10-01T02:26:37.315668+00:00,1624,1637146542,Mick Parkin,Johnny Walker,2026-10-03T21:00:00Z,0,ou,over,1.5,-190,0,1025,account_ccy,2026-10-03T21:00:00+00:00,3747802421
2026-10-01T02:26:37.315668+00:00,1624,1637146542,Mick Parkin,Johnny Walker,2026-10-03T21:00:00Z,0,ou,under,1.5,155,0,1025,account_ccy,2026-10-03T21:00:00+00:00,3747802421
2026-10-01T02:26:37.315668+00:00,1624,1637148802,Esteban Ribovics,King Green,2026-10-03T21:00:00Z,0,ml,home,,-233,0,2050,account_ccy,2026-10-03T21:00:00+00:00,3747589100
2026-10-01T02:26:37.315668+00:00,1624,1637148802,Esteban Ribovics,King Green,2026-10-03T21:00:00Z,0,ml,away,,195,0,2050,account_ccy,2026-10-03T21:00:00+00:00,3747589100
2026-10-01T02:26:37.315668+00:00,1624,1637148802,Esteban Ribovics,King Green,2026-10-03T21:00:00Z,0,ou,over,1.5,-198,0,1025,account_ccy,2026-10-03T21:00:00+00:00,3747589100
2026-10-01T02:26:37.315668+00:00,1624,1637148802,Esteban Ribovics,King Green,2026-10-03T21:00:00Z,0,ou,under,1.5,161,0,1025,account_ccy,2026-10-03T21:00:00+00:00,3747589100
2026-10-01T02:26:37.315668+00:00,1624,1635389131,Merab Dvalishvili,Petr Yan,2026-10-24T14:00:00Z,0,ml,home,,150,0,2050,account_ccy,2026-10-24T14:00:00+00:00,3746735253
2026-10-01T02:26:37.315668+00:00,1624,1635389131,Merab Dvalishvili,Petr Yan,2026-10-24T14:00:00Z,0,ml,away,,-176,0,2050,account_ccy,2026-10-24T14:00:00+00:00,3746735253
2026-10-01T02:26:37.315668+00:00,1624,1637148505,Amanda Nunes,Kayla Harrison,2026-11-14T22:00:00Z,0,ml,home,,159,0,2050,account_ccy,2026-11-14T22:00:00+00:00,3737735666
2026-10-01T02:26:37.315668+00:00,1624,1637148505,Amanda Nunes,Kayla Harrison,2026-11-14T22:00:00Z,0,ml,away,,-188,0,2050,account_ccy,2026-11-14T22:00:00+00:00,3737735666
2026-10-01T02:26:37.315668+00:00,1624,1635385021,Movsar Evloev,Alexander Volkanovski,2026-10-24T14:00:00Z,0,ml,home,,-110,0,2050,account_ccy,2026-10-24T14:00:00+00:00,3746976945
2026-10-01T02:26:37.315668+00:00,1624,1635385021,Movsar Evloev,Alexander Volkanovski,2026-10-24T14:00:00Z,0,ml,away,,-106,0,2050,account_ccy,2026-10-24T14:00:00+00:00,3746976945
2026-10-01T02:26:37.315668+00:00,1624,1636035128,Payton Talbott,Deiveson Figueiredo,2026-10-03T21:00:00Z,0,ml,home,,-670,0,2050,account_ccy,2026-10-03T21:00:00+00:00,3747730084
2026-10-01T02:26:37.315668+00:00,1624,1636035128,Payton Talbott,Deiveson Figueiredo,2026-10-03T21:00:00Z,0,ml,away,,494,0,2050,account_ccy,2026-10-03T21:00:00+00:00,3747730084
2026-10-01T02:26:37.315668+00:00,1624,1636035128,Payton Talbott,Deiveson Figueiredo,2026-10-03T21:00:00Z,0,ou,over,2.5,-122,0,1025,account_ccy,2026-10-03T21:00:00+00:00,3747730084
2026-10-01T02:26:37.315668+00:00,1624,1636035128,Payton Talbott,Deiveson Figueiredo,2026-10-03T21:00:00Z,0,ou,under,2.5,100,0,1025,account_ccy,2026-10-03T21:00:00+00:00,3747730084
2026-10-01T02:26:37.315668+00:00,1624,1636035127,Wang Cong,Natalia Silva,2026-10-03T21:00:00Z,0,ml,home,,180,0,2050,account_ccy,2026-10-03T21:00:00+00:00,3747731481
2026-10-01T02:26:37.315668+00:00,1624,1636035127,Wang Cong,Natalia Silva,2026-10-03T21:00:00Z,0,ml,away,,-214,0,2050,account_ccy,2026-10-03T21:00:00+00:00,3747731481
2026-10-01T02:26:37.315668+00:00,1624,1636035127,Wang Cong,Natalia Silva,2026-10-03T21:00:00Z,0,ou,over,4.5,-299,0,1025,account_ccy,2026-10-03T21:00:00+00:00,3747731481
2026-10-01T02:26:37.315668+00:00,1624,1636035127,Wang Cong,Natalia Silva,2026-10-03T21:00:00Z,0,ou,under,4.5,236,0,1025,account_ccy,2026-10-03T21:00:00+00:00,3747731481
2026-10-01T02:26:37.315668+00:00,1624,1637148507,Roberto Soldic,Khaos Williams,2026-10-03T21:00:00Z,0,ml,home,,-252,0,2050,account_ccy,2026-10-03T21:00:00+00:00,3747679509
2026-10-01T02:26:37.315668+00:00,1624,1637148507,Roberto Soldic,Khaos Williams,2026-10-03T21:00:00Z,0,ml,away,,210,0,2050,account_ccy,2026-10-03T21:00:00+00:00,3747679509
2026-10-01T02:26:37.315668+00:00,1624,1637148507,Roberto Soldic,Khaos Williams,2026-10-03T21:00:00Z,0,ou,over,1.5,-101,0,1025,account_ccy,2026-10-03T21:00:00+00:00,3747679509
2026-10-01T02:26:37.315668+00:00,1624,1637148507,Roberto Soldic,Khaos Williams,2026-10-03T21:00:00Z,0,ou,under,1.5,-120,0,1025,account_ccy,2026-10-03T21:00:00+00:00,3747679509
2026-10-01T02:26:37.315668+00:00,1624,1637151310,Ismail Naurdiev,Marvin Vettori,2026-10-03T21:00:00Z,0,ml,home,,-132,0,2050,account_ccy,2026-10-03T21:00:00+00:00,3747796839
2026-10-01T02:26:37.315668+00:00,1624,1637151310,Ismail Naurdiev,Marvin Vettori,2026-10-03T21:00:00Z,0,ml,away,,113,0,2050,account_ccy,2026-10-03T21:00:00+00:00,3747796839
2026-10-01T02:26:37.315668+00:00,1624,1637151310,Ismail Naurdiev,Marvin Vettori,2026-10-03T21:00:00Z,0,ou,over,2.5,-233,0,1025,account_ccy,2026-10-03T21:00:00+00:00,3747796839
2026-10-01T02:26:37.315668+00:00,1624,1637151310,Ismail Naurdiev,Marvin Vettori,2026-10-03T21:00:00Z,0,ou,under,2.5,187,0,1025,account_ccy,2026-10-03T21:00:00+00:00,3747796839
2026-10-01T02:26:37.315668+00:00,1624,1637543552,Anthony Romero,Marcus McGhee,2026-10-03T22:45:00Z,0,ml,home,,354,0,950,account_ccy,2026-10-03T22:45:00+00:00,3747705468
2026-10-01T02:26:37.315668+00:00,1624,1637543552,Anthony Romero,Marcus McGhee,2026-10-03T22:45:00Z,0,ml,away,,-450,0,950,account_ccy,2026-10-03T22:45:00+00:00,3747705468
2026-10-01T02:26:37.315668+00:00,1624,1637543552,Anthony Romero,Marcus McGhee,2026-10-03T22:45:00Z,0,ou,over,1.5,-210,0,475,account_ccy,2026-10-03T22:45:00+00:00,3747705468
2026-10-01T02:26:37.315668+00:00,1624,1637543552,Anthony Romero,Marcus McGhee,2026-10-03T22:45:00Z,0,ou,under,1.5,170,0,475,account_ccy,2026-10-03T22:45:00+00:00,3747705468
2026-10-01T02:26:37.315668+00:00,1624,1637148806,Andrey Pulyaev,Damian Pinas,2026-10-03T21:00:00Z,0,ml,home,,443,0,2050,account_ccy,2026-10-03T21:00:00+00:00,3747719189
2026-10-01T02:26:37.315668+00:00,1624,1637148806,Andrey Pulyaev,Damian Pinas,2026-10-03T21:00:00Z,0,ml,away,,-586,0,2050,account_ccy,2026-10-03T21:00:00+00:00,3747719189
2026-10-01T02:26:37.315668+00:00,1624,1637148806,Andrey Pulyaev,Damian Pinas,2026-10-03T21:00:00Z,0,ou,over,1.5,104,0,1025,account_ccy,2026-10-03T21:00:00+00:00,3747719189
2026-10-01T02:26:37.315668+00:00,1624,1637148806,Andrey Pulyaev,Damian Pinas,2026-10-03T21:00:00Z,0,ou,under,1.5,-126,0,1025,account_ccy,2026-10-03T21:00:00+00:00,3747719189
2026-10-01T02:26:37.315668+00:00,1624,1637148510,Lucas Armand,Anthony Wint,2026-10-03T21:00:00Z,0,ml,home,,403,0,2050,account_ccy,2026-10-03T21:00:00+00:00,3747719189
2026-10-01T02:26:37.315668+00:00,1624,1637148510,Lucas Armand,Anthony Wint,2026-10-03T21:00:00Z,0,ml,away,,-524,0,2050,account_ccy,2026-10-03T21:00:00+00:00,3747719189
2026-10-01T02:26:37.315668+00:00,1624,1637148510,Lucas Armand,Anthony Wint,2026-10-03T21:00:00Z,0,ou,over,1.5,185,0,1025,account_ccy,2026-10-03T21:00:00+00:00,3747719189
2026-10-01T02:26:37.315668+00:00,1624,1637148510,Lucas Armand,Anthony Wint,2026-10-03T21:00:00Z,0,ou,under,1.5,-230,0,1025,account_ccy,2026-10-03T21:00:00+00:00,3747719189
2026-10-01T02:26:37.315668+00:00,1624,1637148816,Eric Nolan,Court McGee,2026-10-03T21:00:00Z,0,ml,home,,-224,0,2050,account_ccy,2026-10-03T21:00:00+00:00,3747710526
2026-10-01T02:26:37.315668+00:00,1624,1637148816,Eric Nolan,Court McGee,2026-10-03T21:00:00Z,0,ml,away,,188,0,2050,account_ccy,2026-10-03T21:00:00+00:00,3747710526
2026-10-01T02:26:37.315668+00:00,1624,1637148816,Eric Nolan,Court McGee,2026-10-03T21:00:00Z,0,ou,over,2.5,-110,0,1025,account_ccy,2026-10-03T21:00:00+00:00,3747710526
2026-10-01T02:26:37.315668+00:00,1624,1637148816,Eric Nolan,Court McGee,2026-10-03T21:00:00Z,0,ou,under,2.5,-110,0,1025,account_ccy,2026-10-03T21:00:00+00:00,3747710526
2026-10-01T02:36:48.847520+00:00,1624,1637148507,Roberto Soldic,Khaos Williams,2026-10-03T21:00:00Z,0,ml,home,,-252,0,2050,account_ccy,2026-10-03T21:00:00+00:00,3747679509
2026-10-01T02:36:48.847520+00:00,1624,1637148507,Roberto Soldic,Khaos Williams,2026-10-03T21:00:00Z,0,ml,away,,210,0,2050,account_ccy,2026-10-03T21:00:00+00:00,3747679509
2026-10-01T02:36:48.847520+00:00,1624,1637148507,Roberto Soldic,Khaos Williams,2026-10-03T21:00:00Z,0,ou,over,1.5,-101,0,1025,account_ccy,2026-10-03T21:00:00+00:00,3747679509
2026-10-01T02:36:48.847520+00:00,1624,1637148507,Roberto Soldic,Khaos Williams,2026-10-03T21:00:00Z,0,ou,under,1.5,-120,0,1025,account_ccy,2026-10-03T21:00:00+00:00,3747679509
2026-10-01T02:36:48.847520+00:00,1624,1637146542,Mick Parkin,Johnny Walker,2026-10-03T21:00:00Z,0,ml,home,,113,0,2050,account_ccy,2026-10-03T21:00:00+00:00,3747802421
2026-10-01T02:36:48.847520+00:00,1624,1637146542,Mick Parkin,Johnny Walker,2026-10-03T21:00:00Z,0,ml,away,,-132,0,2050,account_ccy,2026-10-03T21:00:00+00:00,3747802421
2026-10-01T02:36:48.847520+00:00,1624,1637146542,Mick Parkin,Johnny Walker,2026-10-03T21:00:00Z,0,ou,over,1.5,-190,0,1025,account_ccy,2026-10-03T21:00:00+00:00,3747802421
2026-10-01T02:36:48.847520+00:00,1624,1637146542,Mick Parkin,Johnny Walker,2026-10-03T21:00:00Z,0,ou,under,1.5,155,0,1025,account_ccy,2026-10-03T21:00:00+00:00,3747802421
2026-10-01T02:36:48.847520+00:00,1624,1636035128,Payton Talbott,Deiveson Figueiredo,2026-10-03T21:00:00Z,0,ml,home,,-670,0,2050,account_ccy,2026-10-03T21:00:00+00:00,3747730084
2026-10-01T02:36:48.847520+00:00,1624,1636035128,Payton Talbott,Deiveson Figueiredo,2026-10-03T21:00:00Z,0,ml,away,,494,0,2050,account_ccy,2026-10-03T21:00:00+00:00,3747730084
2026-10-01T02:36:48.847520+00:00,1624,1636035128,Payton Talbott,Deiveson Figueiredo,2026-10-03T21:00:00Z,0,ou,over,2.5,-122,0,1025,account_ccy,2026-10-03T21:00:00+00:00,3747730084
2026-10-01T02:36:48.847520+00:00,1624,1636035128,Payton Talbott,Deiveson Figueiredo,2026-10-03T21:00:00Z,0,ou,under,2.5,100,0,1025,account_ccy,2026-10-03T21:00:00+00:00,3747730084
2026-10-01T02:36:48.847520+00:00,1624,1637148505,Amanda Nunes,Kayla Harrison,2026-11-14T22:00:00Z,0,ml,home,,159,0,2050,account_ccy,2026-11-14T22:00:00+00:00,3737735666
2026-10-01T02:36:48.847520+00:00,1624,1637148505,Amanda Nunes,Kayla Harrison,2026-11-14T22:00:00Z,0,ml,away,,-188,0,2050,account_ccy,2026-11-14T22:00:00+00:00,3737735666
2026-10-01T02:36:48.847520+00:00,1624,1637148811,Alexander Hernandez,Rafael Dos Anjos,2026-10-03T21:00:00Z,0,ml,home,,-286,0,2050,account_ccy,2026-10-03T21:00:00+00:00,3747655962
2026-10-01T02:36:48.847520+00:00,1624,1637148811,Alexander Hernandez,Rafael Dos Anjos,2026-10-03T21:00:00Z,0,ml,away,,236,0,2050,account_ccy,2026-10-03T21:00:00+00:00,3747655962
2026-10-01T02:36:48.847520+00:00,1624,1637148811,Alexander Hernandez,Rafael Dos Anjos,2026-10-03T21:00:00Z,0,ou,over,2.5,-146,0,1025,account_ccy,2026-10-03T21:00:00+00:00,3747655962
2026-10-01T02:36:48.847520+00:00,1624,1637148811,Alexander Hernandez,Rafael Dos Anjos,2026-10-03T21:00:00Z,0,ou,under,2.5,120,0,1025,account_ccy,2026-10-03T21:00:00+00:00,3747655962
2026-10-01T02:36:48.847520+00:00,1624,1635389131,Merab Dvalishvili,Petr Yan,2026-10-24T14:00:00Z,0,ml,home,,150,0,2050,account_ccy,2026-10-24T14:00:00+00:00,3746735253
2026-10-01T02:36:48.847520+00:00,1624,1635389131,Merab Dvalishvili,Petr Yan,2026-10-24T14:00:00Z,0,ml,away,,-176,0,2050,account_ccy,2026-10-24T14:00:00+00:00,3746735253
2026-10-01T02:36:48.847520+00:00,1624,1637543552,Anthony Romero,Marcus McGhee,2026-10-03T22:45:00Z,0,ml,home,,354,0,950,account_ccy,2026-10-03T22:45:00+00:00,3747705468
2026-10-01T02:36:48.847520+00:00,1624,1637543552,Anthony Romero,Marcus McGhee,2026-10-03T22:45:00Z,0,ml,away,,-450,0,950,account_ccy,2026-10-03T22:45:00+00:00,3747705468
2026-10-01T02:36:48.847520+00:00,1624,1637543552,Anthony Romero,Marcus McGhee,2026-10-03T22:45:00Z,0,ou,over,1.5,-210,0,475,account_ccy,2026-10-03T22:45:00+00:00,3747705468
2026-10-01T02:36:48.847520+00:00,1624,1637543552,Anthony Romero,Marcus McGhee,2026-10-03T22:45:00Z,0,ou,under,1.5,170,0,475,account_ccy,2026-10-03T22:45:00+00:00,3747705468
2026-10-01T02:36:48.847520+00:00,1624,1637148805,Roman Kopylov,Ateba Gautier,2026-10-03T21:00:00Z,0,ml,home,,186,0,2050,account_ccy,2026-10-03T21:00:00+00:00,3747828218
2026-10-01T02:36:48.847520+00:00,1624,1637148805,Roman Kopylov,Ateba Gautier,2026-10-03T21:00:00Z,0,ml,away,,-221,0,2050,account_ccy,2026-10-03T21:00:00+00:00,3747828218
2026-10-01T02:36:48.847520+00:00,1624,1637148805,Roman Kopylov,Ateba Gautier,2026-10-03T21:00:00Z,0,ou,over,1.5,-164,0,1025,account_ccy,2026-10-03T21:00:00+00:00,3747828218
2026-10-01T02:36:48.847520+00:00,1624,1637148805,Roman Kopylov,Ateba Gautier,2026-10-03T21:00:00Z,0,ou,under,1.5,134,0,1025,account_ccy,2026-10-03T21:00:00+00:00,3747828218
2026-10-01T02:36:48.847520+00:00,1624,1637148806,Andrey Pulyaev,Damian Pinas,2026-10-03T21:00:00Z,0,ml,home,,443,0,2050,account_ccy,2026-10-03T21:00:00+00:00,3747824775
2026-10-01T02:36:48.847520+00:00,1624,1637148806,Andrey Pulyaev,Damian Pinas,2026-10-03T21:00:00Z,0,ml,away,,-586,0,2050,account_ccy,2026-10-03T21:00:00+00:00,3747824775
2026-10-01T02:36:48.847520+00:00,1624,1637148806,Andrey Pulyaev,Damian Pinas,2026-10-03T21:00:00Z,0,ou,over,1.5,109,0,1025,account_ccy,2026-10-03T21:00:00+00:00,3747824775
2026-10-01T02:36:48.847520+00:00,1624,1637148806,Andrey Pulyaev,Damian Pinas,2026-10-03T21:00:00Z,0,ou,under,1.5,-132,0,1025,account_ccy,2026-10-03T21:00:00+00:00,3747824775
2026-10-01T02:36:48.847520+00:00,1624,1636035127,Wang Cong,Natalia Silva,2026-10-03T21:00:00Z,0,ml,home,,180,0,2050,account_ccy,2026-10-03T21:00:00+00:00,3747731481
2026-10-01T02:36:48.847520+00:00,1624,1636035127,Wang Cong,Natalia Silva,2026-10-03T21:00:00Z,0,ml,away,,-214,0,2050,account_ccy,2026-10-03T21:00:00+00:00,3747731481
2026-10-01T02:36:48.847520+00:00,1624,1636035127,Wang Cong,Natalia Silva,2026-10-03T21:00:00Z,0,ou,over,4.5,-299,0,1025,account_ccy,2026-10-03T21:00:00+00:00,3747731481
2026-10-01T02:36:48.847520+00:00,1624,1636035127,Wang Cong,Natalia Silva,2026-10-03T21:00:00Z,0,ou,under,4.5,236,0,1025,account_ccy,2026-10-03T21:00:00+00:00,3747731481
2026-10-01T02:36:48.847520+00:00,1624,1637388045,Bruce Whitehead,Jacobe Smith,2026-10-03T21:00:00Z,0,ml,home,,701,0,2050,account_ccy,2026-10-03T21:00:00+00:00,3747719189
2026-10-01T02:36:48.847520+00:00,1624,1637388045,Bruce Whitehead,Jacobe Smith,2026-10-03T21:00:00Z,0,ml,away,,-1058,0,2050,account_ccy,2026-10-03T21:00:00+00:00,3747719189
2026-10-01T02:36:48.847520+00:00,1624,1637388045,Bruce Whitehead,Jacobe Smith,2026-10-03T21:00:00Z,0,ou,over,1.5,215,0,1025,account_ccy,2026-10-03T21:00:00+00:00,3747719189
2026-10-01T02:36:48.847520+00:00,1624,1637388045,Bruce Whitehead,Jacobe Smith,2026-10-03T21:00:00Z,0,ou,under,1.5,-270,0,1025,account_ccy,2026-10-03T21:00:00+00:00,3747719189
2026-10-01T02:36:48.847520+00:00,1624,1637148801,Josh Hokit,Ciryl Gane,2026-11-14T22:00:00Z,0,ml,home,,213,0,2050,account_ccy,2026-11-14T22:00:00+00:00,3747216075
2026-10-01T02:36:48.847520+00:00,1624,1637148801,Josh Hokit,Ciryl Gane,2026-11-14T22:00:00Z,0,ml,away,,-256,0,2050,account_ccy,2026-11-14T22:00:00+00:00,3747216075
2026-10-01T02:36:48.847520+00:00,1624,1637148802,Esteban Ribovics,King Green,2026-10-03T21:00:00Z,0,ml,home,,-233,0,2050,account_ccy,2026-10-03T21:00:00+00:00,3747589100
2026-10-01T02:36:48.847520+00:00,1624,1637148802,Esteban Ribovics,King Green,2026-10-03T21:00:00Z,0,ml,away,,195,0,2050,account_ccy,2026-10-03T21:00:00+00:00,3747589100
2026-10-01T02:36:48.847520+00:00,1624,1637148802,Esteban Ribovics,King Green,2026-10-03T21:00:00Z,0,ou,over,1.5,-198,0,1025,account_ccy,2026-10-03T21:00:00+00:00,3747589100
2026-10-01T02:36:48.847520+00:00,1624,1637148802,Esteban Ribovics,King Green,2026-10-03T21:00:00Z,0,ou,under,1.5,161,0,1025,account_ccy,2026-10-03T21:00:00+00:00,3747589100
2026-10-01T02:36:48.847520+00:00,1624,1637148510,Lucas Armand,Anthony Wint,2026-10-03T21:00:00Z,0,ml,home,,403,0,2050,account_ccy,2026-10-03T21:00:00+00:00,3747719189
2026-10-01T02:36:48.847520+00:00,1624,1637148510,Lucas Armand,Anthony Wint,2026-10-03T21:00:00Z,0,ml,away,,-524,0,2050,account_ccy,2026-10-03T21:00:00+00:00,3747719189
2026-10-01T02:36:48.847520+00:00,1624,1637148510,Lucas Armand,Anthony Wint,2026-10-03T21:00:00Z,0,ou,over,1.5,185,0,1025,account_ccy,2026-10-03T21:00:00+00:00,3747719189
2026-10-01T02:36:48.847520+00:00,1624,1637148510,Lucas Armand,Anthony Wint,2026-10-03T21:00:00Z,0,ou,under,1.5,-230,0,1025,account_ccy,2026-10-03T21:00:00+00:00,3747719189
2026-10-01T02:36:48.847520+00:00,1624,1637148816,Eric Nolan,Court McGee,2026-10-03T21:00:00Z,0,ml,home,,-224,0,2050,account_ccy,2026-10-03T21:00:00+00:00,3747710526
2026-10-01T02:36:48.847520+00:00,1624,1637148816,Eric Nolan,Court McGee,2026-10-03T21:00:00Z,0,ml,away,,188,0,2050,account_ccy,2026-10-03T21:00:00+00:00,3747710526
2026-10-01T02:36:48.847520+00:00,1624,1637148816,Eric Nolan,Court McGee,2026-10-03T21:00:00Z,0,ou,over,2.5,-110,0,1025,account_ccy,2026-10-03T21:00:00+00:00,3747710526
2026-10-01T02:36:48.847520+00:00,1624,1637148816,Eric Nolan,Court McGee,2026-10-03T21:00:00Z,0,ou,under,2.5,-110,0,1025,account_ccy,2026-10-03T21:00:00+00:00,3747710526
2026-10-01T02:36:48.847520+00:00,1624,1635385021,Movsar Evloev,Alexander Volkanovski,2026-10-24T14:00:00Z,0,ml,home,,-110,0,2050,account_ccy,2026-10-24T14:00:00+00:00,3746976945
2026-10-01T02:36:48.847520+00:00,1624,1635385021,Movsar Evloev,Alexander Volkanovski,2026-10-24T14:00:00Z,0,ml,away,,-106,0,2050,account_ccy,2026-10-24T14:00:00+00:00,3746976945
2026-10-01T02:36:48.847520+00:00,1624,1637148508,Alden Coria,Imanol Rodriguez,2026-10-03T21:00:00Z,0,ml,home,,128,0,2050,account_ccy,2026-10-03T21:00:00+00:00,3747689781
2026-10-01T02:36:48.847520+00:00,1624,1637148508,Alden Coria,Imanol Rodriguez,2026-10-03T21:00:00Z,0,ml,away,,-150,0,2050,account_ccy,2026-10-03T21:00:00+00:00,3747689781
2026-10-01T02:36:48.847520+00:00,1624,1637148508,Alden Coria,Imanol Rodriguez,2026-10-03T21:00:00Z,0,ou,over,2.5,-161,0,1025,account_ccy,2026-10-03T21:00:00+00:00,3747689781
2026-10-01T02:36:48.847520+00:00,1624,1637148508,Alden Coria,Imanol Rodriguez,2026-10-03T21:00:00Z,0,ou,under,2.5,132,0,1025,account_ccy,2026-10-03T21:00:00+00:00,3747689781
2026-10-01T02:36:48.847520+00:00,1624,1637151310,Ismail Naurdiev,Marvin Vettori,2026-10-03T21:00:00Z,0,ml,home,,-132,0,2050,account_ccy,2026-10-03T21:00:00+00:00,3747796839
2026-10-01T02:36:48.847520+00:00,1624,1637151310,Ismail Naurdiev,Marvin Vettori,2026-10-03T21:00:00Z,0,ml,away,,113,0,2050,account_ccy,2026-10-03T21:00:00+00:00,3747796839
2026-10-01T02:36:48.847520+00:00,1624,1637151310,Ismail Naurdiev,Marvin Vettori,2026-10-03T21:00:00Z,0,ou,over,2.5,-233,0,1025,account_ccy,2026-10-03T21:00:00+00:00,3747796839
2026-10-01T02:36:48.847520+00:00,1624,1637151310,Ismail Naurdiev,Marvin Vettori,2026-10-03T21:00:00Z,0,ou,under,2.5,187,0,1025,account_ccy,2026-10-03T21:00:00+00:00,3747796839
2026-10-01T02:46:59.973294+00:00,1624,1637148507,Roberto Soldic,Khaos Williams,2026-10-03T21:00:00Z,0,ml,home,,-252,0,2050,account_ccy,2026-10-03T21:00:00+00:00,3747679509
2026-10-01T02:46:59.973294+00:00,1624,1637148507,Roberto Soldic,Khaos Williams,2026-10-03T21:00:00Z,0,ml,away,,210,0,2050,account_ccy,2026-10-03T21:00:00+00:00,3747679509
2026-10-01T02:46:59.973294+00:00,1624,1637148507,Roberto Soldic,Khaos Williams,2026-10-03T21:00:00Z,0,ou,over,1.5,-101,0,1025,account_ccy,2026-10-03T21:00:00+00:00,3747679509
2026-10-01T02:46:59.973294+00:00,1624,1637148507,Roberto Soldic,Khaos Williams,2026-10-03T21:00:00Z,0,ou,under,1.5,-120,0,1025,account_ccy,2026-10-03T21:00:00+00:00,3747679509
2026-10-01T02:46:59.973294+00:00,1624,1637146542,Mick Parkin,Johnny Walker,2026-10-03T21:00:00Z,0,ml,home,,113,0,2050,account_ccy,2026-10-03T21:00:00+00:00,3747802421
2026-10-01T02:46:59.973294+00:00,1624,1637146542,Mick Parkin,Johnny Walker,2026-10-03T21:00:00Z,0,ml,away,,-132,0,2050,account_ccy,2026-10-03T21:00:00+00:00,3747802421
2026-10-01T02:46:59.973294+00:00,1624,1637146542,Mick Parkin,Johnny Walker,2026-10-03T21:00:00Z,0,ou,over,1.5,-190,0,1025,account_ccy,2026-10-03T21:00:00+00:00,3747802421
2026-10-01T02:46:59.973294+00:00,1624,1637146542,Mick Parkin,Johnny Walker,2026-10-03T21:00:00Z,0,ou,under,1.5,155,0,1025,account_ccy,2026-10-03T21:00:00+00:00,3747802421
2026-10-01T02:46:59.973294+00:00,1624,1636035128,Payton Talbott,Deiveson Figueiredo,2026-10-03T21:00:00Z,0,ml,home,,-670,0,2050,account_ccy,2026-10-03T21:00:00+00:00,3747730084
2026-10-01T02:46:59.973294+00:00,1624,1636035128,Payton Talbott,Deiveson Figueiredo,2026-10-03T21:00:00Z,0,ml,away,,494,0,2050,account_ccy,2026-10-03T21:00:00+00:00,3747730084
2026-10-01T02:46:59.973294+00:00,1624,1636035128,Payton Talbott,Deiveson Figueiredo,2026-10-03T21:00:00Z,0,ou,over,2.5,-122,0,1025,account_ccy,2026-10-03T21:00:00+00:00,3747730084
2026-10-01T02:46:59.973294+00:00,1624,1636035128,Payton Talbott,Deiveson Figueiredo,2026-10-03T21:00:00Z,0,ou,under,2.5,100,0,1025,account_ccy,2026-10-03T21:00:00+00:00,3747730084
2026-10-01T02:46:59.973294+00:00,1624,1637148505,Amanda Nunes,Kayla Harrison,2026-11-14T22:00:00Z,0,ml,home,,159,0,2050,account_ccy,2026-11-14T22:00:00+00:00,3737735666
2026-10-01T02:46:59.973294+00:00,1624,1637148505,Amanda Nunes,Kayla Harrison,2026-11-14T22:00:00Z,0,ml,away,,-188,0,2050,account_ccy,2026-11-14T22:00:00+00:00,3737735666
2026-10-01T02:46:59.973294+00:00,1624,1637148811,Alexander Hernandez,Rafael Dos Anjos,2026-10-03T21:00:00Z,0,ml,home,,-286,0,2050,account_ccy,2026-10-03T21:00:00+00:00,3747655962
2026-10-01T02:46:59.973294+00:00,1624,1637148811,Alexander Hernandez,Rafael Dos Anjos,2026-10-03T21:00:00Z,0,ml,away,,236,0,2050,account_ccy,2026-10-03T21:00:00+00:00,3747655962
2026-10-01T02:46:59.973294+00:00,1624,1637148811,Alexander Hernandez,Rafael Dos Anjos,2026-10-03T21:00:00Z,0,ou,over,2.5,-146,0,1025,account_ccy,2026-10-03T21:00:00+00:00,3747655962
2026-10-01T02:46:59.973294+00:00,1624,1637148811,Alexander Hernandez,Rafael Dos Anjos,2026-10-03T21:00:00Z,0,ou,under,2.5,120,0,1025,account_ccy,2026-10-03T21:00:00+00:00,3747655962
2026-10-01T02:46:59.973294+00:00,1624,1635389131,Merab Dvalishvili,Petr Yan,2026-10-24T14:00:00Z,0,ml,home,,150,0,2050,account_ccy,2026-10-24T14:00:00+00:00,3746735253
2026-10-01T02:46:59.973294+00:00,1624,1635389131,Merab Dvalishvili,Petr Yan,2026-10-24T14:00:00Z,0,ml,away,,-176,0,2050,account_ccy,2026-10-24T14:00:00+00:00,3746735253
2026-10-01T02:46:59.973294+00:00,1624,1637543552,Anthony Romero,Marcus McGhee,2026-10-03T22:45:00Z,0,ml,home,,354,0,950,account_ccy,2026-10-03T22:45:00+00:00,3747705468
2026-10-01T02:46:59.973294+00:00,1624,1637543552,Anthony Romero,Marcus McGhee,2026-10-03T22:45:00Z,0,ml,away,,-450,0,950,account_ccy,2026-10-03T22:45:00+00:00,3747705468
2026-10-01T02:46:59.973294+00:00,1624,1637543552,Anthony Romero,Marcus McGhee,2026-10-03T22:45:00Z,0,ou,over,1.5,-210,0,475,account_ccy,2026-10-03T22:45:00+00:00,3747705468
2026-10-01T02:46:59.973294+00:00,1624,1637543552,Anthony Romero,Marcus McGhee,2026-10-03T22:45:00Z,0,ou,under,1.5,170,0,475,account_ccy,2026-10-03T22:45:00+00:00,3747705468
2026-10-01T02:46:59.973294+00:00,1624,1637148805,Roman Kopylov,Ateba Gautier,2026-10-03T21:00:00Z,0,ml,home,,186,0,2050,account_ccy,2026-10-03T21:00:00+00:00,3747828218
2026-10-01T02:46:59.973294+00:00,1624,1637148805,Roman Kopylov,Ateba Gautier,2026-10-03T21:00:00Z,0,ml,away,,-221,0,2050,account_ccy,2026-10-03T21:00:00+00:00,3747828218
2026-10-01T02:46:59.973294+00:00,1624,1637148805,Roman Kopylov,Ateba Gautier,2026-10-03T21:00:00Z,0,ou,over,1.5,-164,0,1025,account_ccy,2026-10-03T21:00:00+00:00,3747828218
2026-10-01T02:46:59.973294+00:00,1624,1637148805,Roman Kopylov,Ateba Gautier,2026-10-03T21:00:00Z,0,ou,under,1.5,134,0,1025,account_ccy,2026-10-03T21:00:00+00:00,3747828218
2026-10-01T02:46:59.973294+00:00,1624,1637148806,Andrey Pulyaev,Damian Pinas,2026-10-03T21:00:00Z,0,ml,home,,443,0,2050,account_ccy,2026-10-03T21:00:00+00:00,3747824775
2026-10-01T02:46:59.973294+00:00,1624,1637148806,Andrey Pulyaev,Damian Pinas,2026-10-03T21:00:00Z,0,ml,away,,-586,0,2050,account_ccy,2026-10-03T21:00:00+00:00,3747824775
2026-10-01T02:46:59.973294+00:00,1624,1637148806,Andrey Pulyaev,Damian Pinas,2026-10-03T21:00:00Z,0,ou,over,1.5,109,0,1025,account_ccy,2026-10-03T21:00:00+00:00,3747824775
2026-10-01T02:46:59.973294+00:00,1624,1637148806,Andrey Pulyaev,Damian Pinas,2026-10-03T21:00:00Z,0,ou,under,1.5,-132,0,1025,account_ccy,2026-10-03T21:00:00+00:00,3747824775
2026-10-01T02:46:59.973294+00:00,1624,1636035127,Wang Cong,Natalia Silva,2026-10-03T21:00:00Z,0,ml,home,,180,0,2050,account_ccy,2026-10-03T21:00:00+00:00,3747731481
2026-10-01T02:46:59.973294+00:00,1624,1636035127,Wang Cong,Natalia Silva,2026-10-03T21:00:00Z,0,ml,away,,-214,0,2050,account_ccy,2026-10-03T21:00:00+00:00,3747731481
2026-10-01T02:46:59.973294+00:00,1624,1636035127,Wang Cong,Natalia Silva,2026-10-03T21:00:00Z,0,ou,over,4.5,-299,0,1025,account_ccy,2026-10-03T21:00:00+00:00,3747731481
2026-10-01T02:46:59.973294+00:00,1624,1636035127,Wang Cong,Natalia Silva,2026-10-03T21:00:00Z,0,ou,under,4.5,236,0,1025,account_ccy,2026-10-03T21:00:00+00:00,3747731481
2026-10-01T02:46:59.973294+00:00,1624,1637388045,Bruce Whitehead,Jacobe Smith,2026-10-03T21:00:00Z,0,ml,home,,701,0,2050,account_ccy,2026-10-03T21:00:00+00:00,3747719189
2026-10-01T02:46:59.973294+00:00,1624,1637388045,Bruce Whitehead,Jacobe Smith,2026-10-03T21:00:00Z,0,ml,away,,-1058,0,2050,account_ccy,2026-10-03T21:00:00+00:00,3747719189
2026-10-01T02:46:59.973294+00:00,1624,1637388045,Bruce Whitehead,Jacobe Smith,2026-10-03T21:00:00Z,0,ou,over,1.5,215,0,1025,account_ccy,2026-10-03T21:00:00+00:00,3747719189
2026-10-01T02:46:59.973294+00:00,1624,1637388045,Bruce Whitehead,Jacobe Smith,2026-10-03T21:00:00Z,0,ou,under,1.5,-270,0,1025,account_ccy,2026-10-03T21:00:00+00:00,3747719189
2026-10-01T02:46:59.973294+00:00,1624,1637148801,Josh Hokit,Ciryl Gane,2026-11-14T22:00:00Z,0,ml,home,,213,0,2050,account_ccy,2026-11-14T22:00:00+00:00,3747216075
2026-10-01T02:46:59.973294+00:00,1624,1637148801,Josh Hokit,Ciryl Gane,2026-11-14T22:00:00Z,0,ml,away,,-256,0,2050,account_ccy,2026-11-14T22:00:00+00:00,3747216075
2026-10-01T02:46:59.973294+00:00,1624,1637148802,Esteban Ribovics,King Green,2026-10-03T21:00:00Z,0,ml,home,,-233,0,2050,account_ccy,2026-10-03T21:00:00+00:00,3747589100
2026-10-01T02:46:59.973294+00:00,1624,1637148802,Esteban Ribovics,King Green,2026-10-03T21:00:00Z,0,ml,away,,195,0,2050,account_ccy,2026-10-03T21:00:00+00:00,3747589100
2026-10-01T02:46:59.973294+00:00,1624,1637148802,Esteban Ribovics,King Green,2026-10-03T21:00:00Z,0,ou,over,1.5,-198,0,1025,account_ccy,2026-10-03T21:00:00+00:00,3747589100
2026-10-01T02:46:59.973294+00:00,1624,1637148802,Esteban Ribovics,King Green,2026-10-03T21:00:00Z,0,ou,under,1.5,161,0,1025,account_ccy,2026-10-03T21:00:00+00:00,3747589100
2026-10-01T02:46:59.973294+00:00,1624,1637148510,Lucas Armand,Anthony Wint,2026-10-03T21:00:00Z,0,ml,home,,403,0,2050,account_ccy,2026-10-03T21:00:00+00:00,3747719189
2026-10-01T02:46:59.973294+00:00,1624,1637148510,Lucas Armand,Anthony Wint,2026-10-03T21:00:00Z,0,ml,away,,-524,0,2050,account_ccy,2026-10-03T21:00:00+00:00,3747719189
2026-10-01T02:46:59.973294+00:00,1624,1637148510,Lucas Armand,Anthony Wint,2026-10-03T21:00:00Z,0,ou,over,1.5,185,0,1025,account_ccy,2026-10-03T21:00:00+00:00,3747719189
2026-10-01T02:46:59.973294+00:00,1624,1637148510,Lucas Armand,Anthony Wint,2026-10-03T21:00:00Z,0,ou,under,1.5,-230,0,1025,account_ccy,2026-10-03T21:00:00+00:00,3747719189
2026-10-01T02:46:59.973294+00:00,1624,1637148816,Eric Nolan,Court McGee,2026-10-03T21:00:00Z,0,ml,home,,-224,0,2050,account_ccy,2026-10-03T21:00:00+00:00,3747710526
2026-10-01T02:46:59.973294+00:00,1624,1637148816,Eric Nolan,Court McGee,2026-10-03T21:00:00Z,0,ml,away,,188,0,2050,account_ccy,2026-10-03T21:00:00+00:00,3747710526
2026-10-01T02:46:59.973294+00:00,1624,1637148816,Eric Nolan,Court McGee,2026-10-03T21:00:00Z,0,ou,over,2.5,-110,0,1025,account_ccy,2026-10-03T21:00:00+00:00,3747710526
2026-10-01T02:46:59.973294+00:00,1624,1637148816,Eric Nolan,Court McGee,2026-10-03T21:00:00Z,0,ou,under,2.5,-110,0,1025,account_ccy,2026-10-03T21:00:00+00:00,3747710526
2026-10-01T02:46:59.973294+00:00,1624,1635385021,Movsar Evloev,Alexander Volkanovski,2026-10-24T14:00:00Z,0,ml,home,,-110,0,2050,account_ccy,2026-10-24T14:00:00+00:00,3746976945
2026-10-01T02:46:59.973294+00:00,1624,1635385021,Movsar Evloev,Alexander Volkanovski,2026-10-24T14:00:00Z,0,ml,away,,-106,0,2050,account_ccy,2026-10-24T14:00:00+00:00,3746976945
2026-10-01T02:46:59.973294+00:00,1624,1637148508,Alden Coria,Imanol Rodriguez,2026-10-03T21:00:00Z,0,ml,home,,128,0,2050,account_ccy,2026-10-03T21:00:00+00:00,3747689781
2026-10-01T02:46:59.973294+00:00,1624,1637148508,Alden Coria,Imanol Rodriguez,2026-10-03T21:00:00Z,0,ml,away,,-150,0,2050,account_ccy,2026-10-03T21:00:00+00:00,3747689781
2026-10-01T02:46:59.973294+00:00,1624,1637148508,Alden Coria,Imanol Rodriguez,2026-10-03T21:00:00Z,0,ou,over,2.5,-161,0,1025,account_ccy,2026-10-03T21:00:00+00:00,3747689781
2026-10-01T02:46:59.973294+00:00,1624,1637148508,Alden Coria,Imanol Rodriguez,2026-10-03T21:00:00Z,0,ou,under,2.5,132,0,1025,account_ccy,2026-10-03T21:00:00+00:00,3747689781
2026-10-01T02:46:59.973294+00:00,1624,1637151310,Ismail Naurdiev,Marvin Vettori,2026-10-03T21:00:00Z,0,ml,home,,-132,0,2050,account_ccy,2026-10-03T21:00:00+00:00,3747796839
2026-10-01T02:46:59.973294+00:00,1624,1637151310,Ismail Naurdiev,Marvin Vettori,2026-10-03T21:00:00Z,0,ml,away,,113,0,2050,account_ccy,2026-10-03T21:00:00+00:00,3747796839
2026-10-01T02:46:59.973294+00:00,1624,1637151310,Ismail Naurdiev,Marvin Vettori,2026-10-03T21:00:00Z,0,ou,over,2.5,-233,0,1025,account_ccy,2026-10-03T21:00:00+00:00,3747796839
2026-10-01T02:46:59.973294+00:00,1624,1637151310,Ismail Naurdiev,Marvin Vettori,2026-10-03T21:00:00Z,0,ou,under,2.5,187,0,1025,account_ccy,2026-10-03T21:00:00+00:00,3747796839
2026-10-01T02:48:10.788912+00:00,1624,1637148507,Roberto Soldic,Khaos Williams,2026-10-03T21:00:00Z,0,ml,home,,-252,0,2050,account_ccy,2026-10-03T21:00:00+00:00,3747679509
2026-10-01T02:48:10.788912+00:00,1624,1637148507,Roberto Soldic,Khaos Williams,2026-10-03T21:00:00Z,0,ml,away,,210,0,2050,account_ccy,2026-10-03T21:00:00+00:00,3747679509
2026-10-01T02:48:10.788912+00:00,1624,1637148507,Roberto Soldic,Khaos Williams,2026-10-03T21:00:00Z,0,ou,over,1.5,-101,0,1025,account_ccy,2026-10-03T21:00:00+00:00,3747679509
2026-10-01T02:48:10.788912+00:00,1624,1637148507,Roberto Soldic,Khaos Williams,2026-10-03T21:00:00Z,0,ou,under,1.5,-120,0,1025,account_ccy,2026-10-03T21:00:00+00:00,3747679509
2026-10-01T02:48:10.788912+00:00,1624,1637146542,Mick Parkin,Johnny Walker,2026-10-03T21:00:00Z,0,ml,home,,113,0,2050,account_ccy,2026-10-03T21:00:00+00:00,3747802421
2026-10-01T02:48:10.788912+00:00,1624,1637146542,Mick Parkin,Johnny Walker,2026-10-03T21:00:00Z,0,ml,away,,-132,0,2050,account_ccy,2026-10-03T21:00:00+00:00,3747802421
2026-10-01T02:48:10.788912+00:00,1624,1637146542,Mick Parkin,Johnny Walker,2026-10-03T21:00:00Z,0,ou,over,1.5,-190,0,1025,account_ccy,2026-10-03T21:00:00+00:00,3747802421
2026-10-01T02:48:10.788912+00:00,1624,1637146542,Mick Parkin,Johnny Walker,2026-10-03T21:00:00Z,0,ou,under,1.5,155,0,1025,account_ccy,2026-10-03T21:00:00+00:00,3747802421
2026-10-01T02:48:10.788912+00:00,1624,1636035128,Payton Talbott,Deiveson Figueiredo,2026-10-03T21:00:00Z,0,ml,home,,-670,0,2050,account_ccy,2026-10-03T21:00:00+00:00,3747730084
2026-10-01T02:48:10.788912+00:00,1624,1636035128,Payton Talbott,Deiveson Figueiredo,2026-10-03T21:00:00Z,0,ml,away,,494,0,2050,account_ccy,2026-10-03T21:00:00+00:00,3747730084
2026-10-01T02:48:10.788912+00:00,1624,1636035128,Payton Talbott,Deiveson Figueiredo,2026-10-03T21:00:00Z,0,ou,over,2.5,-122,0,1025,account_ccy,2026-10-03T21:00:00+00:00,3747730084
2026-10-01T02:48:10.788912+00:00,1624,1636035128,Payton Talbott,Deiveson Figueiredo,2026-10-03T21:00:00Z,0,ou,under,2.5,100,0,1025,account_ccy,2026-10-03T21:00:00+00:00,3747730084
2026-10-01T02:48:10.788912+00:00,1624,1637148505,Amanda Nunes,Kayla Harrison,2026-11-14T22:00:00Z,0,ml,home,,159,0,2050,account_ccy,2026-11-14T22:00:00+00:00,3737735666
2026-10-01T02:48:10.788912+00:00,1624,1637148505,Amanda Nunes,Kayla Harrison,2026-11-14T22:00:00Z,0,ml,away,,-188,0,2050,account_ccy,2026-11-14T22:00:00+00:00,3737735666
2026-10-01T02:48:10.788912+00:00,1624,1637148811,Alexander Hernandez,Rafael Dos Anjos,2026-10-03T21:00:00Z,0,ml,home,,-286,0,2050,account_ccy,2026-10-03T21:00:00+00:00,3747655962
2026-10-01T02:48:10.788912+00:00,1624,1637148811,Alexander Hernandez,Rafael Dos Anjos,2026-10-03T21:00:00Z,0,ml,away,,236,0,2050,account_ccy,2026-10-03T21:00:00+00:00,3747655962
2026-10-01T02:48:10.788912+00:00,1624,1637148811,Alexander Hernandez,Rafael Dos Anjos,2026-10-03T21:00:00Z,0,ou,over,2.5,-146,0,1025,account_ccy,2026-10-03T21:00:00+00:00,3747655962
2026-10-01T02:48:10.788912+00:00,1624,1637148811,Alexander Hernandez,Rafael Dos Anjos,2026-10-03T21:00:00Z,0,ou,under,2.5,120,0,1025,account_ccy,2026-10-03T21:00:00+00:00,3747655962
2026-10-01T02:48:10.788912+00:00,1624,1635389131,Merab Dvalishvili,Petr Yan,2026-10-24T14:00:00Z,0,ml,home,,150,0,2050,account_ccy,2026-10-24T14:00:00+00:00,3746735253
2026-10-01T02:48:10.788912+00:00,1624,1635389131,Merab Dvalishvili,Petr Yan,2026-10-24T14:00:00Z,0,ml,away,,-176,0,2050,account_ccy,2026-10-24T14:00:00+00:00,3746735253
2026-10-01T02:48:10.788912+00:00,1624,1637543552,Anthony Romero,Marcus McGhee,2026-10-03T22:45:00Z,0,ml,home,,354,0,950,account_ccy,2026-10-03T22:45:00+00:00,3747705468
2026-10-01T02:48:10.788912+00:00,1624,1637543552,Anthony Romero,Marcus McGhee,2026-10-03T22:45:00Z,0,ml,away,,-450,0,950,account_ccy,2026-10-03T22:45:00+00:00,3747705468
2026-10-01T02:48:10.788912+00:00,1624,1637543552,Anthony Romero,Marcus McGhee,2026-10-03T22:45:00Z,0,ou,over,1.5,-210,0,475,account_ccy,2026-10-03T22:45:00+00:00,3747705468
2026-10-01T02:48:10.788912+00:00,1624,1637543552,Anthony Romero,Marcus McGhee,2026-10-03T22:45:00Z,0,ou,under,1.5,170,0,475,account_ccy,2026-10-03T22:45:00+00:00,3747705468
2026-10-01T02:48:10.788912+00:00,1624,1637148805,Roman Kopylov,Ateba Gautier,2026-10-03T21:00:00Z,0,ml,home,,186,0,2050,account_ccy,2026-10-03T21:00:00+00:00,3747828218
2026-10-01T02:48:10.788912+00:00,1624,1637148805,Roman Kopylov,Ateba Gautier,2026-10-03T21:00:00Z,0,ml,away,,-221,0,2050,account_ccy,2026-10-03T21:00:00+00:00,3747828218
2026-10-01T02:48:10.788912+00:00,1624,1637148805,Roman Kopylov,Ateba Gautier,2026-10-03T21:00:00Z,0,ou,over,1.5,-164,0,1025,account_ccy,2026-10-03T21:00:00+00:00,3747828218
2026-10-01T02:48:10.788912+00:00,1624,1637148805,Roman Kopylov,Ateba Gautier,2026-10-03T21:00:00Z,0,ou,under,1.5,134,0,1025,account_ccy,2026-10-03T21:00:00+00:00,3747828218
2026-10-01T02:48:10.788912+00:00,1624,1637148806,Andrey Pulyaev,Damian Pinas,2026-10-03T21:00:00Z,0,ml,home,,443,0,2050,account_ccy,2026-10-03T21:00:00+00:00,3747824775
2026-10-01T02:48:10.788912+00:00,1624,1637148806,Andrey Pulyaev,Damian Pinas,2026-10-03T21:00:00Z,0,ml,away,,-586,0,2050,account_ccy,2026-10-03T21:00:00+00:00,3747824775
2026-10-01T02:48:10.788912+00:00,1624,1637148806,Andrey Pulyaev,Damian Pinas,2026-10-03T21:00:00Z,0,ou,over,1.5,109,0,1025,account_ccy,2026-10-03T21:00:00+00:00,3747824775
2026-10-01T02:48:10.788912+00:00,1624,1637148806,Andrey Pulyaev,Damian Pinas,2026-10-03T21:00:00Z,0,ou,under,1.5,-132,0,1025,account_ccy,2026-10-03T21:00:00+00:00,3747824775
2026-10-01T02:48:10.788912+00:00,1624,1636035127,Wang Cong,Natalia Silva,2026-10-03T21:00:00Z,0,ml,home,,180,0,2050,account_ccy,2026-10-03T21:00:00+00:00,3747731481
2026-10-01T02:48:10.788912+00:00,1624,1636035127,Wang Cong,Natalia Silva,2026-10-03T21:00:00Z,0,ml,away,,-214,0,2050,account_ccy,2026-10-03T21:00:00+00:00,3747731481
2026-10-01T02:48:10.788912+00:00,1624,1636035127,Wang Cong,Natalia Silva,2026-10-03T21:00:00Z,0,ou,over,4.5,-299,0,1025,account_ccy,2026-10-03T21:00:00+00:00,3747731481
2026-10-01T02:48:10.788912+00:00,1624,1636035127,Wang Cong,Natalia Silva,2026-10-03T21:00:00Z,0,ou,under,4.5,236,0,1025,account_ccy,2026-10-03T21:00:00+00:00,3747731481
2026-10-01T02:48:10.788912+00:00,1624,1637388045,Bruce Whitehead,Jacobe Smith,2026-10-03T21:00:00Z,0,ml,home,,701,0,2050,account_ccy,2026-10-03T21:00:00+00:00,3747719189
2026-10-01T02:48:10.788912+00:00,1624,1637388045,Bruce Whitehead,Jacobe Smith,2026-10-03T21:00:00Z,0,ml,away,,-1058,0,2050,account_ccy,2026-10-03T21:00:00+00:00,3747719189
2026-10-01T02:48:10.788912+00:00,1624,1637388045,Bruce Whitehead,Jacobe Smith,2026-10-03T21:00:00Z,0,ou,over,1.5,215,0,1025,account_ccy,2026-10-03T21:00:00+00:00,3747719189
2026-10-01T02:48:10.788912+00:00,1624,1637388045,Bruce Whitehead,Jacobe Smith,2026-10-03T21:00:00Z,0,ou,under,1.5,-270,0,1025,account_ccy,2026-10-03T21:00:00+00:00,3747719189
2026-10-01T02:48:10.788912+00:00,1624,1637148801,Josh Hokit,Ciryl Gane,2026-11-14T22:00:00Z,0,ml,home,,213,0,2050,account_ccy,2026-11-14T22:00:00+00:00,3747216075
2026-10-01T02:48:10.788912+00:00,1624,1637148801,Josh Hokit,Ciryl Gane,2026-11-14T22:00:00Z,0,ml,away,,-256,0,2050,account_ccy,2026-11-14T22:00:00+00:00,3747216075
2026-10-01T02:48:10.788912+00:00,1624,1637148802,Esteban Ribovics,King Green,2026-10-03T21:00:00Z,0,ml,home,,-233,0,2050,account_ccy,2026-10-03T21:00:00+00:00,3747589100
2026-10-01T02:48:10.788912+00:00,1624,1637148802,Esteban Ribovics,King Green,2026-10-03T21:00:00Z,0,ml,away,,195,0,2050,account_ccy,2026-10-03T21:00:00+00:00,3747589100
2026-10-01T02:48:10.788912+00:00,1624,1637148802,Esteban Ribovics,King Green,2026-10-03T21:00:00Z,0,ou,over,1.5,-198,0,1025,account_ccy,2026-10-03T21:00:00+00:00,3747589100
2026-10-01T02:48:10.788912+00:00,1624,1637148802,Esteban Ribovics,King Green,2026-10-03T21:00:00Z,0,ou,under,1.5,161,0,1025,account_ccy,2026-10-03T21:00:00+00:00,3747589100
2026-10-01T02:48:10.788912+00:00,1624,1637148510,Lucas Armand,Anthony Wint,2026-10-03T21:00:00Z,0,ml,home,,403,0,2050,account_ccy,2026-10-03T21:00:00+00:00,3747719189
2026-10-01T02:48:10.788912+00:00,1624,1637148510,Lucas Armand,Anthony Wint,2026-10-03T21:00:00Z,0,ml,away,,-524,0,2050,account_ccy,2026-10-03T21:00:00+00:00,3747719189
2026-10-01T02:48:10.788912+00:00,1624,1637148510,Lucas Armand,Anthony Wint,2026-10-03T21:00:00Z,0,ou,over,1.5,185,0,1025,account_ccy,2026-10-03T21:00:00+00:00,3747719189
2026-10-01T02:48:10.788912+00:00,1624,1637148510,Lucas Armand,Anthony Wint,2026-10-03T21:00:00Z,0,ou,under,1.5,-230,0,1025,account_ccy,2026-10-03T21:00:00+00:00,3747719189
2026-10-01T02:48:10.788912+00:00,1624,1637148816,Eric Nolan,Court McGee,2026-10-03T21:00:00Z,0,ml,home,,-224,0,2050,account_ccy,2026-10-03T21:00:00+00:00,3747710526
2026-10-01T02:48:10.788912+00:00,1624,1637148816,Eric Nolan,Court McGee,2026-10-03T21:00:00Z,0,ml,away,,188,0,2050,account_ccy,2026-10-03T21:00:00+00:00,3747710526
2026-10-01T02:48:10.788912+00:00,1624,1637148816,Eric Nolan,Court McGee,2026-10-03T21:00:00Z,0,ou,over,2.5,-110,0,1025,account_ccy,2026-10-03T21:00:00+00:00,3747710526
2026-10-01T02:48:10.788912+00:00,1624,1637148816,Eric Nolan,Court McGee,2026-10-03T21:00:00Z,0,ou,under,2.5,-110,0,1025,account_ccy,2026-10-03T21:00:00+00:00,3747710526
2026-10-01T02:48:10.788912+00:00,1624,1635385021,Movsar Evloev,Alexander Volkanovski,2026-10-24T14:00:00Z,0,ml,home,,-110,0,2050,account_ccy,2026-10-24T14:00:00+00:00,3746976945
2026-10-01T02:48:10.788912+00:00,1624,1635385021,Movsar Evloev,Alexander Volkanovski,2026-10-24T14:00:00Z,0,ml,away,,-106,0,2050,account_ccy,2026-10-24T14:00:00+00:00,3746976945
2026-10-01T02:48:10.788912+00:00,1624,1637148508,Alden Coria,Imanol Rodriguez,2026-10-03T21:00:00Z,0,ml,home,,128,0,2050,account_ccy,2026-10-03T21:00:00+00:00,3747689781
2026-10-01T02:48:10.788912+00:00,1624,1637148508,Alden Coria,Imanol Rodriguez,2026-10-03T21:00:00Z,0,ml,away,,-150,0,2050,account_ccy,2026-10-03T21:00:00+00:00,3747689781
2026-10-01T02:48:10.788912+00:00,1624,1637148508,Alden Coria,Imanol Rodriguez,2026-10-03T21:00:00Z,0,ou,over,2.5,-161,0,1025,account_ccy,2026-10-03T21:00:00+00:00,3747689781
2026-10-01T02:48:10.788912+00:00,1624,1637148508,Alden Coria,Imanol Rodriguez,2026-10-03T21:00:00Z,0,ou,under,2.5,132,0,1025,account_ccy,2026-10-03T21:00:00+00:00,3747689781
2026-10-01T02:48:10.788912+00:00,1624,1637151310,Ismail Naurdiev,Marvin Vettori,2026-10-03T21:00:00Z,0,ml,home,,-132,0,2050,account_ccy,2026-10-03T21:00:00+00:00,3747796839
2026-10-01T02:48:10.788912+00:00,1624,1637151310,Ismail Naurdiev,Marvin Vettori,2026-10-03T21:00:00Z,0,ml,away,,113,0,2050,account_ccy,2026-10-03T21:00:00+00:00,3747796839
2026-10-01T02:48:10.788912+00:00,1624,1637151310,Ismail Naurdiev,Marvin Vettori,2026-10-03T21:00:00Z,0,ou,over,2.5,-233,0,1025,account_ccy,2026-10-03T21:00:00+00:00,3747796839
2026-10-01T02:48:10.788912+00:00,1624,1637151310,Ismail Naurdiev,Marvin Vettori,2026-10-03T21:00:00Z,0,ou,under,2.5,187,0,1025,account_ccy,2026-10-03T21:00:00+00:00,3747796839
2026-10-01T02:58:20.602232+00:00,1624,1635389131,Merab Dvalishvili,Petr Yan,2026-10-24T14:00:00Z,0,ml,home,,150,0,2050,account_ccy,2026-10-24T14:00:00+00:00,3746735253
2026-10-01T02:58:20.602232+00:00,1624,1635389131,Merab Dvalishvili,Petr Yan,2026-10-24T14:00:00Z,0,ml,away,,-176,0,2050,account_ccy,2026-10-24T14:00:00+00:00,3746735253
2026-10-01T02:58:20.602232+00:00,1624,1637148508,Alden Coria,Imanol Rodriguez,2026-10-03T21:00:00Z,0,ml,home,,128,0,2050,account_ccy,2026-10-03T21:00:00+00:00,3747689781
2026-10-01T02:58:20.602232+00:00,1624,1637148508,Alden Coria,Imanol Rodriguez,2026-10-03T21:00:00Z,0,ml,away,,-150,0,2050,account_ccy,2026-10-03T21:00:00+00:00,3747689781
2026-10-01T02:58:20.602232+00:00,1624,1637148508,Alden Coria,Imanol Rodriguez,2026-10-03T21:00:00Z,0,ou,over,2.5,-161,0,1025,account_ccy,2026-10-03T21:00:00+00:00,3747689781
2026-10-01T02:58:20.602232+00:00,1624,1637148508,Alden Coria,Imanol Rodriguez,2026-10-03T21:00:00Z,0,ou,under,2.5,132,0,1025,account_ccy,2026-10-03T21:00:00+00:00,3747689781
2026-10-01T02:58:20.602232+00:00,1624,1637148805,Roman Kopylov,Ateba Gautier,2026-10-03T21:00:00Z,0,ml,home,,186,0,2050,account_ccy,2026-10-03T21:00:00+00:00,3747828218
2026-10-01T02:58:20.602232+00:00,1624,1637148805,Roman Kopylov,Ateba Gautier,2026-10-03T21:00:00Z,0,ml,away,,-221,0,2050,account_ccy,2026-10-03T21:00:00+00:00,3747828218
2026-10-01T02:58:20.602232+00:00,1624,1637148805,Roman Kopylov,Ateba Gautier,2026-10-03T21:00:00Z,0,ou,over,1.5,-164,0,1025,account_ccy,2026-10-03T21:00:00+00:00,3747828218
2026-10-01T02:58:20.602232+00:00,1624,1637148805,Roman Kopylov,Ateba Gautier,2026-10-03T21:00:00Z,0,ou,under,1.5,134,0,1025,account_ccy,2026-10-03T21:00:00+00:00,3747828218
2026-10-01T02:58:20.602232+00:00,1624,1637148806,Andrey Pulyaev,Damian Pinas,2026-10-03T21:00:00Z,0,ml,home,,443,0,2050,account_ccy,2026-10-03T21:00:00+00:00,3747824775
2026-10-01T02:58:20.602232+00:00,1624,1637148806,Andrey Pulyaev,Damian Pinas,2026-10-03T21:00:00Z,0,ml,away,,-586,0,2050,account_ccy,2026-10-03T21:00:00+00:00,3747824775
2026-10-01T02:58:20.602232+00:00,1624,1637148806,Andrey Pulyaev,Damian Pinas,2026-10-03T21:00:00Z,0,ou,over,1.5,109,0,1025,account_ccy,2026-10-03T21:00:00+00:00,3747824775
2026-10-01T02:58:20.602232+00:00,1624,1637148806,Andrey Pulyaev,Damian Pinas,2026-10-03T21:00:00Z,0,ou,under,1.5,-132,0,1025,account_ccy,2026-10-03T21:00:00+00:00,3747824775
2026-10-01T02:58:20.602232+00:00,1624,1636035127,Wang Cong,Natalia Silva,2026-10-03T21:00:00Z,0,ml,home,,180,0,2050,account_ccy,2026-10-03T21:00:00+00:00,3747731481
2026-10-01T02:58:20.602232+00:00,1624,1636035127,Wang Cong,Natalia Silva,2026-10-03T21:00:00Z,0,ml,away,,-214,0,2050,account_ccy,2026-10-03T21:00:00+00:00,3747731481
2026-10-01T02:58:20.602232+00:00,1624,1636035127,Wang Cong,Natalia Silva,2026-10-03T21:00:00Z,0,ou,over,4.5,-299,0,1025,account_ccy,2026-10-03T21:00:00+00:00,3747731481
2026-10-01T02:58:20.602232+00:00,1624,1636035127,Wang Cong,Natalia Silva,2026-10-03T21:00:00Z,0,ou,under,4.5,236,0,1025,account_ccy,2026-10-03T21:00:00+00:00,3747731481
2026-10-01T02:58:20.602232+00:00,1624,1635385021,Movsar Evloev,Alexander Volkanovski,2026-10-24T14:00:00Z,0,ml,home,,-110,0,2050,account_ccy,2026-10-24T14:00:00+00:00,3746976945
2026-10-01T02:58:20.602232+00:00,1624,1635385021,Movsar Evloev,Alexander Volkanovski,2026-10-24T14:00:00Z,0,ml,away,,-106,0,2050,account_ccy,2026-10-24T14:00:00+00:00,3746976945
2026-10-01T02:58:20.602232+00:00,1624,1637148811,Alexander Hernandez,Rafael Dos Anjos,2026-10-03T21:00:00Z,0,ml,home,,-286,0,2050,account_ccy,2026-10-03T21:00:00+00:00,3747655962
2026-10-01T02:58:20.602232+00:00,1624,1637148811,Alexander Hernandez,Rafael Dos Anjos,2026-10-03T21:00:00Z,0,ml,away,,236,0,2050,account_ccy,2026-10-03T21:00:00+00:00,3747655962
2026-10-01T02:58:20.602232+00:00,1624,1637148811,Alexander Hernandez,Rafael Dos Anjos,2026-10-03T21:00:00Z,0,ou,over,2.5,-146,0,1025,account_ccy,2026-10-03T21:00:00+00:00,3747655962
2026-10-01T02:58:20.602232+00:00,1624,1637148811,Alexander Hernandez,Rafael Dos Anjos,2026-10-03T21:00:00Z,0,ou,under,2.5,120,0,1025,account_ccy,2026-10-03T21:00:00+00:00,3747655962
2026-10-01T02:58:20.602232+00:00,1624,1637148816,Eric Nolan,Court McGee,2026-10-03T21:00:00Z,0,ml,home,,-224,0,2050,account_ccy,2026-10-03T21:00:00+00:00,3747710526
2026-10-01T02:58:20.602232+00:00,1624,1637148816,Eric Nolan,Court McGee,2026-10-03T21:00:00Z,0,ml,away,,188,0,2050,account_ccy,2026-10-03T21:00:00+00:00,3747710526
2026-10-01T02:58:20.602232+00:00,1624,1637148816,Eric Nolan,Court McGee,2026-10-03T21:00:00Z,0,ou,over,2.5,-110,0,1025,account_ccy,2026-10-03T21:00:00+00:00,3747710526
2026-10-01T02:58:20.602232+00:00,1624,1637148816,Eric Nolan,Court McGee,2026-10-03T21:00:00Z,0,ou,under,2.5,-110,0,1025,account_ccy,2026-10-03T21:00:00+00:00,3747710526
2026-10-01T02:58:20.602232+00:00,1624,1637148505,Amanda Nunes,Kayla Harrison,2026-11-14T22:00:00Z,0,ml,home,,159,0,2050,account_ccy,2026-11-14T22:00:00+00:00,3737735666
2026-10-01T02:58:20.602232+00:00,1624,1637148505,Amanda Nunes,Kayla Harrison,2026-11-14T22:00:00Z,0,ml,away,,-188,0,2050,account_ccy,2026-11-14T22:00:00+00:00,3737735666
2026-10-01T02:58:20.602232+00:00,1624,1637388045,Bruce Whitehead,Jacobe Smith,2026-10-03T21:00:00Z,0,ml,home,,701,0,2050,account_ccy,2026-10-03T21:00:00+00:00,3747833685
2026-10-01T02:58:20.602232+00:00,1624,1637388045,Bruce Whitehead,Jacobe Smith,2026-10-03T21:00:00Z,0,ml,away,,-1058,0,2050,account_ccy,2026-10-03T21:00:00+00:00,3747833685
2026-10-01T02:58:20.602232+00:00,1624,1637388045,Bruce Whitehead,Jacobe Smith,2026-10-03T21:00:00Z,0,ou,over,1.5,217,0,1025,account_ccy,2026-10-03T21:00:00+00:00,3747833685
2026-10-01T02:58:20.602232+00:00,1624,1637388045,Bruce Whitehead,Jacobe Smith,2026-10-03T21:00:00Z,0,ou,under,1.5,-273,0,1025,account_ccy,2026-10-03T21:00:00+00:00,3747833685
2026-10-01T02:58:20.602232+00:00,1624,1637146542,Mick Parkin,Johnny Walker,2026-10-03T21:00:00Z,0,ml,home,,113,0,2050,account_ccy,2026-10-03T21:00:00+00:00,3747802421
2026-10-01T02:58:20.602232+00:00,1624,1637146542,Mick Parkin,Johnny Walker,2026-10-03T21:00:00Z,0,ml,away,,-132,0,2050,account_ccy,2026-10-03T21:00:00+00:00,3747802421
2026-10-01T02:58:20.602232+00:00,1624,1637146542,Mick Parkin,Johnny Walker,2026-10-03T21:00:00Z,0,ou,over,1.5,-190,0,1025,account_ccy,2026-10-03T21:00:00+00:00,3747802421
2026-10-01T02:58:20.602232+00:00,1624,1637146542,Mick Parkin,Johnny Walker,2026-10-03T21:00:00Z,0,ou,under,1.5,155,0,1025,account_ccy,2026-10-03T21:00:00+00:00,3747802421
2026-10-01T02:58:20.602232+00:00,1624,1637148801,Josh Hokit,Ciryl Gane,2026-11-14T22:00:00Z,0,ml,home,,213,0,2050,account_ccy,2026-11-14T22:00:00+00:00,3747216075
2026-10-01T02:58:20.602232+00:00,1624,1637148801,Josh Hokit,Ciryl Gane,2026-11-14T22:00:00Z,0,ml,away,,-256,0,2050,account_ccy,2026-11-14T22:00:00+00:00,3747216075
2026-10-01T02:58:20.602232+00:00,1624,1637148802,Esteban Ribovics,King Green,2026-10-03T21:00:00Z,0,ml,home,,-233,0,2050,account_ccy,2026-10-03T21:00:00+00:00,3747589100
2026-10-01T02:58:20.602232+00:00,1624,1637148802,Esteban Ribovics,King Green,2026-10-03T21:00:00Z,0,ml,away,,195,0,2050,account_ccy,2026-10-03T21:00:00+00:00,3747589100
2026-10-01T02:58:20.602232+00:00,1624,1637148802,Esteban Ribovics,King Green,2026-10-03T21:00:00Z,0,ou,over,1.5,-198,0,1025,account_ccy,2026-10-03T21:00:00+00:00,3747589100
2026-10-01T02:58:20.602232+00:00,1624,1637148802,Esteban Ribovics,King Green,2026-10-03T21:00:00Z,0,ou,under,1.5,161,0,1025,account_ccy,2026-10-03T21:00:00+00:00,3747589100
2026-10-01T02:58:20.602232+00:00,1624,1637151310,Ismail Naurdiev,Marvin Vettori,2026-10-03T21:00:00Z,0,ml,home,,-132,0,2050,account_ccy,2026-10-03T21:00:00+00:00,3747796839
2026-10-01T02:58:20.602232+00:00,1624,1637151310,Ismail Naurdiev,Marvin Vettori,2026-10-03T21:00:00Z,0,ml,away,,113,0,2050,account_ccy,2026-10-03T21:00:00+00:00,3747796839
2026-10-01T02:58:20.602232+00:00,1624,1637151310,Ismail Naurdiev,Marvin Vettori,2026-10-03T21:00:00Z,0,ou,over,2.5,-233,0,1025,account_ccy,2026-10-03T21:00:00+00:00,3747796839
2026-10-01T02:58:20.602232+00:00,1624,1637151310,Ismail Naurdiev,Marvin Vettori,2026-10-03T21:00:00Z,0,ou,under,2.5,187,0,1025,account_ccy,2026-10-03T21:00:00+00:00,3747796839
2026-10-01T02:58:20.602232+00:00,1624,1637543552,Anthony Romero,Marcus McGhee,2026-10-03T22:45:00Z,0,ml,home,,354,0,950,account_ccy,2026-10-03T22:45:00+00:00,3747705468
2026-10-01T02:58:20.602232+00:00,1624,1637543552,Anthony Romero,Marcus McGhee,2026-10-03T22:45:00Z,0,ml,away,,-450,0,950,account_ccy,2026-10-03T22:45:00+00:00,3747705468
2026-10-01T02:58:20.602232+00:00,1624,1637543552,Anthony Romero,Marcus McGhee,2026-10-03T22:45:00Z,0,ou,over,1.5,-210,0,475,account_ccy,2026-10-03T22:45:00+00:00,3747705468
2026-10-01T02:58:20.602232+00:00,1624,1637543552,Anthony Romero,Marcus McGhee,2026-10-03T22:45:00Z,0,ou,under,1.5,170,0,475,account_ccy,2026-10-03T22:45:00+00:00,3747705468
2026-10-01T02:58:20.602232+00:00,1624,1637148507,Roberto Soldic,Khaos Williams,2026-10-03T21:00:00Z,0,ml,home,,-252,0,2050,account_ccy,2026-10-03T21:00:00+00:00,3747679509
2026-10-01T02:58:20.602232+00:00,1624,1637148507,Roberto Soldic,Khaos Williams,2026-10-03T21:00:00Z,0,ml,away,,210,0,2050,account_ccy,2026-10-03T21:00:00+00:00,3747679509
2026-10-01T02:58:20.602232+00:00,1624,1637148507,Roberto Soldic,Khaos Williams,2026-10-03T21:00:00Z,0,ou,over,1.5,-101,0,1025,account_ccy,2026-10-03T21:00:00+00:00,3747679509
2026-10-01T02:58:20.602232+00:00,1624,1637148507,Roberto Soldic,Khaos Williams,2026-10-03T21:00:00Z,0,ou,under,1.5,-120,0,1025,account_ccy,2026-10-03T21:00:00+00:00,3747679509
2026-10-01T02:58:20.602232+00:00,1624,1636035128,Payton Talbott,Deiveson Figueiredo,2026-10-03T21:00:00Z,0,ml,home,,-670,0,2050,account_ccy,2026-10-03T21:00:00+00:00,3747730084
2026-10-01T02:58:20.602232+00:00,1624,1636035128,Payton Talbott,Deiveson Figueiredo,2026-10-03T21:00:00Z,0,ml,away,,494,0,2050,account_ccy,2026-10-03T21:00:00+00:00,3747730084
2026-10-01T02:58:20.602232+00:00,1624,1636035128,Payton Talbott,Deiveson Figueiredo,2026-10-03T21:00:00Z,0,ou,over,2.5,-122,0,1025,account_ccy,2026-10-03T21:00:00+00:00,3747730084
2026-10-01T02:58:20.602232+00:00,1624,1636035128,Payton Talbott,Deiveson Figueiredo,2026-10-03T21:00:00Z,0,ou,under,2.5,100,0,1025,account_ccy,2026-10-03T21:00:00+00:00,3747730084
2026-10-01T02:58:20.602232+00:00,1624,1637148510,Lucas Armand,Anthony Wint,2026-10-03T21:00:00Z,0,ml,home,,403,0,2050,account_ccy,2026-10-03T21:00:00+00:00,3747833685
2026-10-01T02:58:20.602232+00:00,1624,1637148510,Lucas Armand,Anthony Wint,2026-10-03T21:00:00Z,0,ml,away,,-524,0,2050,account_ccy,2026-10-03T21:00:00+00:00,3747833685
2026-10-01T02:58:20.602232+00:00,1624,1637148510,Lucas Armand,Anthony Wint,2026-10-03T21:00:00Z,0,ou,over,1.5,187,0,1025,account_ccy,2026-10-03T21:00:00+00:00,3747833685
2026-10-01T02:58:20.602232+00:00,1624,1637148510,Lucas Armand,Anthony Wint,2026-10-03T21:00:00Z,0,ou,under,1.5,-232,0,1025,account_ccy,2026-10-03T21:00:00+00:00,3747833685
2026-10-01T03:08:30.422737+00:00,1624,1637148816,Eric Nolan,Court McGee,2026-10-03T21:00:00Z,0,ml,home,,-224,0,2050,account_ccy,2026-10-03T21:00:00+00:00,3747710526
2026-10-01T03:08:30.422737+00:00,1624,1637148816,Eric Nolan,Court McGee,2026-10-03T21:00:00Z,0,ml,away,,188,0,2050,account_ccy,2026-10-03T21:00:00+00:00,3747710526
2026-10-01T03:08:30.422737+00:00,1624,1637148816,Eric Nolan,Court McGee,2026-10-03T21:00:00Z,0,ou,over,2.5,-110,0,1025,account_ccy,2026-10-03T21:00:00+00:00,3747710526
2026-10-01T03:08:30.422737+00:00,1624,1637148816,Eric Nolan,Court McGee,2026-10-03T21:00:00Z,0,ou,under,2.5,-110,0,1025,account_ccy,2026-10-03T21:00:00+00:00,3747710526
2026-10-01T03:08:30.422737+00:00,1624,1637146542,Mick Parkin,Johnny Walker,2026-10-03T21:00:00Z,0,ml,home,,113,0,2050,account_ccy,2026-10-03T21:00:00+00:00,3747802421
2026-10-01T03:08:30.422737+00:00,1624,1637146542,Mick Parkin,Johnny Walker,2026-10-03T21:00:00Z,0,ml,away,,-132,0,2050,account_ccy,2026-10-03T21:00:00+00:00,3747802421
2026-10-01T03:08:30.422737+00:00,1624,1637146542,Mick Parkin,Johnny Walker,2026-10-03T21:00:00Z,0,ou,over,1.5,-190,0,1025,account_ccy,2026-10-03T21:00:00+00:00,3747802421
2026-10-01T03:08:30.422737+00:00,1624,1637146542,Mick Parkin,Johnny Walker,2026-10-03T21:00:00Z,0,ou,under,1.5,155,0,1025,account_ccy,2026-10-03T21:00:00+00:00,3747802421
2026-10-01T03:08:30.422737+00:00,1624,1635389131,Merab Dvalishvili,Petr Yan,2026-10-24T14:00:00Z,0,ml,home,,150,0,2050,account_ccy,2026-10-24T14:00:00+00:00,3746735253
2026-10-01T03:08:30.422737+00:00,1624,1635389131,Merab Dvalishvili,Petr Yan,2026-10-24T14:00:00Z,0,ml,away,,-176,0,2050,account_ccy,2026-10-24T14:00:00+00:00,3746735253
2026-10-01T03:08:30.422737+00:00,1624,1637151310,Ismail Naurdiev,Marvin Vettori,2026-10-03T21:00:00Z,0,ml,home,,-127,0,2050,account_ccy,2026-10-03T21:00:00+00:00,3747839914
2026-10-01T03:08:30.422737+00:00,1624,1637151310,Ismail Naurdiev,Marvin Vettori,2026-10-03T21:00:00Z,0,ml,away,,109,0,2050,account_ccy,2026-10-03T21:00:00+00:00,3747839914
2026-10-01T03:08:30.422737+00:00,1624,1637151310,Ismail Naurdiev,Marvin Vettori,2026-10-03T21:00:00Z,0,ou,over,2.5,-233,0,1025,account_ccy,2026-10-03T21:00:00+00:00,3747839914
2026-10-01T03:08:30.422737+00:00,1624,1637151310,Ismail Naurdiev,Marvin Vettori,2026-10-03T21:00:00Z,0,ou,under,2.5,187,0,1025,account_ccy,2026-10-03T21:00:00+00:00,3747839914
2026-10-01T03:08:30.422737+00:00,1624,1637148505,Amanda Nunes,Kayla Harrison,2026-11-14T22:00:00Z,0,ml,home,,159,0,2050,account_ccy,2026-11-14T22:00:00+00:00,3737735666
2026-10-01T03:08:30.422737+00:00,1624,1637148505,Amanda Nunes,Kayla Harrison,2026-11-14T22:00:00Z,0,ml,away,,-188,0,2050,account_ccy,2026-11-14T22:00:00+00:00,3737735666
2026-10-01T03:08:30.422737+00:00,1624,1636035127,Wang Cong,Natalia Silva,2026-10-03T21:00:00Z,0,ml,home,,180,0,2050,account_ccy,2026-10-03T21:00:00+00:00,3747731481
2026-10-01T03:08:30.422737+00:00,1624,1636035127,Wang Cong,Natalia Silva,2026-10-03T21:00:00Z,0,ml,away,,-214,0,2050,account_ccy,2026-10-03T21:00:00+00:00,3747731481
2026-10-01T03:08:30.422737+00:00,1624,1636035127,Wang Cong,Natalia Silva,2026-10-03T21:00:00Z,0,ou,over,4.5,-299,0,1025,account_ccy,2026-10-03T21:00:00+00:00,3747731481
2026-10-01T03:08:30.422737+00:00,1624,1636035127,Wang Cong,Natalia Silva,2026-10-03T21:00:00Z,0,ou,under,4.5,236,0,1025,account_ccy,2026-10-03T21:00:00+00:00,3747731481
2026-10-01T03:08:30.422737+00:00,1624,1637148508,Alden Coria,Imanol Rodriguez,2026-10-03T21:00:00Z,0,ml,home,,128,0,2050,account_ccy,2026-10-03T21:00:00+00:00,3747689781
2026-10-01T03:08:30.422737+00:00,1624,1637148508,Alden Coria,Imanol Rodriguez,2026-10-03T21:00:00Z,0,ml,away,,-150,0,2050,account_ccy,2026-10-03T21:00:00+00:00,3747689781
2026-10-01T03:08:30.422737+00:00,1624,1637148508,Alden Coria,Imanol Rodriguez,2026-10-03T21:00:00Z,0,ou,over,2.5,-161,0,1025,account_ccy,2026-10-03T21:00:00+00:00,3747689781
2026-10-01T03:08:30.422737+00:00,1624,1637148508,Alden Coria,Imanol Rodriguez,2026-10-03T21:00:00Z,0,ou,under,2.5,132,0,1025,account_ccy,2026-10-03T21:00:00+00:00,3747689781
2026-10-01T03:08:30.422737+00:00,1624,1637148510,Lucas Armand,Anthony Wint,2026-10-03T21:00:00Z,0,ml,home,,403,0,2050,account_ccy,2026-10-03T21:00:00+00:00,3747833685
2026-10-01T03:08:30.422737+00:00,1624,1637148510,Lucas Armand,Anthony Wint,2026-10-03T21:00:00Z,0,ml,away,,-524,0,2050,account_ccy,2026-10-03T21:00:00+00:00,3747833685
2026-10-01T03:08:30.422737+00:00,1624,1637148510,Lucas Armand,Anthony Wint,2026-10-03T21:00:00Z,0,ou,over,1.5,187,0,1025,account_ccy,2026-10-03T21:00:00+00:00,3747833685
2026-10-01T03:08:30.422737+00:00,1624,1637148510,Lucas Armand,Anthony Wint,2026-10-03T21:00:00Z,0,ou,under,1.5,-232,0,1025,account_ccy,2026-10-03T21:00:00+00:00,3747833685
2026-10-01T03:08:30.422737+00:00,1624,1635385021,Movsar Evloev,Alexander Volkanovski,2026-10-24T14:00:00Z,0,ml,home,,-110,0,2050,account_ccy,2026-10-24T14:00:00+00:00,3746976945
2026-10-01T03:08:30.422737+00:00,1624,1635385021,Movsar Evloev,Alexander Volkanovski,2026-10-24T14:00:00Z,0,ml,away,,-106,0,2050,account_ccy,2026-10-24T14:00:00+00:00,3746976945
2026-10-01T03:08:30.422737+00:00,1624,1637148802,Esteban Ribovics,King Green,2026-10-03T21:00:00Z,0,ml,home,,-233,0,2050,account_ccy,2026-10-03T21:00:00+00:00,3747589100
2026-10-01T03:08:30.422737+00:00,1624,1637148802,Esteban Ribovics,King Green,2026-10-03T21:00:00Z,0,ml,away,,195,0,2050,account_ccy,2026-10-03T21:00:00+00:00,3747589100
2026-10-01T03:08:30.422737+00:00,1624,1637148802,Esteban Ribovics,King Green,2026-10-03T21:00:00Z,0,ou,over,1.5,-198,0,1025,account_ccy,2026-10-03T21:00:00+00:00,3747589100
2026-10-01T03:08:30.422737+00:00,1624,1637148802,Esteban Ribovics,King Green,2026-10-03T21:00:00Z,0,ou,under,1.5,161,0,1025,account_ccy,2026-10-03T21:00:00+00:00,3747589100
2026-10-01T03:08:30.422737+00:00,1624,1637148805,Roman Kopylov,Ateba Gautier,2026-10-03T21:00:00Z,0,ml,home,,186,0,2050,account_ccy,2026-10-03T21:00:00+00:00,3747828218
2026-10-01T03:08:30.422737+00:00,1624,1637148805,Roman Kopylov,Ateba Gautier,2026-10-03T21:00:00Z,0,ml,away,,-221,0,2050,account_ccy,2026-10-03T21:00:00+00:00,3747828218
2026-10-01T03:08:30.422737+00:00,1624,1637148805,Roman Kopylov,Ateba Gautier,2026-10-03T21:00:00Z,0,ou,over,1.5,-164,0,1025,account_ccy,2026-10-03T21:00:00+00:00,3747828218
2026-10-01T03:08:30.422737+00:00,1624,1637148805,Roman Kopylov,Ateba Gautier,2026-10-03T21:00:00Z,0,ou,under,1.5,134,0,1025,account_ccy,2026-10-03T21:00:00+00:00,3747828218
2026-10-01T03:08:30.422737+00:00,1624,1637388045,Bruce Whitehead,Jacobe Smith,2026-10-03T21:00:00Z,0,ml,home,,701,0,2050,account_ccy,2026-10-03T21:00:00+00:00,3747833685
2026-10-01T03:08:30.422737+00:00,1624,1637388045,Bruce Whitehead,Jacobe Smith,2026-10-03T21:00:00Z,0,ml,away,,-1058,0,2050,account_ccy,2026-10-03T21:00:00+00:00,3747833685
2026-10-01T03:08:30.422737+00:00,1624,1637388045,Bruce Whitehead,Jacobe Smith,2026-10-03T21:00:00Z,0,ou,over,1.5,217,0,1025,account_ccy,2026-10-03T21:00:00+00:00,3747833685
2026-10-01T03:08:30.422737+00:00,1624,1637388045,Bruce Whitehead,Jacobe Smith,2026-10-03T21:00:00Z,0,ou,under,1.5,-273,0,1025,account_ccy,2026-10-03T21:00:00+00:00,3747833685
2026-10-01T03:08:30.422737+00:00,1624,1637543552,Anthony Romero,Marcus McGhee,2026-10-03T22:45:00Z,0,ml,home,,354,0,950,account_ccy,2026-10-03T22:45:00+00:00,3747705468
2026-10-01T03:08:30.422737+00:00,1624,1637543552,Anthony Romero,Marcus McGhee,2026-10-03T22:45:00Z,0,ml,away,,-450,0,950,account_ccy,2026-10-03T22:45:00+00:00,3747705468
2026-10-01T03:08:30.422737+00:00,1624,1637543552,Anthony Romero,Marcus McGhee,2026-10-03T22:45:00Z,0,ou,over,1.5,-210,0,475,account_ccy,2026-10-03T22:45:00+00:00,3747705468
2026-10-01T03:08:30.422737+00:00,1624,1637543552,Anthony Romero,Marcus McGhee,2026-10-03T22:45:00Z,0,ou,under,1.5,170,0,475,account_ccy,2026-10-03T22:45:00+00:00,3747705468
2026-10-01T03:08:30.422737+00:00,1624,1636035128,Payton Talbott,Deiveson Figueiredo,2026-10-03T21:00:00Z,0,ml,home,,-670,0,2050,account_ccy,2026-10-03T21:00:00+00:00,3747730084
2026-10-01T03:08:30.422737+00:00,1624,1636035128,Payton Talbott,Deiveson Figueiredo,2026-10-03T21:00:00Z,0,ml,away,,494,0,2050,account_ccy,2026-10-03T21:00:00+00:00,3747730084
2026-10-01T03:08:30.422737+00:00,1624,1636035128,Payton Talbott,Deiveson Figueiredo,2026-10-03T21:00:00Z,0,ou,over,2.5,-122,0,1025,account_ccy,2026-10-03T21:00:00+00:00,3747730084
2026-10-01T03:08:30.422737+00:00,1624,1636035128,Payton Talbott,Deiveson Figueiredo,2026-10-03T21:00:00Z,0,ou,under,2.5,100,0,1025,account_ccy,2026-10-03T21:00:00+00:00,3747730084
2026-10-01T03:08:30.422737+00:00,1624,1637148801,Josh Hokit,Ciryl Gane,2026-11-14T22:00:00Z,0,ml,home,,213,0,2050,account_ccy,2026-11-14T22:00:00+00:00,3747216075
2026-10-01T03:08:30.422737+00:00,1624,1637148801,Josh Hokit,Ciryl Gane,2026-11-14T22:00:00Z,0,ml,away,,-256,0,2050,account_ccy,2026-11-14T22:00:00+00:00,3747216075
2026-10-01T03:08:30.422737+00:00,1624,1637148806,Andrey Pulyaev,Damian Pinas,2026-10-03T21:00:00Z,0,ml,home,,443,0,2050,account_ccy,2026-10-03T21:00:00+00:00,3747824775
2026-10-01T03:08:30.422737+00:00,1624,1637148806,Andrey Pulyaev,Damian Pinas,2026-10-03T21:00:00Z,0,ml,away,,-586,0,2050,account_ccy,2026-10-03T21:00:00+00:00,3747824775
2026-10-01T03:08:30.422737+00:00,1624,1637148806,Andrey Pulyaev,Damian Pinas,2026-10-03T21:00:00Z,0,ou,over,1.5,109,0,1025,account_ccy,2026-10-03T21:00:00+00:00,3747824775
2026-10-01T03:08:30.422737+00:00,1624,1637148806,Andrey Pulyaev,Damian Pinas,2026-10-03T21:00:00Z,0,ou,under,1.5,-132,0,1025,account_ccy,2026-10-03T21:00:00+00:00,3747824775
2026-10-01T03:08:30.422737+00:00,1624,1637148507,Roberto Soldic,Khaos Williams,2026-10-03T21:00:00Z,0,ml,home,,-252,0,2050,account_ccy,2026-10-03T21:00:00+00:00,3747679509
2026-10-01T03:08:30.422737+00:00,1624,1637148507,Roberto Soldic,Khaos Williams,2026-10-03T21:00:00Z,0,ml,away,,210,0,2050,account_ccy,2026-10-03T21:00:00+00:00,3747679509
2026-10-01T03:08:30.422737+00:00,1624,1637148507,Roberto Soldic,Khaos Williams,2026-10-03T21:00:00Z,0,ou,over,1.5,-101,0,1025,account_ccy,2026-10-03T21:00:00+00:00,3747679509
2026-10-01T03:08:30.422737+00:00,1624,1637148507,Roberto Soldic,Khaos Williams,2026-10-03T21:00:00Z,0,ou,under,1.5,-120,0,1025,account_ccy,2026-10-03T21:00:00+00:00,3747679509
2026-10-01T03:08:30.422737+00:00,1624,1637148811,Alexander Hernandez,Rafael Dos Anjos,2026-10-03T21:00:00Z,0,ml,home,,-286,0,2050,account_ccy,2026-10-03T21:00:00+00:00,3747655962
2026-10-01T03:08:30.422737+00:00,1624,1637148811,Alexander Hernandez,Rafael Dos Anjos,2026-10-03T21:00:00Z,0,ml,away,,236,0,2050,account_ccy,2026-10-03T21:00:00+00:00,3747655962
2026-10-01T03:08:30.422737+00:00,1624,1637148811,Alexander Hernandez,Rafael Dos Anjos,2026-10-03T21:00:00Z,0,ou,over,2.5,-146,0,1025,account_ccy,2026-10-03T21:00:00+00:00,3747655962
2026-10-01T03:08:30.422737+00:00,1624,1637148811,Alexander Hernandez,Rafael Dos Anjos,2026-10-03T21:00:00Z,0,ou,under,2.5,120,0,1025,account_ccy,2026-10-03T21:00:00+00:00,3747655962
2026-10-01T03:18:41.048990+00:00,1624,1637148816,Eric Nolan,Court McGee,2026-10-03T21:00:00Z,0,ml,home,,-224,0,2050,account_ccy,2026-10-03T21:00:00+00:00,3747710526
2026-10-01T03:18:41.048990+00:00,1624,1637148816,Eric Nolan,Court McGee,2026-10-03T21:00:00Z,0,ml,away,,188,0,2050,account_ccy,2026-10-03T21:00:00+00:00,3747710526
2026-10-01T03:18:41.048990+00:00,1624,1637148816,Eric Nolan,Court McGee,2026-10-03T21:00:00Z,0,ou,over,2.5,-110,0,1025,account_ccy,2026-10-03T21:00:00+00:00,3747710526
2026-10-01T03:18:41.048990+00:00,1624,1637148816,Eric Nolan,Court McGee,2026-10-03T21:00:00Z,0,ou,under,2.5,-110,0,1025,account_ccy,2026-10-03T21:00:00+00:00,3747710526
2026-10-01T03:18:41.048990+00:00,1624,1637146542,Mick Parkin,Johnny Walker,2026-10-03T21:00:00Z,0,ml,home,,113,0,2050,account_ccy,2026-10-03T21:00:00+00:00,3747802421
2026-10-01T03:18:41.048990+00:00,1624,1637146542,Mick Parkin,Johnny Walker,2026-10-03T21:00:00Z,0,ml,away,,-132,0,2050,account_ccy,2026-10-03T21:00:00+00:00,3747802421
2026-10-01T03:18:41.048990+00:00,1624,1637146542,Mick Parkin,Johnny Walker,2026-10-03T21:00:00Z,0,ou,over,1.5,-190,0,1025,account_ccy,2026-10-03T21:00:00+00:00,3747802421
2026-10-01T03:18:41.048990+00:00,1624,1637146542,Mick Parkin,Johnny Walker,2026-10-03T21:00:00Z,0,ou,under,1.5,155,0,1025,account_ccy,2026-10-03T21:00:00+00:00,3747802421
2026-10-01T03:18:41.048990+00:00,1624,1635389131,Merab Dvalishvili,Petr Yan,2026-10-24T14:00:00Z,0,ml,home,,150,0,2050,account_ccy,2026-10-24T14:00:00+00:00,3746735253
2026-10-01T03:18:41.048990+00:00,1624,1635389131,Merab Dvalishvili,Petr Yan,2026-10-24T14:00:00Z,0,ml,away,,-176,0,2050,account_ccy,2026-10-24T14:00:00+00:00,3746735253
2026-10-01T03:18:41.048990+00:00,1624,1637151310,Ismail Naurdiev,Marvin Vettori,2026-10-03T21:00:00Z,0,ml,home,,-127,0,2050,account_ccy,2026-10-03T21:00:00+00:00,3747839914
2026-10-01T03:18:41.048990+00:00,1624,1637151310,Ismail Naurdiev,Marvin Vettori,2026-10-03T21:00:00Z,0,ml,away,,109,0,2050,account_ccy,2026-10-03T21:00:00+00:00,3747839914
2026-10-01T03:18:41.048990+00:00,1624,1637151310,Ismail Naurdiev,Marvin Vettori,2026-10-03T21:00:00Z,0,ou,over,2.5,-233,0,1025,account_ccy,2026-10-03T21:00:00+00:00,3747839914
2026-10-01T03:18:41.048990+00:00,1624,1637151310,Ismail Naurdiev,Marvin Vettori,2026-10-03T21:00:00Z,0,ou,under,2.5,187,0,1025,account_ccy,2026-10-03T21:00:00+00:00,3747839914
2026-10-01T03:18:41.048990+00:00,1624,1637148505,Amanda Nunes,Kayla Harrison,2026-11-14T22:00:00Z,0,ml,home,,159,0,2050,account_ccy,2026-11-14T22:00:00+00:00,3737735666
2026-10-01T03:18:41.048990+00:00,1624,1637148505,Amanda Nunes,Kayla Harrison,2026-11-14T22:00:00Z,0,ml,away,,-188,0,2050,account_ccy,2026-11-14T22:00:00+00:00,3737735666
2026-10-01T03:18:41.048990+00:00,1624,1636035127,Wang Cong,Natalia Silva,2026-10-03T21:00:00Z,0,ml,home,,180,0,2050,account_ccy,2026-10-03T21:00:00+00:00,3747731481
2026-10-01T03:18:41.048990+00:00,1624,1636035127,Wang Cong,Natalia Silva,2026-10-03T21:00:00Z,0,ml,away,,-214,0,2050,account_ccy,2026-10-03T21:00:00+00:00,3747731481
2026-10-01T03:18:41.048990+00:00,1624,1636035127,Wang Cong,Natalia Silva,2026-10-03T21:00:00Z,0,ou,over,4.5,-299,0,1025,account_ccy,2026-10-03T21:00:00+00:00,3747731481
2026-10-01T03:18:41.048990+00:00,1624,1636035127,Wang Cong,Natalia Silva,2026-10-03T21:00:00Z,0,ou,under,4.5,236,0,1025,account_ccy,2026-10-03T21:00:00+00:00,3747731481
2026-10-01T03:18:41.048990+00:00,1624,1637148508,Alden Coria,Imanol Rodriguez,2026-10-03T21:00:00Z,0,ml,home,,128,0,2050,account_ccy,2026-10-03T21:00:00+00:00,3747689781
2026-10-01T03:18:41.048990+00:00,1624,1637148508,Alden Coria,Imanol Rodriguez,2026-10-03T21:00:00Z,0,ml,away,,-150,0,2050,account_ccy,2026-10-03T21:00:00+00:00,3747689781
2026-10-01T03:18:41.048990+00:00,1624,1637148508,Alden Coria,Imanol Rodriguez,2026-10-03T21:00:00Z,0,ou,over,2.5,-161,0,1025,account_ccy,2026-10-03T21:00:00+00:00,3747689781
2026-10-01T03:18:41.048990+00:00,1624,1637148508,Alden Coria,Imanol Rodriguez,2026-10-03T21:00:00Z,0,ou,under,2.5,132,0,1025,account_ccy,2026-10-03T21:00:00+00:00,3747689781
2026-10-01T03:18:41.048990+00:00,1624,1637148510,Lucas Armand,Anthony Wint,2026-10-03T21:00:00Z,0,ml,home,,403,0,2050,account_ccy,2026-10-03T21:00:00+00:00,3747833685
2026-10-01T03:18:41.048990+00:00,1624,1637148510,Lucas Armand,Anthony Wint,2026-10-03T21:00:00Z,0,ml,away,,-524,0,2050,account_ccy,2026-10-03T21:00:00+00:00,3747833685
2026-10-01T03:18:41.048990+00:00,1624,1637148510,Lucas Armand,Anthony Wint,2026-10-03T21:00:00Z,0,ou,over,1.5,187,0,1025,account_ccy,2026-10-03T21:00:00+00:00,3747833685
2026-10-01T03:18:41.048990+00:00,1624,1637148510,Lucas Armand,Anthony Wint,2026-10-03T21:00:00Z,0,ou,under,1.5,-232,0,1025,account_ccy,2026-10-03T21:00:00+00:00,3747833685
2026-10-01T03:18:41.048990+00:00,1624,1635385021,Movsar Evloev,Alexander Volkanovski,2026-10-24T14:00:00Z,0,ml,home,,-110,0,2050,account_ccy,2026-10-24T14:00:00+00:00,3746976945
2026-10-01T03:18:41.048990+00:00,1624,1635385021,Movsar Evloev,Alexander Volkanovski,2026-10-24T14:00:00Z,0,ml,away,,-106,0,2050,account_ccy,2026-10-24T14:00:00+00:00,3746976945
2026-10-01T03:18:41.048990+00:00,1624,1637148802,Esteban Ribovics,King Green,2026-10-03T21:00:00Z,0,ml,home,,-233,0,2050,account_ccy,2026-10-03T21:00:00+00:00,3747589100
2026-10-01T03:18:41.048990+00:00,1624,1637148802,Esteban Ribovics,King Green,2026-10-03T21:00:00Z,0,ml,away,,195,0,2050,account_ccy,2026-10-03T21:00:00+00:00,3747589100
2026-10-01T03:18:41.048990+00:00,1624,1637148802,Esteban Ribovics,King Green,2026-10-03T21:00:00Z,0,ou,over,1.5,-198,0,1025,account_ccy,2026-10-03T21:00:00+00:00,3747589100
2026-10-01T03:18:41.048990+00:00,1624,1637148802,Esteban Ribovics,King Green,2026-10-03T21:00:00Z,0,ou,under,1.5,161,0,1025,account_ccy,2026-10-03T21:00:00+00:00,3747589100
2026-10-01T03:18:41.048990+00:00,1624,1637148805,Roman Kopylov,Ateba Gautier,2026-10-03T21:00:00Z,0,ml,home,,186,0,2050,account_ccy,2026-10-03T21:00:00+00:00,3747828218
2026-10-01T03:18:41.048990+00:00,1624,1637148805,Roman Kopylov,Ateba Gautier,2026-10-03T21:00:00Z,0,ml,away,,-221,0,2050,account_ccy,2026-10-03T21:00:00+00:00,3747828218
2026-10-01T03:18:41.048990+00:00,1624,1637148805,Roman Kopylov,Ateba Gautier,2026-10-03T21:00:00Z,0,ou,over,1.5,-164,0,1025,account_ccy,2026-10-03T21:00:00+00:00,3747828218
2026-10-01T03:18:41.048990+00:00,1624,1637148805,Roman Kopylov,Ateba Gautier,2026-10-03T21:00:00Z,0,ou,under,1.5,134,0,1025,account_ccy,2026-10-03T21:00:00+00:00,3747828218
2026-10-01T03:18:41.048990+00:00,1624,1637388045,Bruce Whitehead,Jacobe Smith,2026-10-03T21:00:00Z,0,ml,home,,701,0,2050,account_ccy,2026-10-03T21:00:00+00:00,3747833685
2026-10-01T03:18:41.048990+00:00,1624,1637388045,Bruce Whitehead,Jacobe Smith,2026-10-03T21:00:00Z,0,ml,away,,-1058,0,2050,account_ccy,2026-10-03T21:00:00+00:00,3747833685
2026-10-01T03:18:41.048990+00:00,1624,1637388045,Bruce Whitehead,Jacobe Smith,2026-10-03T21:00:00Z,0,ou,over,1.5,217,0,1025,account_ccy,2026-10-03T21:00:00+00:00,3747833685
2026-10-01T03:18:41.048990+00:00,1624,1637388045,Bruce Whitehead,Jacobe Smith,2026-10-03T21:00:00Z,0,ou,under,1.5,-273,0,1025,account_ccy,2026-10-03T21:00:00+00:00,3747833685
2026-10-01T03:18:41.048990+00:00,1624,1637543552,Anthony Romero,Marcus McGhee,2026-10-03T22:45:00Z,0,ml,home,,354,0,950,account_ccy,2026-10-03T22:45:00+00:00,3747705468
2026-10-01T03:18:41.048990+00:00,1624,1637543552,Anthony Romero,Marcus McGhee,2026-10-03T22:45:00Z,0,ml,away,,-450,0,950,account_ccy,2026-10-03T22:45:00+00:00,3747705468
2026-10-01T03:18:41.048990+00:00,1624,1637543552,Anthony Romero,Marcus McGhee,2026-10-03T22:45:00Z,0,ou,over,1.5,-210,0,475,account_ccy,2026-10-03T22:45:00+00:00,3747705468
2026-10-01T03:18:41.048990+00:00,1624,1637543552,Anthony Romero,Marcus McGhee,2026-10-03T22:45:00Z,0,ou,under,1.5,170,0,475,account_ccy,2026-10-03T22:45:00+00:00,3747705468
2026-10-01T03:18:41.048990+00:00,1624,1636035128,Payton Talbott,Deiveson Figueiredo,2026-10-03T21:00:00Z,0,ml,home,,-670,0,2050,account_ccy,2026-10-03T21:00:00+00:00,3747730084
2026-10-01T03:18:41.048990+00:00,1624,1636035128,Payton Talbott,Deiveson Figueiredo,2026-10-03T21:00:00Z,0,ml,away,,494,0,2050,account_ccy,2026-10-03T21:00:00+00:00,3747730084
2026-10-01T03:18:41.048990+00:00,1624,1636035128,Payton Talbott,Deiveson Figueiredo,2026-10-03T21:00:00Z,0,ou,over,2.5,-122,0,1025,account_ccy,2026-10-03T21:00:00+00:00,3747730084
2026-10-01T03:18:41.048990+00:00,1624,1636035128,Payton Talbott,Deiveson Figueiredo,2026-10-03T21:00:00Z,0,ou,under,2.5,100,0,1025,account_ccy,2026-10-03T21:00:00+00:00,3747730084
2026-10-01T03:18:41.048990+00:00,1624,1637148801,Josh Hokit,Ciryl Gane,2026-11-14T22:00:00Z,0,ml,home,,213,0,2050,account_ccy,2026-11-14T22:00:00+00:00,3747216075
2026-10-01T03:18:41.048990+00:00,1624,1637148801,Josh Hokit,Ciryl Gane,2026-11-14T22:00:00Z,0,ml,away,,-256,0,2050,account_ccy,2026-11-14T22:00:00+00:00,3747216075
2026-10-01T03:18:41.048990+00:00,1624,1637148806,Andrey Pulyaev,Damian Pinas,2026-10-03T21:00:00Z,0,ml,home,,443,0,2050,account_ccy,2026-10-03T21:00:00+00:00,3747824775
2026-10-01T03:18:41.048990+00:00,1624,1637148806,Andrey Pulyaev,Damian Pinas,2026-10-03T21:00:00Z,0,ml,away,,-586,0,2050,account_ccy,2026-10-03T21:00:00+00:00,3747824775
2026-10-01T03:18:41.048990+00:00,1624,1637148806,Andrey Pulyaev,Damian Pinas,2026-10-03T21:00:00Z,0,ou,over,1.5,109,0,1025,account_ccy,2026-10-03T21:00:00+00:00,3747824775
2026-10-01T03:18:41.048990+00:00,1624,1637148806,Andrey Pulyaev,Damian Pinas,2026-10-03T21:00:00Z,0,ou,under,1.5,-132,0,1025,account_ccy,2026-10-03T21:00:00+00:00,3747824775
2026-10-01T03:18:41.048990+00:00,1624,1637148507,Roberto Soldic,Khaos Williams,2026-10-03T21:00:00Z,0,ml,home,,-252,0,2050,account_ccy,2026-10-03T21:00:00+00:00,3747679509
2026-10-01T03:18:41.048990+00:00,1624,1637148507,Roberto Soldic,Khaos Williams,2026-10-03T21:00:00Z,0,ml,away,,210,0,2050,account_ccy,2026-10-03T21:00:00+00:00,3747679509
2026-10-01T03:18:41.048990+00:00,1624,1637148507,Roberto Soldic,Khaos Williams,2026-10-03T21:00:00Z,0,ou,over,1.5,-101,0,1025,account_ccy,2026-10-03T21:00:00+00:00,3747679509
2026-10-01T03:18:41.048990+00:00,1624,1637148507,Roberto Soldic,Khaos Williams,2026-10-03T21:00:00Z,0,ou,under,1.5,-120,0,1025,account_ccy,2026-10-03T21:00:00+00:00,3747679509
2026-10-01T03:18:41.048990+00:00,1624,1637148811,Alexander Hernandez,Rafael Dos Anjos,2026-10-03T21:00:00Z,0,ml,home,,-286,0,2050,account_ccy,2026-10-03T21:00:00+00:00,3747655962
2026-10-01T03:18:41.048990+00:00,1624,1637148811,Alexander Hernandez,Rafael Dos Anjos,2026-10-03T21:00:00Z,0,ml,away,,236,0,2050,account_ccy,2026-10-03T21:00:00+00:00,3747655962
2026-10-01T03:18:41.048990+00:00,1624,1637148811,Alexander Hernandez,Rafael Dos Anjos,2026-10-03T21:00:00Z,0,ou,over,2.5,-146,0,1025,account_ccy,2026-10-03T21:00:00+00:00,3747655962
2026-10-01T03:18:41.048990+00:00,1624,1637148811,Alexander Hernandez,Rafael Dos Anjos,2026-10-03T21:00:00Z,0,ou,under,2.5,120,0,1025,account_ccy,2026-10-03T21:00:00+00:00,3747655962
2026-10-01T03:28:50.322372+00:00,1624,1636035127,Wang Cong,Natalia Silva,2026-10-03T21:00:00Z,0,ml,home,,180,0,2050,account_ccy,2026-10-03T21:00:00+00:00,3747731481
2026-10-01T03:28:50.322372+00:00,1624,1636035127,Wang Cong,Natalia Silva,2026-10-03T21:00:00Z,0,ml,away,,-214,0,2050,account_ccy,2026-10-03T21:00:00+00:00,3747731481
2026-10-01T03:28:50.322372+00:00,1624,1636035127,Wang Cong,Natalia Silva,2026-10-03T21:00:00Z,0,ou,over,4.5,-299,0,1025,account_ccy,2026-10-03T21:00:00+00:00,3747731481
2026-10-01T03:28:50.322372+00:00,1624,1636035127,Wang Cong,Natalia Silva,2026-10-03T21:00:00Z,0,ou,under,4.5,236,0,1025,account_ccy,2026-10-03T21:00:00+00:00,3747731481
2026-10-01T03:28:50.322372+00:00,1624,1637148802,Esteban Ribovics,King Green,2026-10-03T21:00:00Z,0,ml,home,,-233,0,2050,account_ccy,2026-10-03T21:00:00+00:00,3747589100
2026-10-01T03:28:50.322372+00:00,1624,1637148802,Esteban Ribovics,King Green,2026-10-03T21:00:00Z,0,ml,away,,195,0,2050,account_ccy,2026-10-03T21:00:00+00:00,3747589100
2026-10-01T03:28:50.322372+00:00,1624,1637148802,Esteban Ribovics,King Green,2026-10-03T21:00:00Z,0,ou,over,1.5,-198,0,1025,account_ccy,2026-10-03T21:00:00+00:00,3747589100
2026-10-01T03:28:50.322372+00:00,1624,1637148802,Esteban Ribovics,King Green,2026-10-03T21:00:00Z,0,ou,under,1.5,161,0,1025,account_ccy,2026-10-03T21:00:00+00:00,3747589100
2026-10-01T03:28:50.322372+00:00,1624,1637148801,Josh Hokit,Ciryl Gane,2026-11-14T22:00:00Z,0,ml,home,,213,0,2050,account_ccy,2026-11-14T22:00:00+00:00,3747216075
2026-10-01T03:28:50.322372+00:00,1624,1637148801,Josh Hokit,Ciryl Gane,2026-11-14T22:00:00Z,0,ml,away,,-256,0,2050,account_ccy,2026-11-14T22:00:00+00:00,3747216075
2026-10-01T03:28:50.322372+00:00,1624,1637146542,Mick Parkin,Johnny Walker,2026-10-03T21:00:00Z,0,ml,home,,113,0,2050,account_ccy,2026-10-03T21:00:00+00:00,3747802421
2026-10-01T03:28:50.322372+00:00,1624,1637146542,Mick Parkin,Johnny Walker,2026-10-03T21:00:00Z,0,ml,away,,-132,0,2050,account_ccy,2026-10-03T21:00:00+00:00,3747802421
2026-10-01T03:28:50.322372+00:00,1624,1637146542,Mick Parkin,Johnny Walker,2026-10-03T21:00:00Z,0,ou,over,1.5,-190,0,1025,account_ccy,2026-10-03T21:00:00+00:00,3747802421
2026-10-01T03:28:50.322372+00:00,1624,1637146542,Mick Parkin,Johnny Walker,2026-10-03T21:00:00Z,0,ou,under,1.5,155,0,1025,account_ccy,2026-10-03T21:00:00+00:00,3747802421
2026-10-01T03:28:50.322372+00:00,1624,1636035128,Payton Talbott,Deiveson Figueiredo,2026-10-03T21:00:00Z,0,ml,home,,-670,0,2050,account_ccy,2026-10-03T21:00:00+00:00,3747730084
2026-10-01T03:28:50.322372+00:00,1624,1636035128,Payton Talbott,Deiveson Figueiredo,2026-10-03T21:00:00Z,0,ml,away,,494,0,2050,account_ccy,2026-10-03T21:00:00+00:00,3747730084
2026-10-01T03:28:50.322372+00:00,1624,1636035128,Payton Talbott,Deiveson Figueiredo,2026-10-03T21:00:00Z,0,ou,over,2.5,-122,0,1025,account_ccy,2026-10-03T21:00:00+00:00,3747730084
2026-10-01T03:28:50.322372+00:00,1624,1636035128,Payton Talbott,Deiveson Figueiredo,2026-10-03T21:00:00Z,0,ou,under,2.5,100,0,1025,account_ccy,2026-10-03T21:00:00+00:00,3747730084
2026-10-01T03:28:50.322372+00:00,1624,1635389131,Merab Dvalishvili,Petr Yan,2026-10-24T14:00:00Z,0,ml,home,,150,0,2050,account_ccy,2026-10-24T14:00:00+00:00,3746735253
2026-10-01T03:28:50.322372+00:00,1624,1635389131,Merab Dvalishvili,Petr Yan,2026-10-24T14:00:00Z,0,ml,away,,-176,0,2050,account_ccy,2026-10-24T14:00:00+00:00,3746735253
2026-10-01T03:28:50.322372+00:00,1624,1637148505,Amanda Nunes,Kayla Harrison,2026-11-14T22:00:00Z,0,ml,home,,159,0,2050,account_ccy,2026-11-14T22:00:00+00:00,3737735666
2026-10-01T03:28:50.322372+00:00,1624,1637148505,Amanda Nunes,Kayla Harrison,2026-11-14T22:00:00Z,0,ml,away,,-188,0,2050,account_ccy,2026-11-14T22:00:00+00:00,3737735666
2026-10-01T03:28:50.322372+00:00,1624,1635385021,Movsar Evloev,Alexander Volkanovski,2026-10-24T14:00:00Z,0,ml,home,,-110,0,2050,account_ccy,2026-10-24T14:00:00+00:00,3746976945
2026-10-01T03:28:50.322372+00:00,1624,1635385021,Movsar Evloev,Alexander Volkanovski,2026-10-24T14:00:00Z,0,ml,away,,-106,0,2050,account_ccy,2026-10-24T14:00:00+00:00,3746976945
2026-10-01T03:28:50.322372+00:00,1624,1637148508,Alden Coria,Imanol Rodriguez,2026-10-03T21:00:00Z,0,ml,home,,128,0,2050,account_ccy,2026-10-03T21:00:00+00:00,3747689781
2026-10-01T03:28:50.322372+00:00,1624,1637148508,Alden Coria,Imanol Rodriguez,2026-10-03T21:00:00Z,0,ml,away,,-150,0,2050,account_ccy,2026-10-03T21:00:00+00:00,3747689781
2026-10-01T03:28:50.322372+00:00,1624,1637148508,Alden Coria,Imanol Rodriguez,2026-10-03T21:00:00Z,0,ou,over,2.5,-161,0,1025,account_ccy,2026-10-03T21:00:00+00:00,3747689781
2026-10-01T03:28:50.322372+00:00,1624,1637148508,Alden Coria,Imanol Rodriguez,2026-10-03T21:00:00Z,0,ou,under,2.5,132,0,1025,account_ccy,2026-10-03T21:00:00+00:00,3747689781
2026-10-01T03:28:50.322372+00:00,1624,1637148811,Alexander Hernandez,Rafael Dos Anjos,2026-10-03T21:00:00Z,0,ml,home,,-286,0,2050,account_ccy,2026-10-03T21:00:00+00:00,3747655962
2026-10-01T03:28:50.322372+00:00,1624,1637148811,Alexander Hernandez,Rafael Dos Anjos,2026-10-03T21:00:00Z,0,ml,away,,236,0,2050,account_ccy,2026-10-03T21:00:00+00:00,3747655962
2026-10-01T03:28:50.322372+00:00,1624,1637148811,Alexander Hernandez,Rafael Dos Anjos,2026-10-03T21:00:00Z,0,ou,over,2.5,-146,0,1025,account_ccy,2026-10-03T21:00:00+00:00,3747655962
2026-10-01T03:28:50.322372+00:00,1624,1637148811,Alexander Hernandez,Rafael Dos Anjos,2026-10-03T21:00:00Z,0,ou,under,2.5,120,0,1025,account_ccy,2026-10-03T21:00:00+00:00,3747655962
2026-10-01T03:28:50.322372+00:00,1624,1637148805,Roman Kopylov,Ateba Gautier,2026-10-03T21:00:00Z,0,ml,home,,186,0,2050,account_ccy,2026-10-03T21:00:00+00:00,3747828218
2026-10-01T03:28:50.322372+00:00,1624,1637148805,Roman Kopylov,Ateba Gautier,2026-10-03T21:00:00Z,0,ml,away,,-221,0,2050,account_ccy,2026-10-03T21:00:00+00:00,3747828218
2026-10-01T03:28:50.322372+00:00,1624,1637148805,Roman Kopylov,Ateba Gautier,2026-10-03T21:00:00Z,0,ou,over,1.5,-164,0,1025,account_ccy,2026-10-03T21:00:00+00:00,3747828218
2026-10-01T03:28:50.322372+00:00,1624,1637148805,Roman Kopylov,Ateba Gautier,2026-10-03T21:00:00Z,0,ou,under,1.5,134,0,1025,account_ccy,2026-10-03T21:00:00+00:00,3747828218
2026-10-01T03:28:50.322372+00:00,1624,1637388045,Bruce Whitehead,Jacobe Smith,2026-10-03T21:00:00Z,0,ml,home,,701,0,2050,account_ccy,2026-10-03T21:00:00+00:00,3747833685
2026-10-01T03:28:50.322372+00:00,1624,1637388045,Bruce Whitehead,Jacobe Smith,2026-10-03T21:00:00Z,0,ml,away,,-1058,0,2050,account_ccy,2026-10-03T21:00:00+00:00,3747833685
2026-10-01T03:28:50.322372+00:00,1624,1637388045,Bruce Whitehead,Jacobe Smith,2026-10-03T21:00:00Z,0,ou,over,1.5,217,0,1025,account_ccy,2026-10-03T21:00:00+00:00,3747833685
2026-10-01T03:28:50.322372+00:00,1624,1637388045,Bruce Whitehead,Jacobe Smith,2026-10-03T21:00:00Z,0,ou,under,1.5,-273,0,1025,account_ccy,2026-10-03T21:00:00+00:00,3747833685
2026-10-01T03:28:50.322372+00:00,1624,1637543552,Anthony Romero,Marcus McGhee,2026-10-03T22:45:00Z,0,ml,home,,354,0,950,account_ccy,2026-10-03T22:45:00+00:00,3747705468
2026-10-01T03:28:50.322372+00:00,1624,1637543552,Anthony Romero,Marcus McGhee,2026-10-03T22:45:00Z,0,ml,away,,-450,0,950,account_ccy,2026-10-03T22:45:00+00:00,3747705468
2026-10-01T03:28:50.322372+00:00,1624,1637543552,Anthony Romero,Marcus McGhee,2026-10-03T22:45:00Z,0,ou,over,1.5,-210,0,475,account_ccy,2026-10-03T22:45:00+00:00,3747705468
2026-10-01T03:28:50.322372+00:00,1624,1637543552,Anthony Romero,Marcus McGhee,2026-10-03T22:45:00Z,0,ou,under,1.5,170,0,475,account_ccy,2026-10-03T22:45:00+00:00,3747705468
2026-10-01T03:28:50.322372+00:00,1624,1637151310,Ismail Naurdiev,Marvin Vettori,2026-10-03T21:00:00Z,0,ml,home,,-127,0,2050,account_ccy,2026-10-03T21:00:00+00:00,3747839914
2026-10-01T03:28:50.322372+00:00,1624,1637151310,Ismail Naurdiev,Marvin Vettori,2026-10-03T21:00:00Z,0,ml,away,,109,0,2050,account_ccy,2026-10-03T21:00:00+00:00,3747839914
2026-10-01T03:28:50.322372+00:00,1624,1637151310,Ismail Naurdiev,Marvin Vettori,2026-10-03T21:00:00Z,0,ou,over,2.5,-233,0,1025,account_ccy,2026-10-03T21:00:00+00:00,3747839914
2026-10-01T03:28:50.322372+00:00,1624,1637151310,Ismail Naurdiev,Marvin Vettori,2026-10-03T21:00:00Z,0,ou,under,2.5,187,0,1025,account_ccy,2026-10-03T21:00:00+00:00,3747839914
2026-10-01T03:28:50.322372+00:00,1624,1637148510,Lucas Armand,Anthony Wint,2026-10-03T21:00:00Z,0,ml,home,,403,0,2050,account_ccy,2026-10-03T21:00:00+00:00,3747833685
2026-10-01T03:28:50.322372+00:00,1624,1637148510,Lucas Armand,Anthony Wint,2026-10-03T21:00:00Z,0,ml,away,,-524,0,2050,account_ccy,2026-10-03T21:00:00+00:00,3747833685
2026-10-01T03:28:50.322372+00:00,1624,1637148510,Lucas Armand,Anthony Wint,2026-10-03T21:00:00Z,0,ou,over,1.5,187,0,1025,account_ccy,2026-10-03T21:00:00+00:00,3747833685
2026-10-01T03:28:50.322372+00:00,1624,1637148510,Lucas Armand,Anthony Wint,2026-10-03T21:00:00Z,0,ou,under,1.5,-232,0,1025,account_ccy,2026-10-03T21:00:00+00:00,3747833685
2026-10-01T03:28:50.322372+00:00,1624,1637148507,Roberto Soldic,Khaos Williams,2026-10-03T21:00:00Z,0,ml,home,,-252,0,2050,account_ccy,2026-10-03T21:00:00+00:00,3747679509
2026-10-01T03:28:50.322372+00:00,1624,1637148507,Roberto Soldic,Khaos Williams,2026-10-03T21:00:00Z,0,ml,away,,210,0,2050,account_ccy,2026-10-03T21:00:00+00:00,3747679509
2026-10-01T03:28:50.322372+00:00,1624,1637148507,Roberto Soldic,Khaos Williams,2026-10-03T21:00:00Z,0,ou,over,1.5,-101,0,1025,account_ccy,2026-10-03T21:00:00+00:00,3747679509
2026-10-01T03:28:50.322372+00:00,1624,1637148507,Roberto Soldic,Khaos Williams,2026-10-03T21:00:00Z,0,ou,under,1.5,-120,0,1025,account_ccy,2026-10-03T21:00:00+00:00,3747679509
2026-10-01T03:28:50.322372+00:00,1624,1637148806,Andrey Pulyaev,Damian Pinas,2026-10-03T21:00:00Z,0,ml,home,,443,0,2050,account_ccy,2026-10-03T21:00:00+00:00,3747824775
2026-10-01T03:28:50.322372+00:00,1624,1637148806,Andrey Pulyaev,Damian Pinas,2026-10-03T21:00:00Z,0,ml,away,,-586,0,2050,account_ccy,2026-10-03T21:00:00+00:00,3747824775
2026-10-01T03:28:50.322372+00:00,1624,1637148806,Andrey Pulyaev,Damian Pinas,2026-10-03T21:00:00Z,0,ou,over,1.5,109,0,1025,account_ccy,2026-10-03T21:00:00+00:00,3747824775
2026-10-01T03:28:50.322372+00:00,1624,1637148806,Andrey Pulyaev,Damian Pinas,2026-10-03T21:00:00Z,0,ou,under,1.5,-132,0,1025,account_ccy,2026-10-03T21:00:00+00:00,3747824775
2026-10-01T03:28:50.322372+00:00,1624,1637148816,Eric Nolan,Court McGee,2026-10-03T21:00:00Z,0,ml,home,,-224,0,2050,account_ccy,2026-10-03T21:00:00+00:00,3747710526
2026-10-01T03:28:50.322372+00:00,1624,1637148816,Eric Nolan,Court McGee,2026-10-03T21:00:00Z,0,ml,away,,188,0,2050,account_ccy,2026-10-03T21:00:00+00:00,3747710526
2026-10-01T03:28:50.322372+00:00,1624,1637148816,Eric Nolan,Court McGee,2026-10-03T21:00:00Z,0,ou,over,2.5,-110,0,1025,account_ccy,2026-10-03T21:00:00+00:00,3747710526
2026-10-01T03:28:50.322372+00:00,1624,1637148816,Eric Nolan,Court McGee,2026-10-03T21:00:00Z,0,ou,under,2.5,-110,0,1025,account_ccy,2026-10-03T21:00:00+00:00,3747710526
2026-10-01T03:30:12.683611+00:00,1624,1636035127,Wang Cong,Natalia Silva,2026-10-03T21:00:00Z,0,ml,home,,180,0,2050,account_ccy,2026-10-03T21:00:00+00:00,3747731481
2026-10-01T03:30:12.683611+00:00,1624,1636035127,Wang Cong,Natalia Silva,2026-10-03T21:00:00Z,0,ml,away,,-214,0,2050,account_ccy,2026-10-03T21:00:00+00:00,3747731481
2026-10-01T03:30:12.683611+00:00,1624,1636035127,Wang Cong,Natalia Silva,2026-10-03T21:00:00Z,0,ou,over,4.5,-299,0,1025,account_ccy,2026-10-03T21:00:00+00:00,3747731481
2026-10-01T03:30:12.683611+00:00,1624,1636035127,Wang Cong,Natalia Silva,2026-10-03T21:00:00Z,0,ou,under,4.5,236,0,1025,account_ccy,2026-10-03T21:00:00+00:00,3747731481
2026-10-01T03:30:12.683611+00:00,1624,1637148802,Esteban Ribovics,King Green,2026-10-03T21:00:00Z,0,ml,home,,-233,0,2050,account_ccy,2026-10-03T21:00:00+00:00,3747589100
2026-10-01T03:30:12.683611+00:00,1624,1637148802,Esteban Ribovics,King Green,2026-10-03T21:00:00Z,0,ml,away,,195,0,2050,account_ccy,2026-10-03T21:00:00+00:00,3747589100
2026-10-01T03:30:12.683611+00:00,1624,1637148802,Esteban Ribovics,King Green,2026-10-03T21:00:00Z,0,ou,over,1.5,-198,0,1025,account_ccy,2026-10-03T21:00:00+00:00,3747589100
2026-10-01T03:30:12.683611+00:00,1624,1637148802,Esteban Ribovics,King Green,2026-10-03T21:00:00Z,0,ou,under,1.5,161,0,1025,account_ccy,2026-10-03T21:00:00+00:00,3747589100
2026-10-01T03:30:12.683611+00:00,1624,1637148801,Josh Hokit,Ciryl Gane,2026-11-14T22:00:00Z,0,ml,home,,213,0,2050,account_ccy,2026-11-14T22:00:00+00:00,3747216075
2026-10-01T03:30:12.683611+00:00,1624,1637148801,Josh Hokit,Ciryl Gane,2026-11-14T22:00:00Z,0,ml,away,,-256,0,2050,account_ccy,2026-11-14T22:00:00+00:00,3747216075
2026-10-01T03:30:12.683611+00:00,1624,1637146542,Mick Parkin,Johnny Walker,2026-10-03T21:00:00Z,0,ml,home,,113,0,2050,account_ccy,2026-10-03T21:00:00+00:00,3747802421
2026-10-01T03:30:12.683611+00:00,1624,1637146542,Mick Parkin,Johnny Walker,2026-10-03T21:00:00Z,0,ml,away,,-132,0,2050,account_ccy,2026-10-03T21:00:00+00:00,3747802421
2026-10-01T03:30:12.683611+00:00,1624,1637146542,Mick Parkin,Johnny Walker,2026-10-03T21:00:00Z,0,ou,over,1.5,-190,0,1025,account_ccy,2026-10-03T21:00:00+00:00,3747802421
2026-10-01T03:30:12.683611+00:00,1624,1637146542,Mick Parkin,Johnny Walker,2026-10-03T21:00:00Z,0,ou,under,1.5,155,0,1025,account_ccy,2026-10-03T21:00:00+00:00,3747802421
2026-10-01T03:30:12.683611+00:00,1624,1636035128,Payton Talbott,Deiveson Figueiredo,2026-10-03T21:00:00Z,0,ml,home,,-670,0,2050,account_ccy,2026-10-03T21:00:00+00:00,3747730084
2026-10-01T03:30:12.683611+00:00,1624,1636035128,Payton Talbott,Deiveson Figueiredo,2026-10-03T21:00:00Z,0,ml,away,,494,0,2050,account_ccy,2026-10-03T21:00:00+00:00,3747730084
2026-10-01T03:30:12.683611+00:00,1624,1636035128,Payton Talbott,Deiveson Figueiredo,2026-10-03T21:00:00Z,0,ou,over,2.5,-122,0,1025,account_ccy,2026-10-03T21:00:00+00:00,3747730084
2026-10-01T03:30:12.683611+00:00,1624,1636035128,Payton Talbott,Deiveson Figueiredo,2026-10-03T21:00:00Z,0,ou,under,2.5,100,0,1025,account_ccy,2026-10-03T21:00:00+00:00,3747730084
2026-10-01T03:30:12.683611+00:00,1624,1635389131,Merab Dvalishvili,Petr Yan,2026-10-24T14:00:00Z,0,ml,home,,150,0,2050,account_ccy,2026-10-24T14:00:00+00:00,3746735253
2026-10-01T03:30:12.683611+00:00,1624,1635389131,Merab Dvalishvili,Petr Yan,2026-10-24T14:00:00Z,0,ml,away,,-176,0,2050,account_ccy,2026-10-24T14:00:00+00:00,3746735253
2026-10-01T03:30:12.683611+00:00,1624,1637148505,Amanda Nunes,Kayla Harrison,2026-11-14T22:00:00Z,0,ml,home,,159,0,2050,account_ccy,2026-11-14T22:00:00+00:00,3737735666
2026-10-01T03:30:12.683611+00:00,1624,1637148505,Amanda Nunes,Kayla Harrison,2026-11-14T22:00:00Z,0,ml,away,,-188,0,2050,account_ccy,2026-11-14T22:00:00+00:00,3737735666
2026-10-01T03:30:12.683611+00:00,1624,1635385021,Movsar Evloev,Alexander Volkanovski,2026-10-24T14:00:00Z,0,ml,home,,-110,0,2050,account_ccy,2026-10-24T14:00:00+00:00,3746976945
2026-10-01T03:30:12.683611+00:00,1624,1635385021,Movsar Evloev,Alexander Volkanovski,2026-10-24T14:00:00Z,0,ml,away,,-106,0,2050,account_ccy,2026-10-24T14:00:00+00:00,3746976945
2026-10-01T03:30:12.683611+00:00,1624,1637148508,Alden Coria,Imanol Rodriguez,2026-10-03T21:00:00Z,0,ml,home,,128,0,2050,account_ccy,2026-10-03T21:00:00+00:00,3747689781
2026-10-01T03:30:12.683611+00:00,1624,1637148508,Alden Coria,Imanol Rodriguez,2026-10-03T21:00:00Z,0,ml,away,,-150,0,2050,account_ccy,2026-10-03T21:00:00+00:00,3747689781
2026-10-01T03:30:12.683611+00:00,1624,1637148508,Alden Coria,Imanol Rodriguez,2026-10-03T21:00:00Z,0,ou,over,2.5,-161,0,1025,account_ccy,2026-10-03T21:00:00+00:00,3747689781
2026-10-01T03:30:12.683611+00:00,1624,1637148508,Alden Coria,Imanol Rodriguez,2026-10-03T21:00:00Z,0,ou,under,2.5,132,0,1025,account_ccy,2026-10-03T21:00:00+00:00,3747689781
2026-10-01T03:30:12.683611+00:00,1624,1637148811,Alexander Hernandez,Rafael Dos Anjos,2026-10-03T21:00:00Z,0,ml,home,,-286,0,2050,account_ccy,2026-10-03T21:00:00+00:00,3747655962
2026-10-01T03:30:12.683611+00:00,1624,1637148811,Alexander Hernandez,Rafael Dos Anjos,2026-10-03T21:00:00Z,0,ml,away,,236,0,2050,account_ccy,2026-10-03T21:00:00+00:00,3747655962
2026-10-01T03:30:12.683611+00:00,1624,1637148811,Alexander Hernandez,Rafael Dos Anjos,2026-10-03T21:00:00Z,0,ou,over,2.5,-146,0,1025,account_ccy,2026-10-03T21:00:00+00:00,3747655962
2026-10-01T03:30:12.683611+00:00,1624,1637148811,Alexander Hernandez,Rafael Dos Anjos,2026-10-03T21:00:00Z,0,ou,under,2.5,120,0,1025,account_ccy,2026-10-03T21:00:00+00:00,3747655962
2026-10-01T03:30:12.683611+00:00,1624,1637148805,Roman Kopylov,Ateba Gautier,2026-10-03T21:00:00Z,0,ml,home,,186,0,2050,account_ccy,2026-10-03T21:00:00+00:00,3747828218
2026-10-01T03:30:12.683611+00:00,1624,1637148805,Roman Kopylov,Ateba Gautier,2026-10-03T21:00:00Z,0,ml,away,,-221,0,2050,account_ccy,2026-10-03T21:00:00+00:00,3747828218
2026-10-01T03:30:12.683611+00:00,1624,1637148805,Roman Kopylov,Ateba Gautier,2026-10-03T21:00:00Z,0,ou,over,1.5,-164,0,1025,account_ccy,2026-10-03T21:00:00+00:00,3747828218
2026-10-01T03:30:12.683611+00:00,1624,1637148805,Roman Kopylov,Ateba Gautier,2026-10-03T21:00:00Z,0,ou,under,1.5,134,0,1025,account_ccy,2026-10-03T21:00:00+00:00,3747828218
2026-10-01T03:30:12.683611+00:00,1624,1637388045,Bruce Whitehead,Jacobe Smith,2026-10-03T21:00:00Z,0,ml,home,,701,0,2050,account_ccy,2026-10-03T21:00:00+00:00,3747833685
2026-10-01T03:30:12.683611+00:00,1624,1637388045,Bruce Whitehead,Jacobe Smith,2026-10-03T21:00:00Z,0,ml,away,,-1058,0,2050,account_ccy,2026-10-03T21:00:00+00:00,3747833685
2026-10-01T03:30:12.683611+00:00,1624,1637388045,Bruce Whitehead,Jacobe Smith,2026-10-03T21:00:00Z,0,ou,over,1.5,217,0,1025,account_ccy,2026-10-03T21:00:00+00:00,3747833685
2026-10-01T03:30:12.683611+00:00,1624,1637388045,Bruce Whitehead,Jacobe Smith,2026-10-03T21:00:00Z,0,ou,under,1.5,-273,0,1025,account_ccy,2026-10-03T21:00:00+00:00,3747833685
2026-10-01T03:30:12.683611+00:00,1624,1637543552,Anthony Romero,Marcus McGhee,2026-10-03T22:45:00Z,0,ml,home,,354,0,950,account_ccy,2026-10-03T22:45:00+00:00,3747705468
2026-10-01T03:30:12.683611+00:00,1624,1637543552,Anthony Romero,Marcus McGhee,2026-10-03T22:45:00Z,0,ml,away,,-450,0,950,account_ccy,2026-10-03T22:45:00+00:00,3747705468
2026-10-01T03:30:12.683611+00:00,1624,1637543552,Anthony Romero,Marcus McGhee,2026-10-03T22:45:00Z,0,ou,over,1.5,-210,0,475,account_ccy,2026-10-03T22:45:00+00:00,3747705468
2026-10-01T03:30:12.683611+00:00,1624,1637543552,Anthony Romero,Marcus McGhee,2026-10-03T22:45:00Z,0,ou,under,1.5,170,0,475,account_ccy,2026-10-03T22:45:00+00:00,3747705468
2026-10-01T03:30:12.683611+00:00,1624,1637151310,Ismail Naurdiev,Marvin Vettori,2026-10-03T21:00:00Z,0,ml,home,,-127,0,2050,account_ccy,2026-10-03T21:00:00+00:00,3747839914
2026-10-01T03:30:12.683611+00:00,1624,1637151310,Ismail Naurdiev,Marvin Vettori,2026-10-03T21:00:00Z,0,ml,away,,109,0,2050,account_ccy,2026-10-03T21:00:00+00:00,3747839914
2026-10-01T03:30:12.683611+00:00,1624,1637151310,Ismail Naurdiev,Marvin Vettori,2026-10-03T21:00:00Z,0,ou,over,2.5,-233,0,1025,account_ccy,2026-10-03T21:00:00+00:00,3747839914
2026-10-01T03:30:12.683611+00:00,1624,1637151310,Ismail Naurdiev,Marvin Vettori,2026-10-03T21:00:00Z,0,ou,under,2.5,187,0,1025,account_ccy,2026-10-03T21:00:00+00:00,3747839914
2026-10-01T03:30:12.683611+00:00,1624,1637148510,Lucas Armand,Anthony Wint,2026-10-03T21:00:00Z,0,ml,home,,403,0,2050,account_ccy,2026-10-03T21:00:00+00:00,3747833685
2026-10-01T03:30:12.683611+00:00,1624,1637148510,Lucas Armand,Anthony Wint,2026-10-03T21:00:00Z,0,ml,away,,-524,0,2050,account_ccy,2026-10-03T21:00:00+00:00,3747833685
2026-10-01T03:30:12.683611+00:00,1624,1637148510,Lucas Armand,Anthony Wint,2026-10-03T21:00:00Z,0,ou,over,1.5,187,0,1025,account_ccy,2026-10-03T21:00:00+00:00,3747833685
2026-10-01T03:30:12.683611+00:00,1624,1637148510,Lucas Armand,Anthony Wint,2026-10-03T21:00:00Z,0,ou,under,1.5,-232,0,1025,account_ccy,2026-10-03T21:00:00+00:00,3747833685
2026-10-01T03:30:12.683611+00:00,1624,1637148507,Roberto Soldic,Khaos Williams,2026-10-03T21:00:00Z,0,ml,home,,-252,0,2050,account_ccy,2026-10-03T21:00:00+00:00,3747679509
2026-10-01T03:30:12.683611+00:00,1624,1637148507,Roberto Soldic,Khaos Williams,2026-10-03T21:00:00Z,0,ml,away,,210,0,2050,account_ccy,2026-10-03T21:00:00+00:00,3747679509
2026-10-01T03:30:12.683611+00:00,1624,1637148507,Roberto Soldic,Khaos Williams,2026-10-03T21:00:00Z,0,ou,over,1.5,-101,0,1025,account_ccy,2026-10-03T21:00:00+00:00,3747679509
2026-10-01T03:30:12.683611+00:00,1624,1637148507,Roberto Soldic,Khaos Williams,2026-10-03T21:00:00Z,0,ou,under,1.5,-120,0,1025,account_ccy,2026-10-03T21:00:00+00:00,3747679509
2026-10-01T03:30:12.683611+00:00,1624,1637148806,Andrey Pulyaev,Damian Pinas,2026-10-03T21:00:00Z,0,ml,home,,443,0,2050,account_ccy,2026-10-03T21:00:00+00:00,3747824775
2026-10-01T03:30:12.683611+00:00,1624,1637148806,Andrey Pulyaev,Damian Pinas,2026-10-03T21:00:00Z,0,ml,away,,-586,0,2050,account_ccy,2026-10-03T21:00:00+00:00,3747824775
2026-10-01T03:30:12.683611+00:00,1624,1637148806,Andrey Pulyaev,Damian Pinas,2026-10-03T21:00:00Z,0,ou,over,1.5,109,0,1025,account_ccy,2026-10-03T21:00:00+00:00,3747824775
2026-10-01T03:30:12.683611+00:00,1624,1637148806,Andrey Pulyaev,Damian Pinas,2026-10-03T21:00:00Z,0,ou,under,1.5,-132,0,1025,account_ccy,2026-10-03T21:00:00+00:00,3747824775
2026-10-01T03:30:12.683611+00:00,1624,1637148816,Eric Nolan,Court McGee,2026-10-03T21:00:00Z,0,ml,home,,-224,0,2050,account_ccy,2026-10-03T21:00:00+00:00,3747710526
2026-10-01T03:30:12.683611+00:00,1624,1637148816,Eric Nolan,Court McGee,2026-10-03T21:00:00Z,0,ml,away,,188,0,2050,account_ccy,2026-10-03T21:00:00+00:00,3747710526
2026-10-01T03:30:12.683611+00:00,1624,1637148816,Eric Nolan,Court McGee,2026-10-03T21:00:00Z,0,ou,over,2.5,-110,0,1025,account_ccy,2026-10-03T21:00:00+00:00,3747710526
2026-10-01T03:30:12.683611+00:00,1624,1637148816,Eric Nolan,Court McGee,2026-10-03T21:00:00Z,0,ou,under,2.5,-110,0,1025,account_ccy,2026-10-03T21:00:00+00:00,3747710526
2026-10-01T03:40:23.988740+00:00,1624,1637388045,Bruce Whitehead,Jacobe Smith,2026-10-03T21:00:00Z,0,ml,home,,701,0,2050,account_ccy,2026-10-03T21:00:00+00:00,3747833685
2026-10-01T03:40:23.988740+00:00,1624,1637388045,Bruce Whitehead,Jacobe Smith,2026-10-03T21:00:00Z,0,ml,away,,-1058,0,2050,account_ccy,2026-10-03T21:00:00+00:00,3747833685
2026-10-01T03:40:23.988740+00:00,1624,1637388045,Bruce Whitehead,Jacobe Smith,2026-10-03T21:00:00Z,0,ou,over,1.5,217,0,1025,account_ccy,2026-10-03T21:00:00+00:00,3747833685
2026-10-01T03:40:23.988740+00:00,1624,1637388045,Bruce Whitehead,Jacobe Smith,2026-10-03T21:00:00Z,0,ou,under,1.5,-273,0,1025,account_ccy,2026-10-03T21:00:00+00:00,3747833685
2026-10-01T03:40:23.988740+00:00,1624,1637148811,Alexander Hernandez,Rafael Dos Anjos,2026-10-03T21:00:00Z,0,ml,home,,-286,0,2050,account_ccy,2026-10-03T21:00:00+00:00,3747655962
2026-10-01T03:40:23.988740+00:00,1624,1637148811,Alexander Hernandez,Rafael Dos Anjos,2026-10-03T21:00:00Z,0,ml,away,,236,0,2050,account_ccy,2026-10-03T21:00:00+00:00,3747655962
2026-10-01T03:40:23.988740+00:00,1624,1637148811,Alexander Hernandez,Rafael Dos Anjos,2026-10-03T21:00:00Z,0,ou,over,2.5,-146,0,1025,account_ccy,2026-10-03T21:00:00+00:00,3747655962
2026-10-01T03:40:23.988740+00:00,1624,1637148811,Alexander Hernandez,Rafael Dos Anjos,2026-10-03T21:00:00Z,0,ou,under,2.5,120,0,1025,account_ccy,2026-10-03T21:00:00+00:00,3747655962
2026-10-01T03:40:23.988740+00:00,1624,1637148801,Josh Hokit,Ciryl Gane,2026-11-14T22:00:00Z,0,ml,home,,213,0,2050,account_ccy,2026-11-14T22:00:00+00:00,3747216075
2026-10-01T03:40:23.988740+00:00,1624,1637148801,Josh Hokit,Ciryl Gane,2026-11-14T22:00:00Z,0,ml,away,,-256,0,2050,account_ccy,2026-11-14T22:00:00+00:00,3747216075
2026-10-01T03:40:23.988740+00:00,1624,1637148805,Roman Kopylov,Ateba Gautier,2026-10-03T21:00:00Z,0,ml,home,,186,0,2050,account_ccy,2026-10-03T21:00:00+00:00,3747828218
2026-10-01T03:40:23.988740+00:00,1624,1637148805,Roman Kopylov,Ateba Gautier,2026-10-03T21:00:00Z,0,ml,away,,-221,0,2050,account_ccy,2026-10-03T21:00:00+00:00,3747828218
2026-10-01T03:40:23.988740+00:00,1624,1637148805,Roman Kopylov,Ateba Gautier,2026-10-03T21:00:00Z,0,ou,over,1.5,-164,0,1025,account_ccy,2026-10-03T21:00:00+00:00,3747828218
2026-10-01T03:40:23.988740+00:00,1624,1637148805,Roman Kopylov,Ateba Gautier,2026-10-03T21:00:00Z,0,ou,under,1.5,134,0,1025,account_ccy,2026-10-03T21:00:00+00:00,3747828218
2026-10-01T03:40:23.988740+00:00,1624,1637148508,Alden Coria,Imanol Rodriguez,2026-10-03T21:00:00Z,0,ml,home,,128,0,2050,account_ccy,2026-10-03T21:00:00+00:00,3747689781
2026-10-01T03:40:23.988740+00:00,1624,1637148508,Alden Coria,Imanol Rodriguez,2026-10-03T21:00:00Z,0,ml,away,,-150,0,2050,account_ccy,2026-10-03T21:00:00+00:00,3747689781
2026-10-01T03:40:23.988740+00:00,1624,1637148508,Alden Coria,Imanol Rodriguez,2026-10-03T21:00:00Z,0,ou,over,2.5,-161,0,1025,account_ccy,2026-10-03T21:00:00+00:00,3747689781
2026-10-01T03:40:23.988740+00:00,1624,1637148508,Alden Coria,Imanol Rodriguez,2026-10-03T21:00:00Z,0,ou,under,2.5,132,0,1025,account_ccy,2026-10-03T21:00:00+00:00,3747689781
2026-10-01T03:40:23.988740+00:00,1624,1637146542,Mick Parkin,Johnny Walker,2026-10-03T21:00:00Z,0,ml,home,,113,0,2050,account_ccy,2026-10-03T21:00:00+00:00,3747802421
2026-10-01T03:40:23.988740+00:00,1624,1637146542,Mick Parkin,Johnny Walker,2026-10-03T21:00:00Z,0,ml,away,,-132,0,2050,account_ccy,2026-10-03T21:00:00+00:00,3747802421
2026-10-01T03:40:23.988740+00:00,1624,1637146542,Mick Parkin,Johnny Walker,2026-10-03T21:00:00Z,0,ou,over,1.5,-190,0,1025,account_ccy,2026-10-03T21:00:00+00:00,3747802421
2026-10-01T03:40:23.988740+00:00,1624,1637146542,Mick Parkin,Johnny Walker,2026-10-03T21:00:00Z,0,ou,under,1.5,155,0,1025,account_ccy,2026-10-03T21:00:00+00:00,3747802421
2026-10-01T03:40:23.988740+00:00,1624,1637148802,Esteban Ribovics,King Green,2026-10-03T21:00:00Z,0,ml,home,,-233,0,2050,account_ccy,2026-10-03T21:00:00+00:00,3747589100
2026-10-01T03:40:23.988740+00:00,1624,1637148802,Esteban Ribovics,King Green,2026-10-03T21:00:00Z,0,ml,away,,195,0,2050,account_ccy,2026-10-03T21:00:00+00:00,3747589100
2026-10-01T03:40:23.988740+00:00,1624,1637148802,Esteban Ribovics,King Green,2026-10-03T21:00:00Z,0,ou,over,1.5,-198,0,1025,account_ccy,2026-10-03T21:00:00+00:00,3747589100
2026-10-01T03:40:23.988740+00:00,1624,1637148802,Esteban Ribovics,King Green,2026-10-03T21:00:00Z,0,ou,under,1.5,161,0,1025,account_ccy,2026-10-03T21:00:00+00:00,3747589100
2026-10-01T03:40:23.988740+00:00,1624,1635389131,Merab Dvalishvili,Petr Yan,2026-10-24T14:00:00Z,0,ml,home,,150,0,2050,account_ccy,2026-10-24T14:00:00+00:00,3746735253
2026-10-01T03:40:23.988740+00:00,1624,1635389131,Merab Dvalishvili,Petr Yan,2026-10-24T14:00:00Z,0,ml,away,,-176,0,2050,account_ccy,2026-10-24T14:00:00+00:00,3746735253
2026-10-01T03:40:23.988740+00:00,1624,1637148505,Amanda Nunes,Kayla Harrison,2026-11-14T22:00:00Z,0,ml,home,,159,0,2050,account_ccy,2026-11-14T22:00:00+00:00,3737735666
2026-10-01T03:40:23.988740+00:00,1624,1637148505,Amanda Nunes,Kayla Harrison,2026-11-14T22:00:00Z,0,ml,away,,-188,0,2050,account_ccy,2026-11-14T22:00:00+00:00,3737735666
2026-10-01T03:40:23.988740+00:00,1624,1635385021,Movsar Evloev,Alexander Volkanovski,2026-10-24T14:00:00Z,0,ml,home,,-110,0,2050,account_ccy,2026-10-24T14:00:00+00:00,3746976945
2026-10-01T03:40:23.988740+00:00,1624,1635385021,Movsar Evloev,Alexander Volkanovski,2026-10-24T14:00:00Z,0,ml,away,,-106,0,2050,account_ccy,2026-10-24T14:00:00+00:00,3746976945
2026-10-01T03:40:23.988740+00:00,1624,1636035128,Payton Talbott,Deiveson Figueiredo,2026-10-03T21:00:00Z,0,ml,home,,-670,0,2050,account_ccy,2026-10-03T21:00:00+00:00,3747730084
2026-10-01T03:40:23.988740+00:00,1624,1636035128,Payton Talbott,Deiveson Figueiredo,2026-10-03T21:00:00Z,0,ml,away,,494,0,2050,account_ccy,2026-10-03T21:00:00+00:00,3747730084
2026-10-01T03:40:23.988740+00:00,1624,1636035128,Payton Talbott,Deiveson Figueiredo,2026-10-03T21:00:00Z,0,ou,over,2.5,-122,0,1025,account_ccy,2026-10-03T21:00:00+00:00,3747730084
2026-10-01T03:40:23.988740+00:00,1624,1636035128,Payton Talbott,Deiveson Figueiredo,2026-10-03T21:00:00Z,0,ou,under,2.5,100,0,1025,account_ccy,2026-10-03T21:00:00+00:00,3747730084
2026-10-01T03:40:23.988740+00:00,1624,1636035127,Wang Cong,Natalia Silva,2026-10-03T21:00:00Z,0,ml,home,,180,0,2050,account_ccy,2026-10-03T21:00:00+00:00,3747731481
2026-10-01T03:40:23.988740+00:00,1624,1636035127,Wang Cong,Natalia Silva,2026-10-03T21:00:00Z,0,ml,away,,-214,0,2050,account_ccy,2026-10-03T21:00:00+00:00,3747731481
2026-10-01T03:40:23.988740+00:00,1624,1636035127,Wang Cong,Natalia Silva,2026-10-03T21:00:00Z,0,ou,over,4.5,-299,0,1025,account_ccy,2026-10-03T21:00:00+00:00,3747731481
2026-10-01T03:40:23.988740+00:00,1624,1636035127,Wang Cong,Natalia Silva,2026-10-03T21:00:00Z,0,ou,under,4.5,236,0,1025,account_ccy,2026-10-03T21:00:00+00:00,3747731481
2026-10-01T03:40:23.988740+00:00,1624,1637148507,Roberto Soldic,Khaos Williams,2026-10-03T21:00:00Z,0,ml,home,,-252,0,2050,account_ccy,2026-10-03T21:00:00+00:00,3747679509
2026-10-01T03:40:23.988740+00:00,1624,1637148507,Roberto Soldic,Khaos Williams,2026-10-03T21:00:00Z,0,ml,away,,210,0,2050,account_ccy,2026-10-03T21:00:00+00:00,3747679509
2026-10-01T03:40:23.988740+00:00,1624,1637148507,Roberto Soldic,Khaos Williams,2026-10-03T21:00:00Z,0,ou,over,1.5,-101,0,1025,account_ccy,2026-10-03T21:00:00+00:00,3747679509
2026-10-01T03:40:23.988740+00:00,1624,1637148507,Roberto Soldic,Khaos Williams,2026-10-03T21:00:00Z,0,ou,under,1.5,-120,0,1025,account_ccy,2026-10-03T21:00:00+00:00,3747679509
2026-10-01T03:40:23.988740+00:00,1624,1637151310,Ismail Naurdiev,Marvin Vettori,2026-10-03T21:00:00Z,0,ml,home,,-127,0,2050,account_ccy,2026-10-03T21:00:00+00:00,3747839914
2026-10-01T03:40:23.988740+00:00,1624,1637151310,Ismail Naurdiev,Marvin Vettori,2026-10-03T21:00:00Z,0,ml,away,,109,0,2050,account_ccy,2026-10-03T21:00:00+00:00,3747839914
2026-10-01T03:40:23.988740+00:00,1624,1637151310,Ismail Naurdiev,Marvin Vettori,2026-10-03T21:00:00Z,0,ou,over,2.5,-233,0,1025,account_ccy,2026-10-03T21:00:00+00:00,3747839914
2026-10-01T03:40:23.988740+00:00,1624,1637151310,Ismail Naurdiev,Marvin Vettori,2026-10-03T21:00:00Z,0,ou,under,2.5,187,0,1025,account_ccy,2026-10-03T21:00:00+00:00,3747839914
2026-10-01T03:40:23.988740+00:00,1624,1637543552,Anthony Romero,Marcus McGhee,2026-10-03T22:45:00Z,0,ml,home,,354,0,950,account_ccy,2026-10-03T22:45:00+00:00,3747705468
2026-10-01T03:40:23.988740+00:00,1624,1637543552,Anthony Romero,Marcus McGhee,2026-10-03T22:45:00Z,0,ml,away,,-450,0,950,account_ccy,2026-10-03T22:45:00+00:00,3747705468
2026-10-01T03:40:23.988740+00:00,1624,1637543552,Anthony Romero,Marcus McGhee,2026-10-03T22:45:00Z,0,ou,over,1.5,-210,0,475,account_ccy,2026-10-03T22:45:00+00:00,3747705468
2026-10-01T03:40:23.988740+00:00,1624,1637543552,Anthony Romero,Marcus McGhee,2026-10-03T22:45:00Z,0,ou,under,1.5,170,0,475,account_ccy,2026-10-03T22:45:00+00:00,3747705468
2026-10-01T03:40:23.988740+00:00,1624,1637148806,Andrey Pulyaev,Damian Pinas,2026-10-03T21:00:00Z,0,ml,home,,443,0,2050,account_ccy,2026-10-03T21:00:00+00:00,3747824775
2026-10-01T03:40:23.988740+00:00,1624,1637148806,Andrey Pulyaev,Damian Pinas,2026-10-03T21:00:00Z,0,ml,away,,-586,0,2050,account_ccy,2026-10-03T21:00:00+00:00,3747824775
2026-10-01T03:40:23.988740+00:00,1624,1637148806,Andrey Pulyaev,Damian Pinas,2026-10-03T21:00:00Z,0,ou,over,1.5,109,0,1025,account_ccy,2026-10-03T21:00:00+00:00,3747824775
2026-10-01T03:40:23.988740+00:00,1624,1637148806,Andrey Pulyaev,Damian Pinas,2026-10-03T21:00:00Z,0,ou,under,1.5,-132,0,1025,account_ccy,2026-10-03T21:00:00+00:00,3747824775
2026-10-01T03:40:23.988740+00:00,1624,1637148510,Lucas Armand,Anthony Wint,2026-10-03T21:00:00Z,0,ml,home,,403,0,2050,account_ccy,2026-10-03T21:00:00+00:00,3747833685
2026-10-01T03:40:23.988740+00:00,1624,1637148510,Lucas Armand,Anthony Wint,2026-10-03T21:00:00Z,0,ml,away,,-524,0,2050,account_ccy,2026-10-03T21:00:00+00:00,3747833685
2026-10-01T03:40:23.988740+00:00,1624,1637148510,Lucas Armand,Anthony Wint,2026-10-03T21:00:00Z,0,ou,over,1.5,187,0,1025,account_ccy,2026-10-03T21:00:00+00:00,3747833685
2026-10-01T03:40:23.988740+00:00,1624,1637148510,Lucas Armand,Anthony Wint,2026-10-03T21:00:00Z,0,ou,under,1.5,-232,0,1025,account_ccy,2026-10-03T21:00:00+00:00,3747833685
2026-10-01T03:40:23.988740+00:00,1624,1637148816,Eric Nolan,Court McGee,2026-10-03T21:00:00Z,0,ml,home,,-224,0,2050,account_ccy,2026-10-03T21:00:00+00:00,3747710526
2026-10-01T03:40:23.988740+00:00,1624,1637148816,Eric Nolan,Court McGee,2026-10-03T21:00:00Z,0,ml,away,,188,0,2050,account_ccy,2026-10-03T21:00:00+00:00,3747710526
2026-10-01T03:40:23.988740+00:00,1624,1637148816,Eric Nolan,Court McGee,2026-10-03T21:00:00Z,0,ou,over,2.5,-110,0,1025,account_ccy,2026-10-03T21:00:00+00:00,3747710526
2026-10-01T03:40:23.988740+00:00,1624,1637148816,Eric Nolan,Court McGee,2026-10-03T21:00:00Z,0,ou,under,2.5,-110,0,1025,account_ccy,2026-10-03T21:00:00+00:00,3747710526
2026-10-01T03:50:35.011616+00:00,1624,1637388045,Bruce Whitehead,Jacobe Smith,2026-10-03T21:00:00Z,0,ml,home,,701,0,2050,account_ccy,2026-10-03T21:00:00+00:00,3747833685
2026-10-01T03:50:35.011616+00:00,1624,1637388045,Bruce Whitehead,Jacobe Smith,2026-10-03T21:00:00Z,0,ml,away,,-1058,0,2050,account_ccy,2026-10-03T21:00:00+00:00,3747833685
2026-10-01T03:50:35.011616+00:00,1624,1637388045,Bruce Whitehead,Jacobe Smith,2026-10-03T21:00:00Z,0,ou,over,1.5,217,0,1025,account_ccy,2026-10-03T21:00:00+00:00,3747833685
2026-10-01T03:50:35.011616+00:00,1624,1637388045,Bruce Whitehead,Jacobe Smith,2026-10-03T21:00:00Z,0,ou,under,1.5,-273,0,1025,account_ccy,2026-10-03T21:00:00+00:00,3747833685
2026-10-01T03:50:35.011616+00:00,1624,1637148811,Alexander Hernandez,Rafael Dos Anjos,2026-10-03T21:00:00Z,0,ml,home,,-286,0,2050,account_ccy,2026-10-03T21:00:00+00:00,3747655962
2026-10-01T03:50:35.011616+00:00,1624,1637148811,Alexander Hernandez,Rafael Dos Anjos,2026-10-03T21:00:00Z,0,ml,away,,236,0,2050,account_ccy,2026-10-03T21:00:00+00:00,3747655962
2026-10-01T03:50:35.011616+00:00,1624,1637148811,Alexander Hernandez,Rafael Dos Anjos,2026-10-03T21:00:00Z,0,ou,over,2.5,-146,0,1025,account_ccy,2026-10-03T21:00:00+00:00,3747655962
2026-10-01T03:50:35.011616+00:00,1624,1637148811,Alexander Hernandez,Rafael Dos Anjos,2026-10-03T21:00:00Z,0,ou,under,2.5,120,0,1025,account_ccy,2026-10-03T21:00:00+00:00,3747655962
2026-10-01T03:50:35.011616+00:00,1624,1637148801,Josh Hokit,Ciryl Gane,2026-11-14T22:00:00Z,0,ml,home,,213,0,2050,account_ccy,2026-11-14T22:00:00+00:00,3747216075
2026-10-01T03:50:35.011616+00:00,1624,1637148801,Josh Hokit,Ciryl Gane,2026-11-14T22:00:00Z,0,ml,away,,-256,0,2050,account_ccy,2026-11-14T22:00:00+00:00,3747216075
2026-10-01T03:50:35.011616+00:00,1624,1637148805,Roman Kopylov,Ateba Gautier,2026-10-03T21:00:00Z,0,ml,home,,186,0,2050,account_ccy,2026-10-03T21:00:00+00:00,3747828218
2026-10-01T03:50:35.011616+00:00,1624,1637148805,Roman Kopylov,Ateba Gautier,2026-10-03T21:00:00Z,0,ml,away,,-221,0,2050,account_ccy,2026-10-03T21:00:00+00:00,3747828218
2026-10-01T03:50:35.011616+00:00,1624,1637148805,Roman Kopylov,Ateba Gautier,2026-10-03T21:00:00Z,0,ou,over,1.5,-164,0,1025,account_ccy,2026-10-03T21:00:00+00:00,3747828218
2026-10-01T03:50:35.011616+00:00,1624,1637148805,Roman Kopylov,Ateba Gautier,2026-10-03T21:00:00Z,0,ou,under,1.5,134,0,1025,account_ccy,2026-10-03T21:00:00+00:00,3747828218
2026-10-01T03:50:35.011616+00:00,1624,1637148508,Alden Coria,Imanol Rodriguez,2026-10-03T21:00:00Z,0,ml,home,,128,0,2050,account_ccy,2026-10-03T21:00:00+00:00,3747689781
2026-10-01T03:50:35.011616+00:00,1624,1637148508,Alden Coria,Imanol Rodriguez,2026-10-03T21:00:00Z,0,ml,away,,-150,0,2050,account_ccy,2026-10-03T21:00:00+00:00,3747689781
2026-10-01T03:50:35.011616+00:00,1624,1637148508,Alden Coria,Imanol Rodriguez,2026-10-03T21:00:00Z,0,ou,over,2.5,-161,0,1025,account_ccy,2026-10-03T21:00:00+00:00,3747689781
2026-10-01T03:50:35.011616+00:00,1624,1637148508,Alden Coria,Imanol Rodriguez,2026-10-03T21:00:00Z,0,ou,under,2.5,132,0,1025,account_ccy,2026-10-03T21:00:00+00:00,3747689781
2026-10-01T03:50:35.011616+00:00,1624,1637146542,Mick Parkin,Johnny Walker,2026-10-03T21:00:00Z,0,ml,home,,113,0,2050,account_ccy,2026-10-03T21:00:00+00:00,3747802421
2026-10-01T03:50:35.011616+00:00,1624,1637146542,Mick Parkin,Johnny Walker,2026-10-03T21:00:00Z,0,ml,away,,-132,0,2050,account_ccy,2026-10-03T21:00:00+00:00,3747802421
2026-10-01T03:50:35.011616+00:00,1624,1637146542,Mick Parkin,Johnny Walker,2026-10-03T21:00:00Z,0,ou,over,1.5,-190,0,1025,account_ccy,2026-10-03T21:00:00+00:00,3747802421
2026-10-01T03:50:35.011616+00:00,1624,1637146542,Mick Parkin,Johnny Walker,2026-10-03T21:00:00Z,0,ou,under,1.5,155,0,1025,account_ccy,2026-10-03T21:00:00+00:00,3747802421
2026-10-01T03:50:35.011616+00:00,1624,1637148802,Esteban Ribovics,King Green,2026-10-03T21:00:00Z,0,ml,home,,-233,0,2050,account_ccy,2026-10-03T21:00:00+00:00,3747589100
2026-10-01T03:50:35.011616+00:00,1624,1637148802,Esteban Ribovics,King Green,2026-10-03T21:00:00Z,0,ml,away,,195,0,2050,account_ccy,2026-10-03T21:00:00+00:00,3747589100
2026-10-01T03:50:35.011616+00:00,1624,1637148802,Esteban Ribovics,King Green,2026-10-03T21:00:00Z,0,ou,over,1.5,-198,0,1025,account_ccy,2026-10-03T21:00:00+00:00,3747589100
2026-10-01T03:50:35.011616+00:00,1624,1637148802,Esteban Ribovics,King Green,2026-10-03T21:00:00Z,0,ou,under,1.5,161,0,1025,account_ccy,2026-10-03T21:00:00+00:00,3747589100
2026-10-01T03:50:35.011616+00:00,1624,1635389131,Merab Dvalishvili,Petr Yan,2026-10-24T14:00:00Z,0,ml,home,,150,0,2050,account_ccy,2026-10-24T14:00:00+00:00,3746735253
2026-10-01T03:50:35.011616+00:00,1624,1635389131,Merab Dvalishvili,Petr Yan,2026-10-24T14:00:00Z,0,ml,away,,-176,0,2050,account_ccy,2026-10-24T14:00:00+00:00,3746735253
2026-10-01T03:50:35.011616+00:00,1624,1637148505,Amanda Nunes,Kayla Harrison,2026-11-14T22:00:00Z,0,ml,home,,159,0,2050,account_ccy,2026-11-14T22:00:00+00:00,3737735666
2026-10-01T03:50:35.011616+00:00,1624,1637148505,Amanda Nunes,Kayla Harrison,2026-11-14T22:00:00Z,0,ml,away,,-188,0,2050,account_ccy,2026-11-14T22:00:00+00:00,3737735666
2026-10-01T03:50:35.011616+00:00,1624,1635385021,Movsar Evloev,Alexander Volkanovski,2026-10-24T14:00:00Z,0,ml,home,,-110,0,2050,account_ccy,2026-10-24T14:00:00+00:00,3746976945
2026-10-01T03:50:35.011616+00:00,1624,1635385021,Movsar Evloev,Alexander Volkanovski,2026-10-24T14:00:00Z,0,ml,away,,-106,0,2050,account_ccy,2026-10-24T14:00:00+00:00,3746976945
2026-10-01T03:50:35.011616+00:00,1624,1636035128,Payton Talbott,Deiveson Figueiredo,2026-10-03T21:00:00Z,0,ml,home,,-670,0,2050,account_ccy,2026-10-03T21:00:00+00:00,3747730084
2026-10-01T03:50:35.011616+00:00,1624,1636035128,Payton Talbott,Deiveson Figueiredo,2026-10-03T21:00:00Z,0,ml,away,,494,0,2050,account_ccy,2026-10-03T21:00:00+00:00,3747730084
2026-10-01T03:50:35.011616+00:00,1624,1636035128,Payton Talbott,Deiveson Figueiredo,2026-10-03T21:00:00Z,0,ou,over,2.5,-122,0,1025,account_ccy,2026-10-03T21:00:00+00:00,3747730084
2026-10-01T03:50:35.011616+00:00,1624,1636035128,Payton Talbott,Deiveson Figueiredo,2026-10-03T21:00:00Z,0,ou,under,2.5,100,0,1025,account_ccy,2026-10-03T21:00:00+00:00,3747730084
2026-10-01T03:50:35.011616+00:00,1624,1636035127,Wang Cong,Natalia Silva,2026-10-03T21:00:00Z,0,ml,home,,180,0,2050,account_ccy,2026-10-03T21:00:00+00:00,3747731481
2026-10-01T03:50:35.011616+00:00,1624,1636035127,Wang Cong,Natalia Silva,2026-10-03T21:00:00Z,0,ml,away,,-214,0,2050,account_ccy,2026-10-03T21:00:00+00:00,3747731481
2026-10-01T03:50:35.011616+00:00,1624,1636035127,Wang Cong,Natalia Silva,2026-10-03T21:00:00Z,0,ou,over,4.5,-299,0,1025,account_ccy,2026-10-03T21:00:00+00:00,3747731481
2026-10-01T03:50:35.011616+00:00,1624,1636035127,Wang Cong,Natalia Silva,2026-10-03T21:00:00Z,0,ou,under,4.5,236,0,1025,account_ccy,2026-10-03T21:00:00+00:00,3747731481
2026-10-01T03:50:35.011616+00:00,1624,1637148507,Roberto Soldic,Khaos Williams,2026-10-03T21:00:00Z,0,ml,home,,-252,0,2050,account_ccy,2026-10-03T21:00:00+00:00,3747679509
2026-10-01T03:50:35.011616+00:00,1624,1637148507,Roberto Soldic,Khaos Williams,2026-10-03T21:00:00Z,0,ml,away,,210,0,2050,account_ccy,2026-10-03T21:00:00+00:00,3747679509
2026-10-01T03:50:35.011616+00:00,1624,1637148507,Roberto Soldic,Khaos Williams,2026-10-03T21:00:00Z,0,ou,over,1.5,-101,0,1025,account_ccy,2026-10-03T21:00:00+00:00,3747679509
2026-10-01T03:50:35.011616+00:00,1624,1637148507,Roberto Soldic,Khaos Williams,2026-10-03T21:00:00Z,0,ou,under,1.5,-120,0,1025,account_ccy,2026-10-03T21:00:00+00:00,3747679509
2026-10-01T03:50:35.011616+00:00,1624,1637151310,Ismail Naurdiev,Marvin Vettori,2026-10-03T21:00:00Z,0,ml,home,,-127,0,2050,account_ccy,2026-10-03T21:00:00+00:00,3747839914
2026-10-01T03:50:35.011616+00:00,1624,1637151310,Ismail Naurdiev,Marvin Vettori,2026-10-03T21:00:00Z,0,ml,away,,109,0,2050,account_ccy,2026-10-03T21:00:00+00:00,3747839914
2026-10-01T03:50:35.011616+00:00,1624,1637151310,Ismail Naurdiev,Marvin Vettori,2026-10-03T21:00:00Z,0,ou,over,2.5,-233,0,1025,account_ccy,2026-10-03T21:00:00+00:00,3747839914
2026-10-01T03:50:35.011616+00:00,1624,1637151310,Ismail Naurdiev,Marvin Vettori,2026-10-03T21:00:00Z,0,ou,under,2.5,187,0,1025,account_ccy,2026-10-03T21:00:00+00:00,3747839914
2026-10-01T03:50:35.011616+00:00,1624,1637543552,Anthony Romero,Marcus McGhee,2026-10-03T22:45:00Z,0,ml,home,,354,0,950,account_ccy,2026-10-03T22:45:00+00:00,3747705468
2026-10-01T03:50:35.011616+00:00,1624,1637543552,Anthony Romero,Marcus McGhee,2026-10-03T22:45:00Z,0,ml,away,,-450,0,950,account_ccy,2026-10-03T22:45:00+00:00,3747705468
2026-10-01T03:50:35.011616+00:00,1624,1637543552,Anthony Romero,Marcus McGhee,2026-10-03T22:45:00Z,0,ou,over,1.5,-210,0,475,account_ccy,2026-10-03T22:45:00+00:00,3747705468
2026-10-01T03:50:35.011616+00:00,1624,1637543552,Anthony Romero,Marcus McGhee,2026-10-03T22:45:00Z,0,ou,under,1.5,170,0,475,account_ccy,2026-10-03T22:45:00+00:00,3747705468
2026-10-01T03:50:35.011616+00:00,1624,1637148806,Andrey Pulyaev,Damian Pinas,2026-10-03T21:00:00Z,0,ml,home,,443,0,2050,account_ccy,2026-10-03T21:00:00+00:00,3747824775
2026-10-01T03:50:35.011616+00:00,1624,1637148806,Andrey Pulyaev,Damian Pinas,2026-10-03T21:00:00Z,0,ml,away,,-586,0,2050,account_ccy,2026-10-03T21:00:00+00:00,3747824775
2026-10-01T03:50:35.011616+00:00,1624,1637148806,Andrey Pulyaev,Damian Pinas,2026-10-03T21:00:00Z,0,ou,over,1.5,109,0,1025,account_ccy,2026-10-03T21:00:00+00:00,3747824775
2026-10-01T03:50:35.011616+00:00,1624,1637148806,Andrey Pulyaev,Damian Pinas,2026-10-03T21:00:00Z,0,ou,under,1.5,-132,0,1025,account_ccy,2026-10-03T21:00:00+00:00,3747824775
2026-10-01T03:50:35.011616+00:00,1624,1637148510,Lucas Armand,Anthony Wint,2026-10-03T21:00:00Z,0,ml,home,,403,0,2050,account_ccy,2026-10-03T21:00:00+00:00,3747833685
2026-10-01T03:50:35.011616+00:00,1624,1637148510,Lucas Armand,Anthony Wint,2026-10-03T21:00:00Z,0,ml,away,,-524,0,2050,account_ccy,2026-10-03T21:00:00+00:00,3747833685
2026-10-01T03:50:35.011616+00:00,1624,1637148510,Lucas Armand,Anthony Wint,2026-10-03T21:00:00Z,0,ou,over,1.5,187,0,1025,account_ccy,2026-10-03T21:00:00+00:00,3747833685
2026-10-01T03:50:35.011616+00:00,1624,1637148510,Lucas Armand,Anthony Wint,2026-10-03T21:00:00Z,0,ou,under,1.5,-232,0,1025,account_ccy,2026-10-03T21:00:00+00:00,3747833685
2026-10-01T03:50:35.011616+00:00,1624,1637148816,Eric Nolan,Court McGee,2026-10-03T21:00:00Z,0,ml,home,,-224,0,2050,account_ccy,2026-10-03T21:00:00+00:00,3747710526
2026-10-01T03:50:35.011616+00:00,1624,1637148816,Eric Nolan,Court McGee,2026-10-03T21:00:00Z,0,ml,away,,188,0,2050,account_ccy,2026-10-03T21:00:00+00:00,3747710526
2026-10-01T03:50:35.011616+00:00,1624,1637148816,Eric Nolan,Court McGee,2026-10-03T21:00:00Z,0,ou,over,2.5,-110,0,1025,account_ccy,2026-10-03T21:00:00+00:00,3747710526
2026-10-01T03:50:35.011616+00:00,1624,1637148816,Eric Nolan,Court McGee,2026-10-03T21:00:00Z,0,ou,under,2.5,-110,0,1025,account_ccy,2026-10-03T21:00:00+00:00,3747710526
2026-10-01T04:00:47.890644+00:00,1624,1637148507,Roberto Soldic,Khaos Williams,2026-10-03T21:00:00Z,0,ml,home,,-252,0,2050,account_ccy,2026-10-03T21:00:00+00:00,3747679509
2026-10-01T04:00:47.890644+00:00,1624,1637148507,Roberto Soldic,Khaos Williams,2026-10-03T21:00:00Z,0,ml,away,,210,0,2050,account_ccy,2026-10-03T21:00:00+00:00,3747679509
2026-10-01T04:00:47.890644+00:00,1624,1637148507,Roberto Soldic,Khaos Williams,2026-10-03T21:00:00Z,0,ou,over,1.5,-101,0,1025,account_ccy,2026-10-03T21:00:00+00:00,3747679509
2026-10-01T04:00:47.890644+00:00,1624,1637148507,Roberto Soldic,Khaos Williams,2026-10-03T21:00:00Z,0,ou,under,1.5,-120,0,1025,account_ccy,2026-10-03T21:00:00+00:00,3747679509
2026-10-01T04:00:47.890644+00:00,1624,1637146542,Mick Parkin,Johnny Walker,2026-10-03T21:00:00Z,0,ml,home,,113,0,2050,account_ccy,2026-10-03T21:00:00+00:00,3747802421
2026-10-01T04:00:47.890644+00:00,1624,1637146542,Mick Parkin,Johnny Walker,2026-10-03T21:00:00Z,0,ml,away,,-132,0,2050,account_ccy,2026-10-03T21:00:00+00:00,3747802421
2026-10-01T04:00:47.890644+00:00,1624,1637146542,Mick Parkin,Johnny Walker,2026-10-03T21:00:00Z,0,ou,over,1.5,-190,0,1025,account_ccy,2026-10-03T21:00:00+00:00,3747802421
2026-10-01T04:00:47.890644+00:00,1624,1637146542,Mick Parkin,Johnny Walker,2026-10-03T21:00:00Z,0,ou,under,1.5,155,0,1025,account_ccy,2026-10-03T21:00:00+00:00,3747802421
2026-10-01T04:00:47.890644+00:00,1624,1636035128,Payton Talbott,Deiveson Figueiredo,2026-10-03T21:00:00Z,0,ml,home,,-670,0,2050,account_ccy,2026-10-03T21:00:00+00:00,3747730084
2026-10-01T04:00:47.890644+00:00,1624,1636035128,Payton Talbott,Deiveson Figueiredo,2026-10-03T21:00:00Z,0,ml,away,,494,0,2050,account_ccy,2026-10-03T21:00:00+00:00,3747730084
2026-10-01T04:00:47.890644+00:00,1624,1636035128,Payton Talbott,Deiveson Figueiredo,2026-10-03T21:00:00Z,0,ou,over,2.5,-122,0,1025,account_ccy,2026-10-03T21:00:00+00:00,3747730084
2026-10-01T04:00:47.890644+00:00,1624,1636035128,Payton Talbott,Deiveson Figueiredo,2026-10-03T21:00:00Z,0,ou,under,2.5,100,0,1025,account_ccy,2026-10-03T21:00:00+00:00,3747730084
2026-10-01T04:00:47.890644+00:00,1624,1637148505,Amanda Nunes,Kayla Harrison,2026-11-14T22:00:00Z,0,ml,home,,159,0,2050,account_ccy,2026-11-14T22:00:00+00:00,3737735666
2026-10-01T04:00:47.890644+00:00,1624,1637148505,Amanda Nunes,Kayla Harrison,2026-11-14T22:00:00Z,0,ml,away,,-188,0,2050,account_ccy,2026-11-14T22:00:00+00:00,3737735666
2026-10-01T04:00:47.890644+00:00,1624,1637148811,Alexander Hernandez,Rafael Dos Anjos,2026-10-03T21:00:00Z,0,ml,home,,-286,0,2050,account_ccy,2026-10-03T21:00:00+00:00,3747655962
2026-10-01T04:00:47.890644+00:00,1624,1637148811,Alexander Hernandez,Rafael Dos Anjos,2026-10-03T21:00:00Z,0,ml,away,,236,0,2050,account_ccy,2026-10-03T21:00:00+00:00,3747655962
2026-10-01T04:00:47.890644+00:00,1624,1637148811,Alexander Hernandez,Rafael Dos Anjos,2026-10-03T21:00:00Z,0,ou,over,2.5,-146,0,1025,account_ccy,2026-10-03T21:00:00+00:00,3747655962
2026-10-01T04:00:47.890644+00:00,1624,1637148811,Alexander Hernandez,Rafael Dos Anjos,2026-10-03T21:00:00Z,0,ou,under,2.5,120,0,1025,account_ccy,2026-10-03T21:00:00+00:00,3747655962
2026-10-01T04:00:47.890644+00:00,1624,1635389131,Merab Dvalishvili,Petr Yan,2026-10-24T14:00:00Z,0,ml,home,,150,0,2050,account_ccy,2026-10-24T14:00:00+00:00,3746735253
2026-10-01T04:00:47.890644+00:00,1624,1635389131,Merab Dvalishvili,Petr Yan,2026-10-24T14:00:00Z,0,ml,away,,-176,0,2050,account_ccy,2026-10-24T14:00:00+00:00,3746735253
2026-10-01T04:00:47.890644+00:00,1624,1637543552,Anthony Romero,Marcus McGhee,2026-10-03T22:45:00Z,0,ml,home,,354,0,950,account_ccy,2026-10-03T22:45:00+00:00,3747705468
2026-10-01T04:00:47.890644+00:00,1624,1637543552,Anthony Romero,Marcus McGhee,2026-10-03T22:45:00Z,0,ml,away,,-450,0,950,account_ccy,2026-10-03T22:45:00+00:00,3747705468
2026-10-01T04:00:47.890644+00:00,1624,1637543552,Anthony Romero,Marcus McGhee,2026-10-03T22:45:00Z,0,ou,over,1.5,-210,0,475,account_ccy,2026-10-03T22:45:00+00:00,3747705468
2026-10-01T04:00:47.890644+00:00,1624,1637543552,Anthony Romero,Marcus McGhee,2026-10-03T22:45:00Z,0,ou,under,1.5,170,0,475,account_ccy,2026-10-03T22:45:00+00:00,3747705468
2026-10-01T04:00:47.890644+00:00,1624,1637148805,Roman Kopylov,Ateba Gautier,2026-10-03T21:00:00Z,0,ml,home,,186,0,2050,account_ccy,2026-10-03T21:00:00+00:00,3747828218
2026-10-01T04:00:47.890644+00:00,1624,1637148805,Roman Kopylov,Ateba Gautier,2026-10-03T21:00:00Z,0,ml,away,,-221,0,2050,account_ccy,2026-10-03T21:00:00+00:00,3747828218
2026-10-01T04:00:47.890644+00:00,1624,1637148805,Roman Kopylov,Ateba Gautier,2026-10-03T21:00:00Z,0,ou,over,1.5,-164,0,1025,account_ccy,2026-10-03T21:00:00+00:00,3747828218
2026-10-01T04:00:47.890644+00:00,1624,1637148805,Roman Kopylov,Ateba Gautier,2026-10-03T21:00:00Z,0,ou,under,1.5,134,0,1025,account_ccy,2026-10-03T21:00:00+00:00,3747828218
2026-10-01T04:00:47.890644+00:00,1624,1637148806,Andrey Pulyaev,Damian Pinas,2026-10-03T21:00:00Z,0,ml,home,,443,0,2050,account_ccy,2026-10-03T21:00:00+00:00,3747824775
2026-10-01T04:00:47.890644+00:00,1624,1637148806,Andrey Pulyaev,Damian Pinas,2026-10-03T21:00:00Z,0,ml,away,,-586,0,2050,account_ccy,2026-10-03T21:00:00+00:00,3747824775
2026-10-01T04:00:47.890644+00:00,1624,1637148806,Andrey Pulyaev,Damian Pinas,2026-10-03T21:00:00Z,0,ou,over,1.5,109,0,1025,account_ccy,2026-10-03T21:00:00+00:00,3747824775
2026-10-01T04:00:47.890644+00:00,1624,1637148806,Andrey Pulyaev,Damian Pinas,2026-10-03T21:00:00Z,0,ou,under,1.5,-132,0,1025,account_ccy,2026-10-03T21:00:00+00:00,3747824775
2026-10-01T04:00:47.890644+00:00,1624,1636035127,Wang Cong,Natalia Silva,2026-10-03T21:00:00Z,0,ml,home,,180,0,2050,account_ccy,2026-10-03T21:00:00+00:00,3747731481
2026-10-01T04:00:47.890644+00:00,1624,1636035127,Wang Cong,Natalia Silva,2026-10-03T21:00:00Z,0,ml,away,,-214,0,2050,account_ccy,2026-10-03T21:00:00+00:00,3747731481
2026-10-01T04:00:47.890644+00:00,1624,1636035127,Wang Cong,Natalia Silva,2026-10-03T21:00:00Z,0,ou,over,4.5,-299,0,1025,account_ccy,2026-10-03T21:00:00+00:00,3747731481
2026-10-01T04:00:47.890644+00:00,1624,1636035127,Wang Cong,Natalia Silva,2026-10-03T21:00:00Z,0,ou,under,4.5,236,0,1025,account_ccy,2026-10-03T21:00:00+00:00,3747731481
2026-10-01T04:00:47.890644+00:00,1624,1637388045,Bruce Whitehead,Jacobe Smith,2026-10-03T21:00:00Z,0,ml,home,,701,0,2050,account_ccy,2026-10-03T21:00:00+00:00,3747833685
2026-10-01T04:00:47.890644+00:00,1624,1637388045,Bruce Whitehead,Jacobe Smith,2026-10-03T21:00:00Z,0,ml,away,,-1058,0,2050,account_ccy,2026-10-03T21:00:00+00:00,3747833685
2026-10-01T04:00:47.890644+00:00,1624,1637388045,Bruce Whitehead,Jacobe Smith,2026-10-03T21:00:00Z,0,ou,over,1.5,217,0,1025,account_ccy,2026-10-03T21:00:00+00:00,3747833685
2026-10-01T04:00:47.890644+00:00,1624,1637388045,Bruce Whitehead,Jacobe Smith,2026-10-03T21:00:00Z,0,ou,under,1.5,-273,0,1025,account_ccy,2026-10-03T21:00:00+00:00,3747833685
2026-10-01T04:00:47.890644+00:00,1624,1637148801,Josh Hokit,Ciryl Gane,2026-11-14T22:00:00Z,0,ml,home,,213,0,2050,account_ccy,2026-11-14T22:00:00+00:00,3747216075
2026-10-01T04:00:47.890644+00:00,1624,1637148801,Josh Hokit,Ciryl Gane,2026-11-14T22:00:00Z,0,ml,away,,-256,0,2050,account_ccy,2026-11-14T22:00:00+00:00,3747216075
2026-10-01T04:00:47.890644+00:00,1624,1637148802,Esteban Ribovics,King Green,2026-10-03T21:00:00Z,0,ml,home,,-233,0,2050,account_ccy,2026-10-03T21:00:00+00:00,3747589100
2026-10-01T04:00:47.890644+00:00,1624,1637148802,Esteban Ribovics,King Green,2026-10-03T21:00:00Z,0,ml,away,,195,0,2050,account_ccy,2026-10-03T21:00:00+00:00,3747589100
2026-10-01T04:00:47.890644+00:00,1624,1637148802,Esteban Ribovics,King Green,2026-10-03T21:00:00Z,0,ou,over,1.5,-198,0,1025,account_ccy,2026-10-03T21:00:00+00:00,3747589100
2026-10-01T04:00:47.890644+00:00,1624,1637148802,Esteban Ribovics,King Green,2026-10-03T21:00:00Z,0,ou,under,1.5,161,0,1025,account_ccy,2026-10-03T21:00:00+00:00,3747589100
2026-10-01T04:00:47.890644+00:00,1624,1637148510,Lucas Armand,Anthony Wint,2026-10-03T21:00:00Z,0,ml,home,,403,0,2050,account_ccy,2026-10-03T21:00:00+00:00,3747833685
2026-10-01T04:00:47.890644+00:00,1624,1637148510,Lucas Armand,Anthony Wint,2026-10-03T21:00:00Z,0,ml,away,,-524,0,2050,account_ccy,2026-10-03T21:00:00+00:00,3747833685
2026-10-01T04:00:47.890644+00:00,1624,1637148510,Lucas Armand,Anthony Wint,2026-10-03T21:00:00Z,0,ou,over,1.5,187,0,1025,account_ccy,2026-10-03T21:00:00+00:00,3747833685
2026-10-01T04:00:47.890644+00:00,1624,1637148510,Lucas Armand,Anthony Wint,2026-10-03T21:00:00Z,0,ou,under,1.5,-232,0,1025,account_ccy,2026-10-03T21:00:00+00:00,3747833685
2026-10-01T04:00:47.890644+00:00,1624,1637148816,Eric Nolan,Court McGee,2026-10-03T21:00:00Z,0,ml,home,,-224,0,2050,account_ccy,2026-10-03T21:00:00+00:00,3747710526
2026-10-01T04:00:47.890644+00:00,1624,1637148816,Eric Nolan,Court McGee,2026-10-03T21:00:00Z,0,ml,away,,188,0,2050,account_ccy,2026-10-03T21:00:00+00:00,3747710526
2026-10-01T04:00:47.890644+00:00,1624,1637148816,Eric Nolan,Court McGee,2026-10-03T21:00:00Z,0,ou,over,2.5,-110,0,1025,account_ccy,2026-10-03T21:00:00+00:00,3747710526
2026-10-01T04:00:47.890644+00:00,1624,1637148816,Eric Nolan,Court McGee,2026-10-03T21:00:00Z,0,ou,under,2.5,-110,0,1025,account_ccy,2026-10-03T21:00:00+00:00,3747710526
2026-10-01T04:00:47.890644+00:00,1624,1635385021,Movsar Evloev,Alexander Volkanovski,2026-10-24T14:00:00Z,0,ml,home,,-110,0,2050,account_ccy,2026-10-24T14:00:00+00:00,3746976945
2026-10-01T04:00:47.890644+00:00,1624,1635385021,Movsar Evloev,Alexander Volkanovski,2026-10-24T14:00:00Z,0,ml,away,,-106,0,2050,account_ccy,2026-10-24T14:00:00+00:00,3746976945
2026-10-01T04:00:47.890644+00:00,1624,1637148508,Alden Coria,Imanol Rodriguez,2026-10-03T21:00:00Z,0,ml,home,,128,0,2050,account_ccy,2026-10-03T21:00:00+00:00,3747689781
2026-10-01T04:00:47.890644+00:00,1624,1637148508,Alden Coria,Imanol Rodriguez,2026-10-03T21:00:00Z,0,ml,away,,-150,0,2050,account_ccy,2026-10-03T21:00:00+00:00,3747689781
2026-10-01T04:00:47.890644+00:00,1624,1637148508,Alden Coria,Imanol Rodriguez,2026-10-03T21:00:00Z,0,ou,over,2.5,-161,0,1025,account_ccy,2026-10-03T21:00:00+00:00,3747689781
2026-10-01T04:00:47.890644+00:00,1624,1637148508,Alden Coria,Imanol Rodriguez,2026-10-03T21:00:00Z,0,ou,under,2.5,132,0,1025,account_ccy,2026-10-03T21:00:00+00:00,3747689781
2026-10-01T04:00:47.890644+00:00,1624,1637151310,Ismail Naurdiev,Marvin Vettori,2026-10-03T21:00:00Z,0,ml,home,,-127,0,2050,account_ccy,2026-10-03T21:00:00+00:00,3747839914
2026-10-01T04:00:47.890644+00:00,1624,1637151310,Ismail Naurdiev,Marvin Vettori,2026-10-03T21:00:00Z,0,ml,away,,109,0,2050,account_ccy,2026-10-03T21:00:00+00:00,3747839914
2026-10-01T04:00:47.890644+00:00,1624,1637151310,Ismail Naurdiev,Marvin Vettori,2026-10-03T21:00:00Z,0,ou,over,2.5,-233,0,1025,account_ccy,2026-10-03T21:00:00+00:00,3747839914
2026-10-01T04:00:47.890644+00:00,1624,1637151310,Ismail Naurdiev,Marvin Vettori,2026-10-03T21:00:00Z,0,ou,under,2.5,187,0,1025,account_ccy,2026-10-03T21:00:00+00:00,3747839914
2026-10-01T04:10:58.626451+00:00,1624,1635389131,Merab Dvalishvili,Petr Yan,2026-10-24T14:00:00Z,0,ml,home,,150,0,2050,account_ccy,2026-10-24T14:00:00+00:00,3746735253
2026-10-01T04:10:58.626451+00:00,1624,1635389131,Merab Dvalishvili,Petr Yan,2026-10-24T14:00:00Z,0,ml,away,,-176,0,2050,account_ccy,2026-10-24T14:00:00+00:00,3746735253
2026-10-01T04:10:58.626451+00:00,1624,1637148508,Alden Coria,Imanol Rodriguez,2026-10-03T21:00:00Z,0,ml,home,,128,0,2050,account_ccy,2026-10-03T21:00:00+00:00,3747689781
2026-10-01T04:10:58.626451+00:00,1624,1637148508,Alden Coria,Imanol Rodriguez,2026-10-03T21:00:00Z,0,ml,away,,-150,0,2050,account_ccy,2026-10-03T21:00:00+00:00,3747689781
2026-10-01T04:10:58.626451+00:00,1624,1637148508,Alden Coria,Imanol Rodriguez,2026-10-03T21:00:00Z,0,ou,over,2.5,-161,0,1025,account_ccy,2026-10-03T21:00:00+00:00,3747689781
2026-10-01T04:10:58.626451+00:00,1624,1637148508,Alden Coria,Imanol Rodriguez,2026-10-03T21:00:00Z,0,ou,under,2.5,132,0,1025,account_ccy,2026-10-03T21:00:00+00:00,3747689781
2026-10-01T04:10:58.626451+00:00,1624,1637148805,Roman Kopylov,Ateba Gautier,2026-10-03T21:00:00Z,0,ml,home,,186,0,2050,account_ccy,2026-10-03T21:00:00+00:00,3747828218
2026-10-01T04:10:58.626451+00:00,1624,1637148805,Roman Kopylov,Ateba Gautier,2026-10-03T21:00:00Z,0,ml,away,,-221,0,2050,account_ccy,2026-10-03T21:00:00+00:00,3747828218
2026-10-01T04:10:58.626451+00:00,1624,1637148805,Roman Kopylov,Ateba Gautier,2026-10-03T21:00:00Z,0,ou,over,1.5,-164,0,1025,account_ccy,2026-10-03T21:00:00+00:00,3747828218
2026-10-01T04:10:58.626451+00:00,1624,1637148805,Roman Kopylov,Ateba Gautier,2026-10-03T21:00:00Z,0,ou,under,1.5,134,0,1025,account_ccy,2026-10-03T21:00:00+00:00,3747828218
2026-10-01T04:10:58.626451+00:00,1624,1637148806,Andrey Pulyaev,Damian Pinas,2026-10-03T21:00:00Z,0,ml,home,,443,0,2050,account_ccy,2026-10-03T21:00:00+00:00,3747824775
2026-10-01T04:10:58.626451+00:00,1624,1637148806,Andrey Pulyaev,Damian Pinas,2026-10-03T21:00:00Z,0,ml,away,,-586,0,2050,account_ccy,2026-10-03T21:00:00+00:00,3747824775
2026-10-01T04:10:58.626451+00:00,1624,1637148806,Andrey Pulyaev,Damian Pinas,2026-10-03T21:00:00Z,0,ou,over,1.5,109,0,1025,account_ccy,2026-10-03T21:00:00+00:00,3747824775
2026-10-01T04:10:58.626451+00:00,1624,1637148806,Andrey Pulyaev,Damian Pinas,2026-10-03T21:00:00Z,0,ou,under,1.5,-132,0,1025,account_ccy,2026-10-03T21:00:00+00:00,3747824775
2026-10-01T04:10:58.626451+00:00,1624,1636035127,Wang Cong,Natalia Silva,2026-10-03T21:00:00Z,0,ml,home,,180,0,2050,account_ccy,2026-10-03T21:00:00+00:00,3747731481
2026-10-01T04:10:58.626451+00:00,1624,1636035127,Wang Cong,Natalia Silva,2026-10-03T21:00:00Z,0,ml,away,,-214,0,2050,account_ccy,2026-10-03T21:00:00+00:00,3747731481
2026-10-01T04:10:58.626451+00:00,1624,1636035127,Wang Cong,Natalia Silva,2026-10-03T21:00:00Z,0,ou,over,4.5,-299,0,1025,account_ccy,2026-10-03T21:00:00+00:00,3747731481
2026-10-01T04:10:58.626451+00:00,1624,1636035127,Wang Cong,Natalia Silva,2026-10-03T21:00:00Z,0,ou,under,4.5,236,0,1025,account_ccy,2026-10-03T21:00:00+00:00,3747731481
2026-10-01T04:10:58.626451+00:00,1624,1635385021,Movsar Evloev,Alexander Volkanovski,2026-10-24T14:00:00Z,0,ml,home,,-110,0,2050,account_ccy,2026-10-24T14:00:00+00:00,3746976945
2026-10-01T04:10:58.626451+00:00,1624,1635385021,Movsar Evloev,Alexander Volkanovski,2026-10-24T14:00:00Z,0,ml,away,,-106,0,2050,account_ccy,2026-10-24T14:00:00+00:00,3746976945
2026-10-01T04:10:58.626451+00:00,1624,1637148811,Alexander Hernandez,Rafael Dos Anjos,2026-10-03T21:00:00Z,0,ml,home,,-286,0,2050,account_ccy,2026-10-03T21:00:00+00:00,3747655962
2026-10-01T04:10:58.626451+00:00,1624,1637148811,Alexander Hernandez,Rafael Dos Anjos,2026-10-03T21:00:00Z,0,ml,away,,236,0,2050,account_ccy,2026-10-03T21:00:00+00:00,3747655962
2026-10-01T04:10:58.626451+00:00,1624,1637148811,Alexander Hernandez,Rafael Dos Anjos,2026-10-03T21:00:00Z,0,ou,over,2.5,-146,0,1025,account_ccy,2026-10-03T21:00:00+00:00,3747655962
2026-10-01T04:10:58.626451+00:00,1624,1637148811,Alexander Hernandez,Rafael Dos Anjos,2026-10-03T21:00:00Z,0,ou,under,2.5,120,0,1025,account_ccy,2026-10-03T21:00:00+00:00,3747655962
2026-10-01T04:10:58.626451+00:00,1624,1637148816,Eric Nolan,Court McGee,2026-10-03T21:00:00Z,0,ml,home,,-224,0,2050,account_ccy,2026-10-03T21:00:00+00:00,3747710526
2026-10-01T04:10:58.626451+00:00,1624,1637148816,Eric Nolan,Court McGee,2026-10-03T21:00:00Z,0,ml,away,,188,0,2050,account_ccy,2026-10-03T21:00:00+00:00,3747710526
2026-10-01T04:10:58.626451+00:00,1624,1637148816,Eric Nolan,Court McGee,2026-10-03T21:00:00Z,0,ou,over,2.5,-110,0,1025,account_ccy,2026-10-03T21:00:00+00:00,3747710526
2026-10-01T04:10:58.626451+00:00,1624,1637148816,Eric Nolan,Court McGee,2026-10-03T21:00:00Z,0,ou,under,2.5,-110,0,1025,account_ccy,2026-10-03T21:00:00+00:00,3747710526
2026-10-01T04:10:58.626451+00:00,1624,1637148505,Amanda Nunes,Kayla Harrison,2026-11-14T22:00:00Z,0,ml,home,,159,0,2050,account_ccy,2026-11-14T22:00:00+00:00,3737735666
2026-10-01T04:10:58.626451+00:00,1624,1637148505,Amanda Nunes,Kayla Harrison,2026-11-14T22:00:00Z,0,ml,away,,-188,0,2050,account_ccy,2026-11-14T22:00:00+00:00,3737735666
2026-10-01T04:10:58.626451+00:00,1624,1637388045,Bruce Whitehead,Jacobe Smith,2026-10-03T21:00:00Z,0,ml,home,,701,0,2050,account_ccy,2026-10-03T21:00:00+00:00,3747833685
2026-10-01T04:10:58.626451+00:00,1624,1637388045,Bruce Whitehead,Jacobe Smith,2026-10-03T21:00:00Z,0,ml,away,,-1058,0,2050,account_ccy,2026-10-03T21:00:00+00:00,3747833685
2026-10-01T04:10:58.626451+00:00,1624,1637388045,Bruce Whitehead,Jacobe Smith,2026-10-03T21:00:00Z,0,ou,over,1.5,217,0,1025,account_ccy,2026-10-03T21:00:00+00:00,3747833685
2026-10-01T04:10:58.626451+00:00,1624,1637388045,Bruce Whitehead,Jacobe Smith,2026-10-03T21:00:00Z,0,ou,under,1.5,-273,0,1025,account_ccy,2026-10-03T21:00:00+00:00,3747833685
2026-10-01T04:10:58.626451+00:00,1624,1637146542,Mick Parkin,Johnny Walker,2026-10-03T21:00:00Z,0,ml,home,,113,0,2050,account_ccy,2026-10-03T21:00:00+00:00,3747802421
2026-10-01T04:10:58.626451+00:00,1624,1637146542,Mick Parkin,Johnny Walker,2026-10-03T21:00:00Z,0,ml,away,,-132,0,2050,account_ccy,2026-10-03T21:00:00+00:00,3747802421
2026-10-01T04:10:58.626451+00:00,1624,1637146542,Mick Parkin,Johnny Walker,2026-10-03T21:00:00Z,0,ou,over,1.5,-190,0,1025,account_ccy,2026-10-03T21:00:00+00:00,3747802421
2026-10-01T04:10:58.626451+00:00,1624,1637146542,Mick Parkin,Johnny Walker,2026-10-03T21:00:00Z,0,ou,under,1.5,155,0,1025,account_ccy,2026-10-03T21:00:00+00:00,3747802421
2026-10-01T04:10:58.626451+00:00,1624,1637148801,Josh Hokit,Ciryl Gane,2026-11-14T22:00:00Z,0,ml,home,,213,0,2050,account_ccy,2026-11-14T22:00:00+00:00,3747216075
2026-10-01T04:10:58.626451+00:00,1624,1637148801,Josh Hokit,Ciryl Gane,2026-11-14T22:00:00Z,0,ml,away,,-256,0,2050,account_ccy,2026-11-14T22:00:00+00:00,3747216075
2026-10-01T04:10:58.626451+00:00,1624,1637148802,Esteban Ribovics,King Green,2026-10-03T21:00:00Z,0,ml,home,,-233,0,2050,account_ccy,2026-10-03T21:00:00+00:00,3747589100
2026-10-01T04:10:58.626451+00:00,1624,1637148802,Esteban Ribovics,King Green,2026-10-03T21:00:00Z,0,ml,away,,195,0,2050,account_ccy,2026-10-03T21:00:00+00:00,3747589100
2026-10-01T04:10:58.626451+00:00,1624,1637148802,Esteban Ribovics,King Green,2026-10-03T21:00:00Z,0,ou,over,1.5,-198,0,1025,account_ccy,2026-10-03T21:00:00+00:00,3747589100
2026-10-01T04:10:58.626451+00:00,1624,1637148802,Esteban Ribovics,King Green,2026-10-03T21:00:00Z,0,ou,under,1.5,161,0,1025,account_ccy,2026-10-03T21:00:00+00:00,3747589100
2026-10-01T04:10:58.626451+00:00,1624,1637151310,Ismail Naurdiev,Marvin Vettori,2026-10-03T21:00:00Z,0,ml,home,,-127,0,2050,account_ccy,2026-10-03T21:00:00+00:00,3747839914
2026-10-01T04:10:58.626451+00:00,1624,1637151310,Ismail Naurdiev,Marvin Vettori,2026-10-03T21:00:00Z,0,ml,away,,109,0,2050,account_ccy,2026-10-03T21:00:00+00:00,3747839914
2026-10-01T04:10:58.626451+00:00,1624,1637151310,Ismail Naurdiev,Marvin Vettori,2026-10-03T21:00:00Z,0,ou,over,2.5,-233,0,1025,account_ccy,2026-10-03T21:00:00+00:00,3747839914
2026-10-01T04:10:58.626451+00:00,1624,1637151310,Ismail Naurdiev,Marvin Vettori,2026-10-03T21:00:00Z,0,ou,under,2.5,187,0,1025,account_ccy,2026-10-03T21:00:00+00:00,3747839914
2026-10-01T04:10:58.626451+00:00,1624,1637543552,Anthony Romero,Marcus McGhee,2026-10-03T22:45:00Z,0,ml,home,,354,0,950,account_ccy,2026-10-03T22:45:00+00:00,3747705468
2026-10-01T04:10:58.626451+00:00,1624,1637543552,Anthony Romero,Marcus McGhee,2026-10-03T22:45:00Z,0,ml,away,,-450,0,950,account_ccy,2026-10-03T22:45:00+00:00,3747705468
2026-10-01T04:10:58.626451+00:00,1624,1637543552,Anthony Romero,Marcus McGhee,2026-10-03T22:45:00Z,0,ou,over,1.5,-210,0,475,account_ccy,2026-10-03T22:45:00+00:00,3747705468
2026-10-01T04:10:58.626451+00:00,1624,1637543552,Anthony Romero,Marcus McGhee,2026-10-03T22:45:00Z,0,ou,under,1.5,170,0,475,account_ccy,2026-10-03T22:45:00+00:00,3747705468
2026-10-01T04:10:58.626451+00:00,1624,1637148507,Roberto Soldic,Khaos Williams,2026-10-03T21:00:00Z,0,ml,home,,-252,0,2050,account_ccy,2026-10-03T21:00:00+00:00,3747679509
2026-10-01T04:10:58.626451+00:00,1624,1637148507,Roberto Soldic,Khaos Williams,2026-10-03T21:00:00Z,0,ml,away,,210,0,2050,account_ccy,2026-10-03T21:00:00+00:00,3747679509
2026-10-01T04:10:58.626451+00:00,1624,1637148507,Roberto Soldic,Khaos Williams,2026-10-03T21:00:00Z,0,ou,over,1.5,-101,0,1025,account_ccy,2026-10-03T21:00:00+00:00,3747679509
2026-10-01T04:10:58.626451+00:00,1624,1637148507,Roberto Soldic,Khaos Williams,2026-10-03T21:00:00Z,0,ou,under,1.5,-120,0,1025,account_ccy,2026-10-03T21:00:00+00:00,3747679509
2026-10-01T04:10:58.626451+00:00,1624,1636035128,Payton Talbott,Deiveson Figueiredo,2026-10-03T21:00:00Z,0,ml,home,,-670,0,2050,account_ccy,2026-10-03T21:00:00+00:00,3747730084
2026-10-01T04:10:58.626451+00:00,1624,1636035128,Payton Talbott,Deiveson Figueiredo,2026-10-03T21:00:00Z,0,ml,away,,494,0,2050,account_ccy,2026-10-03T21:00:00+00:00,3747730084
2026-10-01T04:10:58.626451+00:00,1624,1636035128,Payton Talbott,Deiveson Figueiredo,2026-10-03T21:00:00Z,0,ou,over,2.5,-122,0,1025,account_ccy,2026-10-03T21:00:00+00:00,3747730084
2026-10-01T04:10:58.626451+00:00,1624,1636035128,Payton Talbott,Deiveson Figueiredo,2026-10-03T21:00:00Z,0,ou,under,2.5,100,0,1025,account_ccy,2026-10-03T21:00:00+00:00,3747730084
2026-10-01T04:10:58.626451+00:00,1624,1637148510,Lucas Armand,Anthony Wint,2026-10-03T21:00:00Z,0,ml,home,,403,0,2050,account_ccy,2026-10-03T21:00:00+00:00,3747833685
2026-10-01T04:10:58.626451+00:00,1624,1637148510,Lucas Armand,Anthony Wint,2026-10-03T21:00:00Z,0,ml,away,,-524,0,2050,account_ccy,2026-10-03T21:00:00+00:00,3747833685
2026-10-01T04:10:58.626451+00:00,1624,1637148510,Lucas Armand,Anthony Wint,2026-10-03T21:00:00Z,0,ou,over,1.5,187,0,1025,account_ccy,2026-10-03T21:00:00+00:00,3747833685
2026-10-01T04:10:58.626451+00:00,1624,1637148510,Lucas Armand,Anthony Wint,2026-10-03T21:00:00Z,0,ou,under,1.5,-232,0,1025,account_ccy,2026-10-03T21:00:00+00:00,3747833685
2026-10-01T04:12:14.625902+00:00,1624,1635389131,Merab Dvalishvili,Petr Yan,2026-10-24T14:00:00Z,0,ml,home,,150,0,2050,account_ccy,2026-10-24T14:00:00+00:00,3746735253
2026-10-01T04:12:14.625902+00:00,1624,1635389131,Merab Dvalishvili,Petr Yan,2026-10-24T14:00:00Z,0,ml,away,,-176,0,2050,account_ccy,2026-10-24T14:00:00+00:00,3746735253
2026-10-01T04:12:14.625902+00:00,1624,1637148508,Alden Coria,Imanol Rodriguez,2026-10-03T21:00:00Z,0,ml,home,,128,0,2050,account_ccy,2026-10-03T21:00:00+00:00,3747689781
2026-10-01T04:12:14.625902+00:00,1624,1637148508,Alden Coria,Imanol Rodriguez,2026-10-03T21:00:00Z,0,ml,away,,-150,0,2050,account_ccy,2026-10-03T21:00:00+00:00,3747689781
2026-10-01T04:12:14.625902+00:00,1624,1637148508,Alden Coria,Imanol Rodriguez,2026-10-03T21:00:00Z,0,ou,over,2.5,-161,0,1025,account_ccy,2026-10-03T21:00:00+00:00,3747689781
2026-10-01T04:12:14.625902+00:00,1624,1637148508,Alden Coria,Imanol Rodriguez,2026-10-03T21:00:00Z,0,ou,under,2.5,132,0,1025,account_ccy,2026-10-03T21:00:00+00:00,3747689781
2026-10-01T04:12:14.625902+00:00,1624,1637148805,Roman Kopylov,Ateba Gautier,2026-10-03T21:00:00Z,0,ml,home,,186,0,2050,account_ccy,2026-10-03T21:00:00+00:00,3747828218
2026-10-01T04:12:14.625902+00:00,1624,1637148805,Roman Kopylov,Ateba Gautier,2026-10-03T21:00:00Z,0,ml,away,,-221,0,2050,account_ccy,2026-10-03T21:00:00+00:00,3747828218
2026-10-01T04:12:14.625902+00:00,1624,1637148805,Roman Kopylov,Ateba Gautier,2026-10-03T21:00:00Z,0,ou,over,1.5,-164,0,1025,account_ccy,2026-10-03T21:00:00+00:00,3747828218
2026-10-01T04:12:14.625902+00:00,1624,1637148805,Roman Kopylov,Ateba Gautier,2026-10-03T21:00:00Z,0,ou,under,1.5,134,0,1025,account_ccy,2026-10-03T21:00:00+00:00,3747828218
2026-10-01T04:12:14.625902+00:00,1624,1637148806,Andrey Pulyaev,Damian Pinas,2026-10-03T21:00:00Z,0,ml,home,,443,0,2050,account_ccy,2026-10-03T21:00:00+00:00,3747824775
2026-10-01T04:12:14.625902+00:00,1624,1637148806,Andrey Pulyaev,Damian Pinas,2026-10-03T21:00:00Z,0,ml,away,,-586,0,2050,account_ccy,2026-10-03T21:00:00+00:00,3747824775
2026-10-01T04:12:14.625902+00:00,1624,1637148806,Andrey Pulyaev,Damian Pinas,2026-10-03T21:00:00Z,0,ou,over,1.5,109,0,1025,account_ccy,2026-10-03T21:00:00+00:00,3747824775
2026-10-01T04:12:14.625902+00:00,1624,1637148806,Andrey Pulyaev,Damian Pinas,2026-10-03T21:00:00Z,0,ou,under,1.5,-132,0,1025,account_ccy,2026-10-03T21:00:00+00:00,3747824775
2026-10-01T04:12:14.625902+00:00,1624,1636035127,Wang Cong,Natalia Silva,2026-10-03T21:00:00Z,0,ml,home,,180,0,2050,account_ccy,2026-10-03T21:00:00+00:00,3747731481
2026-10-01T04:12:14.625902+00:00,1624,1636035127,Wang Cong,Natalia Silva,2026-10-03T21:00:00Z,0,ml,away,,-214,0,2050,account_ccy,2026-10-03T21:00:00+00:00,3747731481
2026-10-01T04:12:14.625902+00:00,1624,1636035127,Wang Cong,Natalia Silva,2026-10-03T21:00:00Z,0,ou,over,4.5,-299,0,1025,account_ccy,2026-10-03T21:00:00+00:00,3747731481
2026-10-01T04:12:14.625902+00:00,1624,1636035127,Wang Cong,Natalia Silva,2026-10-03T21:00:00Z,0,ou,under,4.5,236,0,1025,account_ccy,2026-10-03T21:00:00+00:00,3747731481
2026-10-01T04:12:14.625902+00:00,1624,1635385021,Movsar Evloev,Alexander Volkanovski,2026-10-24T14:00:00Z,0,ml,home,,-110,0,2050,account_ccy,2026-10-24T14:00:00+00:00,3746976945
2026-10-01T04:12:14.625902+00:00,1624,1635385021,Movsar Evloev,Alexander Volkanovski,2026-10-24T14:00:00Z,0,ml,away,,-106,0,2050,account_ccy,2026-10-24T14:00:00+00:00,3746976945
2026-10-01T04:12:14.625902+00:00,1624,1637148811,Alexander Hernandez,Rafael Dos Anjos,2026-10-03T21:00:00Z,0,ml,home,,-286,0,2050,account_ccy,2026-10-03T21:00:00+00:00,3747655962
2026-10-01T04:12:14.625902+00:00,1624,1637148811,Alexander Hernandez,Rafael Dos Anjos,2026-10-03T21:00:00Z,0,ml,away,,236,0,2050,account_ccy,2026-10-03T21:00:00+00:00,3747655962
2026-10-01T04:12:14.625902+00:00,1624,1637148811,Alexander Hernandez,Rafael Dos Anjos,2026-10-03T21:00:00Z,0,ou,over,2.5,-146,0,1025,account_ccy,2026-10-03T21:00:00+00:00,3747655962
2026-10-01T04:12:14.625902+00:00,1624,1637148811,Alexander Hernandez,Rafael Dos Anjos,2026-10-03T21:00:00Z,0,ou,under,2.5,120,0,1025,account_ccy,2026-10-03T21:00:00+00:00,3747655962
2026-10-01T04:12:14.625902+00:00,1624,1637148816,Eric Nolan,Court McGee,2026-10-03T21:00:00Z,0,ml,home,,-224,0,2050,account_ccy,2026-10-03T21:00:00+00:00,3747710526
2026-10-01T04:12:14.625902+00:00,1624,1637148816,Eric Nolan,Court McGee,2026-10-03T21:00:00Z,0,ml,away,,188,0,2050,account_ccy,2026-10-03T21:00:00+00:00,3747710526
2026-10-01T04:12:14.625902+00:00,1624,1637148816,Eric Nolan,Court McGee,2026-10-03T21:00:00Z,0,ou,over,2.5,-110,0,1025,account_ccy,2026-10-03T21:00:00+00:00,3747710526
2026-10-01T04:12:14.625902+00:00,1624,1637148816,Eric Nolan,Court McGee,2026-10-03T21:00:00Z,0,ou,under,2.5,-110,0,1025,account_ccy,2026-10-03T21:00:00+00:00,3747710526
2026-10-01T04:12:14.625902+00:00,1624,1637148505,Amanda Nunes,Kayla Harrison,2026-11-14T22:00:00Z,0,ml,home,,159,0,2050,account_ccy,2026-11-14T22:00:00+00:00,3737735666
2026-10-01T04:12:14.625902+00:00,1624,1637148505,Amanda Nunes,Kayla Harrison,2026-11-14T22:00:00Z,0,ml,away,,-188,0,2050,account_ccy,2026-11-14T22:00:00+00:00,3737735666
2026-10-01T04:12:14.625902+00:00,1624,1637388045,Bruce Whitehead,Jacobe Smith,2026-10-03T21:00:00Z,0,ml,home,,701,0,2050,account_ccy,2026-10-03T21:00:00+00:00,3747833685
2026-10-01T04:12:14.625902+00:00,1624,1637388045,Bruce Whitehead,Jacobe Smith,2026-10-03T21:00:00Z,0,ml,away,,-1058,0,2050,account_ccy,2026-10-03T21:00:00+00:00,3747833685
2026-10-01T04:12:14.625902+00:00,1624,1637388045,Bruce Whitehead,Jacobe Smith,2026-10-03T21:00:00Z,0,ou,over,1.5,217,0,1025,account_ccy,2026-10-03T21:00:00+00:00,3747833685
2026-10-01T04:12:14.625902+00:00,1624,1637388045,Bruce Whitehead,Jacobe Smith,2026-10-03T21:00:00Z,0,ou,under,1.5,-273,0,1025,account_ccy,2026-10-03T21:00:00+00:00,3747833685
2026-10-01T04:12:14.625902+00:00,1624,1637146542,Mick Parkin,Johnny Walker,2026-10-03T21:00:00Z,0,ml,home,,113,0,2050,account_ccy,2026-10-03T21:00:00+00:00,3747802421
2026-10-01T04:12:14.625902+00:00,1624,1637146542,Mick Parkin,Johnny Walker,2026-10-03T21:00:00Z,0,ml,away,,-132,0,2050,account_ccy,2026-10-03T21:00:00+00:00,3747802421
2026-10-01T04:12:14.625902+00:00,1624,1637146542,Mick Parkin,Johnny Walker,2026-10-03T21:00:00Z,0,ou,over,1.5,-190,0,1025,account_ccy,2026-10-03T21:00:00+00:00,3747802421
2026-10-01T04:12:14.625902+00:00,1624,1637146542,Mick Parkin,Johnny Walker,2026-10-03T21:00:00Z,0,ou,under,1.5,155,0,1025,account_ccy,2026-10-03T21:00:00+00:00,3747802421
2026-10-01T04:12:14.625902+00:00,1624,1637148801,Josh Hokit,Ciryl Gane,2026-11-14T22:00:00Z,0,ml,home,,213,0,2050,account_ccy,2026-11-14T22:00:00+00:00,3747216075
2026-10-01T04:12:14.625902+00:00,1624,1637148801,Josh Hokit,Ciryl Gane,2026-11-14T22:00:00Z,0,ml,away,,-256,0,2050,account_ccy,2026-11-14T22:00:00+00:00,3747216075
2026-10-01T04:12:14.625902+00:00,1624,1637148802,Esteban Ribovics,King Green,2026-10-03T21:00:00Z,0,ml,home,,-233,0,2050,account_ccy,2026-10-03T21:00:00+00:00,3747589100
2026-10-01T04:12:14.625902+00:00,1624,1637148802,Esteban Ribovics,King Green,2026-10-03T21:00:00Z,0,ml,away,,195,0,2050,account_ccy,2026-10-03T21:00:00+00:00,3747589100
2026-10-01T04:12:14.625902+00:00,1624,1637148802,Esteban Ribovics,King Green,2026-10-03T21:00:00Z,0,ou,over,1.5,-198,0,1025,account_ccy,2026-10-03T21:00:00+00:00,3747589100
2026-10-01T04:12:14.625902+00:00,1624,1637148802,Esteban Ribovics,King Green,2026-10-03T21:00:00Z,0,ou,under,1.5,161,0,1025,account_ccy,2026-10-03T21:00:00+00:00,3747589100
2026-10-01T04:12:14.625902+00:00,1624,1637151310,Ismail Naurdiev,Marvin Vettori,2026-10-03T21:00:00Z,0,ml,home,,-127,0,2050,account_ccy,2026-10-03T21:00:00+00:00,3747839914
2026-10-01T04:12:14.625902+00:00,1624,1637151310,Ismail Naurdiev,Marvin Vettori,2026-10-03T21:00:00Z,0,ml,away,,109,0,2050,account_ccy,2026-10-03T21:00:00+00:00,3747839914
2026-10-01T04:12:14.625902+00:00,1624,1637151310,Ismail Naurdiev,Marvin Vettori,2026-10-03T21:00:00Z,0,ou,over,2.5,-233,0,1025,account_ccy,2026-10-03T21:00:00+00:00,3747839914
2026-10-01T04:12:14.625902+00:00,1624,1637151310,Ismail Naurdiev,Marvin Vettori,2026-10-03T21:00:00Z,0,ou,under,2.5,187,0,1025,account_ccy,2026-10-03T21:00:00+00:00,3747839914
2026-10-01T04:12:14.625902+00:00,1624,1637543552,Anthony Romero,Marcus McGhee,2026-10-03T22:45:00Z,0,ml,home,,354,0,950,account_ccy,2026-10-03T22:45:00+00:00,3747705468
2026-10-01T04:12:14.625902+00:00,1624,1637543552,Anthony Romero,Marcus McGhee,2026-10-03T22:45:00Z,0,ml,away,,-450,0,950,account_ccy,2026-10-03T22:45:00+00:00,3747705468
2026-10-01T04:12:14.625902+00:00,1624,1637543552,Anthony Romero,Marcus McGhee,2026-10-03T22:45:00Z,0,ou,over,1.5,-210,0,475,account_ccy,2026-10-03T22:45:00+00:00,3747705468
2026-10-01T04:12:14.625902+00:00,1624,1637543552,Anthony Romero,Marcus McGhee,2026-10-03T22:45:00Z,0,ou,under,1.5,170,0,475,account_ccy,2026-10-03T22:45:00+00:00,3747705468
2026-10-01T04:12:14.625902+00:00,1624,1637148507,Roberto Soldic,Khaos Williams,2026-10-03T21:00:00Z,0,ml,home,,-252,0,2050,account_ccy,2026-10-03T21:00:00+00:00,3747679509
2026-10-01T04:12:14.625902+00:00,1624,1637148507,Roberto Soldic,Khaos Williams,2026-10-03T21:00:00Z,0,ml,away,,210,0,2050,account_ccy,2026-10-03T21:00:00+00:00,3747679509
2026-10-01T04:12:14.625902+00:00,1624,1637148507,Roberto Soldic,Khaos Williams,2026-10-03T21:00:00Z,0,ou,over,1.5,-101,0,1025,account_ccy,2026-10-03T21:00:00+00:00,3747679509
2026-10-01T04:12:14.625902+00:00,1624,1637148507,Roberto Soldic,Khaos Williams,2026-10-03T21:00:00Z,0,ou,under,1.5,-120,0,1025,account_ccy,2026-10-03T21:00:00+00:00,3747679509
2026-10-01T04:12:14.625902+00:00,1624,1636035128,Payton Talbott,Deiveson Figueiredo,2026-10-03T21:00:00Z,0,ml,home,,-670,0,2050,account_ccy,2026-10-03T21:00:00+00:00,3747730084
2026-10-01T04:12:14.625902+00:00,1624,1636035128,Payton Talbott,Deiveson Figueiredo,2026-10-03T21:00:00Z,0,ml,away,,494,0,2050,account_ccy,2026-10-03T21:00:00+00:00,3747730084
2026-10-01T04:12:14.625902+00:00,1624,1636035128,Payton Talbott,Deiveson Figueiredo,2026-10-03T21:00:00Z,0,ou,over,2.5,-122,0,1025,account_ccy,2026-10-03T21:00:00+00:00,3747730084
2026-10-01T04:12:14.625902+00:00,1624,1636035128,Payton Talbott,Deiveson Figueiredo,2026-10-03T21:00:00Z,0,ou,under,2.5,100,0,1025,account_ccy,2026-10-03T21:00:00+00:00,3747730084
2026-10-01T04:12:14.625902+00:00,1624,1637148510,Lucas Armand,Anthony Wint,2026-10-03T21:00:00Z,0,ml,home,,403,0,2050,account_ccy,2026-10-03T21:00:00+00:00,3747833685
2026-10-01T04:12:14.625902+00:00,1624,1637148510,Lucas Armand,Anthony Wint,2026-10-03T21:00:00Z,0,ml,away,,-524,0,2050,account_ccy,2026-10-03T21:00:00+00:00,3747833685
2026-10-01T04:12:14.625902+00:00,1624,1637148510,Lucas Armand,Anthony Wint,2026-10-03T21:00:00Z,0,ou,over,1.5,187,0,1025,account_ccy,2026-10-03T21:00:00+00:00,3747833685
2026-10-01T04:12:14.625902+00:00,1624,1637148510,Lucas Armand,Anthony Wint,2026-10-03T21:00:00Z,0,ou,under,1.5,-232,0,1025,account_ccy,2026-10-03T21:00:00+00:00,3747833685
2026-10-01T04:22:25.054927+00:00,1624,1637148505,Amanda Nunes,Kayla Harrison,2026-11-14T22:00:00Z,0,ml,home,,159,0,2050,account_ccy,2026-11-14T22:00:00+00:00,3737735666
2026-10-01T04:22:25.054927+00:00,1624,1637148505,Amanda Nunes,Kayla Harrison,2026-11-14T22:00:00Z,0,ml,away,,-188,0,2050,account_ccy,2026-11-14T22:00:00+00:00,3737735666
2026-10-01T04:22:25.054927+00:00,1624,1637148802,Esteban Ribovics,King Green,2026-10-03T21:00:00Z,0,ml,home,,-233,0,2050,account_ccy,2026-10-03T21:00:00+00:00,3747589100
2026-10-01T04:22:25.054927+00:00,1624,1637148802,Esteban Ribovics,King Green,2026-10-03T21:00:00Z,0,ml,away,,195,0,2050,account_ccy,2026-10-03T21:00:00+00:00,3747589100
2026-10-01T04:22:25.054927+00:00,1624,1637148802,Esteban Ribovics,King Green,2026-10-03T21:00:00Z,0,ou,over,1.5,-198,0,1025,account_ccy,2026-10-03T21:00:00+00:00,3747589100
2026-10-01T04:22:25.054927+00:00,1624,1637148802,Esteban Ribovics,King Green,2026-10-03T21:00:00Z,0,ou,under,1.5,161,0,1025,account_ccy,2026-10-03T21:00:00+00:00,3747589100
2026-10-01T04:22:25.054927+00:00,1624,1637148510,Lucas Armand,Anthony Wint,2026-10-03T21:00:00Z,0,ml,home,,403,0,2050,account_ccy,2026-10-03T21:00:00+00:00,3747833685
2026-10-01T04:22:25.054927+00:00,1624,1637148510,Lucas Armand,Anthony Wint,2026-10-03T21:00:00Z,0,ml,away,,-524,0,2050,account_ccy,2026-10-03T21:00:00+00:00,3747833685
2026-10-01T04:22:25.054927+00:00,1624,1637148510,Lucas Armand,Anthony Wint,2026-10-03T21:00:00Z,0,ou,over,1.5,187,0,1025,account_ccy,2026-10-03T21:00:00+00:00,3747833685
2026-10-01T04:22:25.054927+00:00,1624,1637148510,Lucas Armand,Anthony Wint,2026-10-03T21:00:00Z,0,ou,under,1.5,-232,0,1025,account_ccy,2026-10-03T21:00:00+00:00,3747833685
2026-10-01T04:22:25.054927+00:00,1624,1637148507,Roberto Soldic,Khaos Williams,2026-10-03T21:00:00Z,0,ml,home,,-252,0,2050,account_ccy,2026-10-03T21:00:00+00:00,3747679509
2026-10-01T04:22:25.054927+00:00,1624,1637148507,Roberto Soldic,Khaos Williams,2026-10-03T21:00:00Z,0,ml,away,,210,0,2050,account_ccy,2026-10-03T21:00:00+00:00,3747679509
2026-10-01T04:22:25.054927+00:00,1624,1637148507,Roberto Soldic,Khaos Williams,2026-10-03T21:00:00Z,0,ou,over,1.5,-101,0,1025,account_ccy,2026-10-03T21:00:00+00:00,3747679509
2026-10-01T04:22:25.054927+00:00,1624,1637148507,Roberto Soldic,Khaos Williams,2026-10-03T21:00:00Z,0,ou,under,1.5,-120,0,1025,account_ccy,2026-10-03T21:00:00+00:00,3747679509
2026-10-01T04:22:25.054927+00:00,1624,1637148811,Alexander Hernandez,Rafael Dos Anjos,2026-10-03T21:00:00Z,0,ml,home,,-286,0,2050,account_ccy,2026-10-03T21:00:00+00:00,3747655962
2026-10-01T04:22:25.054927+00:00,1624,1637148811,Alexander Hernandez,Rafael Dos Anjos,2026-10-03T21:00:00Z,0,ml,away,,236,0,2050,account_ccy,2026-10-03T21:00:00+00:00,3747655962
2026-10-01T04:22:25.054927+00:00,1624,1637148811,Alexander Hernandez,Rafael Dos Anjos,2026-10-03T21:00:00Z,0,ou,over,2.5,-146,0,1025,account_ccy,2026-10-03T21:00:00+00:00,3747655962
2026-10-01T04:22:25.054927+00:00,1624,1637148811,Alexander Hernandez,Rafael Dos Anjos,2026-10-03T21:00:00Z,0,ou,under,2.5,120,0,1025,account_ccy,2026-10-03T21:00:00+00:00,3747655962
2026-10-01T04:22:25.054927+00:00,1624,1635385021,Movsar Evloev,Alexander Volkanovski,2026-10-24T14:00:00Z,0,ml,home,,-110,0,2050,account_ccy,2026-10-24T14:00:00+00:00,3746976945
2026-10-01T04:22:25.054927+00:00,1624,1635385021,Movsar Evloev,Alexander Volkanovski,2026-10-24T14:00:00Z,0,ml,away,,-106,0,2050,account_ccy,2026-10-24T14:00:00+00:00,3746976945
2026-10-01T04:22:25.054927+00:00,1624,1636035127,Wang Cong,Natalia Silva,2026-10-03T21:00:00Z,0,ml,home,,180,0,2050,account_ccy,2026-10-03T21:00:00+00:00,3747731481
2026-10-01T04:22:25.054927+00:00,1624,1636035127,Wang Cong,Natalia Silva,2026-10-03T21:00:00Z,0,ml,away,,-214,0,2050,account_ccy,2026-10-03T21:00:00+00:00,3747731481
2026-10-01T04:22:25.054927+00:00,1624,1636035127,Wang Cong,Natalia Silva,2026-10-03T21:00:00Z,0,ou,over,4.5,-299,0,1025,account_ccy,2026-10-03T21:00:00+00:00,3747731481
2026-10-01T04:22:25.054927+00:00,1624,1636035127,Wang Cong,Natalia Silva,2026-10-03T21:00:00Z,0,ou,under,4.5,236,0,1025,account_ccy,2026-10-03T21:00:00+00:00,3747731481
2026-10-01T04:22:25.054927+00:00,1624,1637388045,Bruce Whitehead,Jacobe Smith,2026-10-03T21:00:00Z,0,ml,home,,701,0,2050,account_ccy,2026-10-03T21:00:00+00:00,3747833685
2026-10-01T04:22:25.054927+00:00,1624,1637388045,Bruce Whitehead,Jacobe Smith,2026-10-03T21:00:00Z,0,ml,away,,-1058,0,2050,account_ccy,2026-10-03T21:00:00+00:00,3747833685
2026-10-01T04:22:25.054927+00:00,1624,1637388045,Bruce Whitehead,Jacobe Smith,2026-10-03T21:00:00Z,0,ou,over,1.5,217,0,1025,account_ccy,2026-10-03T21:00:00+00:00,3747833685
2026-10-01T04:22:25.054927+00:00,1624,1637388045,Bruce Whitehead,Jacobe Smith,2026-10-03T21:00:00Z,0,ou,under,1.5,-273,0,1025,account_ccy,2026-10-03T21:00:00+00:00,3747833685
2026-10-01T04:22:25.054927+00:00,1624,1637148806,Andrey Pulyaev,Damian Pinas,2026-10-03T21:00:00Z,0,ml,home,,443,0,2050,account_ccy,2026-10-03T21:00:00+00:00,3747824775
2026-10-01T04:22:25.054927+00:00,1624,1637148806,Andrey Pulyaev,Damian Pinas,2026-10-03T21:00:00Z,0,ml,away,,-586,0,2050,account_ccy,2026-10-03T21:00:00+00:00,3747824775
2026-10-01T04:22:25.054927+00:00,1624,1637148806,Andrey Pulyaev,Damian Pinas,2026-10-03T21:00:00Z,0,ou,over,1.5,109,0,1025,account_ccy,2026-10-03T21:00:00+00:00,3747824775
2026-10-01T04:22:25.054927+00:00,1624,1637148806,Andrey Pulyaev,Damian Pinas,2026-10-03T21:00:00Z,0,ou,under,1.5,-132,0,1025,account_ccy,2026-10-03T21:00:00+00:00,3747824775
2026-10-01T04:22:25.054927+00:00,1624,1637148816,Eric Nolan,Court McGee,2026-10-03T21:00:00Z,0,ml,home,,-224,0,2050,account_ccy,2026-10-03T21:00:00+00:00,3747710526
2026-10-01T04:22:25.054927+00:00,1624,1637148816,Eric Nolan,Court McGee,2026-10-03T21:00:00Z,0,ml,away,,188,0,2050,account_ccy,2026-10-03T21:00:00+00:00,3747710526
2026-10-01T04:22:25.054927+00:00,1624,1637148816,Eric Nolan,Court McGee,2026-10-03T21:00:00Z,0,ou,over,2.5,-110,0,1025,account_ccy,2026-10-03T21:00:00+00:00,3747710526
2026-10-01T04:22:25.054927+00:00,1624,1637148816,Eric Nolan,Court McGee,2026-10-03T21:00:00Z,0,ou,under,2.5,-110,0,1025,account_ccy,2026-10-03T21:00:00+00:00,3747710526
2026-10-01T04:22:25.054927+00:00,1624,1637151310,Ismail Naurdiev,Marvin Vettori,2026-10-03T21:00:00Z,0,ml,home,,-127,0,2050,account_ccy,2026-10-03T21:00:00+00:00,3747839914
2026-10-01T04:22:25.054927+00:00,1624,1637151310,Ismail Naurdiev,Marvin Vettori,2026-10-03T21:00:00Z,0,ml,away,,109,0,2050,account_ccy,2026-10-03T21:00:00+00:00,3747839914
2026-10-01T04:22:25.054927+00:00,1624,1637151310,Ismail Naurdiev,Marvin Vettori,2026-10-03T21:00:00Z,0,ou,over,2.5,-233,0,1025,account_ccy,2026-10-03T21:00:00+00:00,3747839914
2026-10-01T04:22:25.054927+00:00,1624,1637151310,Ismail Naurdiev,Marvin Vettori,2026-10-03T21:00:00Z,0,ou,under,2.5,187,0,1025,account_ccy,2026-10-03T21:00:00+00:00,3747839914
2026-10-01T04:22:25.054927+00:00,1624,1636035128,Payton Talbott,Deiveson Figueiredo,2026-10-03T21:00:00Z,0,ml,home,,-670,0,2050,account_ccy,2026-10-03T21:00:00+00:00,3747730084
2026-10-01T04:22:25.054927+00:00,1624,1636035128,Payton Talbott,Deiveson Figueiredo,2026-10-03T21:00:00Z,0,ml,away,,494,0,2050,account_ccy,2026-10-03T21:00:00+00:00,3747730084
2026-10-01T04:22:25.054927+00:00,1624,1636035128,Payton Talbott,Deiveson Figueiredo,2026-10-03T21:00:00Z,0,ou,over,2.5,-122,0,1025,account_ccy,2026-10-03T21:00:00+00:00,3747730084
2026-10-01T04:22:25.054927+00:00,1624,1636035128,Payton Talbott,Deiveson Figueiredo,2026-10-03T21:00:00Z,0,ou,under,2.5,100,0,1025,account_ccy,2026-10-03T21:00:00+00:00,3747730084
2026-10-01T04:22:25.054927+00:00,1624,1637543552,Anthony Romero,Marcus McGhee,2026-10-03T22:45:00Z,0,ml,home,,354,0,950,account_ccy,2026-10-03T22:45:00+00:00,3747705468
2026-10-01T04:22:25.054927+00:00,1624,1637543552,Anthony Romero,Marcus McGhee,2026-10-03T22:45:00Z,0,ml,away,,-450,0,950,account_ccy,2026-10-03T22:45:00+00:00,3747705468
2026-10-01T04:22:25.054927+00:00,1624,1637543552,Anthony Romero,Marcus McGhee,2026-10-03T22:45:00Z,0,ou,over,1.5,-210,0,475,account_ccy,2026-10-03T22:45:00+00:00,3747705468
2026-10-01T04:22:25.054927+00:00,1624,1637543552,Anthony Romero,Marcus McGhee,2026-10-03T22:45:00Z,0,ou,under,1.5,170,0,475,account_ccy,2026-10-03T22:45:00+00:00,3747705468
2026-10-01T04:22:25.054927+00:00,1624,1637148801,Josh Hokit,Ciryl Gane,2026-11-14T22:00:00Z,0,ml,home,,213,0,2050,account_ccy,2026-11-14T22:00:00+00:00,3747216075
2026-10-01T04:22:25.054927+00:00,1624,1637148801,Josh Hokit,Ciryl Gane,2026-11-14T22:00:00Z,0,ml,away,,-256,0,2050,account_ccy,2026-11-14T22:00:00+00:00,3747216075
2026-10-01T04:22:25.054927+00:00,1624,1637146542,Mick Parkin,Johnny Walker,2026-10-03T21:00:00Z,0,ml,home,,113,0,2050,account_ccy,2026-10-03T21:00:00+00:00,3747802421
2026-10-01T04:22:25.054927+00:00,1624,1637146542,Mick Parkin,Johnny Walker,2026-10-03T21:00:00Z,0,ml,away,,-132,0,2050,account_ccy,2026-10-03T21:00:00+00:00,3747802421
2026-10-01T04:22:25.054927+00:00,1624,1637146542,Mick Parkin,Johnny Walker,2026-10-03T21:00:00Z,0,ou,over,1.5,-190,0,1025,account_ccy,2026-10-03T21:00:00+00:00,3747802421
2026-10-01T04:22:25.054927+00:00,1624,1637146542,Mick Parkin,Johnny Walker,2026-10-03T21:00:00Z,0,ou,under,1.5,155,0,1025,account_ccy,2026-10-03T21:00:00+00:00,3747802421
2026-10-01T04:22:25.054927+00:00,1624,1637148508,Alden Coria,Imanol Rodriguez,2026-10-03T21:00:00Z,0,ml,home,,128,0,2050,account_ccy,2026-10-03T21:00:00+00:00,3747689781
2026-10-01T04:22:25.054927+00:00,1624,1637148508,Alden Coria,Imanol Rodriguez,2026-10-03T21:00:00Z,0,ml,away,,-150,0,2050,account_ccy,2026-10-03T21:00:00+00:00,3747689781
2026-10-01T04:22:25.054927+00:00,1624,1637148508,Alden Coria,Imanol Rodriguez,2026-10-03T21:00:00Z,0,ou,over,2.5,-161,0,1025,account_ccy,2026-10-03T21:00:00+00:00,3747689781
2026-10-01T04:22:25.054927+00:00,1624,1637148508,Alden Coria,Imanol Rodriguez,2026-10-03T21:00:00Z,0,ou,under,2.5,132,0,1025,account_ccy,2026-10-03T21:00:00+00:00,3747689781
2026-10-01T04:22:25.054927+00:00,1624,1637148805,Roman Kopylov,Ateba Gautier,2026-10-03T21:00:00Z,0,ml,home,,186,0,2050,account_ccy,2026-10-03T21:00:00+00:00,3747828218
2026-10-01T04:22:25.054927+00:00,1624,1637148805,Roman Kopylov,Ateba Gautier,2026-10-03T21:00:00Z,0,ml,away,,-221,0,2050,account_ccy,2026-10-03T21:00:00+00:00,3747828218
2026-10-01T04:22:25.054927+00:00,1624,1637148805,Roman Kopylov,Ateba Gautier,2026-10-03T21:00:00Z,0,ou,over,1.5,-164,0,1025,account_ccy,2026-10-03T21:00:00+00:00,3747828218
2026-10-01T04:22:25.054927+00:00,1624,1637148805,Roman Kopylov,Ateba Gautier,2026-10-03T21:00:00Z,0,ou,under,1.5,134,0,1025,account_ccy,2026-10-03T21:00:00+00:00,3747828218
2026-10-01T04:22:25.054927+00:00,1624,1635389131,Merab Dvalishvili,Petr Yan,2026-10-24T14:00:00Z,0,ml,home,,150,0,2050,account_ccy,2026-10-24T14:00:00+00:00,3746735253
2026-10-01T04:22:25.054927+00:00,1624,1635389131,Merab Dvalishvili,Petr Yan,2026-10-24T14:00:00Z,0,ml,away,,-176,0,2050,account_ccy,2026-10-24T14:00:00+00:00,3746735253
2026-10-01T04:32:35.622697+00:00,1624,1637148505,Amanda Nunes,Kayla Harrison,2026-11-14T22:00:00Z,0,ml,home,,159,0,2050,account_ccy,2026-11-14T22:00:00+00:00,3737735666
2026-10-01T04:32:35.622697+00:00,1624,1637148505,Amanda Nunes,Kayla Harrison,2026-11-14T22:00:00Z,0,ml,away,,-188,0,2050,account_ccy,2026-11-14T22:00:00+00:00,3737735666
2026-10-01T04:32:35.622697+00:00,1624,1637148802,Esteban Ribovics,King Green,2026-10-03T21:00:00Z,0,ml,home,,-233,0,2050,account_ccy,2026-10-03T21:00:00+00:00,3747589100
2026-10-01T04:32:35.622697+00:00,1624,1637148802,Esteban Ribovics,King Green,2026-10-03T21:00:00Z,0,ml,away,,195,0,2050,account_ccy,2026-10-03T21:00:00+00:00,3747589100
2026-10-01T04:32:35.622697+00:00,1624,1637148802,Esteban Ribovics,King Green,2026-10-03T21:00:00Z,0,ou,over,1.5,-198,0,1025,account_ccy,2026-10-03T21:00:00+00:00,3747589100
2026-10-01T04:32:35.622697+00:00,1624,1637148802,Esteban Ribovics,King Green,2026-10-03T21:00:00Z,0,ou,under,1.5,161,0,1025,account_ccy,2026-10-03T21:00:00+00:00,3747589100
2026-10-01T04:32:35.622697+00:00,1624,1637148510,Lucas Armand,Anthony Wint,2026-10-03T21:00:00Z,0,ml,home,,403,0,2050,account_ccy,2026-10-03T21:00:00+00:00,3747833685
2026-10-01T04:32:35.622697+00:00,1624,1637148510,Lucas Armand,Anthony Wint,2026-10-03T21:00:00Z,0,ml,away,,-524,0,2050,account_ccy,2026-10-03T21:00:00+00:00,3747833685
2026-10-01T04:32:35.622697+00:00,1624,1637148510,Lucas Armand,Anthony Wint,2026-10-03T21:00:00Z,0,ou,over,1.5,187,0,1025,account_ccy,2026-10-03T21:00:00+00:00,3747833685
2026-10-01T04:32:35.622697+00:00,1624,1637148510,Lucas Armand,Anthony Wint,2026-10-03T21:00:00Z,0,ou,under,1.5,-232,0,1025,account_ccy,2026-10-03T21:00:00+00:00,3747833685
2026-10-01T04:32:35.622697+00:00,1624,1637148507,Roberto Soldic,Khaos Williams,2026-10-03T21:00:00Z,0,ml,home,,-252,0,2050,account_ccy,2026-10-03T21:00:00+00:00,3747679509
2026-10-01T04:32:35.622697+00:00,1624,1637148507,Roberto Soldic,Khaos Williams,2026-10-03T21:00:00Z,0,ml,away,,210,0,2050,account_ccy,2026-10-03T21:00:00+00:00,3747679509
2026-10-01T04:32:35.622697+00:00,1624,1637148507,Roberto Soldic,Khaos Williams,2026-10-03T21:00:00Z,0,ou,over,1.5,-101,0,1025,account_ccy,2026-10-03T21:00:00+00:00,3747679509
2026-10-01T04:32:35.622697+00:00,1624,1637148507,Roberto Soldic,Khaos Williams,2026-10-03T21:00:00Z,0,ou,under,1.5,-120,0,1025,account_ccy,2026-10-03T21:00:00+00:00,3747679509
2026-10-01T04:32:35.622697+00:00,1624,1637148811,Alexander Hernandez,Rafael Dos Anjos,2026-10-03T21:00:00Z,0,ml,home,,-286,0,2050,account_ccy,2026-10-03T21:00:00+00:00,3747655962
2026-10-01T04:32:35.622697+00:00,1624,1637148811,Alexander Hernandez,Rafael Dos Anjos,2026-10-03T21:00:00Z,0,ml,away,,236,0,2050,account_ccy,2026-10-03T21:00:00+00:00,3747655962
2026-10-01T04:32:35.622697+00:00,1624,1637148811,Alexander Hernandez,Rafael Dos Anjos,2026-10-03T21:00:00Z,0,ou,over,2.5,-146,0,1025,account_ccy,2026-10-03T21:00:00+00:00,3747655962
2026-10-01T04:32:35.622697+00:00,1624,1637148811,Alexander Hernandez,Rafael Dos Anjos,2026-10-03T21:00:00Z,0,ou,under,2.5,120,0,1025,account_ccy,2026-10-03T21:00:00+00:00,3747655962
2026-10-01T04:32:35.622697+00:00,1624,1635385021,Movsar Evloev,Alexander Volkanovski,2026-10-24T14:00:00Z,0,ml,home,,-110,0,2050,account_ccy,2026-10-24T14:00:00+00:00,3746976945
2026-10-01T04:32:35.622697+00:00,1624,1635385021,Movsar Evloev,Alexander Volkanovski,2026-10-24T14:00:00Z,0,ml,away,,-106,0,2050,account_ccy,2026-10-24T14:00:00+00:00,3746976945
2026-10-01T04:32:35.622697+00:00,1624,1636035127,Wang Cong,Natalia Silva,2026-10-03T21:00:00Z,0,ml,home,,180,0,2050,account_ccy,2026-10-03T21:00:00+00:00,3747731481
2026-10-01T04:32:35.622697+00:00,1624,1636035127,Wang Cong,Natalia Silva,2026-10-03T21:00:00Z,0,ml,away,,-214,0,2050,account_ccy,2026-10-03T21:00:00+00:00,3747731481
2026-10-01T04:32:35.622697+00:00,1624,1636035127,Wang Cong,Natalia Silva,2026-10-03T21:00:00Z,0,ou,over,4.5,-299,0,1025,account_ccy,2026-10-03T21:00:00+00:00,3747731481
2026-10-01T04:32:35.622697+00:00,1624,1636035127,Wang Cong,Natalia Silva,2026-10-03T21:00:00Z,0,ou,under,4.5,236,0,1025,account_ccy,2026-10-03T21:00:00+00:00,3747731481
2026-10-01T04:32:35.622697+00:00,1624,1637388045,Bruce Whitehead,Jacobe Smith,2026-10-03T21:00:00Z,0,ml,home,,701,0,2050,account_ccy,2026-10-03T21:00:00+00:00,3747833685
2026-10-01T04:32:35.622697+00:00,1624,1637388045,Bruce Whitehead,Jacobe Smith,2026-10-03T21:00:00Z,0,ml,away,,-1058,0,2050,account_ccy,2026-10-03T21:00:00+00:00,3747833685
2026-10-01T04:32:35.622697+00:00,1624,1637388045,Bruce Whitehead,Jacobe Smith,2026-10-03T21:00:00Z,0,ou,over,1.5,217,0,1025,account_ccy,2026-10-03T21:00:00+00:00,3747833685
2026-10-01T04:32:35.622697+00:00,1624,1637388045,Bruce Whitehead,Jacobe Smith,2026-10-03T21:00:00Z,0,ou,under,1.5,-273,0,1025,account_ccy,2026-10-03T21:00:00+00:00,3747833685
2026-10-01T04:32:35.622697+00:00,1624,1637148806,Andrey Pulyaev,Damian Pinas,2026-10-03T21:00:00Z,0,ml,home,,443,0,2050,account_ccy,2026-10-03T21:00:00+00:00,3747824775
2026-10-01T04:32:35.622697+00:00,1624,1637148806,Andrey Pulyaev,Damian Pinas,2026-10-03T21:00:00Z,0,ml,away,,-586,0,2050,account_ccy,2026-10-03T21:00:00+00:00,3747824775
2026-10-01T04:32:35.622697+00:00,1624,1637148806,Andrey Pulyaev,Damian Pinas,2026-10-03T21:00:00Z,0,ou,over,1.5,109,0,1025,account_ccy,2026-10-03T21:00:00+00:00,3747824775
2026-10-01T04:32:35.622697+00:00,1624,1637148806,Andrey Pulyaev,Damian Pinas,2026-10-03T21:00:00Z,0,ou,under,1.5,-132,0,1025,account_ccy,2026-10-03T21:00:00+00:00,3747824775
2026-10-01T04:32:35.622697+00:00,1624,1637148816,Eric Nolan,Court McGee,2026-10-03T21:00:00Z,0,ml,home,,-224,0,2050,account_ccy,2026-10-03T21:00:00+00:00,3747710526
2026-10-01T04:32:35.622697+00:00,1624,1637148816,Eric Nolan,Court McGee,2026-10-03T21:00:00Z,0,ml,away,,188,0,2050,account_ccy,2026-10-03T21:00:00+00:00,3747710526
2026-10-01T04:32:35.622697+00:00,1624,1637148816,Eric Nolan,Court McGee,2026-10-03T21:00:00Z,0,ou,over,2.5,-110,0,1025,account_ccy,2026-10-03T21:00:00+00:00,3747710526
2026-10-01T04:32:35.622697+00:00,1624,1637148816,Eric Nolan,Court McGee,2026-10-03T21:00:00Z,0,ou,under,2.5,-110,0,1025,account_ccy,2026-10-03T21:00:00+00:00,3747710526
2026-10-01T04:32:35.622697+00:00,1624,1637151310,Ismail Naurdiev,Marvin Vettori,2026-10-03T21:00:00Z,0,ml,home,,-127,0,2050,account_ccy,2026-10-03T21:00:00+00:00,3747839914
2026-10-01T04:32:35.622697+00:00,1624,1637151310,Ismail Naurdiev,Marvin Vettori,2026-10-03T21:00:00Z,0,ml,away,,109,0,2050,account_ccy,2026-10-03T21:00:00+00:00,3747839914
2026-10-01T04:32:35.622697+00:00,1624,1637151310,Ismail Naurdiev,Marvin Vettori,2026-10-03T21:00:00Z,0,ou,over,2.5,-233,0,1025,account_ccy,2026-10-03T21:00:00+00:00,3747839914
2026-10-01T04:32:35.622697+00:00,1624,1637151310,Ismail Naurdiev,Marvin Vettori,2026-10-03T21:00:00Z,0,ou,under,2.5,187,0,1025,account_ccy,2026-10-03T21:00:00+00:00,3747839914
2026-10-01T04:32:35.622697+00:00,1624,1636035128,Payton Talbott,Deiveson Figueiredo,2026-10-03T21:00:00Z,0,ml,home,,-670,0,2050,account_ccy,2026-10-03T21:00:00+00:00,3747730084
2026-10-01T04:32:35.622697+00:00,1624,1636035128,Payton Talbott,Deiveson Figueiredo,2026-10-03T21:00:00Z,0,ml,away,,494,0,2050,account_ccy,2026-10-03T21:00:00+00:00,3747730084
2026-10-01T04:32:35.622697+00:00,1624,1636035128,Payton Talbott,Deiveson Figueiredo,2026-10-03T21:00:00Z,0,ou,over,2.5,-122,0,1025,account_ccy,2026-10-03T21:00:00+00:00,3747730084
2026-10-01T04:32:35.622697+00:00,1624,1636035128,Payton Talbott,Deiveson Figueiredo,2026-10-03T21:00:00Z,0,ou,under,2.5,100,0,1025,account_ccy,2026-10-03T21:00:00+00:00,3747730084
2026-10-01T04:32:35.622697+00:00,1624,1637543552,Anthony Romero,Marcus McGhee,2026-10-03T22:45:00Z,0,ml,home,,354,0,950,account_ccy,2026-10-03T22:45:00+00:00,3747705468
2026-10-01T04:32:35.622697+00:00,1624,1637543552,Anthony Romero,Marcus McGhee,2026-10-03T22:45:00Z,0,ml,away,,-450,0,950,account_ccy,2026-10-03T22:45:00+00:00,3747705468
2026-10-01T04:32:35.622697+00:00,1624,1637543552,Anthony Romero,Marcus McGhee,2026-10-03T22:45:00Z,0,ou,over,1.5,-210,0,475,account_ccy,2026-10-03T22:45:00+00:00,3747705468
2026-10-01T04:32:35.622697+00:00,1624,1637543552,Anthony Romero,Marcus McGhee,2026-10-03T22:45:00Z,0,ou,under,1.5,170,0,475,account_ccy,2026-10-03T22:45:00+00:00,3747705468
2026-10-01T04:32:35.622697+00:00,1624,1637148801,Josh Hokit,Ciryl Gane,2026-11-14T22:00:00Z,0,ml,home,,213,0,2050,account_ccy,2026-11-14T22:00:00+00:00,3747216075
2026-10-01T04:32:35.622697+00:00,1624,1637148801,Josh Hokit,Ciryl Gane,2026-11-14T22:00:00Z,0,ml,away,,-256,0,2050,account_ccy,2026-11-14T22:00:00+00:00,3747216075
2026-10-01T04:32:35.622697+00:00,1624,1637146542,Mick Parkin,Johnny Walker,2026-10-03T21:00:00Z,0,ml,home,,113,0,2050,account_ccy,2026-10-03T21:00:00+00:00,3747802421
2026-10-01T04:32:35.622697+00:00,1624,1637146542,Mick Parkin,Johnny Walker,2026-10-03T21:00:00Z,0,ml,away,,-132,0,2050,account_ccy,2026-10-03T21:00:00+00:00,3747802421
2026-10-01T04:32:35.622697+00:00,1624,1637146542,Mick Parkin,Johnny Walker,2026-10-03T21:00:00Z,0,ou,over,1.5,-190,0,1025,account_ccy,2026-10-03T21:00:00+00:00,3747802421
2026-10-01T04:32:35.622697+00:00,1624,1637146542,Mick Parkin,Johnny Walker,2026-10-03T21:00:00Z,0,ou,under,1.5,155,0,1025,account_ccy,2026-10-03T21:00:00+00:00,3747802421
2026-10-01T04:32:35.622697+00:00,1624,1637148508,Alden Coria,Imanol Rodriguez,2026-10-03T21:00:00Z,0,ml,home,,128,0,2050,account_ccy,2026-10-03T21:00:00+00:00,3747689781
2026-10-01T04:32:35.622697+00:00,1624,1637148508,Alden Coria,Imanol Rodriguez,2026-10-03T21:00:00Z,0,ml,away,,-150,0,2050,account_ccy,2026-10-03T21:00:00+00:00,3747689781
2026-10-01T04:32:35.622697+00:00,1624,1637148508,Alden Coria,Imanol Rodriguez,2026-10-03T21:00:00Z,0,ou,over,2.5,-161,0,1025,account_ccy,2026-10-03T21:00:00+00:00,3747689781
2026-10-01T04:32:35.622697+00:00,1624,1637148508,Alden Coria,Imanol Rodriguez,2026-10-03T21:00:00Z,0,ou,under,2.5,132,0,1025,account_ccy,2026-10-03T21:00:00+00:00,3747689781
2026-10-01T04:32:35.622697+00:00,1624,1637148805,Roman Kopylov,Ateba Gautier,2026-10-03T21:00:00Z,0,ml,home,,186,0,2050,account_ccy,2026-10-03T21:00:00+00:00,3747828218
2026-10-01T04:32:35.622697+00:00,1624,1637148805,Roman Kopylov,Ateba Gautier,2026-10-03T21:00:00Z,0,ml,away,,-221,0,2050,account_ccy,2026-10-03T21:00:00+00:00,3747828218
2026-10-01T04:32:35.622697+00:00,1624,1637148805,Roman Kopylov,Ateba Gautier,2026-10-03T21:00:00Z,0,ou,over,1.5,-164,0,1025,account_ccy,2026-10-03T21:00:00+00:00,3747828218
2026-10-01T04:32:35.622697+00:00,1624,1637148805,Roman Kopylov,Ateba Gautier,2026-10-03T21:00:00Z,0,ou,under,1.5,134,0,1025,account_ccy,2026-10-03T21:00:00+00:00,3747828218
2026-10-01T04:32:35.622697+00:00,1624,1635389131,Merab Dvalishvili,Petr Yan,2026-10-24T14:00:00Z,0,ml,home,,150,0,2050,account_ccy,2026-10-24T14:00:00+00:00,3746735253
2026-10-01T04:32:35.622697+00:00,1624,1635389131,Merab Dvalishvili,Petr Yan,2026-10-24T14:00:00Z,0,ml,away,,-176,0,2050,account_ccy,2026-10-24T14:00:00+00:00,3746735253
2026-10-01T04:42:45.741867+00:00,1624,1637148507,Roberto Soldic,Khaos Williams,2026-10-03T21:00:00Z,0,ml,home,,-252,0,2050,account_ccy,2026-10-03T21:00:00+00:00,3747679509
2026-10-01T04:42:45.741867+00:00,1624,1637148507,Roberto Soldic,Khaos Williams,2026-10-03T21:00:00Z,0,ml,away,,210,0,2050,account_ccy,2026-10-03T21:00:00+00:00,3747679509
2026-10-01T04:42:45.741867+00:00,1624,1637148507,Roberto Soldic,Khaos Williams,2026-10-03T21:00:00Z,0,ou,over,1.5,-101,0,1025,account_ccy,2026-10-03T21:00:00+00:00,3747679509
2026-10-01T04:42:45.741867+00:00,1624,1637148507,Roberto Soldic,Khaos Williams,2026-10-03T21:00:00Z,0,ou,under,1.5,-120,0,1025,account_ccy,2026-10-03T21:00:00+00:00,3747679509
2026-10-01T04:42:45.741867+00:00,1624,1637146542,Mick Parkin,Johnny Walker,2026-10-03T21:00:00Z,0,ml,home,,113,0,2050,account_ccy,2026-10-03T21:00:00+00:00,3747802421
2026-10-01T04:42:45.741867+00:00,1624,1637146542,Mick Parkin,Johnny Walker,2026-10-03T21:00:00Z,0,ml,away,,-132,0,2050,account_ccy,2026-10-03T21:00:00+00:00,3747802421
2026-10-01T04:42:45.741867+00:00,1624,1637146542,Mick Parkin,Johnny Walker,2026-10-03T21:00:00Z,0,ou,over,1.5,-190,0,1025,account_ccy,2026-10-03T21:00:00+00:00,3747802421
2026-10-01T04:42:45.741867+00:00,1624,1637146542,Mick Parkin,Johnny Walker,2026-10-03T21:00:00Z,0,ou,under,1.5,155,0,1025,account_ccy,2026-10-03T21:00:00+00:00,3747802421
2026-10-01T04:42:45.741867+00:00,1624,1636035128,Payton Talbott,Deiveson Figueiredo,2026-10-03T21:00:00Z,0,ml,home,,-670,0,2050,account_ccy,2026-10-03T21:00:00+00:00,3747730084
2026-10-01T04:42:45.741867+00:00,1624,1636035128,Payton Talbott,Deiveson Figueiredo,2026-10-03T21:00:00Z,0,ml,away,,494,0,2050,account_ccy,2026-10-03T21:00:00+00:00,3747730084
2026-10-01T04:42:45.741867+00:00,1624,1636035128,Payton Talbott,Deiveson Figueiredo,2026-10-03T21:00:00Z,0,ou,over,2.5,-122,0,1025,account_ccy,2026-10-03T21:00:00+00:00,3747730084
2026-10-01T04:42:45.741867+00:00,1624,1636035128,Payton Talbott,Deiveson Figueiredo,2026-10-03T21:00:00Z,0,ou,under,2.5,100,0,1025,account_ccy,2026-10-03T21:00:00+00:00,3747730084
2026-10-01T04:42:45.741867+00:00,1624,1637148505,Amanda Nunes,Kayla Harrison,2026-11-14T22:00:00Z,0,ml,home,,159,0,2050,account_ccy,2026-11-14T22:00:00+00:00,3737735666
2026-10-01T04:42:45.741867+00:00,1624,1637148505,Amanda Nunes,Kayla Harrison,2026-11-14T22:00:00Z,0,ml,away,,-188,0,2050,account_ccy,2026-11-14T22:00:00+00:00,3737735666
2026-10-01T04:42:45.741867+00:00,1624,1637148811,Alexander Hernandez,Rafael Dos Anjos,2026-10-03T21:00:00Z,0,ml,home,,-286,0,2050,account_ccy,2026-10-03T21:00:00+00:00,3747655962
2026-10-01T04:42:45.741867+00:00,1624,1637148811,Alexander Hernandez,Rafael Dos Anjos,2026-10-03T21:00:00Z,0,ml,away,,236,0,2050,account_ccy,2026-10-03T21:00:00+00:00,3747655962
2026-10-01T04:42:45.741867+00:00,1624,1637148811,Alexander Hernandez,Rafael Dos Anjos,2026-10-03T21:00:00Z,0,ou,over,2.5,-146,0,1025,account_ccy,2026-10-03T21:00:00+00:00,3747655962
2026-10-01T04:42:45.741867+00:00,1624,1637148811,Alexander Hernandez,Rafael Dos Anjos,2026-10-03T21:00:00Z,0,ou,under,2.5,120,0,1025,account_ccy,2026-10-03T21:00:00+00:00,3747655962
2026-10-01T04:42:45.741867+00:00,1624,1635389131,Merab Dvalishvili,Petr Yan,2026-10-24T14:00:00Z,0,ml,home,,150,0,2050,account_ccy,2026-10-24T14:00:00+00:00,3746735253
2026-10-01T04:42:45.741867+00:00,1624,1635389131,Merab Dvalishvili,Petr Yan,2026-10-24T14:00:00Z,0,ml,away,,-176,0,2050,account_ccy,2026-10-24T14:00:00+00:00,3746735253
2026-10-01T04:42:45.741867+00:00,1624,1637543552,Anthony Romero,Marcus McGhee,2026-10-03T22:45:00Z,0,ml,home,,354,0,950,account_ccy,2026-10-03T22:45:00+00:00,3747705468
2026-10-01T04:42:45.741867+00:00,1624,1637543552,Anthony Romero,Marcus McGhee,2026-10-03T22:45:00Z,0,ml,away,,-450,0,950,account_ccy,2026-10-03T22:45:00+00:00,3747705468
2026-10-01T04:42:45.741867+00:00,1624,1637543552,Anthony Romero,Marcus McGhee,2026-10-03T22:45:00Z,0,ou,over,1.5,-210,0,475,account_ccy,2026-10-03T22:45:00+00:00,3747705468
2026-10-01T04:42:45.741867+00:00,1624,1637543552,Anthony Romero,Marcus McGhee,2026-10-03T22:45:00Z,0,ou,under,1.5,170,0,475,account_ccy,2026-10-03T22:45:00+00:00,3747705468
2026-10-01T04:42:45.741867+00:00,1624,1637148805,Roman Kopylov,Ateba Gautier,2026-10-03T21:00:00Z,0,ml,home,,186,0,2050,account_ccy,2026-10-03T21:00:00+00:00,3747828218
2026-10-01T04:42:45.741867+00:00,1624,1637148805,Roman Kopylov,Ateba Gautier,2026-10-03T21:00:00Z,0,ml,away,,-221,0,2050,account_ccy,2026-10-03T21:00:00+00:00,3747828218
2026-10-01T04:42:45.741867+00:00,1624,1637148805,Roman Kopylov,Ateba Gautier,2026-10-03T21:00:00Z,0,ou,over,1.5,-164,0,1025,account_ccy,2026-10-03T21:00:00+00:00,3747828218
2026-10-01T04:42:45.741867+00:00,1624,1637148805,Roman Kopylov,Ateba Gautier,2026-10-03T21:00:00Z,0,ou,under,1.5,134,0,1025,account_ccy,2026-10-03T21:00:00+00:00,3747828218
2026-10-01T04:42:45.741867+00:00,1624,1637148806,Andrey Pulyaev,Damian Pinas,2026-10-03T21:00:00Z,0,ml,home,,443,0,2050,account_ccy,2026-10-03T21:00:00+00:00,3747824775
2026-10-01T04:42:45.741867+00:00,1624,1637148806,Andrey Pulyaev,Damian Pinas,2026-10-03T21:00:00Z,0,ml,away,,-586,0,2050,account_ccy,2026-10-03T21:00:00+00:00,3747824775
2026-10-01T04:42:45.741867+00:00,1624,1637148806,Andrey Pulyaev,Damian Pinas,2026-10-03T21:00:00Z,0,ou,over,1.5,109,0,1025,account_ccy,2026-10-03T21:00:00+00:00,3747824775
2026-10-01T04:42:45.741867+00:00,1624,1637148806,Andrey Pulyaev,Damian Pinas,2026-10-03T21:00:00Z,0,ou,under,1.5,-132,0,1025,account_ccy,2026-10-03T21:00:00+00:00,3747824775
2026-10-01T04:42:45.741867+00:00,1624,1636035127,Wang Cong,Natalia Silva,2026-10-03T21:00:00Z,0,ml,home,,180,0,2050,account_ccy,2026-10-03T21:00:00+00:00,3747731481
2026-10-01T04:42:45.741867+00:00,1624,1636035127,Wang Cong,Natalia Silva,2026-10-03T21:00:00Z,0,ml,away,,-214,0,2050,account_ccy,2026-10-03T21:00:00+00:00,3747731481
2026-10-01T04:42:45.741867+00:00,1624,1636035127,Wang Cong,Natalia Silva,2026-10-03T21:00:00Z,0,ou,over,4.5,-299,0,1025,account_ccy,2026-10-03T21:00:00+00:00,3747731481
2026-10-01T04:42:45.741867+00:00,1624,1636035127,Wang Cong,Natalia Silva,2026-10-03T21:00:00Z,0,ou,under,4.5,236,0,1025,account_ccy,2026-10-03T21:00:00+00:00,3747731481
2026-10-01T04:42:45.741867+00:00,1624,1637388045,Bruce Whitehead,Jacobe Smith,2026-10-03T21:00:00Z,0,ml,home,,701,0,2050,account_ccy,2026-10-03T21:00:00+00:00,3747833685
2026-10-01T04:42:45.741867+00:00,1624,1637388045,Bruce Whitehead,Jacobe Smith,2026-10-03T21:00:00Z,0,ml,away,,-1058,0,2050,account_ccy,2026-10-03T21:00:00+00:00,3747833685
2026-10-01T04:42:45.741867+00:00,1624,1637388045,Bruce Whitehead,Jacobe Smith,2026-10-03T21:00:00Z,0,ou,over,1.5,217,0,1025,account_ccy,2026-10-03T21:00:00+00:00,3747833685
2026-10-01T04:42:45.741867+00:00,1624,1637388045,Bruce Whitehead,Jacobe Smith,2026-10-03T21:00:00Z,0,ou,under,1.5,-273,0,1025,account_ccy,2026-10-03T21:00:00+00:00,3747833685
2026-10-01T04:42:45.741867+00:00,1624,1637148801,Josh Hokit,Ciryl Gane,2026-11-14T22:00:00Z,0,ml,home,,213,0,2050,account_ccy,2026-11-14T22:00:00+00:00,3747216075
2026-10-01T04:42:45.741867+00:00,1624,1637148801,Josh Hokit,Ciryl Gane,2026-11-14T22:00:00Z,0,ml,away,,-256,0,2050,account_ccy,2026-11-14T22:00:00+00:00,3747216075
2026-10-01T04:42:45.741867+00:00,1624,1637148802,Esteban Ribovics,King Green,2026-10-03T21:00:00Z,0,ml,home,,-233,0,2050,account_ccy,2026-10-03T21:00:00+00:00,3747589100
2026-10-01T04:42:45.741867+00:00,1624,1637148802,Esteban Ribovics,King Green,2026-10-03T21:00:00Z,0,ml,away,,195,0,2050,account_ccy,2026-10-03T21:00:00+00:00,3747589100
2026-10-01T04:42:45.741867+00:00,1624,1637148802,Esteban Ribovics,King Green,2026-10-03T21:00:00Z,0,ou,over,1.5,-198,0,1025,account_ccy,2026-10-03T21:00:00+00:00,3747589100
2026-10-01T04:42:45.741867+00:00,1624,1637148802,Esteban Ribovics,King Green,2026-10-03T21:00:00Z,0,ou,under,1.5,161,0,1025,account_ccy,2026-10-03T21:00:00+00:00,3747589100
2026-10-01T04:42:45.741867+00:00,1624,1637148510,Lucas Armand,Anthony Wint,2026-10-03T21:00:00Z,0,ml,home,,403,0,2050,account_ccy,2026-10-03T21:00:00+00:00,3747833685
2026-10-01T04:42:45.741867+00:00,1624,1637148510,Lucas Armand,Anthony Wint,2026-10-03T21:00:00Z,0,ml,away,,-524,0,2050,account_ccy,2026-10-03T21:00:00+00:00,3747833685
2026-10-01T04:42:45.741867+00:00,1624,1637148510,Lucas Armand,Anthony Wint,2026-10-03T21:00:00Z,0,ou,over,1.5,187,0,1025,account_ccy,2026-10-03T21:00:00+00:00,3747833685
2026-10-01T04:42:45.741867+00:00,1624,1637148510,Lucas Armand,Anthony Wint,2026-10-03T21:00:00Z,0,ou,under,1.5,-232,0,1025,account_ccy,2026-10-03T21:00:00+00:00,3747833685
2026-10-01T04:42:45.741867+00:00,1624,1637148816,Eric Nolan,Court McGee,2026-10-03T21:00:00Z,0,ml,home,,-224,0,2050,account_ccy,2026-10-03T21:00:00+00:00,3747710526
2026-10-01T04:42:45.741867+00:00,1624,1637148816,Eric Nolan,Court McGee,2026-10-03T21:00:00Z,0,ml,away,,188,0,2050,account_ccy,2026-10-03T21:00:00+00:00,3747710526
2026-10-01T04:42:45.741867+00:00,1624,1637148816,Eric Nolan,Court McGee,2026-10-03T21:00:00Z,0,ou,over,2.5,-110,0,1025,account_ccy,2026-10-03T21:00:00+00:00,3747710526
2026-10-01T04:42:45.741867+00:00,1624,1637148816,Eric Nolan,Court McGee,2026-10-03T21:00:00Z,0,ou,under,2.5,-110,0,1025,account_ccy,2026-10-03T21:00:00+00:00,3747710526
2026-10-01T04:42:45.741867+00:00,1624,1635385021,Movsar Evloev,Alexander Volkanovski,2026-10-24T14:00:00Z,0,ml,home,,-110,0,2050,account_ccy,2026-10-24T14:00:00+00:00,3746976945
2026-10-01T04:42:45.741867+00:00,1624,1635385021,Movsar Evloev,Alexander Volkanovski,2026-10-24T14:00:00Z,0,ml,away,,-106,0,2050,account_ccy,2026-10-24T14:00:00+00:00,3746976945
2026-10-01T04:42:45.741867+00:00,1624,1637148508,Alden Coria,Imanol Rodriguez,2026-10-03T21:00:00Z,0,ml,home,,128,0,2050,account_ccy,2026-10-03T21:00:00+00:00,3747689781
2026-10-01T04:42:45.741867+00:00,1624,1637148508,Alden Coria,Imanol Rodriguez,2026-10-03T21:00:00Z,0,ml,away,,-150,0,2050,account_ccy,2026-10-03T21:00:00+00:00,3747689781
2026-10-01T04:42:45.741867+00:00,1624,1637148508,Alden Coria,Imanol Rodriguez,2026-10-03T21:00:00Z,0,ou,over,2.5,-161,0,1025,account_ccy,2026-10-03T21:00:00+00:00,3747689781
2026-10-01T04:42:45.741867+00:00,1624,1637148508,Alden Coria,Imanol Rodriguez,2026-10-03T21:00:00Z,0,ou,under,2.5,132,0,1025,account_ccy,2026-10-03T21:00:00+00:00,3747689781
2026-10-01T04:42:45.741867+00:00,1624,1637151310,Ismail Naurdiev,Marvin Vettori,2026-10-03T21:00:00Z,0,ml,home,,-127,0,2050,account_ccy,2026-10-03T21:00:00+00:00,3747839914
2026-10-01T04:42:45.741867+00:00,1624,1637151310,Ismail Naurdiev,Marvin Vettori,2026-10-03T21:00:00Z,0,ml,away,,109,0,2050,account_ccy,2026-10-03T21:00:00+00:00,3747839914
2026-10-01T04:42:45.741867+00:00,1624,1637151310,Ismail Naurdiev,Marvin Vettori,2026-10-03T21:00:00Z,0,ou,over,2.5,-233,0,1025,account_ccy,2026-10-03T21:00:00+00:00,3747839914
2026-10-01T04:42:45.741867+00:00,1624,1637151310,Ismail Naurdiev,Marvin Vettori,2026-10-03T21:00:00Z,0,ou,under,2.5,187,0,1025,account_ccy,2026-10-03T21:00:00+00:00,3747839914
2026-10-01T04:52:55.882006+00:00,1624,1637148806,Andrey Pulyaev,Damian Pinas,2026-10-03T21:00:00Z,0,ml,home,,443,0,2050,account_ccy,2026-10-03T21:00:00+00:00,3747824775
2026-10-01T04:52:55.882006+00:00,1624,1637148806,Andrey Pulyaev,Damian Pinas,2026-10-03T21:00:00Z,0,ml,away,,-586,0,2050,account_ccy,2026-10-03T21:00:00+00:00,3747824775
2026-10-01T04:52:55.882006+00:00,1624,1637148806,Andrey Pulyaev,Damian Pinas,2026-10-03T21:00:00Z,0,ou,over,1.5,109,0,1025,account_ccy,2026-10-03T21:00:00+00:00,3747824775
2026-10-01T04:52:55.882006+00:00,1624,1637148806,Andrey Pulyaev,Damian Pinas,2026-10-03T21:00:00Z,0,ou,under,1.5,-132,0,1025,account_ccy,2026-10-03T21:00:00+00:00,3747824775
2026-10-01T04:52:55.882006+00:00,1624,1637146542,Mick Parkin,Johnny Walker,2026-10-03T21:00:00Z,0,ml,home,,113,0,2050,account_ccy,2026-10-03T21:00:00+00:00,3747802421
2026-10-01T04:52:55.882006+00:00,1624,1637146542,Mick Parkin,Johnny Walker,2026-10-03T21:00:00Z,0,ml,away,,-132,0,2050,account_ccy,2026-10-03T21:00:00+00:00,3747802421
2026-10-01T04:52:55.882006+00:00,1624,1637146542,Mick Parkin,Johnny Walker,2026-10-03T21:00:00Z,0,ou,over,1.5,-190,0,1025,account_ccy,2026-10-03T21:00:00+00:00,3747802421
2026-10-01T04:52:55.882006+00:00,1624,1637146542,Mick Parkin,Johnny Walker,2026-10-03T21:00:00Z,0,ou,under,1.5,155,0,1025,account_ccy,2026-10-03T21:00:00+00:00,3747802421
2026-10-01T04:52:55.882006+00:00,1624,1637543552,Anthony Romero,Marcus McGhee,2026-10-03T22:45:00Z,0,ml,home,,354,0,950,account_ccy,2026-10-03T22:45:00+00:00,3747705468
2026-10-01T04:52:55.882006+00:00,1624,1637543552,Anthony Romero,Marcus McGhee,2026-10-03T22:45:00Z,0,ml,away,,-450,0,950,account_ccy,2026-10-03T22:45:00+00:00,3747705468
2026-10-01T04:52:55.882006+00:00,1624,1637543552,Anthony Romero,Marcus McGhee,2026-10-03T22:45:00Z,0,ou,over,1.5,-210,0,475,account_ccy,2026-10-03T22:45:00+00:00,3747705468
2026-10-01T04:52:55.882006+00:00,1624,1637543552,Anthony Romero,Marcus McGhee,2026-10-03T22:45:00Z,0,ou,under,1.5,170,0,475,account_ccy,2026-10-03T22:45:00+00:00,3747705468
2026-10-01T04:52:55.882006+00:00,1624,1637148508,Alden Coria,Imanol Rodriguez,2026-10-03T21:00:00Z,0,ml,home,,128,0,2050,account_ccy,2026-10-03T21:00:00+00:00,3747689781
2026-10-01T04:52:55.882006+00:00,1624,1637148508,Alden Coria,Imanol Rodriguez,2026-10-03T21:00:00Z,0,ml,away,,-150,0,2050,account_ccy,2026-10-03T21:00:00+00:00,3747689781
2026-10-01T04:52:55.882006+00:00,1624,1637148508,Alden Coria,Imanol Rodriguez,2026-10-03T21:00:00Z,0,ou,over,2.5,-161,0,1025,account_ccy,2026-10-03T21:00:00+00:00,3747689781
2026-10-01T04:52:55.882006+00:00,1624,1637148508,Alden Coria,Imanol Rodriguez,2026-10-03T21:00:00Z,0,ou,under,2.5,132,0,1025,account_ccy,2026-10-03T21:00:00+00:00,3747689781
2026-10-01T04:52:55.882006+00:00,1624,1637148505,Amanda Nunes,Kayla Harrison,2026-11-14T22:00:00Z,0,ml,home,,159,0,2050,account_ccy,2026-11-14T22:00:00+00:00,3737735666
2026-10-01T04:52:55.882006+00:00,1624,1637148505,Amanda Nunes,Kayla Harrison,2026-11-14T22:00:00Z,0,ml,away,,-188,0,2050,account_ccy,2026-11-14T22:00:00+00:00,3737735666
2026-10-01T04:52:55.882006+00:00,1624,1635385021,Movsar Evloev,Alexander Volkanovski,2026-10-24T14:00:00Z,0,ml,home,,-110,0,2050,account_ccy,2026-10-24T14:00:00+00:00,3746976945
2026-10-01T04:52:55.882006+00:00,1624,1635385021,Movsar Evloev,Alexander Volkanovski,2026-10-24T14:00:00Z,0,ml,away,,-106,0,2050,account_ccy,2026-10-24T14:00:00+00:00,3746976945
2026-10-01T04:52:55.882006+00:00,1624,1637148811,Alexander Hernandez,Rafael Dos Anjos,2026-10-03T21:00:00Z,0,ml,home,,-291,0,2050,account_ccy,2026-10-03T21:00:00+00:00,3747880333
2026-10-01T04:52:55.882006+00:00,1624,1637148811,Alexander Hernandez,Rafael Dos Anjos,2026-10-03T21:00:00Z,0,ml,away,,240,0,2050,account_ccy,2026-10-03T21:00:00+00:00,3747880333
2026-10-01T04:52:55.882006+00:00,1624,1637148811,Alexander Hernandez,Rafael Dos Anjos,2026-10-03T21:00:00Z,0,ou,over,2.5,-146,0,1025,account_ccy,2026-10-03T21:00:00+00:00,3747880333
2026-10-01T04:52:55.882006+00:00,1624,1637148811,Alexander Hernandez,Rafael Dos Anjos,2026-10-03T21:00:00Z,0,ou,under,2.5,120,0,1025,account_ccy,2026-10-03T21:00:00+00:00,3747880333
2026-10-01T04:52:55.882006+00:00,1624,1636035128,Payton Talbott,Deiveson Figueiredo,2026-10-03T21:00:00Z,0,ml,home,,-670,0,2050,account_ccy,2026-10-03T21:00:00+00:00,3747730084
2026-10-01T04:52:55.882006+00:00,1624,1636035128,Payton Talbott,Deiveson Figueiredo,2026-10-03T21:00:00Z,0,ml,away,,494,0,2050,account_ccy,2026-10-03T21:00:00+00:00,3747730084
2026-10-01T04:52:55.882006+00:00,1624,1636035128,Payton Talbott,Deiveson Figueiredo,2026-10-03T21:00:00Z,0,ou,over,2.5,-122,0,1025,account_ccy,2026-10-03T21:00:00+00:00,3747730084
2026-10-01T04:52:55.882006+00:00,1624,1636035128,Payton Talbott,Deiveson Figueiredo,2026-10-03T21:00:00Z,0,ou,under,2.5,100,0,1025,account_ccy,2026-10-03T21:00:00+00:00,3747730084
2026-10-01T04:52:55.882006+00:00,1624,1637148510,Lucas Armand,Anthony Wint,2026-10-03T21:00:00Z,0,ml,home,,403,0,2050,account_ccy,2026-10-03T21:00:00+00:00,3747833685
2026-10-01T04:52:55.882006+00:00,1624,1637148510,Lucas Armand,Anthony Wint,2026-10-03T21:00:00Z,0,ml,away,,-524,0,2050,account_ccy,2026-10-03T21:00:00+00:00,3747833685
2026-10-01T04:52:55.882006+00:00,1624,1637148510,Lucas Armand,Anthony Wint,2026-10-03T21:00:00Z,0,ou,over,1.5,187,0,1025,account_ccy,2026-10-03T21:00:00+00:00,3747833685
2026-10-01T04:52:55.882006+00:00,1624,1637148510,Lucas Armand,Anthony Wint,2026-10-03T21:00:00Z,0,ou,under,1.5,-232,0,1025,account_ccy,2026-10-03T21:00:00+00:00,3747833685
2026-10-01T04:52:55.882006+00:00,1624,1637148816,Eric Nolan,Court McGee,2026-10-03T21:00:00Z,0,ml,home,,-224,0,2050,account_ccy,2026-10-03T21:00:00+00:00,3747710526
2026-10-01T04:52:55.882006+00:00,1624,1637148816,Eric Nolan,Court McGee,2026-10-03T21:00:00Z,0,ml,away,,188,0,2050,account_ccy,2026-10-03T21:00:00+00:00,3747710526
2026-10-01T04:52:55.882006+00:00,1624,1637148816,Eric Nolan,Court McGee,2026-10-03T21:00:00Z,0,ou,over,2.5,-110,0,1025,account_ccy,2026-10-03T21:00:00+00:00,3747710526
2026-10-01T04:52:55.882006+00:00,1624,1637148816,Eric Nolan,Court McGee,2026-10-03T21:00:00Z,0,ou,under,2.5,-110,0,1025,account_ccy,2026-10-03T21:00:00+00:00,3747710526
2026-10-01T04:52:55.882006+00:00,1624,1637148805,Roman Kopylov,Ateba Gautier,2026-10-03T21:00:00Z,0,ml,home,,186,0,2050,account_ccy,2026-10-03T21:00:00+00:00,3747828218
2026-10-01T04:52:55.882006+00:00,1624,1637148805,Roman Kopylov,Ateba Gautier,2026-10-03T21:00:00Z,0,ml,away,,-221,0,2050,account_ccy,2026-10-03T21:00:00+00:00,3747828218
2026-10-01T04:52:55.882006+00:00,1624,1637148805,Roman Kopylov,Ateba Gautier,2026-10-03T21:00:00Z,0,ou,over,1.5,-164,0,1025,account_ccy,2026-10-03T21:00:00+00:00,3747828218
2026-10-01T04:52:55.882006+00:00,1624,1637148805,Roman Kopylov,Ateba Gautier,2026-10-03T21:00:00Z,0,ou,under,1.5,134,0,1025,account_ccy,2026-10-03T21:00:00+00:00,3747828218
2026-10-01T04:52:55.882006+00:00,1624,1637148801,Josh Hokit,Ciryl Gane,2026-11-14T22:00:00Z,0,ml,home,,213,0,2050,account_ccy,2026-11-14T22:00:00+00:00,3747216075
2026-10-01T04:52:55.882006+00:00,1624,1637148801,Josh Hokit,Ciryl Gane,2026-11-14T22:00:00Z,0,ml,away,,-256,0,2050,account_ccy,2026-11-14T22:00:00+00:00,3747216075
2026-10-01T04:52:55.882006+00:00,1624,1637151310,Ismail Naurdiev,Marvin Vettori,2026-10-03T21:00:00Z,0,ml,home,,-127,0,2050,account_ccy,2026-10-03T21:00:00+00:00,3747882150
2026-10-01T04:52:55.882006+00:00,1624,1637151310,Ismail Naurdiev,Marvin Vettori,2026-10-03T21:00:00Z,0,ml,away,,108,0,2050,account_ccy,2026-10-03T21:00:00+00:00,3747882150
2026-10-01T04:52:55.882006+00:00,1624,1637151310,Ismail Naurdiev,Marvin Vettori,2026-10-03T21:00:00Z,0,ou,over,2.5,-233,0,1025,account_ccy,2026-10-03T21:00:00+00:00,3747882150
2026-10-01T04:52:55.882006+00:00,1624,1637151310,Ismail Naurdiev,Marvin Vettori,2026-10-03T21:00:00Z,0,ou,under,2.5,187,0,1025,account_ccy,2026-10-03T21:00:00+00:00,3747882150
2026-10-01T04:52:55.882006+00:00,1624,1637148802,Esteban Ribovics,King Green,2026-10-03T21:00:00Z,0,ml,home,,-233,0,2050,account_ccy,2026-10-03T21:00:00+00:00,3747589100
2026-10-01T04:52:55.882006+00:00,1624,1637148802,Esteban Ribovics,King Green,2026-10-03T21:00:00Z,0,ml,away,,195,0,2050,account_ccy,2026-10-03T21:00:00+00:00,3747589100
2026-10-01T04:52:55.882006+00:00,1624,1637148802,Esteban Ribovics,King Green,2026-10-03T21:00:00Z,0,ou,over,1.5,-198,0,1025,account_ccy,2026-10-03T21:00:00+00:00,3747589100
2026-10-01T04:52:55.882006+00:00,1624,1637148802,Esteban Ribovics,King Green,2026-10-03T21:00:00Z,0,ou,under,1.5,161,0,1025,account_ccy,2026-10-03T21:00:00+00:00,3747589100
2026-10-01T04:52:55.882006+00:00,1624,1635389131,Merab Dvalishvili,Petr Yan,2026-10-24T14:00:00Z,0,ml,home,,150,0,2050,account_ccy,2026-10-24T14:00:00+00:00,3746735253
2026-10-01T04:52:55.882006+00:00,1624,1635389131,Merab Dvalishvili,Petr Yan,2026-10-24T14:00:00Z,0,ml,away,,-176,0,2050,account_ccy,2026-10-24T14:00:00+00:00,3746735253
2026-10-01T04:52:55.882006+00:00,1624,1637148507,Roberto Soldic,Khaos Williams,2026-10-03T21:00:00Z,0,ml,home,,-252,0,2050,account_ccy,2026-10-03T21:00:00+00:00,3747679509
2026-10-01T04:52:55.882006+00:00,1624,1637148507,Roberto Soldic,Khaos Williams,2026-10-03T21:00:00Z,0,ml,away,,210,0,2050,account_ccy,2026-10-03T21:00:00+00:00,3747679509
2026-10-01T04:52:55.882006+00:00,1624,1637148507,Roberto Soldic,Khaos Williams,2026-10-03T21:00:00Z,0,ou,over,1.5,-101,0,1025,account_ccy,2026-10-03T21:00:00+00:00,3747679509
2026-10-01T04:52:55.882006+00:00,1624,1637148507,Roberto Soldic,Khaos Williams,2026-10-03T21:00:00Z,0,ou,under,1.5,-120,0,1025,account_ccy,2026-10-03T21:00:00+00:00,3747679509
2026-10-01T04:52:55.882006+00:00,1624,1636035127,Wang Cong,Natalia Silva,2026-10-03T21:00:00Z,0,ml,home,,180,0,2050,account_ccy,2026-10-03T21:00:00+00:00,3747731481
2026-10-01T04:52:55.882006+00:00,1624,1636035127,Wang Cong,Natalia Silva,2026-10-03T21:00:00Z,0,ml,away,,-214,0,2050,account_ccy,2026-10-03T21:00:00+00:00,3747731481
2026-10-01T04:52:55.882006+00:00,1624,1636035127,Wang Cong,Natalia Silva,2026-10-03T21:00:00Z,0,ou,over,4.5,-299,0,1025,account_ccy,2026-10-03T21:00:00+00:00,3747731481
2026-10-01T04:52:55.882006+00:00,1624,1636035127,Wang Cong,Natalia Silva,2026-10-03T21:00:00Z,0,ou,under,4.5,236,0,1025,account_ccy,2026-10-03T21:00:00+00:00,3747731481
2026-10-01T04:52:55.882006+00:00,1624,1637388045,Bruce Whitehead,Jacobe Smith,2026-10-03T21:00:00Z,0,ml,home,,701,0,2050,account_ccy,2026-10-03T21:00:00+00:00,3747833685
2026-10-01T04:52:55.882006+00:00,1624,1637388045,Bruce Whitehead,Jacobe Smith,2026-10-03T21:00:00Z,0,ml,away,,-1058,0,2050,account_ccy,2026-10-03T21:00:00+00:00,3747833685
2026-10-01T04:52:55.882006+00:00,1624,1637388045,Bruce Whitehead,Jacobe Smith,2026-10-03T21:00:00Z,0,ou,over,1.5,217,0,1025,account_ccy,2026-10-03T21:00:00+00:00,3747833685
2026-10-01T04:52:55.882006+00:00,1624,1637388045,Bruce Whitehead,Jacobe Smith,2026-10-03T21:00:00Z,0,ou,under,1.5,-273,0,1025,account_ccy,2026-10-03T21:00:00+00:00,3747833685
2026-10-01T04:54:11.922546+00:00,1624,1637148806,Andrey Pulyaev,Damian Pinas,2026-10-03T21:00:00Z,0,ml,home,,443,0,2050,account_ccy,2026-10-03T21:00:00+00:00,3747824775
2026-10-01T04:54:11.922546+00:00,1624,1637148806,Andrey Pulyaev,Damian Pinas,2026-10-03T21:00:00Z,0,ml,away,,-586,0,2050,account_ccy,2026-10-03T21:00:00+00:00,3747824775
2026-10-01T04:54:11.922546+00:00,1624,1637148806,Andrey Pulyaev,Damian Pinas,2026-10-03T21:00:00Z,0,ou,over,1.5,109,0,1025,account_ccy,2026-10-03T21:00:00+00:00,3747824775
2026-10-01T04:54:11.922546+00:00,1624,1637148806,Andrey Pulyaev,Damian Pinas,2026-10-03T21:00:00Z,0,ou,under,1.5,-132,0,1025,account_ccy,2026-10-03T21:00:00+00:00,3747824775
2026-10-01T04:54:11.922546+00:00,1624,1637146542,Mick Parkin,Johnny Walker,2026-10-03T21:00:00Z,0,ml,home,,113,0,2050,account_ccy,2026-10-03T21:00:00+00:00,3747802421
2026-10-01T04:54:11.922546+00:00,1624,1637146542,Mick Parkin,Johnny Walker,2026-10-03T21:00:00Z,0,ml,away,,-132,0,2050,account_ccy,2026-10-03T21:00:00+00:00,3747802421
2026-10-01T04:54:11.922546+00:00,1624,1637146542,Mick Parkin,Johnny Walker,2026-10-03T21:00:00Z,0,ou,over,1.5,-190,0,1025,account_ccy,2026-10-03T21:00:00+00:00,3747802421
2026-10-01T04:54:11.922546+00:00,1624,1637146542,Mick Parkin,Johnny Walker,2026-10-03T21:00:00Z,0,ou,under,1.5,155,0,1025,account_ccy,2026-10-03T21:00:00+00:00,3747802421
2026-10-01T04:54:11.922546+00:00,1624,1637543552,Anthony Romero,Marcus McGhee,2026-10-03T22:45:00Z,0,ml,home,,354,0,950,account_ccy,2026-10-03T22:45:00+00:00,3747705468
2026-10-01T04:54:11.922546+00:00,1624,1637543552,Anthony Romero,Marcus McGhee,2026-10-03T22:45:00Z,0,ml,away,,-450,0,950,account_ccy,2026-10-03T22:45:00+00:00,3747705468
2026-10-01T04:54:11.922546+00:00,1624,1637543552,Anthony Romero,Marcus McGhee,2026-10-03T22:45:00Z,0,ou,over,1.5,-210,0,475,account_ccy,2026-10-03T22:45:00+00:00,3747705468
2026-10-01T04:54:11.922546+00:00,1624,1637543552,Anthony Romero,Marcus McGhee,2026-10-03T22:45:00Z,0,ou,under,1.5,170,0,475,account_ccy,2026-10-03T22:45:00+00:00,3747705468
2026-10-01T04:54:11.922546+00:00,1624,1637148508,Alden Coria,Imanol Rodriguez,2026-10-03T21:00:00Z,0,ml,home,,128,0,2050,account_ccy,2026-10-03T21:00:00+00:00,3747689781
2026-10-01T04:54:11.922546+00:00,1624,1637148508,Alden Coria,Imanol Rodriguez,2026-10-03T21:00:00Z,0,ml,away,,-150,0,2050,account_ccy,2026-10-03T21:00:00+00:00,3747689781
2026-10-01T04:54:11.922546+00:00,1624,1637148508,Alden Coria,Imanol Rodriguez,2026-10-03T21:00:00Z,0,ou,over,2.5,-161,0,1025,account_ccy,2026-10-03T21:00:00+00:00,3747689781
2026-10-01T04:54:11.922546+00:00,1624,1637148508,Alden Coria,Imanol Rodriguez,2026-10-03T21:00:00Z,0,ou,under,2.5,132,0,1025,account_ccy,2026-10-03T21:00:00+00:00,3747689781
2026-10-01T04:54:11.922546+00:00,1624,1637148505,Amanda Nunes,Kayla Harrison,2026-11-14T22:00:00Z,0,ml,home,,159,0,2050,account_ccy,2026-11-14T22:00:00+00:00,3737735666
2026-10-01T04:54:11.922546+00:00,1624,1637148505,Amanda Nunes,Kayla Harrison,2026-11-14T22:00:00Z,0,ml,away,,-188,0,2050,account_ccy,2026-11-14T22:00:00+00:00,3737735666
2026-10-01T04:54:11.922546+00:00,1624,1635385021,Movsar Evloev,Alexander Volkanovski,2026-10-24T14:00:00Z,0,ml,home,,-110,0,2050,account_ccy,2026-10-24T14:00:00+00:00,3746976945
2026-10-01T04:54:11.922546+00:00,1624,1635385021,Movsar Evloev,Alexander Volkanovski,2026-10-24T14:00:00Z,0,ml,away,,-106,0,2050,account_ccy,2026-10-24T14:00:00+00:00,3746976945
2026-10-01T04:54:11.922546+00:00,1624,1637148811,Alexander Hernandez,Rafael Dos Anjos,2026-10-03T21:00:00Z,0,ml,home,,-291,0,2050,account_ccy,2026-10-03T21:00:00+00:00,3747880333
2026-10-01T04:54:11.922546+00:00,1624,1637148811,Alexander Hernandez,Rafael Dos Anjos,2026-10-03T21:00:00Z,0,ml,away,,240,0,2050,account_ccy,2026-10-03T21:00:00+00:00,3747880333
2026-10-01T04:54:11.922546+00:00,1624,1637148811,Alexander Hernandez,Rafael Dos Anjos,2026-10-03T21:00:00Z,0,ou,over,2.5,-146,0,1025,account_ccy,2026-10-03T21:00:00+00:00,3747880333
2026-10-01T04:54:11.922546+00:00,1624,1637148811,Alexander Hernandez,Rafael Dos Anjos,2026-10-03T21:00:00Z,0,ou,under,2.5,120,0,1025,account_ccy,2026-10-03T21:00:00+00:00,3747880333
2026-10-01T04:54:11.922546+00:00,1624,1636035128,Payton Talbott,Deiveson Figueiredo,2026-10-03T21:00:00Z,0,ml,home,,-670,0,2050,account_ccy,2026-10-03T21:00:00+00:00,3747730084
2026-10-01T04:54:11.922546+00:00,1624,1636035128,Payton Talbott,Deiveson Figueiredo,2026-10-03T21:00:00Z,0,ml,away,,494,0,2050,account_ccy,2026-10-03T21:00:00+00:00,3747730084
2026-10-01T04:54:11.922546+00:00,1624,1636035128,Payton Talbott,Deiveson Figueiredo,2026-10-03T21:00:00Z,0,ou,over,2.5,-122,0,1025,account_ccy,2026-10-03T21:00:00+00:00,3747730084
2026-10-01T04:54:11.922546+00:00,1624,1636035128,Payton Talbott,Deiveson Figueiredo,2026-10-03T21:00:00Z,0,ou,under,2.5,100,0,1025,account_ccy,2026-10-03T21:00:00+00:00,3747730084
2026-10-01T04:54:11.922546+00:00,1624,1637148510,Lucas Armand,Anthony Wint,2026-10-03T21:00:00Z,0,ml,home,,403,0,2050,account_ccy,2026-10-03T21:00:00+00:00,3747833685
2026-10-01T04:54:11.922546+00:00,1624,1637148510,Lucas Armand,Anthony Wint,2026-10-03T21:00:00Z,0,ml,away,,-524,0,2050,account_ccy,2026-10-03T21:00:00+00:00,3747833685
2026-10-01T04:54:11.922546+00:00,1624,1637148510,Lucas Armand,Anthony Wint,2026-10-03T21:00:00Z,0,ou,over,1.5,187,0,1025,account_ccy,2026-10-03T21:00:00+00:00,3747833685
2026-10-01T04:54:11.922546+00:00,1624,1637148510,Lucas Armand,Anthony Wint,2026-10-03T21:00:00Z,0,ou,under,1.5,-232,0,1025,account_ccy,2026-10-03T21:00:00+00:00,3747833685
2026-10-01T04:54:11.922546+00:00,1624,1637148816,Eric Nolan,Court McGee,2026-10-03T21:00:00Z,0,ml,home,,-224,0,2050,account_ccy,2026-10-03T21:00:00+00:00,3747710526
2026-10-01T04:54:11.922546+00:00,1624,1637148816,Eric Nolan,Court McGee,2026-10-03T21:00:00Z,0,ml,away,,188,0,2050,account_ccy,2026-10-03T21:00:00+00:00,3747710526
2026-10-01T04:54:11.922546+00:00,1624,1637148816,Eric Nolan,Court McGee,2026-10-03T21:00:00Z,0,ou,over,2.5,-110,0,1025,account_ccy,2026-10-03T21:00:00+00:00,3747710526
2026-10-01T04:54:11.922546+00:00,1624,1637148816,Eric Nolan,Court McGee,2026-10-03T21:00:00Z,0,ou,under,2.5,-110,0,1025,account_ccy,2026-10-03T21:00:00+00:00,3747710526
2026-10-01T04:54:11.922546+00:00,1624,1637148805,Roman Kopylov,Ateba Gautier,2026-10-03T21:00:00Z,0,ml,home,,186,0,2050,account_ccy,2026-10-03T21:00:00+00:00,3747828218
2026-10-01T04:54:11.922546+00:00,1624,1637148805,Roman Kopylov,Ateba Gautier,2026-10-03T21:00:00Z,0,ml,away,,-221,0,2050,account_ccy,2026-10-03T21:00:00+00:00,3747828218
2026-10-01T04:54:11.922546+00:00,1624,1637148805,Roman Kopylov,Ateba Gautier,2026-10-03T21:00:00Z,0,ou,over,1.5,-164,0,1025,account_ccy,2026-10-03T21:00:00+00:00,3747828218
2026-10-01T04:54:11.922546+00:00,1624,1637148805,Roman Kopylov,Ateba Gautier,2026-10-03T21:00:00Z,0,ou,under,1.5,134,0,1025,account_ccy,2026-10-03T21:00:00+00:00,3747828218
2026-10-01T04:54:11.922546+00:00,1624,1637148801,Josh Hokit,Ciryl Gane,2026-11-14T22:00:00Z,0,ml,home,,213,0,2050,account_ccy,2026-11-14T22:00:00+00:00,3747216075
2026-10-01T04:54:11.922546+00:00,1624,1637148801,Josh Hokit,Ciryl Gane,2026-11-14T22:00:00Z,0,ml,away,,-256,0,2050,account_ccy,2026-11-14T22:00:00+00:00,3747216075
2026-10-01T04:54:11.922546+00:00,1624,1637151310,Ismail Naurdiev,Marvin Vettori,2026-10-03T21:00:00Z,0,ml,home,,-127,0,2050,account_ccy,2026-10-03T21:00:00+00:00,3747882150
2026-10-01T04:54:11.922546+00:00,1624,1637151310,Ismail Naurdiev,Marvin Vettori,2026-10-03T21:00:00Z,0,ml,away,,108,0,2050,account_ccy,2026-10-03T21:00:00+00:00,3747882150
2026-10-01T04:54:11.922546+00:00,1624,1637151310,Ismail Naurdiev,Marvin Vettori,2026-10-03T21:00:00Z,0,ou,over,2.5,-233,0,1025,account_ccy,2026-10-03T21:00:00+00:00,3747882150
2026-10-01T04:54:11.922546+00:00,1624,1637151310,Ismail Naurdiev,Marvin Vettori,2026-10-03T21:00:00Z,0,ou,under,2.5,187,0,1025,account_ccy,2026-10-03T21:00:00+00:00,3747882150
2026-10-01T04:54:11.922546+00:00,1624,1637148802,Esteban Ribovics,King Green,2026-10-03T21:00:00Z,0,ml,home,,-233,0,2050,account_ccy,2026-10-03T21:00:00+00:00,3747589100
2026-10-01T04:54:11.922546+00:00,1624,1637148802,Esteban Ribovics,King Green,2026-10-03T21:00:00Z,0,ml,away,,195,0,2050,account_ccy,2026-10-03T21:00:00+00:00,3747589100
2026-10-01T04:54:11.922546+00:00,1624,1637148802,Esteban Ribovics,King Green,2026-10-03T21:00:00Z,0,ou,over,1.5,-198,0,1025,account_ccy,2026-10-03T21:00:00+00:00,3747589100
2026-10-01T04:54:11.922546+00:00,1624,1637148802,Esteban Ribovics,King Green,2026-10-03T21:00:00Z,0,ou,under,1.5,161,0,1025,account_ccy,2026-10-03T21:00:00+00:00,3747589100
2026-10-01T04:54:11.922546+00:00,1624,1635389131,Merab Dvalishvili,Petr Yan,2026-10-24T14:00:00Z,0,ml,home,,150,0,2050,account_ccy,2026-10-24T14:00:00+00:00,3746735253
2026-10-01T04:54:11.922546+00:00,1624,1635389131,Merab Dvalishvili,Petr Yan,2026-10-24T14:00:00Z,0,ml,away,,-176,0,2050,account_ccy,2026-10-24T14:00:00+00:00,3746735253
2026-10-01T04:54:11.922546+00:00,1624,1637148507,Roberto Soldic,Khaos Williams,2026-10-03T21:00:00Z,0,ml,home,,-252,0,2050,account_ccy,2026-10-03T21:00:00+00:00,3747679509
2026-10-01T04:54:11.922546+00:00,1624,1637148507,Roberto Soldic,Khaos Williams,2026-10-03T21:00:00Z,0,ml,away,,210,0,2050,account_ccy,2026-10-03T21:00:00+00:00,3747679509
2026-10-01T04:54:11.922546+00:00,1624,1637148507,Roberto Soldic,Khaos Williams,2026-10-03T21:00:00Z,0,ou,over,1.5,-101,0,1025,account_ccy,2026-10-03T21:00:00+00:00,3747679509
2026-10-01T04:54:11.922546+00:00,1624,1637148507,Roberto Soldic,Khaos Williams,2026-10-03T21:00:00Z,0,ou,under,1.5,-120,0,1025,account_ccy,2026-10-03T21:00:00+00:00,3747679509
2026-10-01T04:54:11.922546+00:00,1624,1636035127,Wang Cong,Natalia Silva,2026-10-03T21:00:00Z,0,ml,home,,180,0,2050,account_ccy,2026-10-03T21:00:00+00:00,3747731481
2026-10-01T04:54:11.922546+00:00,1624,1636035127,Wang Cong,Natalia Silva,2026-10-03T21:00:00Z,0,ml,away,,-214,0,2050,account_ccy,2026-10-03T21:00:00+00:00,3747731481
2026-10-01T04:54:11.922546+00:00,1624,1636035127,Wang Cong,Natalia Silva,2026-10-03T21:00:00Z,0,ou,over,4.5,-299,0,1025,account_ccy,2026-10-03T21:00:00+00:00,3747731481
2026-10-01T04:54:11.922546+00:00,1624,1636035127,Wang Cong,Natalia Silva,2026-10-03T21:00:00Z,0,ou,under,4.5,236,0,1025,account_ccy,2026-10-03T21:00:00+00:00,3747731481
2026-10-01T04:54:11.922546+00:00,1624,1637388045,Bruce Whitehead,Jacobe Smith,2026-10-03T21:00:00Z,0,ml,home,,701,0,2050,account_ccy,2026-10-03T21:00:00+00:00,3747833685
2026-10-01T04:54:11.922546+00:00,1624,1637388045,Bruce Whitehead,Jacobe Smith,2026-10-03T21:00:00Z,0,ml,away,,-1058,0,2050,account_ccy,2026-10-03T21:00:00+00:00,3747833685
2026-10-01T04:54:11.922546+00:00,1624,1637388045,Bruce Whitehead,Jacobe Smith,2026-10-03T21:00:00Z,0,ou,over,1.5,217,0,1025,account_ccy,2026-10-03T21:00:00+00:00,3747833685
2026-10-01T04:54:11.922546+00:00,1624,1637388045,Bruce Whitehead,Jacobe Smith,2026-10-03T21:00:00Z,0,ou,under,1.5,-273,0,1025,account_ccy,2026-10-03T21:00:00+00:00,3747833685
